<?xml version="1.0" encoding="UTF-8" standalone="yes"?>
<gpx version="1.1" creator="OsmAnd Maps 5.3.3 (5380)" xmlns="http://www.topografix.com/GPX/1/1" xmlns:osmand="https://osmand.net/docs/technical/osmand-file-formats/osmand-gpx" xmlns:gpxtpx="https://www8.garmin.com/xmlschemas/TrackPointExtensionv1.xsd" xmlns:xsi="http://www.w3.org/2001/XMLSchema-instance" xsi:schemaLocation="http://www.topografix.com/GPX/1/1 https://www.topografix.com/GPX/1/1/gpx.xsd">
    <metadata>
        <name>Dzherdzhap - Ploce - Veliki Strabac</name>
        <time>2026-05-30T15:07:44Z</time>
        <extensions>
            <osmand:activity>walking</osmand:activity>
        </extensions>
    </metadata>
    <trk>
        <trkseg>
            <trkpt lat="44.6013378" lon="22.2740845">
                <ele>177.1</ele>
                <time>2026-05-30T08:17:10Z</time>
                <hdop>14.5</hdop>
            </trkpt>
            <trkpt lat="44.6013378" lon="22.2740845">
                <ele>177.1</ele>
                <time>2026-05-30T08:17:21Z</time>
                <hdop>14.5</hdop>
            </trkpt>
            <trkpt lat="44.6015794" lon="22.2741906">
                <ele>164.8</ele>
                <time>2026-05-30T08:17:27Z</time>
                <hdop>3.5</hdop>
                <extensions>
                    <osmand:speed>0.8</osmand:speed>
                </extensions>
            </trkpt>
            <trkpt lat="44.6016249" lon="22.2742055">
                <ele>166.1</ele>
                <time>2026-05-30T08:17:33Z</time>
                <hdop>3.5</hdop>
                <extensions>
                    <osmand:speed>0.8</osmand:speed>
                </extensions>
            </trkpt>
            <trkpt lat="44.6016802" lon="22.2742307">
                <ele>166.8</ele>
                <time>2026-05-30T08:17:39Z</time>
                <hdop>4.7</hdop>
                <extensions>
                    <osmand:speed>1</osmand:speed>
                </extensions>
            </trkpt>
            <trkpt lat="44.6017404" lon="22.2742823">
                <ele>167.4</ele>
                <time>2026-05-30T08:17:45Z</time>
                <hdop>4.7</hdop>
                <extensions>
                    <osmand:speed>1.2</osmand:speed>
                </extensions>
            </trkpt>
            <trkpt lat="44.6017964" lon="22.2742996">
                <ele>169.4</ele>
                <time>2026-05-30T08:17:51Z</time>
                <hdop>4.7</hdop>
                <extensions>
                    <osmand:speed>0.9</osmand:speed>
                </extensions>
            </trkpt>
            <trkpt lat="44.6018633" lon="22.2742999">
                <ele>173.3</ele>
                <time>2026-05-30T08:17:57Z</time>
                <hdop>4.7</hdop>
                <extensions>
                    <osmand:speed>0.7</osmand:speed>
                </extensions>
            </trkpt>
            <trkpt lat="44.6019022" lon="22.2743443">
                <ele>172.9</ele>
                <time>2026-05-30T08:18:03Z</time>
                <hdop>4.7</hdop>
                <extensions>
                    <osmand:speed>0.9</osmand:speed>
                </extensions>
            </trkpt>
            <trkpt lat="44.6019522" lon="22.274356">
                <ele>173.8</ele>
                <time>2026-05-30T08:18:09Z</time>
                <hdop>4.7</hdop>
                <extensions>
                    <osmand:speed>0.7</osmand:speed>
                </extensions>
            </trkpt>
            <trkpt lat="44.6020057" lon="22.2743783">
                <ele>175.1</ele>
                <time>2026-05-30T08:18:15Z</time>
                <hdop>4.7</hdop>
                <extensions>
                    <osmand:speed>1</osmand:speed>
                </extensions>
            </trkpt>
            <trkpt lat="44.6020685" lon="22.2743992">
                <ele>175.8</ele>
                <time>2026-05-30T08:18:21Z</time>
                <hdop>4.7</hdop>
                <extensions>
                    <osmand:speed>1.2</osmand:speed>
                </extensions>
            </trkpt>
            <trkpt lat="44.6021175" lon="22.2744343">
                <ele>176.3</ele>
                <time>2026-05-30T08:18:27Z</time>
                <hdop>4.7</hdop>
                <extensions>
                    <osmand:speed>1.1</osmand:speed>
                </extensions>
            </trkpt>
            <trkpt lat="44.6021674" lon="22.2744708">
                <ele>177.3</ele>
                <time>2026-05-30T08:18:33Z</time>
                <hdop>4.7</hdop>
                <extensions>
                    <osmand:speed>0.9</osmand:speed>
                </extensions>
            </trkpt>
            <trkpt lat="44.6022268" lon="22.2745099">
                <ele>177.4</ele>
                <time>2026-05-30T08:18:39Z</time>
                <hdop>4.7</hdop>
                <extensions>
                    <osmand:speed>1.1</osmand:speed>
                </extensions>
            </trkpt>
            <trkpt lat="44.6022772" lon="22.2745637">
                <ele>177.6</ele>
                <time>2026-05-30T08:18:45Z</time>
                <hdop>4.7</hdop>
                <extensions>
                    <osmand:speed>1.3</osmand:speed>
                </extensions>
            </trkpt>
            <trkpt lat="44.6023133" lon="22.2745966">
                <ele>179.7</ele>
                <time>2026-05-30T08:18:51Z</time>
                <hdop>4.7</hdop>
                <extensions>
                    <osmand:speed>1</osmand:speed>
                </extensions>
            </trkpt>
            <trkpt lat="44.6023736" lon="22.2746146">
                <ele>180.4</ele>
                <time>2026-05-30T08:18:57Z</time>
                <hdop>4.7</hdop>
                <extensions>
                    <osmand:speed>1.1</osmand:speed>
                </extensions>
            </trkpt>
            <trkpt lat="44.602417" lon="22.2746585">
                <ele>180.5</ele>
                <time>2026-05-30T08:19:03Z</time>
                <hdop>4.7</hdop>
                <extensions>
                    <osmand:speed>0.8</osmand:speed>
                </extensions>
            </trkpt>
            <trkpt lat="44.602464" lon="22.2746895">
                <ele>181.4</ele>
                <time>2026-05-30T08:19:09Z</time>
                <hdop>4.7</hdop>
                <extensions>
                    <osmand:speed>0.6</osmand:speed>
                </extensions>
            </trkpt>
            <trkpt lat="44.602521" lon="22.2747446">
                <ele>182.5</ele>
                <time>2026-05-30T08:19:15Z</time>
                <hdop>4.7</hdop>
                <extensions>
                    <osmand:speed>1.1</osmand:speed>
                </extensions>
            </trkpt>
            <trkpt lat="44.6025711" lon="22.2747878">
                <ele>183.7</ele>
                <time>2026-05-30T08:19:21Z</time>
                <hdop>4.7</hdop>
                <extensions>
                    <osmand:speed>1</osmand:speed>
                </extensions>
            </trkpt>
            <trkpt lat="44.6026142" lon="22.2748281">
                <ele>183.5</ele>
                <time>2026-05-30T08:19:27Z</time>
                <hdop>4.7</hdop>
                <extensions>
                    <osmand:speed>0.3</osmand:speed>
                </extensions>
            </trkpt>
            <trkpt lat="44.6026715" lon="22.2748867">
                <ele>184.1</ele>
                <time>2026-05-30T08:19:33Z</time>
                <hdop>4.7</hdop>
                <extensions>
                    <osmand:speed>0.9</osmand:speed>
                </extensions>
            </trkpt>
            <trkpt lat="44.6027304" lon="22.2749581">
                <ele>184.4</ele>
                <time>2026-05-30T08:19:39Z</time>
                <hdop>4.7</hdop>
                <extensions>
                    <osmand:speed>1.5</osmand:speed>
                </extensions>
            </trkpt>
            <trkpt lat="44.6027472" lon="22.2750352">
                <ele>184.4</ele>
                <time>2026-05-30T08:19:45Z</time>
                <hdop>4.7</hdop>
                <extensions>
                    <osmand:speed>1.1</osmand:speed>
                </extensions>
            </trkpt>
            <trkpt lat="44.6027742" lon="22.2750966">
                <ele>183.5</ele>
                <time>2026-05-30T08:19:51Z</time>
                <hdop>4.7</hdop>
                <extensions>
                    <osmand:speed>0.8</osmand:speed>
                </extensions>
            </trkpt>
            <trkpt lat="44.6027962" lon="22.275177">
                <ele>183.7</ele>
                <time>2026-05-30T08:19:57Z</time>
                <hdop>4.7</hdop>
                <extensions>
                    <osmand:speed>1</osmand:speed>
                </extensions>
            </trkpt>
            <trkpt lat="44.6028204" lon="22.2752467">
                <ele>183.9</ele>
                <time>2026-05-30T08:20:03Z</time>
                <hdop>4.7</hdop>
                <extensions>
                    <osmand:speed>1.1</osmand:speed>
                </extensions>
            </trkpt>
            <trkpt lat="44.6028499" lon="22.2753179">
                <ele>185</ele>
                <time>2026-05-30T08:20:09Z</time>
                <hdop>4.7</hdop>
                <extensions>
                    <osmand:speed>1.2</osmand:speed>
                </extensions>
            </trkpt>
            <trkpt lat="44.6028724" lon="22.2753856">
                <ele>184.9</ele>
                <time>2026-05-30T08:20:15Z</time>
                <hdop>4.7</hdop>
                <extensions>
                    <osmand:speed>0.7</osmand:speed>
                </extensions>
            </trkpt>
            <trkpt lat="44.6028922" lon="22.2754777">
                <ele>185.2</ele>
                <time>2026-05-30T08:20:21Z</time>
                <hdop>4.7</hdop>
                <extensions>
                    <osmand:speed>1.3</osmand:speed>
                </extensions>
            </trkpt>
            <trkpt lat="44.6029189" lon="22.2755192">
                <ele>186.7</ele>
                <time>2026-05-30T08:20:27Z</time>
                <hdop>4.7</hdop>
                <extensions>
                    <osmand:speed>0.2</osmand:speed>
                </extensions>
            </trkpt>
            <trkpt lat="44.6029496" lon="22.2756125">
                <ele>187.9</ele>
                <time>2026-05-30T08:20:33Z</time>
                <hdop>4.7</hdop>
                <extensions>
                    <osmand:speed>1.1</osmand:speed>
                </extensions>
            </trkpt>
            <trkpt lat="44.6029794" lon="22.2756713">
                <ele>188.4</ele>
                <time>2026-05-30T08:20:39Z</time>
                <hdop>4.7</hdop>
                <extensions>
                    <osmand:speed>0.9</osmand:speed>
                </extensions>
            </trkpt>
            <trkpt lat="44.6030018" lon="22.2757464">
                <ele>189.1</ele>
                <time>2026-05-30T08:20:45Z</time>
                <hdop>4.7</hdop>
                <extensions>
                    <osmand:speed>0.8</osmand:speed>
                </extensions>
            </trkpt>
            <trkpt lat="44.6030348" lon="22.2757939">
                <ele>190.2</ele>
                <time>2026-05-30T08:20:51Z</time>
                <hdop>4.7</hdop>
                <extensions>
                    <osmand:speed>0.9</osmand:speed>
                </extensions>
            </trkpt>
            <trkpt lat="44.6030727" lon="22.2758694">
                <ele>191.1</ele>
                <time>2026-05-30T08:20:57Z</time>
                <hdop>4.7</hdop>
                <extensions>
                    <osmand:speed>1.2</osmand:speed>
                </extensions>
            </trkpt>
            <trkpt lat="44.6031213" lon="22.2759096">
                <ele>191.8</ele>
                <time>2026-05-30T08:21:03Z</time>
                <hdop>4.7</hdop>
                <extensions>
                    <osmand:speed>1.1</osmand:speed>
                </extensions>
            </trkpt>
            <trkpt lat="44.6031894" lon="22.2760242">
                <ele>191.2</ele>
                <time>2026-05-30T08:21:12Z</time>
                <hdop>4.7</hdop>
                <extensions>
                    <osmand:speed>0.8</osmand:speed>
                </extensions>
            </trkpt>
            <trkpt lat="44.6032064" lon="22.2760943">
                <ele>193.2</ele>
                <time>2026-05-30T08:21:18Z</time>
                <hdop>4.7</hdop>
                <extensions>
                    <osmand:speed>1</osmand:speed>
                </extensions>
            </trkpt>
            <trkpt lat="44.6032239" lon="22.2761664">
                <ele>194.3</ele>
                <time>2026-05-30T08:21:24Z</time>
                <hdop>4.7</hdop>
                <extensions>
                    <osmand:speed>0.8</osmand:speed>
                </extensions>
            </trkpt>
            <trkpt lat="44.6032408" lon="22.2762346">
                <ele>195.3</ele>
                <time>2026-05-30T08:21:31Z</time>
                <hdop>4.7</hdop>
                <extensions>
                    <osmand:speed>1</osmand:speed>
                </extensions>
            </trkpt>
            <trkpt lat="44.6033285" lon="22.2762939">
                <ele>196.5</ele>
                <time>2026-05-30T08:21:40Z</time>
                <hdop>4.7</hdop>
                <extensions>
                    <osmand:speed>1.2</osmand:speed>
                </extensions>
            </trkpt>
            <trkpt lat="44.6034015" lon="22.2763768">
                <ele>198.3</ele>
                <time>2026-05-30T08:21:49Z</time>
                <hdop>4.7</hdop>
                <extensions>
                    <osmand:speed>0.7</osmand:speed>
                </extensions>
            </trkpt>
            <trkpt lat="44.6034594" lon="22.2764093">
                <ele>199.9</ele>
                <time>2026-05-30T08:21:55Z</time>
                <hdop>4.7</hdop>
                <extensions>
                    <osmand:speed>1.4</osmand:speed>
                </extensions>
            </trkpt>
            <trkpt lat="44.6035645" lon="22.2764258">
                <ele>200.8</ele>
                <time>2026-05-30T08:22:03Z</time>
                <hdop>4.7</hdop>
                <extensions>
                    <osmand:speed>1.2</osmand:speed>
                </extensions>
            </trkpt>
            <trkpt lat="44.6036731" lon="22.2764266">
                <ele>202.5</ele>
                <time>2026-05-30T08:22:13Z</time>
                <hdop>4.7</hdop>
                <extensions>
                    <osmand:speed>0.9</osmand:speed>
                </extensions>
            </trkpt>
            <trkpt lat="44.6037792" lon="22.2764217">
                <ele>203.3</ele>
                <time>2026-05-30T08:22:22Z</time>
                <hdop>4.7</hdop>
                <extensions>
                    <osmand:speed>1.3</osmand:speed>
                </extensions>
            </trkpt>
            <trkpt lat="44.6038262" lon="22.2764108">
                <ele>205.3</ele>
                <time>2026-05-30T08:22:28Z</time>
                <hdop>4.7</hdop>
                <extensions>
                    <osmand:speed>0.9</osmand:speed>
                </extensions>
            </trkpt>
            <trkpt lat="44.6038736" lon="22.2763785">
                <ele>206.8</ele>
                <time>2026-05-30T08:22:34Z</time>
                <hdop>4.7</hdop>
                <extensions>
                    <osmand:speed>1</osmand:speed>
                </extensions>
            </trkpt>
            <trkpt lat="44.6039211" lon="22.2763635">
                <ele>209.3</ele>
                <time>2026-05-30T08:22:40Z</time>
                <hdop>4.7</hdop>
                <extensions>
                    <osmand:speed>0.8</osmand:speed>
                </extensions>
            </trkpt>
            <trkpt lat="44.6039795" lon="22.2763633">
                <ele>210.9</ele>
                <time>2026-05-30T08:22:46Z</time>
                <hdop>4.7</hdop>
                <extensions>
                    <osmand:speed>1</osmand:speed>
                </extensions>
            </trkpt>
            <trkpt lat="44.604025" lon="22.2763647">
                <ele>211.6</ele>
                <time>2026-05-30T08:22:52Z</time>
                <hdop>4.7</hdop>
                <extensions>
                    <osmand:speed>0.6</osmand:speed>
                </extensions>
            </trkpt>
            <trkpt lat="44.604071" lon="22.2763778">
                <ele>213.2</ele>
                <time>2026-05-30T08:22:58Z</time>
                <hdop>4.7</hdop>
                <extensions>
                    <osmand:speed>0.7</osmand:speed>
                </extensions>
            </trkpt>
            <trkpt lat="44.604139" lon="22.2764124">
                <ele>212.9</ele>
                <time>2026-05-30T08:23:05Z</time>
                <hdop>4.7</hdop>
                <extensions>
                    <osmand:speed>1</osmand:speed>
                </extensions>
            </trkpt>
            <trkpt lat="44.6042265" lon="22.2764566">
                <ele>216.5</ele>
                <time>2026-05-30T08:23:14Z</time>
                <hdop>4.7</hdop>
                <extensions>
                    <osmand:speed>0.8</osmand:speed>
                </extensions>
            </trkpt>
            <trkpt lat="44.6043094" lon="22.2765092">
                <ele>218.6</ele>
                <time>2026-05-30T08:23:22Z</time>
                <hdop>4.7</hdop>
                <extensions>
                    <osmand:speed>1</osmand:speed>
                </extensions>
            </trkpt>
            <trkpt lat="44.6043921" lon="22.2765756">
                <ele>219.7</ele>
                <time>2026-05-30T08:23:31Z</time>
                <hdop>4.7</hdop>
                <extensions>
                    <osmand:speed>1.3</osmand:speed>
                </extensions>
            </trkpt>
            <trkpt lat="44.6044381" lon="22.2766105">
                <ele>219.4</ele>
                <time>2026-05-30T08:23:37Z</time>
                <hdop>4.7</hdop>
                <extensions>
                    <osmand:speed>1</osmand:speed>
                </extensions>
            </trkpt>
            <trkpt lat="44.6044754" lon="22.2766547">
                <ele>219.1</ele>
                <time>2026-05-30T08:23:43Z</time>
                <hdop>4.7</hdop>
                <extensions>
                    <osmand:speed>0.9</osmand:speed>
                </extensions>
            </trkpt>
            <trkpt lat="44.6045195" lon="22.2767043">
                <ele>219.2</ele>
                <time>2026-05-30T08:23:49Z</time>
                <hdop>4.7</hdop>
                <extensions>
                    <osmand:speed>0.8</osmand:speed>
                </extensions>
            </trkpt>
            <trkpt lat="44.6045582" lon="22.2767473">
                <ele>220.3</ele>
                <time>2026-05-30T08:23:55Z</time>
                <hdop>4.7</hdop>
                <extensions>
                    <osmand:speed>0.7</osmand:speed>
                </extensions>
            </trkpt>
            <trkpt lat="44.6046055" lon="22.2768122">
                <ele>220.6</ele>
                <time>2026-05-30T08:24:01Z</time>
                <hdop>4.7</hdop>
                <extensions>
                    <osmand:speed>1.1</osmand:speed>
                </extensions>
            </trkpt>
            <trkpt lat="44.6046306" lon="22.2768725">
                <ele>222.6</ele>
                <time>2026-05-30T08:24:07Z</time>
                <hdop>4.7</hdop>
                <extensions>
                    <osmand:speed>0.9</osmand:speed>
                </extensions>
            </trkpt>
            <trkpt lat="44.6046411" lon="22.2769604">
                <ele>223</ele>
                <time>2026-05-30T08:24:16Z</time>
                <hdop>4.7</hdop>
                <extensions>
                    <osmand:speed>1.4</osmand:speed>
                </extensions>
            </trkpt>
            <trkpt lat="44.6045955" lon="22.2770782">
                <ele>223.1</ele>
                <time>2026-05-30T08:24:26Z</time>
                <hdop>4.7</hdop>
                <extensions>
                    <osmand:speed>1.2</osmand:speed>
                </extensions>
            </trkpt>
            <trkpt lat="44.6045465" lon="22.2770993">
                <ele>223.6</ele>
                <time>2026-05-30T08:24:32Z</time>
                <hdop>4.7</hdop>
                <extensions>
                    <osmand:speed>1</osmand:speed>
                </extensions>
            </trkpt>
            <trkpt lat="44.6044952" lon="22.2771088">
                <ele>224.5</ele>
                <time>2026-05-30T08:24:39Z</time>
                <hdop>4.7</hdop>
                <extensions>
                    <osmand:speed>1</osmand:speed>
                </extensions>
            </trkpt>
            <trkpt lat="44.6043849" lon="22.2770888">
                <ele>226.7</ele>
                <time>2026-05-30T08:24:50Z</time>
                <hdop>4.7</hdop>
                <extensions>
                    <osmand:speed>1.3</osmand:speed>
                </extensions>
            </trkpt>
            <trkpt lat="44.6042964" lon="22.2770674">
                <ele>228.5</ele>
                <time>2026-05-30T08:24:59Z</time>
                <hdop>4.7</hdop>
                <extensions>
                    <osmand:speed>0.9</osmand:speed>
                </extensions>
            </trkpt>
            <trkpt lat="44.6041863" lon="22.2770873">
                <ele>229</ele>
                <time>2026-05-30T08:25:10Z</time>
                <hdop>4.7</hdop>
                <extensions>
                    <osmand:speed>1.6</osmand:speed>
                </extensions>
            </trkpt>
            <trkpt lat="44.6041451" lon="22.2771184">
                <ele>230.3</ele>
                <time>2026-05-30T08:25:16Z</time>
                <hdop>4.7</hdop>
                <extensions>
                    <osmand:speed>0.9</osmand:speed>
                </extensions>
            </trkpt>
            <trkpt lat="44.6040973" lon="22.2771199">
                <ele>231.6</ele>
                <time>2026-05-30T08:25:22Z</time>
                <hdop>4.7</hdop>
                <extensions>
                    <osmand:speed>0.9</osmand:speed>
                </extensions>
            </trkpt>
            <trkpt lat="44.6040133" lon="22.2771828">
                <ele>232</ele>
                <time>2026-05-30T08:25:31Z</time>
                <hdop>4.7</hdop>
                <extensions>
                    <osmand:speed>0.9</osmand:speed>
                </extensions>
            </trkpt>
            <trkpt lat="44.6039639" lon="22.277192">
                <ele>234.2</ele>
                <time>2026-05-30T08:25:38Z</time>
                <hdop>4.7</hdop>
                <extensions>
                    <osmand:speed>0.7</osmand:speed>
                </extensions>
            </trkpt>
            <trkpt lat="44.6039449" lon="22.2771255">
                <ele>232.9</ele>
                <time>2026-05-30T08:25:48Z</time>
                <hdop>4.7</hdop>
                <extensions>
                    <osmand:speed>0.4</osmand:speed>
                </extensions>
            </trkpt>
            <trkpt lat="44.6039446" lon="22.2771925">
                <ele>231.6</ele>
                <time>2026-05-30T08:25:55Z</time>
                <hdop>4.7</hdop>
                <extensions>
                    <osmand:speed>0</osmand:speed>
                </extensions>
            </trkpt>
            <trkpt lat="44.6039384" lon="22.2771195">
                <ele>235.9</ele>
                <time>2026-05-30T08:26:25Z</time>
                <hdop>4.7</hdop>
                <extensions>
                    <osmand:speed>0.5</osmand:speed>
                </extensions>
            </trkpt>
            <trkpt lat="44.6039383" lon="22.2771876">
                <ele>233.1</ele>
                <time>2026-05-30T08:26:40Z</time>
                <hdop>4.7</hdop>
                <extensions>
                    <osmand:speed>0</osmand:speed>
                </extensions>
            </trkpt>
            <trkpt lat="44.6039844" lon="22.2771767">
                <ele>234.5</ele>
                <time>2026-05-30T08:27:36Z</time>
                <hdop>4.7</hdop>
                <extensions>
                    <osmand:speed>0.3</osmand:speed>
                </extensions>
            </trkpt>
            <trkpt lat="44.6039516" lon="22.2771125">
                <ele>233.8</ele>
                <time>2026-05-30T08:28:50Z</time>
                <hdop>4.7</hdop>
            </trkpt>
            <trkpt lat="44.6039744" lon="22.2771799">
                <ele>231.2</ele>
                <time>2026-05-30T08:29:30Z</time>
                <hdop>4.7</hdop>
                <extensions>
                    <osmand:speed>0.3</osmand:speed>
                </extensions>
            </trkpt>
            <trkpt lat="44.6039418" lon="22.2773202">
                <ele>231.2</ele>
                <time>2026-05-30T08:31:37Z</time>
                <hdop>5.3</hdop>
                <extensions>
                    <osmand:speed>2.4</osmand:speed>
                </extensions>
            </trkpt>
            <trkpt lat="44.6039087" lon="22.2772097">
                <ele>231.8</ele>
                <time>2026-05-30T08:32:00Z</time>
                <hdop>4.7</hdop>
                <extensions>
                    <osmand:speed>0.3</osmand:speed>
                </extensions>
            </trkpt>
            <trkpt lat="44.6038635" lon="22.2772237">
                <ele>232.6</ele>
                <time>2026-05-30T08:32:15Z</time>
                <hdop>4.7</hdop>
                <extensions>
                    <osmand:speed>0.2</osmand:speed>
                </extensions>
            </trkpt>
            <trkpt lat="44.6037823" lon="22.2772228">
                <ele>235</ele>
                <time>2026-05-30T08:32:26Z</time>
                <hdop>4.7</hdop>
                <extensions>
                    <osmand:speed>0.8</osmand:speed>
                </extensions>
            </trkpt>
            <trkpt lat="44.6037262" lon="22.2772429">
                <ele>235.8</ele>
                <time>2026-05-30T08:32:33Z</time>
                <hdop>4.7</hdop>
                <extensions>
                    <osmand:speed>1</osmand:speed>
                </extensions>
            </trkpt>
            <trkpt lat="44.603678" lon="22.2772498">
                <ele>236.3</ele>
                <time>2026-05-30T08:32:39Z</time>
                <hdop>4.7</hdop>
                <extensions>
                    <osmand:speed>0.9</osmand:speed>
                </extensions>
            </trkpt>
            <trkpt lat="44.6036301" lon="22.2772503">
                <ele>235.6</ele>
                <time>2026-05-30T08:32:45Z</time>
                <hdop>4.7</hdop>
                <extensions>
                    <osmand:speed>0.9</osmand:speed>
                </extensions>
            </trkpt>
            <trkpt lat="44.6035373" lon="22.2772529">
                <ele>240.5</ele>
                <time>2026-05-30T08:32:58Z</time>
                <hdop>4.7</hdop>
                <extensions>
                    <osmand:speed>0.4</osmand:speed>
                </extensions>
            </trkpt>
            <trkpt lat="44.6035294" lon="22.2773862">
                <ele>241.1</ele>
                <time>2026-05-30T08:33:08Z</time>
                <hdop>4.7</hdop>
                <extensions>
                    <osmand:speed>0.7</osmand:speed>
                </extensions>
            </trkpt>
            <trkpt lat="44.6035512" lon="22.2774508">
                <ele>242.5</ele>
                <time>2026-05-30T08:33:16Z</time>
                <hdop>4.7</hdop>
                <extensions>
                    <osmand:speed>1</osmand:speed>
                </extensions>
            </trkpt>
            <trkpt lat="44.6035994" lon="22.2774793">
                <ele>242.8</ele>
                <time>2026-05-30T08:33:23Z</time>
                <hdop>4.7</hdop>
                <extensions>
                    <osmand:speed>0.8</osmand:speed>
                </extensions>
            </trkpt>
            <trkpt lat="44.6036514" lon="22.2775255">
                <ele>244.5</ele>
                <time>2026-05-30T08:33:29Z</time>
                <hdop>4.7</hdop>
                <extensions>
                    <osmand:speed>1.3</osmand:speed>
                </extensions>
            </trkpt>
            <trkpt lat="44.6037051" lon="22.27755">
                <ele>245.4</ele>
                <time>2026-05-30T08:33:36Z</time>
                <hdop>4.7</hdop>
                <extensions>
                    <osmand:speed>1.1</osmand:speed>
                </extensions>
            </trkpt>
            <trkpt lat="44.6037541" lon="22.2775912">
                <ele>245.8</ele>
                <time>2026-05-30T08:33:43Z</time>
                <hdop>4.7</hdop>
                <extensions>
                    <osmand:speed>1.1</osmand:speed>
                </extensions>
            </trkpt>
            <trkpt lat="44.603796" lon="22.2776301">
                <ele>247.7</ele>
                <time>2026-05-30T08:33:49Z</time>
                <hdop>4.7</hdop>
                <extensions>
                    <osmand:speed>0.6</osmand:speed>
                </extensions>
            </trkpt>
            <trkpt lat="44.6038825" lon="22.2777027">
                <ele>250</ele>
                <time>2026-05-30T08:34:01Z</time>
                <hdop>4.7</hdop>
                <extensions>
                    <osmand:speed>0.6</osmand:speed>
                </extensions>
            </trkpt>
            <trkpt lat="44.6039209" lon="22.2777603">
                <ele>252.4</ele>
                <time>2026-05-30T08:34:08Z</time>
                <hdop>4.7</hdop>
                <extensions>
                    <osmand:speed>0.9</osmand:speed>
                </extensions>
            </trkpt>
            <trkpt lat="44.6039556" lon="22.2778069">
                <ele>253.8</ele>
                <time>2026-05-30T08:34:14Z</time>
                <hdop>4.7</hdop>
                <extensions>
                    <osmand:speed>0.7</osmand:speed>
                </extensions>
            </trkpt>
            <trkpt lat="44.6040443" lon="22.2778711">
                <ele>255</ele>
                <time>2026-05-30T08:34:26Z</time>
                <hdop>4.7</hdop>
                <extensions>
                    <osmand:speed>0.7</osmand:speed>
                </extensions>
            </trkpt>
            <trkpt lat="44.6040833" lon="22.2779136">
                <ele>254.8</ele>
                <time>2026-05-30T08:34:32Z</time>
                <hdop>4.7</hdop>
                <extensions>
                    <osmand:speed>1</osmand:speed>
                </extensions>
            </trkpt>
            <trkpt lat="44.6041633" lon="22.2779985">
                <ele>256.7</ele>
                <time>2026-05-30T08:34:43Z</time>
                <hdop>4.7</hdop>
                <extensions>
                    <osmand:speed>1.2</osmand:speed>
                </extensions>
            </trkpt>
            <trkpt lat="44.6041944" lon="22.2780495">
                <ele>258.4</ele>
                <time>2026-05-30T08:34:51Z</time>
                <hdop>4.7</hdop>
                <extensions>
                    <osmand:speed>0.5</osmand:speed>
                </extensions>
            </trkpt>
            <trkpt lat="44.6042801" lon="22.2781239">
                <ele>260</ele>
                <time>2026-05-30T08:35:00Z</time>
                <hdop>4.7</hdop>
                <extensions>
                    <osmand:speed>1</osmand:speed>
                </extensions>
            </trkpt>
            <trkpt lat="44.6043512" lon="22.2782053">
                <ele>261.3</ele>
                <time>2026-05-30T08:35:11Z</time>
                <hdop>4.7</hdop>
                <extensions>
                    <osmand:speed>0.7</osmand:speed>
                </extensions>
            </trkpt>
            <trkpt lat="44.6044024" lon="22.2783361">
                <ele>263.1</ele>
                <time>2026-05-30T08:35:22Z</time>
                <hdop>4.7</hdop>
                <extensions>
                    <osmand:speed>1</osmand:speed>
                </extensions>
            </trkpt>
            <trkpt lat="44.6044355" lon="22.2783967">
                <ele>263.4</ele>
                <time>2026-05-30T08:35:28Z</time>
                <hdop>4.7</hdop>
                <extensions>
                    <osmand:speed>1.2</osmand:speed>
                </extensions>
            </trkpt>
            <trkpt lat="44.6044514" lon="22.2784587">
                <ele>264.4</ele>
                <time>2026-05-30T08:35:34Z</time>
                <hdop>4.7</hdop>
                <extensions>
                    <osmand:speed>0.9</osmand:speed>
                </extensions>
            </trkpt>
            <trkpt lat="44.6044823" lon="22.2785838">
                <ele>265.3</ele>
                <time>2026-05-30T08:35:46Z</time>
                <hdop>4.7</hdop>
                <extensions>
                    <osmand:speed>1.1</osmand:speed>
                </extensions>
            </trkpt>
            <trkpt lat="44.6044763" lon="22.2786616">
                <ele>265.2</ele>
                <time>2026-05-30T08:35:52Z</time>
                <hdop>4.7</hdop>
                <extensions>
                    <osmand:speed>0.7</osmand:speed>
                </extensions>
            </trkpt>
            <trkpt lat="44.6045249" lon="22.2787688">
                <ele>266.8</ele>
                <time>2026-05-30T08:36:00Z</time>
                <hdop>4.7</hdop>
                <extensions>
                    <osmand:speed>1</osmand:speed>
                </extensions>
            </trkpt>
            <trkpt lat="44.6045695" lon="22.2788872">
                <ele>267.7</ele>
                <time>2026-05-30T08:36:10Z</time>
                <hdop>4.7</hdop>
                <extensions>
                    <osmand:speed>0.8</osmand:speed>
                </extensions>
            </trkpt>
            <trkpt lat="44.6046372" lon="22.2789855">
                <ele>270.2</ele>
                <time>2026-05-30T08:36:21Z</time>
                <hdop>4.7</hdop>
                <extensions>
                    <osmand:speed>0.9</osmand:speed>
                </extensions>
            </trkpt>
            <trkpt lat="44.6046775" lon="22.27902">
                <ele>271.2</ele>
                <time>2026-05-30T08:36:27Z</time>
                <hdop>4.7</hdop>
                <extensions>
                    <osmand:speed>0.7</osmand:speed>
                </extensions>
            </trkpt>
            <trkpt lat="44.6047229" lon="22.2790501">
                <ele>271</ele>
                <time>2026-05-30T08:36:33Z</time>
                <hdop>4.7</hdop>
                <extensions>
                    <osmand:speed>0.8</osmand:speed>
                </extensions>
            </trkpt>
            <trkpt lat="44.6048014" lon="22.2791333">
                <ele>271.1</ele>
                <time>2026-05-30T08:36:42Z</time>
                <hdop>4.7</hdop>
                <extensions>
                    <osmand:speed>1</osmand:speed>
                </extensions>
            </trkpt>
            <trkpt lat="44.6048426" lon="22.2791742">
                <ele>271.1</ele>
                <time>2026-05-30T08:36:48Z</time>
                <hdop>4.7</hdop>
                <extensions>
                    <osmand:speed>0.8</osmand:speed>
                </extensions>
            </trkpt>
            <trkpt lat="44.6049326" lon="22.2792354">
                <ele>274.3</ele>
                <time>2026-05-30T08:36:58Z</time>
                <hdop>4.7</hdop>
                <extensions>
                    <osmand:speed>1</osmand:speed>
                </extensions>
            </trkpt>
            <trkpt lat="44.605031" lon="22.2792508">
                <ele>275.9</ele>
                <time>2026-05-30T08:37:07Z</time>
                <hdop>4.7</hdop>
                <extensions>
                    <osmand:speed>0.9</osmand:speed>
                </extensions>
            </trkpt>
            <trkpt lat="44.6051168" lon="22.2793081">
                <ele>276.6</ele>
                <time>2026-05-30T08:37:17Z</time>
                <hdop>4.7</hdop>
                <extensions>
                    <osmand:speed>0.9</osmand:speed>
                </extensions>
            </trkpt>
            <trkpt lat="44.6052143" lon="22.2793348">
                <ele>278</ele>
                <time>2026-05-30T08:37:27Z</time>
                <hdop>4.7</hdop>
                <extensions>
                    <osmand:speed>1.1</osmand:speed>
                </extensions>
            </trkpt>
            <trkpt lat="44.6053088" lon="22.2793597">
                <ele>279.1</ele>
                <time>2026-05-30T08:37:36Z</time>
                <hdop>4.7</hdop>
                <extensions>
                    <osmand:speed>0.7</osmand:speed>
                </extensions>
            </trkpt>
            <trkpt lat="44.6053821" lon="22.2793681">
                <ele>280.3</ele>
                <time>2026-05-30T08:37:42Z</time>
                <hdop>4.7</hdop>
                <extensions>
                    <osmand:speed>1.2</osmand:speed>
                </extensions>
            </trkpt>
            <trkpt lat="44.6054512" lon="22.2793992">
                <ele>281.5</ele>
                <time>2026-05-30T08:37:48Z</time>
                <hdop>4.7</hdop>
                <extensions>
                    <osmand:speed>1.1</osmand:speed>
                </extensions>
            </trkpt>
            <trkpt lat="44.6055075" lon="22.2794353">
                <ele>282.5</ele>
                <time>2026-05-30T08:37:54Z</time>
                <hdop>4.7</hdop>
                <extensions>
                    <osmand:speed>0.7</osmand:speed>
                </extensions>
            </trkpt>
            <trkpt lat="44.6055728" lon="22.2794966">
                <ele>283</ele>
                <time>2026-05-30T08:38:00Z</time>
                <hdop>4.7</hdop>
                <extensions>
                    <osmand:speed>1.3</osmand:speed>
                </extensions>
            </trkpt>
            <trkpt lat="44.6056233" lon="22.2795672">
                <ele>282.5</ele>
                <time>2026-05-30T08:38:06Z</time>
                <hdop>4.7</hdop>
                <extensions>
                    <osmand:speed>1.1</osmand:speed>
                </extensions>
            </trkpt>
            <trkpt lat="44.6056988" lon="22.2796844">
                <ele>283.5</ele>
                <time>2026-05-30T08:38:15Z</time>
                <hdop>4.7</hdop>
                <extensions>
                    <osmand:speed>1.1</osmand:speed>
                </extensions>
            </trkpt>
            <trkpt lat="44.6057573" lon="22.2797989">
                <ele>284.4</ele>
                <time>2026-05-30T08:38:24Z</time>
                <hdop>4.7</hdop>
                <extensions>
                    <osmand:speed>1</osmand:speed>
                </extensions>
            </trkpt>
            <trkpt lat="44.6057775" lon="22.2799305">
                <ele>284.7</ele>
                <time>2026-05-30T08:38:33Z</time>
                <hdop>4.7</hdop>
                <extensions>
                    <osmand:speed>1.4</osmand:speed>
                </extensions>
            </trkpt>
            <trkpt lat="44.6058133" lon="22.2800861">
                <ele>285.8</ele>
                <time>2026-05-30T08:38:43Z</time>
                <hdop>4.7</hdop>
                <extensions>
                    <osmand:speed>1.6</osmand:speed>
                </extensions>
            </trkpt>
            <trkpt lat="44.6058821" lon="22.2802152">
                <ele>286.9</ele>
                <time>2026-05-30T08:38:52Z</time>
                <hdop>4.7</hdop>
                <extensions>
                    <osmand:speed>1.2</osmand:speed>
                </extensions>
            </trkpt>
            <trkpt lat="44.6059368" lon="22.2803172">
                <ele>287.7</ele>
                <time>2026-05-30T08:39:02Z</time>
                <hdop>4.7</hdop>
                <extensions>
                    <osmand:speed>1</osmand:speed>
                </extensions>
            </trkpt>
            <trkpt lat="44.6059864" lon="22.2804444">
                <ele>287.9</ele>
                <time>2026-05-30T08:39:11Z</time>
                <hdop>4.7</hdop>
                <extensions>
                    <osmand:speed>1.3</osmand:speed>
                </extensions>
            </trkpt>
            <trkpt lat="44.6059976" lon="22.2805809">
                <ele>289.4</ele>
                <time>2026-05-30T08:39:20Z</time>
                <hdop>4.7</hdop>
                <extensions>
                    <osmand:speed>1.3</osmand:speed>
                </extensions>
            </trkpt>
            <trkpt lat="44.6059883" lon="22.280726">
                <ele>290.5</ele>
                <time>2026-05-30T08:39:29Z</time>
                <hdop>4.7</hdop>
                <extensions>
                    <osmand:speed>1.5</osmand:speed>
                </extensions>
            </trkpt>
            <trkpt lat="44.6059668" lon="22.280863">
                <ele>290.6</ele>
                <time>2026-05-30T08:39:38Z</time>
                <hdop>4.7</hdop>
                <extensions>
                    <osmand:speed>1.3</osmand:speed>
                </extensions>
            </trkpt>
            <trkpt lat="44.6059415" lon="22.2809203">
                <ele>289.9</ele>
                <time>2026-05-30T08:39:44Z</time>
                <hdop>4.7</hdop>
                <extensions>
                    <osmand:speed>1</osmand:speed>
                </extensions>
            </trkpt>
            <trkpt lat="44.6058589" lon="22.2810267">
                <ele>290.3</ele>
                <time>2026-05-30T08:39:53Z</time>
                <hdop>4.7</hdop>
                <extensions>
                    <osmand:speed>1.1</osmand:speed>
                </extensions>
            </trkpt>
            <trkpt lat="44.6058009" lon="22.2811365">
                <ele>289.3</ele>
                <time>2026-05-30T08:40:01Z</time>
                <hdop>4.7</hdop>
                <extensions>
                    <osmand:speed>1.2</osmand:speed>
                </extensions>
            </trkpt>
            <trkpt lat="44.6057543" lon="22.2812619">
                <ele>288</ele>
                <time>2026-05-30T08:40:10Z</time>
                <hdop>4.7</hdop>
                <extensions>
                    <osmand:speed>1.2</osmand:speed>
                </extensions>
            </trkpt>
            <trkpt lat="44.6057255" lon="22.2814079">
                <ele>287.2</ele>
                <time>2026-05-30T08:40:20Z</time>
                <hdop>4.7</hdop>
                <extensions>
                    <osmand:speed>1.4</osmand:speed>
                </extensions>
            </trkpt>
            <trkpt lat="44.6056504" lon="22.28153">
                <ele>288.6</ele>
                <time>2026-05-30T08:40:30Z</time>
                <hdop>4.7</hdop>
                <extensions>
                    <osmand:speed>0.9</osmand:speed>
                </extensions>
            </trkpt>
            <trkpt lat="44.6056067" lon="22.2816443">
                <ele>289.2</ele>
                <time>2026-05-30T08:40:39Z</time>
                <hdop>4.7</hdop>
                <extensions>
                    <osmand:speed>1</osmand:speed>
                </extensions>
            </trkpt>
            <trkpt lat="44.6056269" lon="22.2817266">
                <ele>290.8</ele>
                <time>2026-05-30T08:40:45Z</time>
                <hdop>4.7</hdop>
                <extensions>
                    <osmand:speed>1.4</osmand:speed>
                </extensions>
            </trkpt>
            <trkpt lat="44.6056081" lon="22.2818571">
                <ele>293</ele>
                <time>2026-05-30T08:40:55Z</time>
                <hdop>4.7</hdop>
                <extensions>
                    <osmand:speed>0.7</osmand:speed>
                </extensions>
            </trkpt>
            <trkpt lat="44.6056182" lon="22.2819202">
                <ele>295.6</ele>
                <time>2026-05-30T08:41:03Z</time>
                <hdop>4.7</hdop>
                <extensions>
                    <osmand:speed>0.8</osmand:speed>
                </extensions>
            </trkpt>
            <trkpt lat="44.60563" lon="22.2820489">
                <ele>296.6</ele>
                <time>2026-05-30T08:41:12Z</time>
                <hdop>4.7</hdop>
                <extensions>
                    <osmand:speed>0.8</osmand:speed>
                </extensions>
            </trkpt>
            <trkpt lat="44.6056394" lon="22.2821754">
                <ele>296</ele>
                <time>2026-05-30T08:41:19Z</time>
                <hdop>4.7</hdop>
                <extensions>
                    <osmand:speed>1.2</osmand:speed>
                </extensions>
            </trkpt>
            <trkpt lat="44.6056681" lon="22.2823068">
                <ele>296.1</ele>
                <time>2026-05-30T08:41:28Z</time>
                <hdop>4.7</hdop>
                <extensions>
                    <osmand:speed>1.3</osmand:speed>
                </extensions>
            </trkpt>
            <trkpt lat="44.6057239" lon="22.2824112">
                <ele>297.2</ele>
                <time>2026-05-30T08:41:36Z</time>
                <hdop>4.7</hdop>
                <extensions>
                    <osmand:speed>1.3</osmand:speed>
                </extensions>
            </trkpt>
            <trkpt lat="44.6057329" lon="22.2824785">
                <ele>297.2</ele>
                <time>2026-05-30T08:41:42Z</time>
                <hdop>4.7</hdop>
                <extensions>
                    <osmand:speed>1</osmand:speed>
                </extensions>
            </trkpt>
            <trkpt lat="44.60575" lon="22.2826192">
                <ele>299</ele>
                <time>2026-05-30T08:41:51Z</time>
                <hdop>4.7</hdop>
                <extensions>
                    <osmand:speed>1.4</osmand:speed>
                </extensions>
            </trkpt>
            <trkpt lat="44.6058033" lon="22.2827357">
                <ele>300.7</ele>
                <time>2026-05-30T08:42:01Z</time>
                <hdop>4.7</hdop>
                <extensions>
                    <osmand:speed>1.1</osmand:speed>
                </extensions>
            </trkpt>
            <trkpt lat="44.6058194" lon="22.282868">
                <ele>299.4</ele>
                <time>2026-05-30T08:42:11Z</time>
                <hdop>4.7</hdop>
                <extensions>
                    <osmand:speed>1.3</osmand:speed>
                </extensions>
            </trkpt>
            <trkpt lat="44.6058204" lon="22.2829313">
                <ele>300.5</ele>
                <time>2026-05-30T08:42:17Z</time>
                <hdop>4.7</hdop>
                <extensions>
                    <osmand:speed>0.7</osmand:speed>
                </extensions>
            </trkpt>
            <trkpt lat="44.6058557" lon="22.2830558">
                <ele>301.1</ele>
                <time>2026-05-30T08:42:25Z</time>
                <hdop>4.7</hdop>
                <extensions>
                    <osmand:speed>1.3</osmand:speed>
                </extensions>
            </trkpt>
            <trkpt lat="44.6059032" lon="22.2831559">
                <ele>302</ele>
                <time>2026-05-30T08:42:31Z</time>
                <hdop>4.7</hdop>
                <extensions>
                    <osmand:speed>1.2</osmand:speed>
                </extensions>
            </trkpt>
            <trkpt lat="44.6059566" lon="22.2831412">
                <ele>304</ele>
                <time>2026-05-30T08:42:37Z</time>
                <hdop>4.7</hdop>
                <extensions>
                    <osmand:speed>1.2</osmand:speed>
                </extensions>
            </trkpt>
            <trkpt lat="44.6059853" lon="22.2830175">
                <ele>307.5</ele>
                <time>2026-05-30T08:42:47Z</time>
                <hdop>4.7</hdop>
                <extensions>
                    <osmand:speed>0.7</osmand:speed>
                </extensions>
            </trkpt>
            <trkpt lat="44.6059882" lon="22.2828693">
                <ele>308.5</ele>
                <time>2026-05-30T08:42:58Z</time>
                <hdop>4.7</hdop>
                <extensions>
                    <osmand:speed>0.7</osmand:speed>
                </extensions>
            </trkpt>
            <trkpt lat="44.6059944" lon="22.2827357">
                <ele>310.6</ele>
                <time>2026-05-30T08:43:07Z</time>
                <hdop>4.7</hdop>
                <extensions>
                    <osmand:speed>0.7</osmand:speed>
                </extensions>
            </trkpt>
            <trkpt lat="44.6060107" lon="22.2826109">
                <ele>309.3</ele>
                <time>2026-05-30T08:43:18Z</time>
                <hdop>4.7</hdop>
                <extensions>
                    <osmand:speed>0.8</osmand:speed>
                </extensions>
            </trkpt>
            <trkpt lat="44.6060272" lon="22.2824521">
                <ele>309.7</ele>
                <time>2026-05-30T08:43:28Z</time>
                <hdop>4.7</hdop>
                <extensions>
                    <osmand:speed>1.2</osmand:speed>
                </extensions>
            </trkpt>
            <trkpt lat="44.6060493" lon="22.2822977">
                <ele>310.9</ele>
                <time>2026-05-30T08:43:39Z</time>
                <hdop>4.7</hdop>
                <extensions>
                    <osmand:speed>1.4</osmand:speed>
                </extensions>
            </trkpt>
            <trkpt lat="44.6060635" lon="22.2821546">
                <ele>314.1</ele>
                <time>2026-05-30T08:43:50Z</time>
                <hdop>4.7</hdop>
                <extensions>
                    <osmand:speed>1.1</osmand:speed>
                </extensions>
            </trkpt>
            <trkpt lat="44.6061171" lon="22.2821438">
                <ele>313.5</ele>
                <time>2026-05-30T08:44:05Z</time>
                <hdop>4.7</hdop>
                <extensions>
                    <osmand:speed>1</osmand:speed>
                </extensions>
            </trkpt>
            <trkpt lat="44.6062177" lon="22.2821428">
                <ele>314.3</ele>
                <time>2026-05-30T08:44:14Z</time>
                <hdop>4.7</hdop>
                <extensions>
                    <osmand:speed>1.5</osmand:speed>
                </extensions>
            </trkpt>
            <trkpt lat="44.6063232" lon="22.2821143">
                <ele>314.9</ele>
                <time>2026-05-30T08:44:22Z</time>
                <hdop>4.7</hdop>
                <extensions>
                    <osmand:speed>1.4</osmand:speed>
                </extensions>
            </trkpt>
            <trkpt lat="44.6064224" lon="22.2820875">
                <ele>315.3</ele>
                <time>2026-05-30T08:44:30Z</time>
                <hdop>4.7</hdop>
                <extensions>
                    <osmand:speed>1.4</osmand:speed>
                </extensions>
            </trkpt>
            <trkpt lat="44.6065185" lon="22.2820499">
                <ele>316.4</ele>
                <time>2026-05-30T08:44:39Z</time>
                <hdop>4.7</hdop>
                <extensions>
                    <osmand:speed>0.8</osmand:speed>
                </extensions>
            </trkpt>
            <trkpt lat="44.606612" lon="22.2820627">
                <ele>318.7</ele>
                <time>2026-05-30T08:44:49Z</time>
                <hdop>4.7</hdop>
                <extensions>
                    <osmand:speed>1</osmand:speed>
                </extensions>
            </trkpt>
            <trkpt lat="44.6067108" lon="22.2820697">
                <ele>321.1</ele>
                <time>2026-05-30T08:44:59Z</time>
                <hdop>4.7</hdop>
                <extensions>
                    <osmand:speed>1</osmand:speed>
                </extensions>
            </trkpt>
            <trkpt lat="44.6067653" lon="22.2820518">
                <ele>320.5</ele>
                <time>2026-05-30T08:45:05Z</time>
                <hdop>4.7</hdop>
                <extensions>
                    <osmand:speed>1</osmand:speed>
                </extensions>
            </trkpt>
            <trkpt lat="44.6068564" lon="22.2820544">
                <ele>322.5</ele>
                <time>2026-05-30T08:45:14Z</time>
                <hdop>4.7</hdop>
                <extensions>
                    <osmand:speed>1.2</osmand:speed>
                </extensions>
            </trkpt>
            <trkpt lat="44.6069591" lon="22.2820504">
                <ele>324.5</ele>
                <time>2026-05-30T08:45:24Z</time>
                <hdop>4.7</hdop>
                <extensions>
                    <osmand:speed>1.1</osmand:speed>
                </extensions>
            </trkpt>
            <trkpt lat="44.6070115" lon="22.2820352">
                <ele>325.9</ele>
                <time>2026-05-30T08:45:30Z</time>
                <hdop>4.7</hdop>
                <extensions>
                    <osmand:speed>1.3</osmand:speed>
                </extensions>
            </trkpt>
            <trkpt lat="44.6071051" lon="22.2819787">
                <ele>327.2</ele>
                <time>2026-05-30T08:45:38Z</time>
                <hdop>4.7</hdop>
                <extensions>
                    <osmand:speed>1.1</osmand:speed>
                </extensions>
            </trkpt>
            <trkpt lat="44.6071449" lon="22.2819846">
                <ele>327.6</ele>
                <time>2026-05-30T08:45:44Z</time>
                <hdop>4.7</hdop>
                <extensions>
                    <osmand:speed>0.9</osmand:speed>
                </extensions>
            </trkpt>
            <trkpt lat="44.6072017" lon="22.2819765">
                <ele>327.5</ele>
                <time>2026-05-30T08:45:50Z</time>
                <hdop>4.7</hdop>
                <extensions>
                    <osmand:speed>0.8</osmand:speed>
                </extensions>
            </trkpt>
            <trkpt lat="44.6072353" lon="22.2819249">
                <ele>328.5</ele>
                <time>2026-05-30T08:45:56Z</time>
                <hdop>4.7</hdop>
                <extensions>
                    <osmand:speed>1.2</osmand:speed>
                </extensions>
            </trkpt>
            <trkpt lat="44.6072875" lon="22.2819069">
                <ele>329.8</ele>
                <time>2026-05-30T08:46:02Z</time>
                <hdop>4.7</hdop>
                <extensions>
                    <osmand:speed>0.9</osmand:speed>
                </extensions>
            </trkpt>
            <trkpt lat="44.6073241" lon="22.2818571">
                <ele>329.5</ele>
                <time>2026-05-30T08:46:08Z</time>
                <hdop>4.7</hdop>
                <extensions>
                    <osmand:speed>0.4</osmand:speed>
                </extensions>
            </trkpt>
            <trkpt lat="44.6073785" lon="22.2817956">
                <ele>328.8</ele>
                <time>2026-05-30T08:46:14Z</time>
                <hdop>4.7</hdop>
                <extensions>
                    <osmand:speed>1</osmand:speed>
                </extensions>
            </trkpt>
            <trkpt lat="44.6074183" lon="22.2817455">
                <ele>329.6</ele>
                <time>2026-05-30T08:46:20Z</time>
                <hdop>4.7</hdop>
                <extensions>
                    <osmand:speed>1</osmand:speed>
                </extensions>
            </trkpt>
            <trkpt lat="44.6074585" lon="22.2816869">
                <ele>329.9</ele>
                <time>2026-05-30T08:46:26Z</time>
                <hdop>4.7</hdop>
                <extensions>
                    <osmand:speed>1.1</osmand:speed>
                </extensions>
            </trkpt>
            <trkpt lat="44.6074856" lon="22.2816101">
                <ele>332.4</ele>
                <time>2026-05-30T08:46:32Z</time>
                <hdop>4.7</hdop>
                <extensions>
                    <osmand:speed>1</osmand:speed>
                </extensions>
            </trkpt>
            <trkpt lat="44.6075223" lon="22.2815487">
                <ele>333.8</ele>
                <time>2026-05-30T08:46:38Z</time>
                <hdop>4.7</hdop>
                <extensions>
                    <osmand:speed>1</osmand:speed>
                </extensions>
            </trkpt>
            <trkpt lat="44.6075635" lon="22.2814735">
                <ele>333.7</ele>
                <time>2026-05-30T08:46:44Z</time>
                <hdop>4.7</hdop>
                <extensions>
                    <osmand:speed>1.2</osmand:speed>
                </extensions>
            </trkpt>
            <trkpt lat="44.6076148" lon="22.281463">
                <ele>333.6</ele>
                <time>2026-05-30T08:46:50Z</time>
                <hdop>4.7</hdop>
                <extensions>
                    <osmand:speed>0.9</osmand:speed>
                </extensions>
            </trkpt>
            <trkpt lat="44.6076707" lon="22.2814634">
                <ele>334</ele>
                <time>2026-05-30T08:46:56Z</time>
                <hdop>4.7</hdop>
                <extensions>
                    <osmand:speed>0.8</osmand:speed>
                </extensions>
            </trkpt>
            <trkpt lat="44.6077262" lon="22.2814598">
                <ele>336.5</ele>
                <time>2026-05-30T08:47:02Z</time>
                <hdop>4.7</hdop>
                <extensions>
                    <osmand:speed>1.2</osmand:speed>
                </extensions>
            </trkpt>
            <trkpt lat="44.6077817" lon="22.2814686">
                <ele>338.4</ele>
                <time>2026-05-30T08:47:08Z</time>
                <hdop>4.7</hdop>
                <extensions>
                    <osmand:speed>1</osmand:speed>
                </extensions>
            </trkpt>
            <trkpt lat="44.6078357" lon="22.2814834">
                <ele>340</ele>
                <time>2026-05-30T08:47:14Z</time>
                <hdop>4.7</hdop>
                <extensions>
                    <osmand:speed>0.8</osmand:speed>
                </extensions>
            </trkpt>
            <trkpt lat="44.6078799" lon="22.2815178">
                <ele>343</ele>
                <time>2026-05-30T08:47:20Z</time>
                <hdop>4.7</hdop>
                <extensions>
                    <osmand:speed>0.8</osmand:speed>
                </extensions>
            </trkpt>
            <trkpt lat="44.6079706" lon="22.2815895">
                <ele>345.1</ele>
                <time>2026-05-30T08:47:31Z</time>
                <hdop>4.7</hdop>
                <extensions>
                    <osmand:speed>1.2</osmand:speed>
                </extensions>
            </trkpt>
            <trkpt lat="44.6080073" lon="22.2816383">
                <ele>345.1</ele>
                <time>2026-05-30T08:47:37Z</time>
                <hdop>4.7</hdop>
                <extensions>
                    <osmand:speed>0.6</osmand:speed>
                </extensions>
            </trkpt>
            <trkpt lat="44.6080835" lon="22.2817134">
                <ele>347.7</ele>
                <time>2026-05-30T08:47:44Z</time>
                <hdop>4.7</hdop>
                <extensions>
                    <osmand:speed>1.5</osmand:speed>
                </extensions>
            </trkpt>
            <trkpt lat="44.6081153" lon="22.281767">
                <ele>348</ele>
                <time>2026-05-30T08:47:50Z</time>
                <hdop>4.7</hdop>
                <extensions>
                    <osmand:speed>0.6</osmand:speed>
                </extensions>
            </trkpt>
            <trkpt lat="44.6081554" lon="22.2818126">
                <ele>349.4</ele>
                <time>2026-05-30T08:47:56Z</time>
                <hdop>4.7</hdop>
                <extensions>
                    <osmand:speed>1</osmand:speed>
                </extensions>
            </trkpt>
            <trkpt lat="44.6081993" lon="22.2818509">
                <ele>350.3</ele>
                <time>2026-05-30T08:48:02Z</time>
                <hdop>4.7</hdop>
                <extensions>
                    <osmand:speed>0.8</osmand:speed>
                </extensions>
            </trkpt>
            <trkpt lat="44.6082172" lon="22.2819106">
                <ele>351.4</ele>
                <time>2026-05-30T08:48:08Z</time>
                <hdop>4.7</hdop>
                <extensions>
                    <osmand:speed>0.5</osmand:speed>
                </extensions>
            </trkpt>
            <trkpt lat="44.60827" lon="22.2819317">
                <ele>353.1</ele>
                <time>2026-05-30T08:48:14Z</time>
                <hdop>4.7</hdop>
                <extensions>
                    <osmand:speed>0.5</osmand:speed>
                </extensions>
            </trkpt>
            <trkpt lat="44.6083245" lon="22.2819772">
                <ele>355.3</ele>
                <time>2026-05-30T08:48:20Z</time>
                <hdop>4.7</hdop>
                <extensions>
                    <osmand:speed>0.9</osmand:speed>
                </extensions>
            </trkpt>
            <trkpt lat="44.6083558" lon="22.2820209">
                <ele>356.5</ele>
                <time>2026-05-30T08:48:26Z</time>
                <hdop>4.7</hdop>
                <extensions>
                    <osmand:speed>0.7</osmand:speed>
                </extensions>
            </trkpt>
            <trkpt lat="44.6083947" lon="22.2820607">
                <ele>356.9</ele>
                <time>2026-05-30T08:48:32Z</time>
                <hdop>4.7</hdop>
                <extensions>
                    <osmand:speed>0.9</osmand:speed>
                </extensions>
            </trkpt>
            <trkpt lat="44.6084156" lon="22.2821178">
                <ele>357.1</ele>
                <time>2026-05-30T08:48:38Z</time>
                <hdop>4.7</hdop>
                <extensions>
                    <osmand:speed>0.8</osmand:speed>
                </extensions>
            </trkpt>
            <trkpt lat="44.6084523" lon="22.2821621">
                <ele>357</ele>
                <time>2026-05-30T08:48:44Z</time>
                <hdop>4.7</hdop>
                <extensions>
                    <osmand:speed>1.2</osmand:speed>
                </extensions>
            </trkpt>
            <trkpt lat="44.6084634" lon="22.2822277">
                <ele>358.4</ele>
                <time>2026-05-30T08:48:50Z</time>
                <hdop>4.7</hdop>
                <extensions>
                    <osmand:speed>0.8</osmand:speed>
                </extensions>
            </trkpt>
            <trkpt lat="44.6085094" lon="22.2822885">
                <ele>359.6</ele>
                <time>2026-05-30T08:48:56Z</time>
                <hdop>4.7</hdop>
                <extensions>
                    <osmand:speed>1</osmand:speed>
                </extensions>
            </trkpt>
            <trkpt lat="44.6085418" lon="22.2823348">
                <ele>361.6</ele>
                <time>2026-05-30T08:49:02Z</time>
                <hdop>4.7</hdop>
                <extensions>
                    <osmand:speed>0.9</osmand:speed>
                </extensions>
            </trkpt>
            <trkpt lat="44.6085818" lon="22.2823676">
                <ele>362.4</ele>
                <time>2026-05-30T08:49:08Z</time>
                <hdop>4.7</hdop>
                <extensions>
                    <osmand:speed>0.7</osmand:speed>
                </extensions>
            </trkpt>
            <trkpt lat="44.6086452" lon="22.2823235">
                <ele>362.3</ele>
                <time>2026-05-30T08:49:14Z</time>
                <hdop>4.7</hdop>
                <extensions>
                    <osmand:speed>0.8</osmand:speed>
                </extensions>
            </trkpt>
            <trkpt lat="44.6087022" lon="22.2822333">
                <ele>360.4</ele>
                <time>2026-05-30T08:49:20Z</time>
                <hdop>4.7</hdop>
                <extensions>
                    <osmand:speed>1.2</osmand:speed>
                </extensions>
            </trkpt>
            <trkpt lat="44.6087466" lon="22.2821808">
                <ele>359.8</ele>
                <time>2026-05-30T08:49:26Z</time>
                <hdop>4.7</hdop>
                <extensions>
                    <osmand:speed>0.4</osmand:speed>
                </extensions>
            </trkpt>
            <trkpt lat="44.6087598" lon="22.2821034">
                <ele>361.4</ele>
                <time>2026-05-30T08:49:32Z</time>
                <hdop>4.7</hdop>
                <extensions>
                    <osmand:speed>0.9</osmand:speed>
                </extensions>
            </trkpt>
            <trkpt lat="44.6087661" lon="22.2820032">
                <ele>363.5</ele>
                <time>2026-05-30T08:49:41Z</time>
                <hdop>4.7</hdop>
                <extensions>
                    <osmand:speed>1.1</osmand:speed>
                </extensions>
            </trkpt>
            <trkpt lat="44.6088004" lon="22.2819568">
                <ele>363.4</ele>
                <time>2026-05-30T08:49:47Z</time>
                <hdop>4.7</hdop>
                <extensions>
                    <osmand:speed>0.5</osmand:speed>
                </extensions>
            </trkpt>
            <trkpt lat="44.6088759" lon="22.2818619">
                <ele>362.7</ele>
                <time>2026-05-30T08:49:59Z</time>
                <hdop>4.7</hdop>
                <extensions>
                    <osmand:speed>1.2</osmand:speed>
                </extensions>
            </trkpt>
            <trkpt lat="44.6089725" lon="22.2818234">
                <ele>363.6</ele>
                <time>2026-05-30T08:50:09Z</time>
                <hdop>4.7</hdop>
                <extensions>
                    <osmand:speed>0.8</osmand:speed>
                </extensions>
            </trkpt>
            <trkpt lat="44.6090343" lon="22.2818308">
                <ele>364.6</ele>
                <time>2026-05-30T08:50:16Z</time>
                <hdop>4.7</hdop>
                <extensions>
                    <osmand:speed>0.6</osmand:speed>
                </extensions>
            </trkpt>
            <trkpt lat="44.609135" lon="22.2818491">
                <ele>364</ele>
                <time>2026-05-30T08:50:25Z</time>
                <hdop>4.7</hdop>
                <extensions>
                    <osmand:speed>1.2</osmand:speed>
                </extensions>
            </trkpt>
            <trkpt lat="44.6092306" lon="22.2818616">
                <ele>362.9</ele>
                <time>2026-05-30T08:50:35Z</time>
                <hdop>4.7</hdop>
                <extensions>
                    <osmand:speed>0.6</osmand:speed>
                </extensions>
            </trkpt>
            <trkpt lat="44.6093279" lon="22.2818167">
                <ele>363.4</ele>
                <time>2026-05-30T08:50:44Z</time>
                <hdop>4.7</hdop>
                <extensions>
                    <osmand:speed>1.4</osmand:speed>
                </extensions>
            </trkpt>
            <trkpt lat="44.6093885" lon="22.2817047">
                <ele>363.3</ele>
                <time>2026-05-30T08:50:53Z</time>
                <hdop>4.7</hdop>
                <extensions>
                    <osmand:speed>1.1</osmand:speed>
                </extensions>
            </trkpt>
            <trkpt lat="44.6094477" lon="22.2816001">
                <ele>363.1</ele>
                <time>2026-05-30T08:51:01Z</time>
                <hdop>4.7</hdop>
                <extensions>
                    <osmand:speed>1.4</osmand:speed>
                </extensions>
            </trkpt>
            <trkpt lat="44.6094714" lon="22.2814684">
                <ele>364.7</ele>
                <time>2026-05-30T08:51:09Z</time>
                <hdop>4.7</hdop>
                <extensions>
                    <osmand:speed>0.9</osmand:speed>
                </extensions>
            </trkpt>
            <trkpt lat="44.6095283" lon="22.2813575">
                <ele>366.5</ele>
                <time>2026-05-30T08:51:19Z</time>
                <hdop>4.7</hdop>
                <extensions>
                    <osmand:speed>1.1</osmand:speed>
                </extensions>
            </trkpt>
            <trkpt lat="44.6096084" lon="22.2812836">
                <ele>366</ele>
                <time>2026-05-30T08:51:26Z</time>
                <hdop>4.7</hdop>
                <extensions>
                    <osmand:speed>1.7</osmand:speed>
                </extensions>
            </trkpt>
            <trkpt lat="44.6096717" lon="22.2812835">
                <ele>366.7</ele>
                <time>2026-05-30T08:51:32Z</time>
                <hdop>4.7</hdop>
                <extensions>
                    <osmand:speed>0.8</osmand:speed>
                </extensions>
            </trkpt>
            <trkpt lat="44.6097422" lon="22.2812917">
                <ele>367</ele>
                <time>2026-05-30T08:51:38Z</time>
                <hdop>4.7</hdop>
                <extensions>
                    <osmand:speed>1.4</osmand:speed>
                </extensions>
            </trkpt>
            <trkpt lat="44.6098086" lon="22.2813228">
                <ele>367</ele>
                <time>2026-05-30T08:51:44Z</time>
                <hdop>4.7</hdop>
                <extensions>
                    <osmand:speed>0.9</osmand:speed>
                </extensions>
            </trkpt>
            <trkpt lat="44.6098771" lon="22.2813286">
                <ele>368.4</ele>
                <time>2026-05-30T08:51:50Z</time>
                <hdop>4.7</hdop>
                <extensions>
                    <osmand:speed>1.2</osmand:speed>
                </extensions>
            </trkpt>
            <trkpt lat="44.6099239" lon="22.2813383">
                <ele>369.8</ele>
                <time>2026-05-30T08:51:56Z</time>
                <hdop>4.7</hdop>
                <extensions>
                    <osmand:speed>0.7</osmand:speed>
                </extensions>
            </trkpt>
            <trkpt lat="44.610026" lon="22.281377">
                <ele>369.1</ele>
                <time>2026-05-30T08:52:06Z</time>
                <hdop>4.7</hdop>
                <extensions>
                    <osmand:speed>1</osmand:speed>
                </extensions>
            </trkpt>
            <trkpt lat="44.6100663" lon="22.2814144">
                <ele>367.7</ele>
                <time>2026-05-30T08:52:12Z</time>
                <hdop>4.7</hdop>
                <extensions>
                    <osmand:speed>0.7</osmand:speed>
                </extensions>
            </trkpt>
            <trkpt lat="44.6101251" lon="22.2815143">
                <ele>367.1</ele>
                <time>2026-05-30T08:52:19Z</time>
                <hdop>4.7</hdop>
                <extensions>
                    <osmand:speed>1.1</osmand:speed>
                </extensions>
            </trkpt>
            <trkpt lat="44.6102156" lon="22.2816367">
                <ele>364.1</ele>
                <time>2026-05-30T08:52:29Z</time>
                <hdop>4.7</hdop>
                <extensions>
                    <osmand:speed>1.4</osmand:speed>
                </extensions>
            </trkpt>
            <trkpt lat="44.6102654" lon="22.2817669">
                <ele>364.5</ele>
                <time>2026-05-30T08:52:37Z</time>
                <hdop>4.7</hdop>
                <extensions>
                    <osmand:speed>1.3</osmand:speed>
                </extensions>
            </trkpt>
            <trkpt lat="44.6103273" lon="22.281862">
                <ele>364.3</ele>
                <time>2026-05-30T08:52:45Z</time>
                <hdop>4.7</hdop>
                <extensions>
                    <osmand:speed>1.2</osmand:speed>
                </extensions>
            </trkpt>
            <trkpt lat="44.6103824" lon="22.2819598">
                <ele>365.6</ele>
                <time>2026-05-30T08:52:53Z</time>
                <hdop>4.7</hdop>
                <extensions>
                    <osmand:speed>1.2</osmand:speed>
                </extensions>
            </trkpt>
            <trkpt lat="44.6104429" lon="22.2820697">
                <ele>363.9</ele>
                <time>2026-05-30T08:53:02Z</time>
                <hdop>4.7</hdop>
                <extensions>
                    <osmand:speed>1.1</osmand:speed>
                </extensions>
            </trkpt>
            <trkpt lat="44.6104721" lon="22.2821262">
                <ele>364.6</ele>
                <time>2026-05-30T08:53:08Z</time>
                <hdop>4.7</hdop>
                <extensions>
                    <osmand:speed>0.9</osmand:speed>
                </extensions>
            </trkpt>
            <trkpt lat="44.6105367" lon="22.2822164">
                <ele>364.4</ele>
                <time>2026-05-30T08:53:15Z</time>
                <hdop>4.7</hdop>
                <extensions>
                    <osmand:speed>1.2</osmand:speed>
                </extensions>
            </trkpt>
            <trkpt lat="44.6105844" lon="22.2823348">
                <ele>364.2</ele>
                <time>2026-05-30T08:53:24Z</time>
                <hdop>4.7</hdop>
                <extensions>
                    <osmand:speed>1.3</osmand:speed>
                </extensions>
            </trkpt>
            <trkpt lat="44.6106356" lon="22.2824749">
                <ele>364.6</ele>
                <time>2026-05-30T08:53:34Z</time>
                <hdop>4.7</hdop>
                <extensions>
                    <osmand:speed>1.3</osmand:speed>
                </extensions>
            </trkpt>
            <trkpt lat="44.6106698" lon="22.2826176">
                <ele>366.1</ele>
                <time>2026-05-30T08:53:44Z</time>
                <hdop>4.7</hdop>
                <extensions>
                    <osmand:speed>1.1</osmand:speed>
                </extensions>
            </trkpt>
            <trkpt lat="44.6106781" lon="22.2827528">
                <ele>365.9</ele>
                <time>2026-05-30T08:53:52Z</time>
                <hdop>4.7</hdop>
                <extensions>
                    <osmand:speed>1.3</osmand:speed>
                </extensions>
            </trkpt>
            <trkpt lat="44.6106723" lon="22.2829006">
                <ele>366.2</ele>
                <time>2026-05-30T08:54:01Z</time>
                <hdop>4.7</hdop>
                <extensions>
                    <osmand:speed>1.2</osmand:speed>
                </extensions>
            </trkpt>
            <trkpt lat="44.6106501" lon="22.2830317">
                <ele>367.7</ele>
                <time>2026-05-30T08:54:10Z</time>
                <hdop>4.7</hdop>
                <extensions>
                    <osmand:speed>1.1</osmand:speed>
                </extensions>
            </trkpt>
            <trkpt lat="44.6106549" lon="22.2831639">
                <ele>367.7</ele>
                <time>2026-05-30T08:54:19Z</time>
                <hdop>4.7</hdop>
                <extensions>
                    <osmand:speed>1.1</osmand:speed>
                </extensions>
            </trkpt>
            <trkpt lat="44.6106478" lon="22.283308">
                <ele>367.9</ele>
                <time>2026-05-30T08:54:28Z</time>
                <hdop>4.7</hdop>
                <extensions>
                    <osmand:speed>1.5</osmand:speed>
                </extensions>
            </trkpt>
            <trkpt lat="44.6106402" lon="22.2834391">
                <ele>368.9</ele>
                <time>2026-05-30T08:54:38Z</time>
                <hdop>4.7</hdop>
                <extensions>
                    <osmand:speed>1.3</osmand:speed>
                </extensions>
            </trkpt>
            <trkpt lat="44.6106247" lon="22.2835724">
                <ele>369.8</ele>
                <time>2026-05-30T08:54:49Z</time>
                <hdop>4.7</hdop>
                <extensions>
                    <osmand:speed>1</osmand:speed>
                </extensions>
            </trkpt>
            <trkpt lat="44.6106406" lon="22.2837074">
                <ele>371.3</ele>
                <time>2026-05-30T08:54:58Z</time>
                <hdop>4.7</hdop>
                <extensions>
                    <osmand:speed>1.2</osmand:speed>
                </extensions>
            </trkpt>
            <trkpt lat="44.6106098" lon="22.2838432">
                <ele>372.4</ele>
                <time>2026-05-30T08:55:07Z</time>
                <hdop>4.7</hdop>
                <extensions>
                    <osmand:speed>1.4</osmand:speed>
                </extensions>
            </trkpt>
            <trkpt lat="44.6105738" lon="22.2839227">
                <ele>373.5</ele>
                <time>2026-05-30T08:55:13Z</time>
                <hdop>4.7</hdop>
                <extensions>
                    <osmand:speed>1.1</osmand:speed>
                </extensions>
            </trkpt>
            <trkpt lat="44.6105468" lon="22.2840098">
                <ele>372.6</ele>
                <time>2026-05-30T08:55:19Z</time>
                <hdop>4.7</hdop>
                <extensions>
                    <osmand:speed>1.1</osmand:speed>
                </extensions>
            </trkpt>
            <trkpt lat="44.6105507" lon="22.2841108">
                <ele>375.1</ele>
                <time>2026-05-30T08:55:25Z</time>
                <hdop>4.7</hdop>
                <extensions>
                    <osmand:speed>1</osmand:speed>
                </extensions>
            </trkpt>
            <trkpt lat="44.610571" lon="22.2841998">
                <ele>376.1</ele>
                <time>2026-05-30T08:55:32Z</time>
                <hdop>4.7</hdop>
                <extensions>
                    <osmand:speed>0.9</osmand:speed>
                </extensions>
            </trkpt>
            <trkpt lat="44.610605" lon="22.2843278">
                <ele>375.9</ele>
                <time>2026-05-30T08:55:41Z</time>
                <hdop>4.7</hdop>
                <extensions>
                    <osmand:speed>1.1</osmand:speed>
                </extensions>
            </trkpt>
            <trkpt lat="44.6106221" lon="22.2844511">
                <ele>377.1</ele>
                <time>2026-05-30T08:55:53Z</time>
                <hdop>4.7</hdop>
                <extensions>
                    <osmand:speed>0.7</osmand:speed>
                </extensions>
            </trkpt>
            <trkpt lat="44.6106364" lon="22.2845235">
                <ele>377.8</ele>
                <time>2026-05-30T08:55:59Z</time>
                <hdop>4.7</hdop>
                <extensions>
                    <osmand:speed>0.8</osmand:speed>
                </extensions>
            </trkpt>
        </trkseg>
    </trk>
    <trk>
        <trkseg>
            <trkpt lat="44.6106821" lon="22.2845179">
                <ele>377.8</ele>
                <time>2026-05-30T08:58:25Z</time>
                <hdop>4.7</hdop>
                <extensions>
                    <osmand:speed>0.1</osmand:speed>
                </extensions>
            </trkpt>
            <trkpt lat="44.6107092" lon="22.284572">
                <ele>380.9</ele>
                <time>2026-05-30T08:59:49Z</time>
                <hdop>4.7</hdop>
            </trkpt>
            <trkpt lat="44.6106863" lon="22.2845106">
                <ele>373.5</ele>
                <time>2026-05-30T09:01:30Z</time>
                <hdop>4.7</hdop>
                <extensions>
                    <osmand:speed>0.2</osmand:speed>
                </extensions>
            </trkpt>
            <trkpt lat="44.6106952" lon="22.2845738">
                <ele>379.3</ele>
                <time>2026-05-30T09:01:45Z</time>
                <hdop>4.7</hdop>
                <extensions>
                    <osmand:speed>0.1</osmand:speed>
                </extensions>
            </trkpt>
        </trkseg>
    </trk>
    <trk>
        <trkseg>
            <trkpt lat="44.6106931" lon="22.2845102">
                <ele>374.9</ele>
                <time>2026-05-30T09:06:28Z</time>
                <hdop>4.7</hdop>
                <extensions>
                    <osmand:speed>0.1</osmand:speed>
                </extensions>
            </trkpt>
            <trkpt lat="44.6106458" lon="22.2845307">
                <ele>377</ele>
                <time>2026-05-30T09:16:46Z</time>
                <hdop>4.7</hdop>
                <extensions>
                    <osmand:speed>1.4</osmand:speed>
                </extensions>
            </trkpt>
            <trkpt lat="44.6107279" lon="22.2847208">
                <ele>376.4</ele>
                <time>2026-05-30T09:16:55Z</time>
                <hdop>4.7</hdop>
                <extensions>
                    <osmand:speed>1.4</osmand:speed>
                </extensions>
            </trkpt>
            <trkpt lat="44.6107708" lon="22.2848546">
                <ele>375.6</ele>
                <time>2026-05-30T09:17:03Z</time>
                <hdop>4.7</hdop>
                <extensions>
                    <osmand:speed>1.7</osmand:speed>
                </extensions>
            </trkpt>
            <trkpt lat="44.6108225" lon="22.2849609">
                <ele>375.8</ele>
                <time>2026-05-30T09:17:09Z</time>
                <hdop>4.7</hdop>
                <extensions>
                    <osmand:speed>1.7</osmand:speed>
                </extensions>
            </trkpt>
            <trkpt lat="44.61086" lon="22.2851075">
                <ele>375.4</ele>
                <time>2026-05-30T09:17:16Z</time>
                <hdop>4.7</hdop>
                <extensions>
                    <osmand:speed>1.7</osmand:speed>
                </extensions>
            </trkpt>
            <trkpt lat="44.6108837" lon="22.2852609">
                <ele>376.8</ele>
                <time>2026-05-30T09:17:25Z</time>
                <hdop>4.7</hdop>
                <extensions>
                    <osmand:speed>1.6</osmand:speed>
                </extensions>
            </trkpt>
            <trkpt lat="44.6108981" lon="22.285389">
                <ele>378.2</ele>
                <time>2026-05-30T09:17:37Z</time>
                <hdop>4.7</hdop>
                <extensions>
                    <osmand:speed>1.6</osmand:speed>
                </extensions>
            </trkpt>
            <trkpt lat="44.6108999" lon="22.285528">
                <ele>379</ele>
                <time>2026-05-30T09:17:46Z</time>
                <hdop>4.7</hdop>
                <extensions>
                    <osmand:speed>0.7</osmand:speed>
                </extensions>
            </trkpt>
            <trkpt lat="44.6109203" lon="22.2856645">
                <ele>381.1</ele>
                <time>2026-05-30T09:17:58Z</time>
                <hdop>4.7</hdop>
                <extensions>
                    <osmand:speed>1.1</osmand:speed>
                </extensions>
            </trkpt>
            <trkpt lat="44.61093" lon="22.2857386">
                <ele>382.3</ele>
                <time>2026-05-30T09:18:04Z</time>
                <hdop>4.7</hdop>
                <extensions>
                    <osmand:speed>0.7</osmand:speed>
                </extensions>
            </trkpt>
            <trkpt lat="44.6109583" lon="22.2858665">
                <ele>384.1</ele>
                <time>2026-05-30T09:18:16Z</time>
                <hdop>4.7</hdop>
                <extensions>
                    <osmand:speed>0.6</osmand:speed>
                </extensions>
            </trkpt>
            <trkpt lat="44.6109975" lon="22.2859979">
                <ele>387.1</ele>
                <time>2026-05-30T09:18:27Z</time>
                <hdop>4.7</hdop>
                <extensions>
                    <osmand:speed>1.2</osmand:speed>
                </extensions>
            </trkpt>
            <trkpt lat="44.6110699" lon="22.2860868">
                <ele>386.3</ele>
                <time>2026-05-30T09:18:35Z</time>
                <hdop>4.7</hdop>
                <extensions>
                    <osmand:speed>1.2</osmand:speed>
                </extensions>
            </trkpt>
            <trkpt lat="44.6111315" lon="22.2861674">
                <ele>385.6</ele>
                <time>2026-05-30T09:18:41Z</time>
                <hdop>4.7</hdop>
                <extensions>
                    <osmand:speed>1</osmand:speed>
                </extensions>
            </trkpt>
            <trkpt lat="44.6112033" lon="22.2862377">
                <ele>386.9</ele>
                <time>2026-05-30T09:18:47Z</time>
                <hdop>4.7</hdop>
                <extensions>
                    <osmand:speed>0.9</osmand:speed>
                </extensions>
            </trkpt>
            <trkpt lat="44.6111981" lon="22.2862834">
                <ele>387.8</ele>
                <time>2026-05-30T09:18:53Z</time>
                <hdop>4.7</hdop>
                <extensions>
                    <osmand:speed>0.3</osmand:speed>
                </extensions>
            </trkpt>
            <trkpt lat="44.6113042" lon="22.2863789">
                <ele>388.1</ele>
                <time>2026-05-30T09:19:01Z</time>
                <hdop>4.7</hdop>
                <extensions>
                    <osmand:speed>1.4</osmand:speed>
                </extensions>
            </trkpt>
            <trkpt lat="44.6113418" lon="22.2865236">
                <ele>386.1</ele>
                <time>2026-05-30T09:19:11Z</time>
                <hdop>4.7</hdop>
                <extensions>
                    <osmand:speed>1</osmand:speed>
                </extensions>
            </trkpt>
            <trkpt lat="44.6113632" lon="22.2865969">
                <ele>386.4</ele>
                <time>2026-05-30T09:19:17Z</time>
                <hdop>4.7</hdop>
                <extensions>
                    <osmand:speed>0.7</osmand:speed>
                </extensions>
            </trkpt>
            <trkpt lat="44.6114287" lon="22.286705">
                <ele>388.7</ele>
                <time>2026-05-30T09:19:29Z</time>
                <hdop>4.7</hdop>
                <extensions>
                    <osmand:speed>1.3</osmand:speed>
                </extensions>
            </trkpt>
            <trkpt lat="44.6114835" lon="22.2868241">
                <ele>387.6</ele>
                <time>2026-05-30T09:19:38Z</time>
                <hdop>4.7</hdop>
                <extensions>
                    <osmand:speed>1.2</osmand:speed>
                </extensions>
            </trkpt>
            <trkpt lat="44.6115262" lon="22.2869565">
                <ele>388.2</ele>
                <time>2026-05-30T09:19:51Z</time>
                <hdop>4.7</hdop>
                <extensions>
                    <osmand:speed>1.3</osmand:speed>
                </extensions>
            </trkpt>
            <trkpt lat="44.6115828" lon="22.287065">
                <ele>388.8</ele>
                <time>2026-05-30T09:20:04Z</time>
                <hdop>4.7</hdop>
                <extensions>
                    <osmand:speed>0.3</osmand:speed>
                </extensions>
            </trkpt>
            <trkpt lat="44.6116334" lon="22.2871795">
                <ele>386.7</ele>
                <time>2026-05-30T09:20:13Z</time>
                <hdop>4.7</hdop>
                <extensions>
                    <osmand:speed>0.8</osmand:speed>
                </extensions>
            </trkpt>
            <trkpt lat="44.6116643" lon="22.287315">
                <ele>387</ele>
                <time>2026-05-30T09:20:24Z</time>
                <hdop>4.7</hdop>
                <extensions>
                    <osmand:speed>1.1</osmand:speed>
                </extensions>
            </trkpt>
            <trkpt lat="44.6116808" lon="22.2874399">
                <ele>389.7</ele>
                <time>2026-05-30T09:20:34Z</time>
                <hdop>4.7</hdop>
                <extensions>
                    <osmand:speed>0.6</osmand:speed>
                </extensions>
            </trkpt>
            <trkpt lat="44.6116557" lon="22.2875025">
                <ele>392.4</ele>
                <time>2026-05-30T09:20:40Z</time>
                <hdop>4.7</hdop>
                <extensions>
                    <osmand:speed>0.7</osmand:speed>
                </extensions>
            </trkpt>
            <trkpt lat="44.6116281" lon="22.2875562">
                <ele>390.9</ele>
                <time>2026-05-30T09:20:46Z</time>
                <hdop>4.7</hdop>
                <extensions>
                    <osmand:speed>0.9</osmand:speed>
                </extensions>
            </trkpt>
            <trkpt lat="44.611597" lon="22.287606">
                <ele>392.9</ele>
                <time>2026-05-30T09:20:53Z</time>
                <hdop>4.7</hdop>
                <extensions>
                    <osmand:speed>0.7</osmand:speed>
                </extensions>
            </trkpt>
            <trkpt lat="44.6116057" lon="22.2876854">
                <ele>396.3</ele>
                <time>2026-05-30T09:21:02Z</time>
                <hdop>4.7</hdop>
                <extensions>
                    <osmand:speed>0.9</osmand:speed>
                </extensions>
            </trkpt>
            <trkpt lat="44.6116191" lon="22.2877763">
                <ele>397.1</ele>
                <time>2026-05-30T09:21:08Z</time>
                <hdop>4.7</hdop>
                <extensions>
                    <osmand:speed>1.3</osmand:speed>
                </extensions>
            </trkpt>
            <trkpt lat="44.6116096" lon="22.287903">
                <ele>399.4</ele>
                <time>2026-05-30T09:21:19Z</time>
                <hdop>4.7</hdop>
                <extensions>
                    <osmand:speed>0.9</osmand:speed>
                </extensions>
            </trkpt>
            <trkpt lat="44.6116279" lon="22.2880374">
                <ele>400</ele>
                <time>2026-05-30T09:21:29Z</time>
                <hdop>4.7</hdop>
                <extensions>
                    <osmand:speed>0.8</osmand:speed>
                </extensions>
            </trkpt>
            <trkpt lat="44.6116563" lon="22.2881763">
                <ele>402.3</ele>
                <time>2026-05-30T09:21:39Z</time>
                <hdop>4.7</hdop>
                <extensions>
                    <osmand:speed>0.8</osmand:speed>
                </extensions>
            </trkpt>
            <trkpt lat="44.6116489" lon="22.288249">
                <ele>403.8</ele>
                <time>2026-05-30T09:21:46Z</time>
                <hdop>4.7</hdop>
                <extensions>
                    <osmand:speed>0.8</osmand:speed>
                </extensions>
            </trkpt>
            <trkpt lat="44.6116418" lon="22.2883856">
                <ele>405.2</ele>
                <time>2026-05-30T09:21:58Z</time>
                <hdop>4.7</hdop>
                <extensions>
                    <osmand:speed>0.8</osmand:speed>
                </extensions>
            </trkpt>
            <trkpt lat="44.6116421" lon="22.2884618">
                <ele>403.5</ele>
                <time>2026-05-30T09:22:04Z</time>
                <hdop>4.7</hdop>
                <extensions>
                    <osmand:speed>0.8</osmand:speed>
                </extensions>
            </trkpt>
            <trkpt lat="44.6115676" lon="22.2885791">
                <ele>404.8</ele>
                <time>2026-05-30T09:22:16Z</time>
                <hdop>4.7</hdop>
                <extensions>
                    <osmand:speed>1.2</osmand:speed>
                </extensions>
            </trkpt>
            <trkpt lat="44.6115067" lon="22.2886865">
                <ele>407.6</ele>
                <time>2026-05-30T09:22:25Z</time>
                <hdop>4.7</hdop>
                <extensions>
                    <osmand:speed>1</osmand:speed>
                </extensions>
            </trkpt>
            <trkpt lat="44.6114215" lon="22.2887444">
                <ele>410.7</ele>
                <time>2026-05-30T09:22:34Z</time>
                <hdop>4.7</hdop>
                <extensions>
                    <osmand:speed>1.1</osmand:speed>
                </extensions>
            </trkpt>
            <trkpt lat="44.6114016" lon="22.2888207">
                <ele>411.3</ele>
                <time>2026-05-30T09:22:41Z</time>
                <hdop>4.7</hdop>
                <extensions>
                    <osmand:speed>1.1</osmand:speed>
                </extensions>
            </trkpt>
            <trkpt lat="44.611378" lon="22.2888947">
                <ele>411.6</ele>
                <time>2026-05-30T09:22:51Z</time>
                <hdop>4.7</hdop>
                <extensions>
                    <osmand:speed>1.3</osmand:speed>
                </extensions>
            </trkpt>
            <trkpt lat="44.6113284" lon="22.2889431">
                <ele>411.7</ele>
                <time>2026-05-30T09:22:58Z</time>
                <hdop>4.7</hdop>
                <extensions>
                    <osmand:speed>1.2</osmand:speed>
                </extensions>
            </trkpt>
            <trkpt lat="44.6113042" lon="22.2890821">
                <ele>413.7</ele>
                <time>2026-05-30T09:23:06Z</time>
                <hdop>4.7</hdop>
                <extensions>
                    <osmand:speed>1.3</osmand:speed>
                </extensions>
            </trkpt>
            <trkpt lat="44.611267" lon="22.2892026">
                <ele>414.1</ele>
                <time>2026-05-30T09:23:15Z</time>
                <hdop>4.7</hdop>
                <extensions>
                    <osmand:speed>1.1</osmand:speed>
                </extensions>
            </trkpt>
            <trkpt lat="44.6113148" lon="22.2893256">
                <ele>413.7</ele>
                <time>2026-05-30T09:23:22Z</time>
                <hdop>4.7</hdop>
                <extensions>
                    <osmand:speed>2.2</osmand:speed>
                </extensions>
            </trkpt>
            <trkpt lat="44.6113159" lon="22.2893904">
                <ele>415.7</ele>
                <time>2026-05-30T09:23:29Z</time>
                <hdop>4.7</hdop>
                <extensions>
                    <osmand:speed>1.1</osmand:speed>
                </extensions>
            </trkpt>
            <trkpt lat="44.6112812" lon="22.2894521">
                <ele>417</ele>
                <time>2026-05-30T09:23:37Z</time>
                <hdop>4.7</hdop>
                <extensions>
                    <osmand:speed>0.9</osmand:speed>
                </extensions>
            </trkpt>
            <trkpt lat="44.6112069" lon="22.2895476">
                <ele>418.4</ele>
                <time>2026-05-30T09:23:48Z</time>
                <hdop>4.7</hdop>
                <extensions>
                    <osmand:speed>1.1</osmand:speed>
                </extensions>
            </trkpt>
            <trkpt lat="44.6111786" lon="22.2895996">
                <ele>423</ele>
                <time>2026-05-30T09:23:59Z</time>
                <hdop>4.7</hdop>
                <extensions>
                    <osmand:speed>0.5</osmand:speed>
                </extensions>
            </trkpt>
            <trkpt lat="44.6112024" lon="22.28969">
                <ele>424.1</ele>
                <time>2026-05-30T09:24:06Z</time>
                <hdop>4.7</hdop>
                <extensions>
                    <osmand:speed>0.7</osmand:speed>
                </extensions>
            </trkpt>
            <trkpt lat="44.6111801" lon="22.2897801">
                <ele>424.6</ele>
                <time>2026-05-30T09:24:12Z</time>
                <hdop>4.7</hdop>
                <extensions>
                    <osmand:speed>0.7</osmand:speed>
                </extensions>
            </trkpt>
            <trkpt lat="44.6111997" lon="22.2898272">
                <ele>425.8</ele>
                <time>2026-05-30T09:24:18Z</time>
                <hdop>4.7</hdop>
                <extensions>
                    <osmand:speed>0.4</osmand:speed>
                </extensions>
            </trkpt>
            <trkpt lat="44.6112525" lon="22.2898935">
                <ele>426.6</ele>
                <time>2026-05-30T09:24:24Z</time>
                <hdop>4.7</hdop>
                <extensions>
                    <osmand:speed>0.9</osmand:speed>
                </extensions>
            </trkpt>
            <trkpt lat="44.6113045" lon="22.2899718">
                <ele>429.6</ele>
                <time>2026-05-30T09:24:30Z</time>
                <hdop>4.7</hdop>
                <extensions>
                    <osmand:speed>1</osmand:speed>
                </extensions>
            </trkpt>
            <trkpt lat="44.611344" lon="22.2899902">
                <ele>430.6</ele>
                <time>2026-05-30T09:24:36Z</time>
                <hdop>4.7</hdop>
                <extensions>
                    <osmand:speed>0.6</osmand:speed>
                </extensions>
            </trkpt>
            <trkpt lat="44.6113793" lon="22.2899993">
                <ele>432.8</ele>
                <time>2026-05-30T09:24:42Z</time>
                <hdop>4.7</hdop>
                <extensions>
                    <osmand:speed>0.7</osmand:speed>
                </extensions>
            </trkpt>
            <trkpt lat="44.6114285" lon="22.2900221">
                <ele>433.7</ele>
                <time>2026-05-30T09:24:48Z</time>
                <hdop>4.7</hdop>
                <extensions>
                    <osmand:speed>0.6</osmand:speed>
                </extensions>
            </trkpt>
            <trkpt lat="44.6114678" lon="22.290058">
                <ele>432.8</ele>
                <time>2026-05-30T09:24:54Z</time>
                <hdop>4.7</hdop>
                <extensions>
                    <osmand:speed>0.3</osmand:speed>
                </extensions>
            </trkpt>
            <trkpt lat="44.6114884" lon="22.2900583">
                <ele>434.2</ele>
                <time>2026-05-30T09:25:00Z</time>
                <hdop>4.7</hdop>
                <extensions>
                    <osmand:speed>0.4</osmand:speed>
                </extensions>
            </trkpt>
            <trkpt lat="44.6115268" lon="22.2900466">
                <ele>434.2</ele>
                <time>2026-05-30T09:25:06Z</time>
                <hdop>4.7</hdop>
                <extensions>
                    <osmand:speed>0.9</osmand:speed>
                </extensions>
            </trkpt>
            <trkpt lat="44.6115711" lon="22.2900318">
                <ele>435.1</ele>
                <time>2026-05-30T09:25:12Z</time>
                <hdop>4.7</hdop>
                <extensions>
                    <osmand:speed>0.5</osmand:speed>
                </extensions>
            </trkpt>
            <trkpt lat="44.6116266" lon="22.2900517">
                <ele>436.4</ele>
                <time>2026-05-30T09:25:18Z</time>
                <hdop>4.7</hdop>
                <extensions>
                    <osmand:speed>0.8</osmand:speed>
                </extensions>
            </trkpt>
            <trkpt lat="44.6116835" lon="22.2900826">
                <ele>436.7</ele>
                <time>2026-05-30T09:25:24Z</time>
                <hdop>4.7</hdop>
                <extensions>
                    <osmand:speed>0.9</osmand:speed>
                </extensions>
            </trkpt>
            <trkpt lat="44.6117468" lon="22.2901279">
                <ele>435.7</ele>
                <time>2026-05-30T09:25:30Z</time>
                <hdop>4.7</hdop>
                <extensions>
                    <osmand:speed>1.4</osmand:speed>
                </extensions>
            </trkpt>
            <trkpt lat="44.611774" lon="22.2901744">
                <ele>435.3</ele>
                <time>2026-05-30T09:25:36Z</time>
                <hdop>4.7</hdop>
                <extensions>
                    <osmand:speed>0.8</osmand:speed>
                </extensions>
            </trkpt>
            <trkpt lat="44.6117918" lon="22.2902286">
                <ele>436.3</ele>
                <time>2026-05-30T09:25:42Z</time>
                <hdop>4.7</hdop>
                <extensions>
                    <osmand:speed>0.7</osmand:speed>
                </extensions>
            </trkpt>
            <trkpt lat="44.6118011" lon="22.2902886">
                <ele>437.7</ele>
                <time>2026-05-30T09:25:48Z</time>
                <hdop>4.7</hdop>
                <extensions>
                    <osmand:speed>0.6</osmand:speed>
                </extensions>
            </trkpt>
            <trkpt lat="44.611786" lon="22.290331">
                <ele>438.4</ele>
                <time>2026-05-30T09:25:54Z</time>
                <hdop>4.7</hdop>
                <extensions>
                    <osmand:speed>0.4</osmand:speed>
                </extensions>
            </trkpt>
            <trkpt lat="44.6117484" lon="22.2903666">
                <ele>439.7</ele>
                <time>2026-05-30T09:26:00Z</time>
                <hdop>4.7</hdop>
                <extensions>
                    <osmand:speed>1.1</osmand:speed>
                </extensions>
            </trkpt>
            <trkpt lat="44.611745" lon="22.2904299">
                <ele>439.8</ele>
                <time>2026-05-30T09:26:06Z</time>
                <hdop>4.7</hdop>
                <extensions>
                    <osmand:speed>0.7</osmand:speed>
                </extensions>
            </trkpt>
            <trkpt lat="44.6117629" lon="22.290519">
                <ele>439.7</ele>
                <time>2026-05-30T09:26:12Z</time>
                <hdop>4.7</hdop>
                <extensions>
                    <osmand:speed>0.6</osmand:speed>
                </extensions>
            </trkpt>
            <trkpt lat="44.6117738" lon="22.2906001">
                <ele>440</ele>
                <time>2026-05-30T09:26:18Z</time>
                <hdop>4.7</hdop>
                <extensions>
                    <osmand:speed>0.3</osmand:speed>
                </extensions>
            </trkpt>
            <trkpt lat="44.6117922" lon="22.2906997">
                <ele>442.1</ele>
                <time>2026-05-30T09:26:24Z</time>
                <hdop>4.7</hdop>
                <extensions>
                    <osmand:speed>0.9</osmand:speed>
                </extensions>
            </trkpt>
            <trkpt lat="44.6117607" lon="22.2907701">
                <ele>444.2</ele>
                <time>2026-05-30T09:26:30Z</time>
                <hdop>4.7</hdop>
                <extensions>
                    <osmand:speed>0.9</osmand:speed>
                </extensions>
            </trkpt>
            <trkpt lat="44.611733" lon="22.2908378">
                <ele>445.6</ele>
                <time>2026-05-30T09:26:36Z</time>
                <hdop>4.7</hdop>
                <extensions>
                    <osmand:speed>0.6</osmand:speed>
                </extensions>
            </trkpt>
            <trkpt lat="44.6117138" lon="22.290871">
                <ele>445.7</ele>
                <time>2026-05-30T09:26:42Z</time>
                <hdop>4.7</hdop>
                <extensions>
                    <osmand:speed>0.6</osmand:speed>
                </extensions>
            </trkpt>
            <trkpt lat="44.6116779" lon="22.2908911">
                <ele>446.1</ele>
                <time>2026-05-30T09:26:48Z</time>
                <hdop>4.7</hdop>
                <extensions>
                    <osmand:speed>0.6</osmand:speed>
                </extensions>
            </trkpt>
            <trkpt lat="44.6116511" lon="22.2909134">
                <ele>445.4</ele>
                <time>2026-05-30T09:26:54Z</time>
                <hdop>4.7</hdop>
                <extensions>
                    <osmand:speed>0.6</osmand:speed>
                </extensions>
            </trkpt>
            <trkpt lat="44.6116313" lon="22.2909421">
                <ele>447.1</ele>
                <time>2026-05-30T09:27:00Z</time>
                <hdop>4.7</hdop>
                <extensions>
                    <osmand:speed>0.4</osmand:speed>
                </extensions>
            </trkpt>
            <trkpt lat="44.6116089" lon="22.2909689">
                <ele>448.7</ele>
                <time>2026-05-30T09:27:06Z</time>
                <hdop>4.7</hdop>
                <extensions>
                    <osmand:speed>0.6</osmand:speed>
                </extensions>
            </trkpt>
            <trkpt lat="44.6115645" lon="22.2910044">
                <ele>449.8</ele>
                <time>2026-05-30T09:27:12Z</time>
                <hdop>4.7</hdop>
                <extensions>
                    <osmand:speed>0.5</osmand:speed>
                </extensions>
            </trkpt>
            <trkpt lat="44.6115189" lon="22.2910529">
                <ele>449.9</ele>
                <time>2026-05-30T09:27:18Z</time>
                <hdop>4.7</hdop>
                <extensions>
                    <osmand:speed>0.7</osmand:speed>
                </extensions>
            </trkpt>
            <trkpt lat="44.6114692" lon="22.2910914">
                <ele>451.5</ele>
                <time>2026-05-30T09:27:24Z</time>
                <hdop>4.7</hdop>
                <extensions>
                    <osmand:speed>0.9</osmand:speed>
                </extensions>
            </trkpt>
            <trkpt lat="44.6114272" lon="22.2910731">
                <ele>453.6</ele>
                <time>2026-05-30T09:27:30Z</time>
                <hdop>4.7</hdop>
                <extensions>
                    <osmand:speed>1</osmand:speed>
                </extensions>
            </trkpt>
            <trkpt lat="44.6113773" lon="22.2910129">
                <ele>452.2</ele>
                <time>2026-05-30T09:27:36Z</time>
                <hdop>4.7</hdop>
                <extensions>
                    <osmand:speed>0.9</osmand:speed>
                </extensions>
            </trkpt>
            <trkpt lat="44.6113339" lon="22.2910364">
                <ele>452.8</ele>
                <time>2026-05-30T09:27:42Z</time>
                <hdop>4.7</hdop>
                <extensions>
                    <osmand:speed>0.9</osmand:speed>
                </extensions>
            </trkpt>
            <trkpt lat="44.611292" lon="22.2911097">
                <ele>452.7</ele>
                <time>2026-05-30T09:27:48Z</time>
                <hdop>4.7</hdop>
                <extensions>
                    <osmand:speed>1.1</osmand:speed>
                </extensions>
            </trkpt>
            <trkpt lat="44.6112579" lon="22.2911302">
                <ele>452.4</ele>
                <time>2026-05-30T09:27:54Z</time>
                <hdop>4.7</hdop>
                <extensions>
                    <osmand:speed>1.1</osmand:speed>
                </extensions>
            </trkpt>
            <trkpt lat="44.6112148" lon="22.2911092">
                <ele>454.3</ele>
                <time>2026-05-30T09:28:00Z</time>
                <hdop>4.7</hdop>
                <extensions>
                    <osmand:speed>0.8</osmand:speed>
                </extensions>
            </trkpt>
            <trkpt lat="44.6111716" lon="22.2911235">
                <ele>456.5</ele>
                <time>2026-05-30T09:28:06Z</time>
                <hdop>4.7</hdop>
                <extensions>
                    <osmand:speed>0.9</osmand:speed>
                </extensions>
            </trkpt>
            <trkpt lat="44.6111304" lon="22.2911541">
                <ele>459</ele>
                <time>2026-05-30T09:28:12Z</time>
                <hdop>4.7</hdop>
                <extensions>
                    <osmand:speed>0.8</osmand:speed>
                </extensions>
            </trkpt>
            <trkpt lat="44.6110942" lon="22.2911864">
                <ele>461.2</ele>
                <time>2026-05-30T09:28:18Z</time>
                <hdop>4.7</hdop>
                <extensions>
                    <osmand:speed>0.6</osmand:speed>
                </extensions>
            </trkpt>
            <trkpt lat="44.611046" lon="22.291197">
                <ele>462.7</ele>
                <time>2026-05-30T09:28:24Z</time>
                <hdop>4.7</hdop>
                <extensions>
                    <osmand:speed>0.7</osmand:speed>
                </extensions>
            </trkpt>
            <trkpt lat="44.6110045" lon="22.2912058">
                <ele>462.8</ele>
                <time>2026-05-30T09:28:30Z</time>
                <hdop>4.7</hdop>
                <extensions>
                    <osmand:speed>0.9</osmand:speed>
                </extensions>
            </trkpt>
            <trkpt lat="44.6109628" lon="22.2912229">
                <ele>464.8</ele>
                <time>2026-05-30T09:28:36Z</time>
                <hdop>4.7</hdop>
                <extensions>
                    <osmand:speed>0.6</osmand:speed>
                </extensions>
            </trkpt>
            <trkpt lat="44.6109103" lon="22.2912271">
                <ele>464.4</ele>
                <time>2026-05-30T09:28:42Z</time>
                <hdop>4.7</hdop>
                <extensions>
                    <osmand:speed>0.6</osmand:speed>
                </extensions>
            </trkpt>
            <trkpt lat="44.6108647" lon="22.2912416">
                <ele>465.5</ele>
                <time>2026-05-30T09:28:48Z</time>
                <hdop>4.7</hdop>
                <extensions>
                    <osmand:speed>0.5</osmand:speed>
                </extensions>
            </trkpt>
            <trkpt lat="44.610813" lon="22.291267">
                <ele>465.3</ele>
                <time>2026-05-30T09:28:54Z</time>
                <hdop>4.7</hdop>
                <extensions>
                    <osmand:speed>0.9</osmand:speed>
                </extensions>
            </trkpt>
            <trkpt lat="44.6107707" lon="22.2912829">
                <ele>466.9</ele>
                <time>2026-05-30T09:29:00Z</time>
                <hdop>4.7</hdop>
                <extensions>
                    <osmand:speed>1.1</osmand:speed>
                </extensions>
            </trkpt>
            <trkpt lat="44.6107617" lon="22.291332">
                <ele>467.9</ele>
                <time>2026-05-30T09:29:06Z</time>
                <hdop>4.7</hdop>
                <extensions>
                    <osmand:speed>0.3</osmand:speed>
                </extensions>
            </trkpt>
            <trkpt lat="44.610769" lon="22.2913659">
                <ele>468.7</ele>
                <time>2026-05-30T09:29:12Z</time>
                <hdop>4.7</hdop>
                <extensions>
                    <osmand:speed>0.6</osmand:speed>
                </extensions>
            </trkpt>
            <trkpt lat="44.6107295" lon="22.2913877">
                <ele>468.3</ele>
                <time>2026-05-30T09:29:18Z</time>
                <hdop>4.7</hdop>
                <extensions>
                    <osmand:speed>0.6</osmand:speed>
                </extensions>
            </trkpt>
            <trkpt lat="44.6107075" lon="22.2914217">
                <ele>471.4</ele>
                <time>2026-05-30T09:29:24Z</time>
                <hdop>4.7</hdop>
                <extensions>
                    <osmand:speed>0.6</osmand:speed>
                </extensions>
            </trkpt>
            <trkpt lat="44.6106525" lon="22.2914734">
                <ele>473.9</ele>
                <time>2026-05-30T09:29:30Z</time>
                <hdop>4.7</hdop>
                <extensions>
                    <osmand:speed>0.7</osmand:speed>
                </extensions>
            </trkpt>
            <trkpt lat="44.6106193" lon="22.2915241">
                <ele>475.5</ele>
                <time>2026-05-30T09:29:36Z</time>
                <hdop>4.7</hdop>
                <extensions>
                    <osmand:speed>0.9</osmand:speed>
                </extensions>
            </trkpt>
            <trkpt lat="44.6105858" lon="22.2915849">
                <ele>477.7</ele>
                <time>2026-05-30T09:29:42Z</time>
                <hdop>4.7</hdop>
                <extensions>
                    <osmand:speed>1</osmand:speed>
                </extensions>
            </trkpt>
            <trkpt lat="44.6105515" lon="22.291624">
                <ele>478.9</ele>
                <time>2026-05-30T09:29:48Z</time>
                <hdop>4.7</hdop>
                <extensions>
                    <osmand:speed>1</osmand:speed>
                </extensions>
            </trkpt>
            <trkpt lat="44.6105016" lon="22.2916499">
                <ele>480.1</ele>
                <time>2026-05-30T09:29:54Z</time>
                <hdop>4.7</hdop>
                <extensions>
                    <osmand:speed>0.7</osmand:speed>
                </extensions>
            </trkpt>
            <trkpt lat="44.6104539" lon="22.2916367">
                <ele>482.2</ele>
                <time>2026-05-30T09:30:00Z</time>
                <hdop>4.7</hdop>
                <extensions>
                    <osmand:speed>0.9</osmand:speed>
                </extensions>
            </trkpt>
            <trkpt lat="44.6104291" lon="22.291668">
                <ele>483.2</ele>
                <time>2026-05-30T09:30:06Z</time>
                <hdop>4.7</hdop>
                <extensions>
                    <osmand:speed>0.6</osmand:speed>
                </extensions>
            </trkpt>
            <trkpt lat="44.610415" lon="22.2917208">
                <ele>482.5</ele>
                <time>2026-05-30T09:30:12Z</time>
                <hdop>4.7</hdop>
                <extensions>
                    <osmand:speed>0.6</osmand:speed>
                </extensions>
            </trkpt>
            <trkpt lat="44.6104044" lon="22.2918032">
                <ele>483.8</ele>
                <time>2026-05-30T09:30:18Z</time>
                <hdop>4.7</hdop>
                <extensions>
                    <osmand:speed>0.8</osmand:speed>
                </extensions>
            </trkpt>
            <trkpt lat="44.6103917" lon="22.2918546">
                <ele>485.9</ele>
                <time>2026-05-30T09:30:24Z</time>
                <hdop>4.7</hdop>
                <extensions>
                    <osmand:speed>0.7</osmand:speed>
                </extensions>
            </trkpt>
            <trkpt lat="44.6103548" lon="22.2918908">
                <ele>485.7</ele>
                <time>2026-05-30T09:30:30Z</time>
                <hdop>4.7</hdop>
                <extensions>
                    <osmand:speed>0.4</osmand:speed>
                </extensions>
            </trkpt>
            <trkpt lat="44.6103129" lon="22.2919372">
                <ele>486.8</ele>
                <time>2026-05-30T09:30:36Z</time>
                <hdop>4.7</hdop>
                <extensions>
                    <osmand:speed>0.7</osmand:speed>
                </extensions>
            </trkpt>
            <trkpt lat="44.6102731" lon="22.2919339">
                <ele>485.1</ele>
                <time>2026-05-30T09:30:42Z</time>
                <hdop>4.7</hdop>
                <extensions>
                    <osmand:speed>0.6</osmand:speed>
                </extensions>
            </trkpt>
            <trkpt lat="44.6102431" lon="22.2919509">
                <ele>485.2</ele>
                <time>2026-05-30T09:30:48Z</time>
                <hdop>4.7</hdop>
                <extensions>
                    <osmand:speed>0.5</osmand:speed>
                </extensions>
            </trkpt>
            <trkpt lat="44.6102323" lon="22.2919929">
                <ele>485.6</ele>
                <time>2026-05-30T09:30:54Z</time>
                <hdop>4.7</hdop>
                <extensions>
                    <osmand:speed>0.8</osmand:speed>
                </extensions>
            </trkpt>
            <trkpt lat="44.6102198" lon="22.2920135">
                <ele>486.3</ele>
                <time>2026-05-30T09:31:00Z</time>
                <hdop>4.7</hdop>
                <extensions>
                    <osmand:speed>0.5</osmand:speed>
                </extensions>
            </trkpt>
            <trkpt lat="44.610185" lon="22.2920796">
                <ele>490</ele>
                <time>2026-05-30T09:31:08Z</time>
                <hdop>4.7</hdop>
                <extensions>
                    <osmand:speed>0.5</osmand:speed>
                </extensions>
            </trkpt>
            <trkpt lat="44.6101459" lon="22.2921138">
                <ele>492.5</ele>
                <time>2026-05-30T09:31:15Z</time>
                <hdop>4.7</hdop>
                <extensions>
                    <osmand:speed>0.5</osmand:speed>
                </extensions>
            </trkpt>
            <trkpt lat="44.610134" lon="22.2921787">
                <ele>497.9</ele>
                <time>2026-05-30T09:31:26Z</time>
                <hdop>4.7</hdop>
                <extensions>
                    <osmand:speed>0.6</osmand:speed>
                </extensions>
            </trkpt>
            <trkpt lat="44.6101051" lon="22.2922335">
                <ele>498.6</ele>
                <time>2026-05-30T09:31:37Z</time>
                <hdop>4.7</hdop>
                <extensions>
                    <osmand:speed>0.4</osmand:speed>
                </extensions>
            </trkpt>
            <trkpt lat="44.6100464" lon="22.2923353">
                <ele>503</ele>
                <time>2026-05-30T09:31:47Z</time>
                <hdop>4.7</hdop>
                <extensions>
                    <osmand:speed>0.8</osmand:speed>
                </extensions>
            </trkpt>
            <trkpt lat="44.6100241" lon="22.2923921">
                <ele>506.3</ele>
                <time>2026-05-30T09:31:54Z</time>
                <hdop>4.7</hdop>
                <extensions>
                    <osmand:speed>0.9</osmand:speed>
                </extensions>
            </trkpt>
            <trkpt lat="44.609954" lon="22.2924166">
                <ele>507.3</ele>
                <time>2026-05-30T09:32:03Z</time>
                <hdop>4.7</hdop>
                <extensions>
                    <osmand:speed>1.1</osmand:speed>
                </extensions>
            </trkpt>
            <trkpt lat="44.6098433" lon="22.2924657">
                <ele>511.5</ele>
                <time>2026-05-30T09:32:16Z</time>
                <hdop>4.7</hdop>
                <extensions>
                    <osmand:speed>1.1</osmand:speed>
                </extensions>
            </trkpt>
            <trkpt lat="44.6098122" lon="22.2925179">
                <ele>511.9</ele>
                <time>2026-05-30T09:32:22Z</time>
                <hdop>4.7</hdop>
                <extensions>
                    <osmand:speed>0.5</osmand:speed>
                </extensions>
            </trkpt>
            <trkpt lat="44.6097868" lon="22.2925592">
                <ele>512.5</ele>
                <time>2026-05-30T09:32:28Z</time>
                <hdop>4.7</hdop>
                <extensions>
                    <osmand:speed>0.8</osmand:speed>
                </extensions>
            </trkpt>
            <trkpt lat="44.6097438" lon="22.2925987">
                <ele>512.6</ele>
                <time>2026-05-30T09:32:34Z</time>
                <hdop>4.7</hdop>
                <extensions>
                    <osmand:speed>0.7</osmand:speed>
                </extensions>
            </trkpt>
            <trkpt lat="44.6097074" lon="22.2926245">
                <ele>513</ele>
                <time>2026-05-30T09:32:40Z</time>
                <hdop>4.7</hdop>
                <extensions>
                    <osmand:speed>0.5</osmand:speed>
                </extensions>
            </trkpt>
            <trkpt lat="44.6096742" lon="22.2926408">
                <ele>513.1</ele>
                <time>2026-05-30T09:32:46Z</time>
                <hdop>4.7</hdop>
                <extensions>
                    <osmand:speed>0.5</osmand:speed>
                </extensions>
            </trkpt>
            <trkpt lat="44.6096412" lon="22.2926709">
                <ele>515.4</ele>
                <time>2026-05-30T09:32:52Z</time>
                <hdop>4.7</hdop>
                <extensions>
                    <osmand:speed>0.5</osmand:speed>
                </extensions>
            </trkpt>
            <trkpt lat="44.6095918" lon="22.2926729">
                <ele>516.4</ele>
                <time>2026-05-30T09:32:58Z</time>
                <hdop>4.7</hdop>
                <extensions>
                    <osmand:speed>0.6</osmand:speed>
                </extensions>
            </trkpt>
            <trkpt lat="44.6095613" lon="22.2926807">
                <ele>517.2</ele>
                <time>2026-05-30T09:33:04Z</time>
                <hdop>4.7</hdop>
                <extensions>
                    <osmand:speed>0.7</osmand:speed>
                </extensions>
            </trkpt>
            <trkpt lat="44.6095127" lon="22.2926907">
                <ele>518.8</ele>
                <time>2026-05-30T09:33:10Z</time>
                <hdop>4.7</hdop>
                <extensions>
                    <osmand:speed>0.5</osmand:speed>
                </extensions>
            </trkpt>
            <trkpt lat="44.6094634" lon="22.2927041">
                <ele>519.9</ele>
                <time>2026-05-30T09:33:16Z</time>
                <hdop>4.7</hdop>
                <extensions>
                    <osmand:speed>0.8</osmand:speed>
                </extensions>
            </trkpt>
            <trkpt lat="44.6094349" lon="22.2927065">
                <ele>520.8</ele>
                <time>2026-05-30T09:33:22Z</time>
                <hdop>4.7</hdop>
                <extensions>
                    <osmand:speed>0.4</osmand:speed>
                </extensions>
            </trkpt>
            <trkpt lat="44.6093856" lon="22.2927366">
                <ele>520.5</ele>
                <time>2026-05-30T09:33:28Z</time>
                <hdop>4.7</hdop>
                <extensions>
                    <osmand:speed>0.6</osmand:speed>
                </extensions>
            </trkpt>
            <trkpt lat="44.6093644" lon="22.2927738">
                <ele>521.4</ele>
                <time>2026-05-30T09:33:34Z</time>
                <hdop>4.7</hdop>
                <extensions>
                    <osmand:speed>0.6</osmand:speed>
                </extensions>
            </trkpt>
            <trkpt lat="44.6093328" lon="22.2928069">
                <ele>522.7</ele>
                <time>2026-05-30T09:33:40Z</time>
                <hdop>4.7</hdop>
                <extensions>
                    <osmand:speed>0.4</osmand:speed>
                </extensions>
            </trkpt>
            <trkpt lat="44.6093187" lon="22.2928502">
                <ele>523.8</ele>
                <time>2026-05-30T09:33:46Z</time>
                <hdop>4.7</hdop>
                <extensions>
                    <osmand:speed>0.3</osmand:speed>
                </extensions>
            </trkpt>
            <trkpt lat="44.6093001" lon="22.2928942">
                <ele>525.5</ele>
                <time>2026-05-30T09:33:52Z</time>
                <hdop>4.7</hdop>
                <extensions>
                    <osmand:speed>0.5</osmand:speed>
                </extensions>
            </trkpt>
            <trkpt lat="44.6092845" lon="22.2929289">
                <ele>526.6</ele>
                <time>2026-05-30T09:33:58Z</time>
                <hdop>4.7</hdop>
                <extensions>
                    <osmand:speed>0.4</osmand:speed>
                </extensions>
            </trkpt>
            <trkpt lat="44.6092771" lon="22.2929634">
                <ele>527.1</ele>
                <time>2026-05-30T09:34:04Z</time>
                <hdop>4.7</hdop>
                <extensions>
                    <osmand:speed>0.5</osmand:speed>
                </extensions>
            </trkpt>
            <trkpt lat="44.6093007" lon="22.2929935">
                <ele>527.5</ele>
                <time>2026-05-30T09:34:10Z</time>
                <hdop>4.7</hdop>
                <extensions>
                    <osmand:speed>0.3</osmand:speed>
                </extensions>
            </trkpt>
            <trkpt lat="44.6092985" lon="22.2930334">
                <ele>528.8</ele>
                <time>2026-05-30T09:34:16Z</time>
                <hdop>4.7</hdop>
                <extensions>
                    <osmand:speed>0.2</osmand:speed>
                </extensions>
            </trkpt>
            <trkpt lat="44.6092793" lon="22.2931125">
                <ele>528.5</ele>
                <time>2026-05-30T09:34:22Z</time>
                <hdop>4.7</hdop>
                <extensions>
                    <osmand:speed>0.8</osmand:speed>
                </extensions>
            </trkpt>
            <trkpt lat="44.6092581" lon="22.2931697">
                <ele>527.9</ele>
                <time>2026-05-30T09:34:28Z</time>
                <hdop>4.7</hdop>
                <extensions>
                    <osmand:speed>0.6</osmand:speed>
                </extensions>
            </trkpt>
            <trkpt lat="44.609237" lon="22.293256">
                <ele>529</ele>
                <time>2026-05-30T09:34:34Z</time>
                <hdop>4.7</hdop>
                <extensions>
                    <osmand:speed>1.2</osmand:speed>
                </extensions>
            </trkpt>
            <trkpt lat="44.6092049" lon="22.2933321">
                <ele>530.4</ele>
                <time>2026-05-30T09:34:53Z</time>
                <hdop>4.7</hdop>
                <extensions>
                    <osmand:speed>0.8</osmand:speed>
                </extensions>
            </trkpt>
            <trkpt lat="44.6091636" lon="22.2933805">
                <ele>529.7</ele>
                <time>2026-05-30T09:34:59Z</time>
                <hdop>4.7</hdop>
                <extensions>
                    <osmand:speed>1.2</osmand:speed>
                </extensions>
            </trkpt>
            <trkpt lat="44.6091173" lon="22.2935104">
                <ele>528.8</ele>
                <time>2026-05-30T09:35:09Z</time>
                <hdop>4.7</hdop>
                <extensions>
                    <osmand:speed>0.8</osmand:speed>
                </extensions>
            </trkpt>
            <trkpt lat="44.6090716" lon="22.2936254">
                <ele>532.5</ele>
                <time>2026-05-30T09:35:17Z</time>
                <hdop>4.7</hdop>
                <extensions>
                    <osmand:speed>1.5</osmand:speed>
                </extensions>
            </trkpt>
            <trkpt lat="44.609038" lon="22.2936798">
                <ele>533.6</ele>
                <time>2026-05-30T09:35:24Z</time>
                <hdop>4.7</hdop>
                <extensions>
                    <osmand:speed>0.7</osmand:speed>
                </extensions>
            </trkpt>
            <trkpt lat="44.6090175" lon="22.293747">
                <ele>534</ele>
                <time>2026-05-30T09:35:30Z</time>
                <hdop>4.7</hdop>
                <extensions>
                    <osmand:speed>1</osmand:speed>
                </extensions>
            </trkpt>
            <trkpt lat="44.608988" lon="22.2937999">
                <ele>533.4</ele>
                <time>2026-05-30T09:35:36Z</time>
                <hdop>4.7</hdop>
                <extensions>
                    <osmand:speed>0.8</osmand:speed>
                </extensions>
            </trkpt>
            <trkpt lat="44.6089189" lon="22.2939051">
                <ele>532.5</ele>
                <time>2026-05-30T09:35:47Z</time>
                <hdop>4.7</hdop>
                <extensions>
                    <osmand:speed>0.9</osmand:speed>
                </extensions>
            </trkpt>
            <trkpt lat="44.6088343" lon="22.2939636">
                <ele>532.7</ele>
                <time>2026-05-30T09:35:58Z</time>
                <hdop>4.7</hdop>
                <extensions>
                    <osmand:speed>1</osmand:speed>
                </extensions>
            </trkpt>
            <trkpt lat="44.6087879" lon="22.2939757">
                <ele>534.9</ele>
                <time>2026-05-30T09:36:04Z</time>
                <hdop>4.7</hdop>
                <extensions>
                    <osmand:speed>0.9</osmand:speed>
                </extensions>
            </trkpt>
            <trkpt lat="44.6086906" lon="22.2940393">
                <ele>535.8</ele>
                <time>2026-05-30T09:36:15Z</time>
                <hdop>4.7</hdop>
                <extensions>
                    <osmand:speed>1</osmand:speed>
                </extensions>
            </trkpt>
            <trkpt lat="44.6085877" lon="22.2940684">
                <ele>539</ele>
                <time>2026-05-30T09:36:24Z</time>
                <hdop>4.7</hdop>
                <extensions>
                    <osmand:speed>1</osmand:speed>
                </extensions>
            </trkpt>
            <trkpt lat="44.6085038" lon="22.2941335">
                <ele>538.5</ele>
                <time>2026-05-30T09:36:34Z</time>
                <hdop>4.7</hdop>
                <extensions>
                    <osmand:speed>1</osmand:speed>
                </extensions>
            </trkpt>
            <trkpt lat="44.6083951" lon="22.294195">
                <ele>537.9</ele>
                <time>2026-05-30T09:36:43Z</time>
                <hdop>4.7</hdop>
                <extensions>
                    <osmand:speed>1.6</osmand:speed>
                </extensions>
            </trkpt>
            <trkpt lat="44.608303" lon="22.2942195">
                <ele>538.5</ele>
                <time>2026-05-30T09:36:51Z</time>
                <hdop>4.7</hdop>
                <extensions>
                    <osmand:speed>1.2</osmand:speed>
                </extensions>
            </trkpt>
            <trkpt lat="44.6082344" lon="22.294258">
                <ele>537</ele>
                <time>2026-05-30T09:36:57Z</time>
                <hdop>4.7</hdop>
                <extensions>
                    <osmand:speed>1.3</osmand:speed>
                </extensions>
            </trkpt>
            <trkpt lat="44.6081866" lon="22.2943403">
                <ele>536.3</ele>
                <time>2026-05-30T09:37:03Z</time>
                <hdop>4.7</hdop>
                <extensions>
                    <osmand:speed>1</osmand:speed>
                </extensions>
            </trkpt>
            <trkpt lat="44.608129" lon="22.2943595">
                <ele>536</ele>
                <time>2026-05-30T09:37:09Z</time>
                <hdop>4.7</hdop>
                <extensions>
                    <osmand:speed>1</osmand:speed>
                </extensions>
            </trkpt>
            <trkpt lat="44.6080678" lon="22.2943913">
                <ele>536.2</ele>
                <time>2026-05-30T09:37:15Z</time>
                <hdop>4.7</hdop>
                <extensions>
                    <osmand:speed>1</osmand:speed>
                </extensions>
            </trkpt>
            <trkpt lat="44.6079926" lon="22.294402">
                <ele>536.5</ele>
                <time>2026-05-30T09:37:21Z</time>
                <hdop>4.7</hdop>
                <extensions>
                    <osmand:speed>1.5</osmand:speed>
                </extensions>
            </trkpt>
            <trkpt lat="44.607923" lon="22.2944034">
                <ele>535.4</ele>
                <time>2026-05-30T09:37:27Z</time>
                <hdop>4.7</hdop>
                <extensions>
                    <osmand:speed>1</osmand:speed>
                </extensions>
            </trkpt>
            <trkpt lat="44.607851" lon="22.2943769">
                <ele>535.4</ele>
                <time>2026-05-30T09:37:33Z</time>
                <hdop>4.7</hdop>
                <extensions>
                    <osmand:speed>1</osmand:speed>
                </extensions>
            </trkpt>
            <trkpt lat="44.6077772" lon="22.2943882">
                <ele>535.6</ele>
                <time>2026-05-30T09:37:39Z</time>
                <hdop>4.7</hdop>
                <extensions>
                    <osmand:speed>1.4</osmand:speed>
                </extensions>
            </trkpt>
            <trkpt lat="44.6077378" lon="22.294378">
                <ele>535.5</ele>
                <time>2026-05-30T09:37:45Z</time>
                <hdop>4.7</hdop>
                <extensions>
                    <osmand:speed>0.7</osmand:speed>
                </extensions>
            </trkpt>
            <trkpt lat="44.6076746" lon="22.2943755">
                <ele>533.8</ele>
                <time>2026-05-30T09:37:51Z</time>
                <hdop>4.7</hdop>
                <extensions>
                    <osmand:speed>0.8</osmand:speed>
                </extensions>
            </trkpt>
            <trkpt lat="44.6075854" lon="22.2944034">
                <ele>534.3</ele>
                <time>2026-05-30T09:37:57Z</time>
                <hdop>4.7</hdop>
                <extensions>
                    <osmand:speed>1.4</osmand:speed>
                </extensions>
            </trkpt>
            <trkpt lat="44.6075575" lon="22.2943562">
                <ele>534.2</ele>
                <time>2026-05-30T09:38:03Z</time>
                <hdop>4.7</hdop>
                <extensions>
                    <osmand:speed>0.6</osmand:speed>
                </extensions>
            </trkpt>
            <trkpt lat="44.6075343" lon="22.2943001">
                <ele>534.6</ele>
                <time>2026-05-30T09:38:09Z</time>
                <hdop>4.7</hdop>
                <extensions>
                    <osmand:speed>0.8</osmand:speed>
                </extensions>
            </trkpt>
            <trkpt lat="44.6074718" lon="22.2942495">
                <ele>535.5</ele>
                <time>2026-05-30T09:38:15Z</time>
                <hdop>4.7</hdop>
                <extensions>
                    <osmand:speed>1.4</osmand:speed>
                </extensions>
            </trkpt>
            <trkpt lat="44.6074047" lon="22.2942295">
                <ele>535.4</ele>
                <time>2026-05-30T09:38:21Z</time>
                <hdop>4.7</hdop>
                <extensions>
                    <osmand:speed>1.2</osmand:speed>
                </extensions>
            </trkpt>
            <trkpt lat="44.6073497" lon="22.2941771">
                <ele>535.3</ele>
                <time>2026-05-30T09:38:27Z</time>
                <hdop>4.7</hdop>
                <extensions>
                    <osmand:speed>1.4</osmand:speed>
                </extensions>
            </trkpt>
            <trkpt lat="44.6072757" lon="22.2941419">
                <ele>534.3</ele>
                <time>2026-05-30T09:38:33Z</time>
                <hdop>4.7</hdop>
                <extensions>
                    <osmand:speed>1.4</osmand:speed>
                </extensions>
            </trkpt>
            <trkpt lat="44.6072229" lon="22.2941072">
                <ele>535.4</ele>
                <time>2026-05-30T09:38:39Z</time>
                <hdop>4.7</hdop>
                <extensions>
                    <osmand:speed>0.7</osmand:speed>
                </extensions>
            </trkpt>
            <trkpt lat="44.6071539" lon="22.2940668">
                <ele>536.6</ele>
                <time>2026-05-30T09:38:45Z</time>
                <hdop>4.7</hdop>
                <extensions>
                    <osmand:speed>1.4</osmand:speed>
                </extensions>
            </trkpt>
            <trkpt lat="44.6070978" lon="22.2940322">
                <ele>538.9</ele>
                <time>2026-05-30T09:38:51Z</time>
                <hdop>4.7</hdop>
                <extensions>
                    <osmand:speed>1.4</osmand:speed>
                </extensions>
            </trkpt>
            <trkpt lat="44.6070667" lon="22.2939696">
                <ele>538.2</ele>
                <time>2026-05-30T09:38:57Z</time>
                <hdop>4.7</hdop>
                <extensions>
                    <osmand:speed>1.1</osmand:speed>
                </extensions>
            </trkpt>
            <trkpt lat="44.607002" lon="22.2939332">
                <ele>538.7</ele>
                <time>2026-05-30T09:39:03Z</time>
                <hdop>4.7</hdop>
                <extensions>
                    <osmand:speed>1</osmand:speed>
                </extensions>
            </trkpt>
            <trkpt lat="44.606935" lon="22.2938831">
                <ele>540.1</ele>
                <time>2026-05-30T09:39:09Z</time>
                <hdop>4.7</hdop>
                <extensions>
                    <osmand:speed>1.1</osmand:speed>
                </extensions>
            </trkpt>
            <trkpt lat="44.606864" lon="22.2938442">
                <ele>541.7</ele>
                <time>2026-05-30T09:39:15Z</time>
                <hdop>4.7</hdop>
                <extensions>
                    <osmand:speed>1.4</osmand:speed>
                </extensions>
            </trkpt>
            <trkpt lat="44.6068285" lon="22.2938077">
                <ele>542.9</ele>
                <time>2026-05-30T09:39:21Z</time>
                <hdop>4.7</hdop>
                <extensions>
                    <osmand:speed>0.3</osmand:speed>
                </extensions>
            </trkpt>
            <trkpt lat="44.6067703" lon="22.2937839">
                <ele>542.9</ele>
                <time>2026-05-30T09:39:27Z</time>
                <hdop>4.7</hdop>
                <extensions>
                    <osmand:speed>0.5</osmand:speed>
                </extensions>
            </trkpt>
            <trkpt lat="44.6067346" lon="22.2937528">
                <ele>544</ele>
                <time>2026-05-30T09:39:33Z</time>
                <hdop>4.7</hdop>
                <extensions>
                    <osmand:speed>0.5</osmand:speed>
                </extensions>
            </trkpt>
            <trkpt lat="44.6066997" lon="22.2937378">
                <ele>547</ele>
                <time>2026-05-30T09:39:39Z</time>
                <hdop>4.7</hdop>
                <extensions>
                    <osmand:speed>0.5</osmand:speed>
                </extensions>
            </trkpt>
            <trkpt lat="44.6066217" lon="22.2937016">
                <ele>547.2</ele>
                <time>2026-05-30T09:39:45Z</time>
                <hdop>4.7</hdop>
                <extensions>
                    <osmand:speed>0.8</osmand:speed>
                </extensions>
            </trkpt>
            <trkpt lat="44.6065817" lon="22.2936702">
                <ele>545.4</ele>
                <time>2026-05-30T09:39:51Z</time>
                <hdop>4.7</hdop>
                <extensions>
                    <osmand:speed>1.4</osmand:speed>
                </extensions>
            </trkpt>
            <trkpt lat="44.6065392" lon="22.2936175">
                <ele>546.3</ele>
                <time>2026-05-30T09:39:57Z</time>
                <hdop>4.7</hdop>
                <extensions>
                    <osmand:speed>0.9</osmand:speed>
                </extensions>
            </trkpt>
            <trkpt lat="44.6064786" lon="22.2936455">
                <ele>546.3</ele>
                <time>2026-05-30T09:40:03Z</time>
                <hdop>4.7</hdop>
                <extensions>
                    <osmand:speed>0.8</osmand:speed>
                </extensions>
            </trkpt>
            <trkpt lat="44.6064289" lon="22.293611">
                <ele>546.4</ele>
                <time>2026-05-30T09:40:09Z</time>
                <hdop>4.7</hdop>
                <extensions>
                    <osmand:speed>0.8</osmand:speed>
                </extensions>
            </trkpt>
            <trkpt lat="44.6063843" lon="22.2935961">
                <ele>547.4</ele>
                <time>2026-05-30T09:40:15Z</time>
                <hdop>4.7</hdop>
                <extensions>
                    <osmand:speed>0.7</osmand:speed>
                </extensions>
            </trkpt>
            <trkpt lat="44.6063644" lon="22.2935621">
                <ele>549.4</ele>
                <time>2026-05-30T09:40:21Z</time>
                <hdop>4.7</hdop>
                <extensions>
                    <osmand:speed>0.4</osmand:speed>
                </extensions>
            </trkpt>
            <trkpt lat="44.6063219" lon="22.2935707">
                <ele>550.1</ele>
                <time>2026-05-30T09:40:27Z</time>
                <hdop>4.7</hdop>
                <extensions>
                    <osmand:speed>0.5</osmand:speed>
                </extensions>
            </trkpt>
            <trkpt lat="44.60627" lon="22.2935644">
                <ele>552.1</ele>
                <time>2026-05-30T09:40:33Z</time>
                <hdop>4.7</hdop>
                <extensions>
                    <osmand:speed>0.8</osmand:speed>
                </extensions>
            </trkpt>
            <trkpt lat="44.6061726" lon="22.293579">
                <ele>551.9</ele>
                <time>2026-05-30T09:40:39Z</time>
                <hdop>4.7</hdop>
                <extensions>
                    <osmand:speed>0.7</osmand:speed>
                </extensions>
            </trkpt>
            <trkpt lat="44.6061467" lon="22.2935551">
                <ele>553.6</ele>
                <time>2026-05-30T09:40:45Z</time>
                <hdop>4.7</hdop>
                <extensions>
                    <osmand:speed>0.8</osmand:speed>
                </extensions>
            </trkpt>
            <trkpt lat="44.6060885" lon="22.2935153">
                <ele>554.2</ele>
                <time>2026-05-30T09:40:51Z</time>
                <hdop>4.7</hdop>
                <extensions>
                    <osmand:speed>1.2</osmand:speed>
                </extensions>
            </trkpt>
            <trkpt lat="44.6060388" lon="22.2934966">
                <ele>555.2</ele>
                <time>2026-05-30T09:40:57Z</time>
                <hdop>4.7</hdop>
                <extensions>
                    <osmand:speed>0.6</osmand:speed>
                </extensions>
            </trkpt>
            <trkpt lat="44.6059843" lon="22.2934902">
                <ele>557.6</ele>
                <time>2026-05-30T09:41:03Z</time>
                <hdop>4.7</hdop>
                <extensions>
                    <osmand:speed>1</osmand:speed>
                </extensions>
            </trkpt>
            <trkpt lat="44.6059327" lon="22.2934992">
                <ele>557.1</ele>
                <time>2026-05-30T09:41:09Z</time>
                <hdop>4.7</hdop>
                <extensions>
                    <osmand:speed>0.4</osmand:speed>
                </extensions>
            </trkpt>
            <trkpt lat="44.6058754" lon="22.2934839">
                <ele>556</ele>
                <time>2026-05-30T09:41:15Z</time>
                <hdop>4.7</hdop>
                <extensions>
                    <osmand:speed>0.8</osmand:speed>
                </extensions>
            </trkpt>
            <trkpt lat="44.6058115" lon="22.2934603">
                <ele>556.9</ele>
                <time>2026-05-30T09:41:21Z</time>
                <hdop>4.7</hdop>
                <extensions>
                    <osmand:speed>1.2</osmand:speed>
                </extensions>
            </trkpt>
            <trkpt lat="44.6057735" lon="22.2934509">
                <ele>559.3</ele>
                <time>2026-05-30T09:41:27Z</time>
                <hdop>4.7</hdop>
                <extensions>
                    <osmand:speed>0.3</osmand:speed>
                </extensions>
            </trkpt>
            <trkpt lat="44.6057253" lon="22.2934481">
                <ele>560.1</ele>
                <time>2026-05-30T09:41:33Z</time>
                <hdop>4.7</hdop>
                <extensions>
                    <osmand:speed>0.5</osmand:speed>
                </extensions>
            </trkpt>
            <trkpt lat="44.6056689" lon="22.2934614">
                <ele>561.4</ele>
                <time>2026-05-30T09:41:39Z</time>
                <hdop>4.7</hdop>
                <extensions>
                    <osmand:speed>0.5</osmand:speed>
                </extensions>
            </trkpt>
            <trkpt lat="44.6056285" lon="22.2934497">
                <ele>561.9</ele>
                <time>2026-05-30T09:41:45Z</time>
                <hdop>4.7</hdop>
                <extensions>
                    <osmand:speed>0.6</osmand:speed>
                </extensions>
            </trkpt>
            <trkpt lat="44.6055928" lon="22.2934607">
                <ele>562.4</ele>
                <time>2026-05-30T09:41:51Z</time>
                <hdop>4.7</hdop>
                <extensions>
                    <osmand:speed>0.5</osmand:speed>
                </extensions>
            </trkpt>
            <trkpt lat="44.6055431" lon="22.293462">
                <ele>563.5</ele>
                <time>2026-05-30T09:41:57Z</time>
                <hdop>4.7</hdop>
                <extensions>
                    <osmand:speed>0.6</osmand:speed>
                </extensions>
            </trkpt>
            <trkpt lat="44.6055126" lon="22.2934428">
                <ele>563.3</ele>
                <time>2026-05-30T09:42:03Z</time>
                <hdop>4.7</hdop>
                <extensions>
                    <osmand:speed>1</osmand:speed>
                </extensions>
            </trkpt>
            <trkpt lat="44.6054822" lon="22.2934532">
                <ele>565.9</ele>
                <time>2026-05-30T09:42:09Z</time>
                <hdop>4.7</hdop>
                <extensions>
                    <osmand:speed>1</osmand:speed>
                </extensions>
            </trkpt>
            <trkpt lat="44.6054331" lon="22.2934382">
                <ele>568.1</ele>
                <time>2026-05-30T09:42:15Z</time>
                <hdop>4.7</hdop>
                <extensions>
                    <osmand:speed>1.3</osmand:speed>
                </extensions>
            </trkpt>
            <trkpt lat="44.6053793" lon="22.2934288">
                <ele>569.2</ele>
                <time>2026-05-30T09:42:21Z</time>
                <hdop>4.7</hdop>
                <extensions>
                    <osmand:speed>1</osmand:speed>
                </extensions>
            </trkpt>
            <trkpt lat="44.6053207" lon="22.2934193">
                <ele>570.5</ele>
                <time>2026-05-30T09:42:27Z</time>
                <hdop>4.7</hdop>
                <extensions>
                    <osmand:speed>0.8</osmand:speed>
                </extensions>
            </trkpt>
            <trkpt lat="44.6052384" lon="22.2934464">
                <ele>570.4</ele>
                <time>2026-05-30T09:42:33Z</time>
                <hdop>4.7</hdop>
                <extensions>
                    <osmand:speed>0.9</osmand:speed>
                </extensions>
            </trkpt>
            <trkpt lat="44.6051948" lon="22.2934964">
                <ele>571.8</ele>
                <time>2026-05-30T09:42:39Z</time>
                <hdop>4.7</hdop>
                <extensions>
                    <osmand:speed>0.9</osmand:speed>
                </extensions>
            </trkpt>
            <trkpt lat="44.6051311" lon="22.2935708">
                <ele>568.5</ele>
                <time>2026-05-30T09:42:45Z</time>
                <hdop>4.7</hdop>
                <extensions>
                    <osmand:speed>1.1</osmand:speed>
                </extensions>
            </trkpt>
            <trkpt lat="44.6050599" lon="22.2935935">
                <ele>567.1</ele>
                <time>2026-05-30T09:42:51Z</time>
                <hdop>4.7</hdop>
                <extensions>
                    <osmand:speed>1.4</osmand:speed>
                </extensions>
            </trkpt>
            <trkpt lat="44.6050129" lon="22.2936055">
                <ele>568.2</ele>
                <time>2026-05-30T09:42:57Z</time>
                <hdop>4.7</hdop>
                <extensions>
                    <osmand:speed>0.7</osmand:speed>
                </extensions>
            </trkpt>
            <trkpt lat="44.6049468" lon="22.2935957">
                <ele>568.3</ele>
                <time>2026-05-30T09:43:03Z</time>
                <hdop>4.7</hdop>
                <extensions>
                    <osmand:speed>0.7</osmand:speed>
                </extensions>
            </trkpt>
            <trkpt lat="44.6048651" lon="22.2936038">
                <ele>569</ele>
                <time>2026-05-30T09:43:09Z</time>
                <hdop>4.7</hdop>
                <extensions>
                    <osmand:speed>1.4</osmand:speed>
                </extensions>
            </trkpt>
            <trkpt lat="44.6047957" lon="22.2935474">
                <ele>567.4</ele>
                <time>2026-05-30T09:43:20Z</time>
                <hdop>4.7</hdop>
                <extensions>
                    <osmand:speed>0.7</osmand:speed>
                </extensions>
            </trkpt>
            <trkpt lat="44.6047426" lon="22.2935452">
                <ele>568.2</ele>
                <time>2026-05-30T09:43:36Z</time>
                <hdop>4.7</hdop>
                <extensions>
                    <osmand:speed>0.7</osmand:speed>
                </extensions>
            </trkpt>
            <trkpt lat="44.6047364" lon="22.2936093">
                <ele>567.4</ele>
                <time>2026-05-30T09:43:57Z</time>
                <hdop>4.7</hdop>
                <extensions>
                    <osmand:speed>0.2</osmand:speed>
                </extensions>
            </trkpt>
            <trkpt lat="44.604751" lon="22.2935324">
                <ele>568.5</ele>
                <time>2026-05-30T09:44:37Z</time>
                <hdop>4.7</hdop>
                <extensions>
                    <osmand:speed>0.1</osmand:speed>
                </extensions>
            </trkpt>
            <trkpt lat="44.6047056" lon="22.293517">
                <ele>566.5</ele>
                <time>2026-05-30T09:45:31Z</time>
                <hdop>4.7</hdop>
                <extensions>
                    <osmand:speed>0.2</osmand:speed>
                </extensions>
            </trkpt>
            <trkpt lat="44.6047012" lon="22.2934521">
                <ele>568.2</ele>
                <time>2026-05-30T09:45:46Z</time>
                <hdop>4.7</hdop>
                <extensions>
                    <osmand:speed>0</osmand:speed>
                </extensions>
            </trkpt>
            <trkpt lat="44.6046714" lon="22.2933936">
                <ele>571.1</ele>
                <time>2026-05-30T09:46:13Z</time>
                <hdop>4.7</hdop>
                <extensions>
                    <osmand:speed>0.1</osmand:speed>
                </extensions>
            </trkpt>
            <trkpt lat="44.604711" lon="22.2934273">
                <ele>571.2</ele>
                <time>2026-05-30T09:46:21Z</time>
                <hdop>4.7</hdop>
                <extensions>
                    <osmand:speed>0.4</osmand:speed>
                </extensions>
            </trkpt>
            <trkpt lat="44.6047527" lon="22.2934531">
                <ele>570.8</ele>
                <time>2026-05-30T09:46:27Z</time>
                <hdop>4.7</hdop>
                <extensions>
                    <osmand:speed>0.1</osmand:speed>
                </extensions>
            </trkpt>
            <trkpt lat="44.6047144" lon="22.293493">
                <ele>570.3</ele>
                <time>2026-05-30T09:47:07Z</time>
                <hdop>4.7</hdop>
                <extensions>
                    <osmand:speed>0</osmand:speed>
                </extensions>
            </trkpt>
            <trkpt lat="44.6046357" lon="22.2934905">
                <ele>570.2</ele>
                <time>2026-05-30T09:47:21Z</time>
                <hdop>7.7</hdop>
                <extensions>
                    <osmand:speed>1.6</osmand:speed>
                </extensions>
            </trkpt>
            <trkpt lat="44.6046592" lon="22.2935624">
                <ele>566.8</ele>
                <time>2026-05-30T09:47:37Z</time>
                <hdop>4.7</hdop>
                <extensions>
                    <osmand:speed>0.2</osmand:speed>
                </extensions>
            </trkpt>
            <trkpt lat="44.6046652" lon="22.2934629">
                <ele>567.2</ele>
                <time>2026-05-30T09:47:45Z</time>
                <hdop>4.7</hdop>
                <extensions>
                    <osmand:speed>0.1</osmand:speed>
                </extensions>
            </trkpt>
            <trkpt lat="44.6047574" lon="22.2935198">
                <ele>571.1</ele>
                <time>2026-05-30T09:47:53Z</time>
                <hdop>4.7</hdop>
                <extensions>
                    <osmand:speed>0</osmand:speed>
                </extensions>
            </trkpt>
            <trkpt lat="44.6047926" lon="22.2935595">
                <ele>571.2</ele>
                <time>2026-05-30T09:48:07Z</time>
                <hdop>4.7</hdop>
                <extensions>
                    <osmand:speed>0.1</osmand:speed>
                </extensions>
            </trkpt>
            <trkpt lat="44.6048064" lon="22.2937138">
                <ele>577.6</ele>
                <time>2026-05-30T09:49:33Z</time>
                <hdop>4.7</hdop>
                <extensions>
                    <osmand:speed>0.2</osmand:speed>
                </extensions>
            </trkpt>
            <trkpt lat="44.6048334" lon="22.2936593">
                <ele>577.3</ele>
                <time>2026-05-30T09:49:41Z</time>
                <hdop>4.7</hdop>
                <extensions>
                    <osmand:speed>0.2</osmand:speed>
                </extensions>
            </trkpt>
            <trkpt lat="44.6048595" lon="22.2936053">
                <ele>574.1</ele>
                <time>2026-05-30T09:50:06Z</time>
                <hdop>4.7</hdop>
                <extensions>
                    <osmand:speed>0</osmand:speed>
                </extensions>
            </trkpt>
            <trkpt lat="44.6048481" lon="22.2935776">
                <ele>578</ele>
                <time>2026-05-30T09:50:31Z</time>
                <hdop>4.7</hdop>
                <extensions>
                    <osmand:speed>0</osmand:speed>
                </extensions>
            </trkpt>
            <trkpt lat="44.6048571" lon="22.2935862">
                <ele>578.1</ele>
                <time>2026-05-30T09:50:37Z</time>
                <hdop>4.7</hdop>
            </trkpt>
            <trkpt lat="44.6048804" lon="22.2935864">
                <ele>578.9</ele>
                <time>2026-05-30T09:50:43Z</time>
                <hdop>4.7</hdop>
                <extensions>
                    <osmand:speed>0</osmand:speed>
                </extensions>
            </trkpt>
            <trkpt lat="44.6048918" lon="22.2935901">
                <ele>580.4</ele>
                <time>2026-05-30T09:50:49Z</time>
                <hdop>4.7</hdop>
            </trkpt>
            <trkpt lat="44.6049105" lon="22.2935992">
                <ele>579.8</ele>
                <time>2026-05-30T09:50:55Z</time>
                <hdop>4.7</hdop>
                <extensions>
                    <osmand:speed>0.1</osmand:speed>
                </extensions>
            </trkpt>
            <trkpt lat="44.6048843" lon="22.2935945">
                <ele>577.2</ele>
                <time>2026-05-30T09:51:01Z</time>
                <hdop>4.7</hdop>
            </trkpt>
            <trkpt lat="44.6048679" lon="22.29359">
                <ele>577.6</ele>
                <time>2026-05-30T09:51:07Z</time>
                <hdop>4.7</hdop>
                <extensions>
                    <osmand:speed>0.1</osmand:speed>
                </extensions>
            </trkpt>
            <trkpt lat="44.6048829" lon="22.2935787">
                <ele>579.5</ele>
                <time>2026-05-30T09:51:13Z</time>
                <hdop>4.7</hdop>
            </trkpt>
            <trkpt lat="44.6048621" lon="22.2935708">
                <ele>579.2</ele>
                <time>2026-05-30T09:51:19Z</time>
                <hdop>4.7</hdop>
                <extensions>
                    <osmand:speed>0.1</osmand:speed>
                </extensions>
            </trkpt>
            <trkpt lat="44.6048563" lon="22.2935717">
                <ele>579.2</ele>
                <time>2026-05-30T09:51:25Z</time>
                <hdop>4.7</hdop>
                <extensions>
                    <osmand:speed>0</osmand:speed>
                </extensions>
            </trkpt>
            <trkpt lat="44.6048622" lon="22.293575">
                <ele>578.7</ele>
                <time>2026-05-30T09:51:31Z</time>
                <hdop>4.7</hdop>
                <extensions>
                    <osmand:speed>0.1</osmand:speed>
                </extensions>
            </trkpt>
            <trkpt lat="44.604862" lon="22.2935754">
                <ele>579.6</ele>
                <time>2026-05-30T09:51:37Z</time>
                <hdop>4.7</hdop>
            </trkpt>
            <trkpt lat="44.6048692" lon="22.2935791">
                <ele>579.9</ele>
                <time>2026-05-30T09:51:43Z</time>
                <hdop>4.7</hdop>
            </trkpt>
            <trkpt lat="44.6048636" lon="22.2935807">
                <ele>580.1</ele>
                <time>2026-05-30T09:51:49Z</time>
                <hdop>4.7</hdop>
            </trkpt>
            <trkpt lat="44.6048567" lon="22.2935795">
                <ele>578.7</ele>
                <time>2026-05-30T09:51:55Z</time>
                <hdop>4.7</hdop>
                <extensions>
                    <osmand:speed>0</osmand:speed>
                </extensions>
            </trkpt>
            <trkpt lat="44.604842" lon="22.2935725">
                <ele>577.8</ele>
                <time>2026-05-30T09:52:01Z</time>
                <hdop>4.7</hdop>
                <extensions>
                    <osmand:speed>0.1</osmand:speed>
                </extensions>
            </trkpt>
            <trkpt lat="44.6048423" lon="22.2935719">
                <ele>576.8</ele>
                <time>2026-05-30T09:52:07Z</time>
                <hdop>4.7</hdop>
                <extensions>
                    <osmand:speed>0.3</osmand:speed>
                </extensions>
            </trkpt>
            <trkpt lat="44.6048477" lon="22.2935673">
                <ele>575.4</ele>
                <time>2026-05-30T09:52:13Z</time>
                <hdop>4.7</hdop>
                <extensions>
                    <osmand:speed>0</osmand:speed>
                </extensions>
            </trkpt>
            <trkpt lat="44.6048398" lon="22.2935843">
                <ele>574.1</ele>
                <time>2026-05-30T09:52:19Z</time>
                <hdop>4.7</hdop>
                <extensions>
                    <osmand:speed>0.2</osmand:speed>
                </extensions>
            </trkpt>
            <trkpt lat="44.604857" lon="22.2935879">
                <ele>573.3</ele>
                <time>2026-05-30T09:52:25Z</time>
                <hdop>4.7</hdop>
                <extensions>
                    <osmand:speed>0.1</osmand:speed>
                </extensions>
            </trkpt>
            <trkpt lat="44.6048659" lon="22.2935863">
                <ele>573.6</ele>
                <time>2026-05-30T09:52:31Z</time>
                <hdop>4.7</hdop>
            </trkpt>
            <trkpt lat="44.6048743" lon="22.2935769">
                <ele>574.7</ele>
                <time>2026-05-30T09:52:37Z</time>
                <hdop>4.7</hdop>
                <extensions>
                    <osmand:speed>0</osmand:speed>
                </extensions>
            </trkpt>
            <trkpt lat="44.6048626" lon="22.2935787">
                <ele>575.5</ele>
                <time>2026-05-30T09:52:43Z</time>
                <hdop>4.7</hdop>
            </trkpt>
            <trkpt lat="44.6048751" lon="22.293569">
                <ele>574.5</ele>
                <time>2026-05-30T09:52:49Z</time>
                <hdop>4.7</hdop>
                <extensions>
                    <osmand:speed>0.1</osmand:speed>
                </extensions>
            </trkpt>
            <trkpt lat="44.6048752" lon="22.2935687">
                <ele>574.4</ele>
                <time>2026-05-30T09:52:55Z</time>
                <hdop>4.7</hdop>
            </trkpt>
            <trkpt lat="44.6048805" lon="22.293554">
                <ele>575.3</ele>
                <time>2026-05-30T09:53:01Z</time>
                <hdop>4.7</hdop>
            </trkpt>
            <trkpt lat="44.6048726" lon="22.2935486">
                <ele>576.8</ele>
                <time>2026-05-30T09:53:07Z</time>
                <hdop>4.7</hdop>
            </trkpt>
            <trkpt lat="44.6048767" lon="22.2935465">
                <ele>577.4</ele>
                <time>2026-05-30T09:53:13Z</time>
                <hdop>4.7</hdop>
            </trkpt>
            <trkpt lat="44.6048794" lon="22.2935575">
                <ele>579.3</ele>
                <time>2026-05-30T09:53:19Z</time>
                <hdop>4.7</hdop>
            </trkpt>
            <trkpt lat="44.6048854" lon="22.2935615">
                <ele>580.3</ele>
                <time>2026-05-30T09:53:25Z</time>
                <hdop>4.7</hdop>
                <extensions>
                    <osmand:speed>0</osmand:speed>
                </extensions>
            </trkpt>
            <trkpt lat="44.6048974" lon="22.2935746">
                <ele>580.8</ele>
                <time>2026-05-30T09:53:31Z</time>
                <hdop>4.7</hdop>
            </trkpt>
            <trkpt lat="44.6048615" lon="22.2935687">
                <ele>578</ele>
                <time>2026-05-30T09:53:37Z</time>
                <hdop>4.7</hdop>
            </trkpt>
            <trkpt lat="44.6048669" lon="22.293567">
                <ele>577.9</ele>
                <time>2026-05-30T09:53:43Z</time>
                <hdop>4.7</hdop>
            </trkpt>
            <trkpt lat="44.604846" lon="22.293572">
                <ele>577.1</ele>
                <time>2026-05-30T09:53:49Z</time>
                <hdop>4.7</hdop>
                <extensions>
                    <osmand:speed>0.1</osmand:speed>
                </extensions>
            </trkpt>
            <trkpt lat="44.6048423" lon="22.293578">
                <ele>578</ele>
                <time>2026-05-30T09:53:55Z</time>
                <hdop>4.7</hdop>
            </trkpt>
            <trkpt lat="44.6048418" lon="22.2935763">
                <ele>578.4</ele>
                <time>2026-05-30T09:54:01Z</time>
                <hdop>4.7</hdop>
            </trkpt>
            <trkpt lat="44.6048582" lon="22.2935899">
                <ele>580.1</ele>
                <time>2026-05-30T09:54:07Z</time>
                <hdop>4.7</hdop>
                <extensions>
                    <osmand:speed>0</osmand:speed>
                </extensions>
            </trkpt>
            <trkpt lat="44.6048689" lon="22.2935997">
                <ele>578.9</ele>
                <time>2026-05-30T09:54:13Z</time>
                <hdop>4.7</hdop>
                <extensions>
                    <osmand:speed>0.1</osmand:speed>
                </extensions>
            </trkpt>
            <trkpt lat="44.6048702" lon="22.2935964">
                <ele>579.4</ele>
                <time>2026-05-30T09:54:19Z</time>
                <hdop>4.7</hdop>
                <extensions>
                    <osmand:speed>0</osmand:speed>
                </extensions>
            </trkpt>
            <trkpt lat="44.6048765" lon="22.2936007">
                <ele>579</ele>
                <time>2026-05-30T09:54:25Z</time>
                <hdop>4.7</hdop>
                <extensions>
                    <osmand:speed>0</osmand:speed>
                </extensions>
            </trkpt>
            <trkpt lat="44.6048728" lon="22.2936007">
                <ele>579.4</ele>
                <time>2026-05-30T09:54:31Z</time>
                <hdop>4.7</hdop>
            </trkpt>
            <trkpt lat="44.6048825" lon="22.2935922">
                <ele>581.4</ele>
                <time>2026-05-30T09:54:37Z</time>
                <hdop>4.7</hdop>
            </trkpt>
            <trkpt lat="44.6048951" lon="22.2935879">
                <ele>584</ele>
                <time>2026-05-30T09:54:43Z</time>
                <hdop>4.7</hdop>
            </trkpt>
            <trkpt lat="44.6049118" lon="22.2936004">
                <ele>583.2</ele>
                <time>2026-05-30T09:54:49Z</time>
                <hdop>4.7</hdop>
            </trkpt>
            <trkpt lat="44.604918" lon="22.2936008">
                <ele>583.2</ele>
                <time>2026-05-30T09:54:55Z</time>
                <hdop>4.7</hdop>
            </trkpt>
            <trkpt lat="44.6049158" lon="22.2936003">
                <ele>582.4</ele>
                <time>2026-05-30T09:55:01Z</time>
                <hdop>4.7</hdop>
                <extensions>
                    <osmand:speed>0</osmand:speed>
                </extensions>
            </trkpt>
            <trkpt lat="44.6048966" lon="22.2936024">
                <ele>581.3</ele>
                <time>2026-05-30T09:55:07Z</time>
                <hdop>4.7</hdop>
                <extensions>
                    <osmand:speed>0.1</osmand:speed>
                </extensions>
            </trkpt>
            <trkpt lat="44.6048845" lon="22.2935988">
                <ele>579.9</ele>
                <time>2026-05-30T09:55:13Z</time>
                <hdop>4.7</hdop>
            </trkpt>
            <trkpt lat="44.6048746" lon="22.2935943">
                <ele>580</ele>
                <time>2026-05-30T09:55:19Z</time>
                <hdop>4.7</hdop>
            </trkpt>
            <trkpt lat="44.6048736" lon="22.2935909">
                <ele>579.8</ele>
                <time>2026-05-30T09:55:25Z</time>
                <hdop>4.7</hdop>
            </trkpt>
            <trkpt lat="44.6048736" lon="22.2935909">
                <ele>579.8</ele>
                <time>2026-05-30T09:55:31Z</time>
                <hdop>4.7</hdop>
            </trkpt>
            <trkpt lat="44.60483" lon="22.2936113">
                <ele>574.8</ele>
                <time>2026-05-30T09:55:50Z</time>
                <hdop>4.7</hdop>
            </trkpt>
        </trkseg>
    </trk>
    <trk>
        <trkseg>
            <trkpt lat="44.6048041" lon="22.2935566">
                <ele>566.6</ele>
                <time>2026-05-30T09:59:42Z</time>
                <hdop>4.7</hdop>
                <extensions>
                    <osmand:speed>0.8</osmand:speed>
                </extensions>
            </trkpt>
            <trkpt lat="44.6047345" lon="22.2934801">
                <ele>571.1</ele>
                <time>2026-05-30T10:00:18Z</time>
                <hdop>4.7</hdop>
                <extensions>
                    <osmand:speed>0.6</osmand:speed>
                </extensions>
            </trkpt>
            <trkpt lat="44.6046614" lon="22.2933686">
                <ele>567.8</ele>
                <time>2026-05-30T10:00:28Z</time>
                <hdop>4.7</hdop>
                <extensions>
                    <osmand:speed>1.3</osmand:speed>
                </extensions>
            </trkpt>
            <trkpt lat="44.6046015" lon="22.2932619">
                <ele>566.9</ele>
                <time>2026-05-30T10:00:35Z</time>
                <hdop>4.7</hdop>
                <extensions>
                    <osmand:speed>1.3</osmand:speed>
                </extensions>
            </trkpt>
            <trkpt lat="44.6045138" lon="22.2931833">
                <ele>567.2</ele>
                <time>2026-05-30T10:00:46Z</time>
                <hdop>4.7</hdop>
                <extensions>
                    <osmand:speed>0.6</osmand:speed>
                </extensions>
            </trkpt>
            <trkpt lat="44.604431" lon="22.2930986">
                <ele>568.3</ele>
                <time>2026-05-30T10:00:58Z</time>
                <hdop>4.7</hdop>
                <extensions>
                    <osmand:speed>0.4</osmand:speed>
                </extensions>
            </trkpt>
            <trkpt lat="44.6043426" lon="22.2930474">
                <ele>567.5</ele>
                <time>2026-05-30T10:01:09Z</time>
                <hdop>4.7</hdop>
                <extensions>
                    <osmand:speed>0.8</osmand:speed>
                </extensions>
            </trkpt>
            <trkpt lat="44.6042985" lon="22.2930272">
                <ele>569.1</ele>
                <time>2026-05-30T10:01:15Z</time>
                <hdop>4.7</hdop>
                <extensions>
                    <osmand:speed>0.7</osmand:speed>
                </extensions>
            </trkpt>
            <trkpt lat="44.6042386" lon="22.2930069">
                <ele>569.3</ele>
                <time>2026-05-30T10:01:21Z</time>
                <hdop>4.7</hdop>
                <extensions>
                    <osmand:speed>1</osmand:speed>
                </extensions>
            </trkpt>
            <trkpt lat="44.6041935" lon="22.2929824">
                <ele>567.4</ele>
                <time>2026-05-30T10:01:32Z</time>
                <hdop>4.7</hdop>
                <extensions>
                    <osmand:speed>0.8</osmand:speed>
                </extensions>
            </trkpt>
            <trkpt lat="44.6040937" lon="22.2929987">
                <ele>566.9</ele>
                <time>2026-05-30T10:01:39Z</time>
                <hdop>4.7</hdop>
                <extensions>
                    <osmand:speed>1.2</osmand:speed>
                </extensions>
            </trkpt>
            <trkpt lat="44.6039986" lon="22.293028">
                <ele>566</ele>
                <time>2026-05-30T10:01:49Z</time>
                <hdop>4.7</hdop>
                <extensions>
                    <osmand:speed>1.1</osmand:speed>
                </extensions>
            </trkpt>
            <trkpt lat="44.6039477" lon="22.2930106">
                <ele>563.7</ele>
                <time>2026-05-30T10:01:55Z</time>
                <hdop>4.7</hdop>
                <extensions>
                    <osmand:speed>0.8</osmand:speed>
                </extensions>
            </trkpt>
            <trkpt lat="44.6038403" lon="22.2930111">
                <ele>562.9</ele>
                <time>2026-05-30T10:02:05Z</time>
                <hdop>4.7</hdop>
                <extensions>
                    <osmand:speed>1</osmand:speed>
                </extensions>
            </trkpt>
            <trkpt lat="44.6037658" lon="22.2930536">
                <ele>560.9</ele>
                <time>2026-05-30T10:02:11Z</time>
                <hdop>4.7</hdop>
                <extensions>
                    <osmand:speed>1</osmand:speed>
                </extensions>
            </trkpt>
            <trkpt lat="44.6036765" lon="22.2931073">
                <ele>565.4</ele>
                <time>2026-05-30T10:02:24Z</time>
                <hdop>4.7</hdop>
                <extensions>
                    <osmand:speed>0.8</osmand:speed>
                </extensions>
            </trkpt>
            <trkpt lat="44.6036274" lon="22.2931054">
                <ele>567.8</ele>
                <time>2026-05-30T10:02:30Z</time>
                <hdop>4.7</hdop>
                <extensions>
                    <osmand:speed>0.5</osmand:speed>
                </extensions>
            </trkpt>
            <trkpt lat="44.6035785" lon="22.2931207">
                <ele>569</ele>
                <time>2026-05-30T10:02:37Z</time>
                <hdop>4.7</hdop>
                <extensions>
                    <osmand:speed>1.1</osmand:speed>
                </extensions>
            </trkpt>
            <trkpt lat="44.6035351" lon="22.2930964">
                <ele>570.1</ele>
                <time>2026-05-30T10:02:43Z</time>
                <hdop>4.7</hdop>
                <extensions>
                    <osmand:speed>0.9</osmand:speed>
                </extensions>
            </trkpt>
            <trkpt lat="44.6034285" lon="22.2931147">
                <ele>571.7</ele>
                <time>2026-05-30T10:02:54Z</time>
                <hdop>4.7</hdop>
                <extensions>
                    <osmand:speed>1</osmand:speed>
                </extensions>
            </trkpt>
            <trkpt lat="44.6033737" lon="22.2931258">
                <ele>571.8</ele>
                <time>2026-05-30T10:03:01Z</time>
                <hdop>4.7</hdop>
                <extensions>
                    <osmand:speed>1.4</osmand:speed>
                </extensions>
            </trkpt>
            <trkpt lat="44.6033185" lon="22.2930973">
                <ele>574</ele>
                <time>2026-05-30T10:03:09Z</time>
                <hdop>4.7</hdop>
                <extensions>
                    <osmand:speed>1.3</osmand:speed>
                </extensions>
            </trkpt>
            <trkpt lat="44.6032749" lon="22.2931322">
                <ele>575.3</ele>
                <time>2026-05-30T10:03:15Z</time>
                <hdop>4.7</hdop>
                <extensions>
                    <osmand:speed>1.1</osmand:speed>
                </extensions>
            </trkpt>
            <trkpt lat="44.6032268" lon="22.2931267">
                <ele>577.3</ele>
                <time>2026-05-30T10:03:22Z</time>
                <hdop>4.7</hdop>
                <extensions>
                    <osmand:speed>0.6</osmand:speed>
                </extensions>
            </trkpt>
            <trkpt lat="44.6031167" lon="22.2931142">
                <ele>578.2</ele>
                <time>2026-05-30T10:03:32Z</time>
                <hdop>4.7</hdop>
                <extensions>
                    <osmand:speed>1</osmand:speed>
                </extensions>
            </trkpt>
            <trkpt lat="44.6030272" lon="22.2930771">
                <ele>580.5</ele>
                <time>2026-05-30T10:03:42Z</time>
                <hdop>4.7</hdop>
                <extensions>
                    <osmand:speed>1.1</osmand:speed>
                </extensions>
            </trkpt>
            <trkpt lat="44.602978" lon="22.293068">
                <ele>581.5</ele>
                <time>2026-05-30T10:03:48Z</time>
                <hdop>4.7</hdop>
                <extensions>
                    <osmand:speed>0.6</osmand:speed>
                </extensions>
            </trkpt>
            <trkpt lat="44.6029265" lon="22.2930768">
                <ele>581.5</ele>
                <time>2026-05-30T10:03:56Z</time>
                <hdop>4.7</hdop>
                <extensions>
                    <osmand:speed>0.6</osmand:speed>
                </extensions>
            </trkpt>
            <trkpt lat="44.6028999" lon="22.2931309">
                <ele>581.1</ele>
                <time>2026-05-30T10:04:08Z</time>
                <hdop>4.7</hdop>
            </trkpt>
            <trkpt lat="44.6028462" lon="22.2931305">
                <ele>581.9</ele>
                <time>2026-05-30T10:04:26Z</time>
                <hdop>4.7</hdop>
                <extensions>
                    <osmand:speed>1</osmand:speed>
                </extensions>
            </trkpt>
            <trkpt lat="44.6027598" lon="22.2930559">
                <ele>583.6</ele>
                <time>2026-05-30T10:04:38Z</time>
                <hdop>4.7</hdop>
                <extensions>
                    <osmand:speed>1.3</osmand:speed>
                </extensions>
            </trkpt>
            <trkpt lat="44.6026724" lon="22.2929991">
                <ele>585.6</ele>
                <time>2026-05-30T10:04:48Z</time>
                <hdop>4.7</hdop>
                <extensions>
                    <osmand:speed>0.5</osmand:speed>
                </extensions>
            </trkpt>
            <trkpt lat="44.6025824" lon="22.2929422">
                <ele>585.4</ele>
                <time>2026-05-30T10:05:00Z</time>
                <hdop>4.7</hdop>
                <extensions>
                    <osmand:speed>0.2</osmand:speed>
                </extensions>
            </trkpt>
            <trkpt lat="44.602487" lon="22.2928902">
                <ele>583.6</ele>
                <time>2026-05-30T10:05:10Z</time>
                <hdop>4.7</hdop>
                <extensions>
                    <osmand:speed>1.2</osmand:speed>
                </extensions>
            </trkpt>
            <trkpt lat="44.6024379" lon="22.2928527">
                <ele>582.1</ele>
                <time>2026-05-30T10:05:16Z</time>
                <hdop>4.7</hdop>
                <extensions>
                    <osmand:speed>1.4</osmand:speed>
                </extensions>
            </trkpt>
            <trkpt lat="44.6023401" lon="22.292827">
                <ele>582.9</ele>
                <time>2026-05-30T10:05:23Z</time>
                <hdop>4.7</hdop>
                <extensions>
                    <osmand:speed>1.6</osmand:speed>
                </extensions>
            </trkpt>
            <trkpt lat="44.6022446" lon="22.2927778">
                <ele>581.9</ele>
                <time>2026-05-30T10:05:33Z</time>
                <hdop>4.7</hdop>
                <extensions>
                    <osmand:speed>0.3</osmand:speed>
                </extensions>
            </trkpt>
            <trkpt lat="44.6021463" lon="22.2927348">
                <ele>582</ele>
                <time>2026-05-30T10:05:57Z</time>
                <hdop>4.7</hdop>
                <extensions>
                    <osmand:speed>1</osmand:speed>
                </extensions>
            </trkpt>
            <trkpt lat="44.6020397" lon="22.2927025">
                <ele>582.2</ele>
                <time>2026-05-30T10:06:05Z</time>
                <hdop>4.7</hdop>
                <extensions>
                    <osmand:speed>1.1</osmand:speed>
                </extensions>
            </trkpt>
            <trkpt lat="44.6019405" lon="22.2927256">
                <ele>580.8</ele>
                <time>2026-05-30T10:06:11Z</time>
                <hdop>4.7</hdop>
                <extensions>
                    <osmand:speed>1.3</osmand:speed>
                </extensions>
            </trkpt>
            <trkpt lat="44.6018399" lon="22.2927308">
                <ele>580.4</ele>
                <time>2026-05-30T10:06:17Z</time>
                <hdop>4.7</hdop>
                <extensions>
                    <osmand:speed>1.7</osmand:speed>
                </extensions>
            </trkpt>
            <trkpt lat="44.6017478" lon="22.2927285">
                <ele>581</ele>
                <time>2026-05-30T10:06:23Z</time>
                <hdop>4.7</hdop>
                <extensions>
                    <osmand:speed>1.6</osmand:speed>
                </extensions>
            </trkpt>
            <trkpt lat="44.6016478" lon="22.292738">
                <ele>579.6</ele>
                <time>2026-05-30T10:06:30Z</time>
                <hdop>4.7</hdop>
                <extensions>
                    <osmand:speed>1.7</osmand:speed>
                </extensions>
            </trkpt>
            <trkpt lat="44.6015435" lon="22.2927584">
                <ele>580</ele>
                <time>2026-05-30T10:06:37Z</time>
                <hdop>4.7</hdop>
                <extensions>
                    <osmand:speed>1.6</osmand:speed>
                </extensions>
            </trkpt>
            <trkpt lat="44.6014442" lon="22.2927834">
                <ele>578.3</ele>
                <time>2026-05-30T10:06:44Z</time>
                <hdop>4.7</hdop>
                <extensions>
                    <osmand:speed>1.7</osmand:speed>
                </extensions>
            </trkpt>
            <trkpt lat="44.601342" lon="22.2928095">
                <ele>579.5</ele>
                <time>2026-05-30T10:06:52Z</time>
                <hdop>4.7</hdop>
                <extensions>
                    <osmand:speed>1.7</osmand:speed>
                </extensions>
            </trkpt>
            <trkpt lat="44.601248" lon="22.2928298">
                <ele>576.7</ele>
                <time>2026-05-30T10:07:00Z</time>
                <hdop>4.7</hdop>
                <extensions>
                    <osmand:speed>1.2</osmand:speed>
                </extensions>
            </trkpt>
            <trkpt lat="44.6011419" lon="22.2928233">
                <ele>577.3</ele>
                <time>2026-05-30T10:07:07Z</time>
                <hdop>4.7</hdop>
                <extensions>
                    <osmand:speed>1.7</osmand:speed>
                </extensions>
            </trkpt>
            <trkpt lat="44.601044" lon="22.2928006">
                <ele>576.7</ele>
                <time>2026-05-30T10:07:14Z</time>
                <hdop>4.7</hdop>
                <extensions>
                    <osmand:speed>1.7</osmand:speed>
                </extensions>
            </trkpt>
            <trkpt lat="44.6009479" lon="22.2927562">
                <ele>576.1</ele>
                <time>2026-05-30T10:07:21Z</time>
                <hdop>4.7</hdop>
                <extensions>
                    <osmand:speed>1.6</osmand:speed>
                </extensions>
            </trkpt>
            <trkpt lat="44.6008579" lon="22.2927717">
                <ele>572.7</ele>
                <time>2026-05-30T10:07:30Z</time>
                <hdop>4.7</hdop>
                <extensions>
                    <osmand:speed>1.2</osmand:speed>
                </extensions>
            </trkpt>
            <trkpt lat="44.6007497" lon="22.2927885">
                <ele>574</ele>
                <time>2026-05-30T10:07:40Z</time>
                <hdop>4.7</hdop>
                <extensions>
                    <osmand:speed>0.7</osmand:speed>
                </extensions>
            </trkpt>
            <trkpt lat="44.6007022" lon="22.2927943">
                <ele>572.9</ele>
                <time>2026-05-30T10:07:46Z</time>
                <hdop>4.7</hdop>
                <extensions>
                    <osmand:speed>0.9</osmand:speed>
                </extensions>
            </trkpt>
            <trkpt lat="44.6005975" lon="22.2928111">
                <ele>572.9</ele>
                <time>2026-05-30T10:07:57Z</time>
                <hdop>4.7</hdop>
                <extensions>
                    <osmand:speed>1.1</osmand:speed>
                </extensions>
            </trkpt>
            <trkpt lat="44.600547" lon="22.292827">
                <ele>572.4</ele>
                <time>2026-05-30T10:08:03Z</time>
                <hdop>4.7</hdop>
                <extensions>
                    <osmand:speed>1</osmand:speed>
                </extensions>
            </trkpt>
            <trkpt lat="44.6005003" lon="22.2928202">
                <ele>572.7</ele>
                <time>2026-05-30T10:08:09Z</time>
                <hdop>4.7</hdop>
                <extensions>
                    <osmand:speed>0.8</osmand:speed>
                </extensions>
            </trkpt>
            <trkpt lat="44.6004516" lon="22.2928314">
                <ele>572</ele>
                <time>2026-05-30T10:08:15Z</time>
                <hdop>4.7</hdop>
                <extensions>
                    <osmand:speed>0.7</osmand:speed>
                </extensions>
            </trkpt>
            <trkpt lat="44.6004001" lon="22.2928444">
                <ele>571.6</ele>
                <time>2026-05-30T10:08:21Z</time>
                <hdop>4.7</hdop>
                <extensions>
                    <osmand:speed>0.8</osmand:speed>
                </extensions>
            </trkpt>
            <trkpt lat="44.6002956" lon="22.2928824">
                <ele>571.9</ele>
                <time>2026-05-30T10:08:31Z</time>
                <hdop>4.7</hdop>
                <extensions>
                    <osmand:speed>0.8</osmand:speed>
                </extensions>
            </trkpt>
            <trkpt lat="44.6001957" lon="22.292928">
                <ele>574.1</ele>
                <time>2026-05-30T10:08:43Z</time>
                <hdop>4.7</hdop>
                <extensions>
                    <osmand:speed>1</osmand:speed>
                </extensions>
            </trkpt>
            <trkpt lat="44.6001431" lon="22.2929299">
                <ele>573.5</ele>
                <time>2026-05-30T10:08:50Z</time>
                <hdop>4.7</hdop>
                <extensions>
                    <osmand:speed>1.2</osmand:speed>
                </extensions>
            </trkpt>
            <trkpt lat="44.6000989" lon="22.2929675">
                <ele>572.5</ele>
                <time>2026-05-30T10:08:56Z</time>
                <hdop>4.7</hdop>
                <extensions>
                    <osmand:speed>0.8</osmand:speed>
                </extensions>
            </trkpt>
            <trkpt lat="44.6000539" lon="22.292975">
                <ele>571.9</ele>
                <time>2026-05-30T10:09:03Z</time>
                <hdop>4.7</hdop>
                <extensions>
                    <osmand:speed>0.5</osmand:speed>
                </extensions>
            </trkpt>
            <trkpt lat="44.5999621" lon="22.2930284">
                <ele>571.9</ele>
                <time>2026-05-30T10:09:14Z</time>
                <hdop>4.7</hdop>
                <extensions>
                    <osmand:speed>1</osmand:speed>
                </extensions>
            </trkpt>
            <trkpt lat="44.5998713" lon="22.2930777">
                <ele>573.9</ele>
                <time>2026-05-30T10:09:23Z</time>
                <hdop>4.7</hdop>
                <extensions>
                    <osmand:speed>1</osmand:speed>
                </extensions>
            </trkpt>
            <trkpt lat="44.5998261" lon="22.2930843">
                <ele>573.9</ele>
                <time>2026-05-30T10:09:29Z</time>
                <hdop>4.7</hdop>
                <extensions>
                    <osmand:speed>0.8</osmand:speed>
                </extensions>
            </trkpt>
            <trkpt lat="44.5997427" lon="22.2930959">
                <ele>574.1</ele>
                <time>2026-05-30T10:09:38Z</time>
                <hdop>4.7</hdop>
                <extensions>
                    <osmand:speed>0.8</osmand:speed>
                </extensions>
            </trkpt>
            <trkpt lat="44.5996922" lon="22.2931189">
                <ele>574.5</ele>
                <time>2026-05-30T10:09:44Z</time>
                <hdop>4.7</hdop>
                <extensions>
                    <osmand:speed>0.7</osmand:speed>
                </extensions>
            </trkpt>
            <trkpt lat="44.5996221" lon="22.2931544">
                <ele>574.4</ele>
                <time>2026-05-30T10:09:53Z</time>
                <hdop>4.7</hdop>
                <extensions>
                    <osmand:speed>1</osmand:speed>
                </extensions>
            </trkpt>
            <trkpt lat="44.5995583" lon="22.2931952">
                <ele>573.4</ele>
                <time>2026-05-30T10:09:59Z</time>
                <hdop>4.7</hdop>
                <extensions>
                    <osmand:speed>1.2</osmand:speed>
                </extensions>
            </trkpt>
            <trkpt lat="44.5995122" lon="22.2931907">
                <ele>573.1</ele>
                <time>2026-05-30T10:10:05Z</time>
                <hdop>4.7</hdop>
                <extensions>
                    <osmand:speed>1</osmand:speed>
                </extensions>
            </trkpt>
            <trkpt lat="44.5994952" lon="22.2932245">
                <ele>573.9</ele>
                <time>2026-05-30T10:10:11Z</time>
                <hdop>4.7</hdop>
                <extensions>
                    <osmand:speed>1</osmand:speed>
                </extensions>
            </trkpt>
            <trkpt lat="44.5994458" lon="22.2931963">
                <ele>571.2</ele>
                <time>2026-05-30T10:10:17Z</time>
                <hdop>4.7</hdop>
                <extensions>
                    <osmand:speed>0.4</osmand:speed>
                </extensions>
            </trkpt>
            <trkpt lat="44.5993508" lon="22.2931588">
                <ele>570.4</ele>
                <time>2026-05-30T10:10:26Z</time>
                <hdop>4.7</hdop>
                <extensions>
                    <osmand:speed>1.3</osmand:speed>
                </extensions>
            </trkpt>
            <trkpt lat="44.5992461" lon="22.2931419">
                <ele>570.8</ele>
                <time>2026-05-30T10:10:34Z</time>
                <hdop>4.7</hdop>
                <extensions>
                    <osmand:speed>1</osmand:speed>
                </extensions>
            </trkpt>
            <trkpt lat="44.5991558" lon="22.2932033">
                <ele>571.5</ele>
                <time>2026-05-30T10:10:42Z</time>
                <hdop>4.7</hdop>
                <extensions>
                    <osmand:speed>1.1</osmand:speed>
                </extensions>
            </trkpt>
            <trkpt lat="44.5990819" lon="22.293284">
                <ele>572.4</ele>
                <time>2026-05-30T10:10:51Z</time>
                <hdop>4.7</hdop>
                <extensions>
                    <osmand:speed>1</osmand:speed>
                </extensions>
            </trkpt>
            <trkpt lat="44.5989958" lon="22.2933395">
                <ele>573.9</ele>
                <time>2026-05-30T10:11:00Z</time>
                <hdop>4.7</hdop>
                <extensions>
                    <osmand:speed>1.4</osmand:speed>
                </extensions>
            </trkpt>
            <trkpt lat="44.5989532" lon="22.2933098">
                <ele>577.8</ele>
                <time>2026-05-30T10:11:12Z</time>
                <hdop>4.7</hdop>
                <extensions>
                    <osmand:speed>0.2</osmand:speed>
                </extensions>
            </trkpt>
            <trkpt lat="44.5989893" lon="22.2932558">
                <ele>583</ele>
                <time>2026-05-30T10:11:33Z</time>
                <hdop>4.7</hdop>
                <extensions>
                    <osmand:speed>0.2</osmand:speed>
                </extensions>
            </trkpt>
            <trkpt lat="44.598974" lon="22.2933152">
                <ele>578.9</ele>
                <time>2026-05-30T10:11:52Z</time>
                <hdop>4.7</hdop>
                <extensions>
                    <osmand:speed>0</osmand:speed>
                </extensions>
            </trkpt>
            <trkpt lat="44.5989401" lon="22.2933598">
                <ele>574.5</ele>
                <time>2026-05-30T10:12:13Z</time>
                <hdop>4.7</hdop>
                <extensions>
                    <osmand:speed>0.5</osmand:speed>
                </extensions>
            </trkpt>
            <trkpt lat="44.5989191" lon="22.2934164">
                <ele>574.7</ele>
                <time>2026-05-30T10:12:19Z</time>
                <hdop>4.7</hdop>
                <extensions>
                    <osmand:speed>0.5</osmand:speed>
                </extensions>
            </trkpt>
            <trkpt lat="44.5988853" lon="22.2934795">
                <ele>577.7</ele>
                <time>2026-05-30T10:12:29Z</time>
                <hdop>4.7</hdop>
                <extensions>
                    <osmand:speed>1.2</osmand:speed>
                </extensions>
            </trkpt>
            <trkpt lat="44.5988437" lon="22.2935043">
                <ele>579.6</ele>
                <time>2026-05-30T10:12:36Z</time>
                <hdop>4.7</hdop>
                <extensions>
                    <osmand:speed>0.9</osmand:speed>
                </extensions>
            </trkpt>
            <trkpt lat="44.5987921" lon="22.293503">
                <ele>580</ele>
                <time>2026-05-30T10:12:45Z</time>
                <hdop>4.7</hdop>
                <extensions>
                    <osmand:speed>0.7</osmand:speed>
                </extensions>
            </trkpt>
            <trkpt lat="44.5987398" lon="22.2935183">
                <ele>579.3</ele>
                <time>2026-05-30T10:12:53Z</time>
                <hdop>4.7</hdop>
                <extensions>
                    <osmand:speed>0.9</osmand:speed>
                </extensions>
            </trkpt>
            <trkpt lat="44.5986946" lon="22.2934804">
                <ele>581</ele>
                <time>2026-05-30T10:13:08Z</time>
                <hdop>4.7</hdop>
                <extensions>
                    <osmand:speed>0.9</osmand:speed>
                </extensions>
            </trkpt>
            <trkpt lat="44.5986457" lon="22.2934993">
                <ele>584.3</ele>
                <time>2026-05-30T10:13:15Z</time>
                <hdop>4.7</hdop>
                <extensions>
                    <osmand:speed>1.2</osmand:speed>
                </extensions>
            </trkpt>
            <trkpt lat="44.5985972" lon="22.2935107">
                <ele>587</ele>
                <time>2026-05-30T10:13:23Z</time>
                <hdop>4.7</hdop>
                <extensions>
                    <osmand:speed>0.7</osmand:speed>
                </extensions>
            </trkpt>
            <trkpt lat="44.5985478" lon="22.2935226">
                <ele>587.2</ele>
                <time>2026-05-30T10:13:29Z</time>
                <hdop>4.7</hdop>
                <extensions>
                    <osmand:speed>0.6</osmand:speed>
                </extensions>
            </trkpt>
            <trkpt lat="44.5984471" lon="22.2935626">
                <ele>585.3</ele>
                <time>2026-05-30T10:13:37Z</time>
                <hdop>4.7</hdop>
                <extensions>
                    <osmand:speed>1.5</osmand:speed>
                </extensions>
            </trkpt>
            <trkpt lat="44.5984014" lon="22.2935382">
                <ele>588</ele>
                <time>2026-05-30T10:13:44Z</time>
                <hdop>4.7</hdop>
                <extensions>
                    <osmand:speed>1.3</osmand:speed>
                </extensions>
            </trkpt>
            <trkpt lat="44.5983458" lon="22.2935626">
                <ele>590.5</ele>
                <time>2026-05-30T10:13:55Z</time>
                <hdop>4.7</hdop>
                <extensions>
                    <osmand:speed>1.1</osmand:speed>
                </extensions>
            </trkpt>
            <trkpt lat="44.5983097" lon="22.2936069">
                <ele>593.2</ele>
                <time>2026-05-30T10:14:06Z</time>
                <hdop>4.7</hdop>
                <extensions>
                    <osmand:speed>0.8</osmand:speed>
                </extensions>
            </trkpt>
            <trkpt lat="44.5982496" lon="22.2936304">
                <ele>593</ele>
                <time>2026-05-30T10:14:12Z</time>
                <hdop>4.7</hdop>
                <extensions>
                    <osmand:speed>0.9</osmand:speed>
                </extensions>
            </trkpt>
            <trkpt lat="44.5981587" lon="22.2936945">
                <ele>591.9</ele>
                <time>2026-05-30T10:14:19Z</time>
                <hdop>4.7</hdop>
                <extensions>
                    <osmand:speed>1.9</osmand:speed>
                </extensions>
            </trkpt>
            <trkpt lat="44.5980506" lon="22.2936965">
                <ele>590.1</ele>
                <time>2026-05-30T10:14:29Z</time>
                <hdop>4.7</hdop>
                <extensions>
                    <osmand:speed>1</osmand:speed>
                </extensions>
            </trkpt>
            <trkpt lat="44.5979992" lon="22.293687">
                <ele>591.5</ele>
                <time>2026-05-30T10:14:37Z</time>
                <hdop>4.7</hdop>
                <extensions>
                    <osmand:speed>0.9</osmand:speed>
                </extensions>
            </trkpt>
            <trkpt lat="44.5979528" lon="22.293657">
                <ele>594.5</ele>
                <time>2026-05-30T10:14:44Z</time>
                <hdop>4.7</hdop>
                <extensions>
                    <osmand:speed>0.7</osmand:speed>
                </extensions>
            </trkpt>
            <trkpt lat="44.5979106" lon="22.2936189">
                <ele>597.2</ele>
                <time>2026-05-30T10:14:51Z</time>
                <hdop>4.7</hdop>
                <extensions>
                    <osmand:speed>0.9</osmand:speed>
                </extensions>
            </trkpt>
            <trkpt lat="44.5978602" lon="22.2936304">
                <ele>601.5</ele>
                <time>2026-05-30T10:15:01Z</time>
                <hdop>4.7</hdop>
                <extensions>
                    <osmand:speed>0.9</osmand:speed>
                </extensions>
            </trkpt>
            <trkpt lat="44.5978186" lon="22.2936008">
                <ele>604.2</ele>
                <time>2026-05-30T10:15:11Z</time>
                <hdop>4.7</hdop>
                <extensions>
                    <osmand:speed>0.5</osmand:speed>
                </extensions>
            </trkpt>
            <trkpt lat="44.5977805" lon="22.2935559">
                <ele>604.4</ele>
                <time>2026-05-30T10:15:21Z</time>
                <hdop>4.7</hdop>
                <extensions>
                    <osmand:speed>0.8</osmand:speed>
                </extensions>
            </trkpt>
            <trkpt lat="44.5977317" lon="22.2935529">
                <ele>605.4</ele>
                <time>2026-05-30T10:15:29Z</time>
                <hdop>4.7</hdop>
                <extensions>
                    <osmand:speed>0.5</osmand:speed>
                </extensions>
            </trkpt>
            <trkpt lat="44.5976571" lon="22.2935586">
                <ele>603.4</ele>
                <time>2026-05-30T10:15:35Z</time>
                <hdop>4.7</hdop>
                <extensions>
                    <osmand:speed>0.7</osmand:speed>
                </extensions>
            </trkpt>
            <trkpt lat="44.5975587" lon="22.2935545">
                <ele>600.5</ele>
                <time>2026-05-30T10:15:41Z</time>
                <hdop>4.7</hdop>
                <extensions>
                    <osmand:speed>1.8</osmand:speed>
                </extensions>
            </trkpt>
            <trkpt lat="44.5974945" lon="22.2936136">
                <ele>599.8</ele>
                <time>2026-05-30T10:15:47Z</time>
                <hdop>4.7</hdop>
                <extensions>
                    <osmand:speed>0.7</osmand:speed>
                </extensions>
            </trkpt>
            <trkpt lat="44.597433" lon="22.2936504">
                <ele>600.7</ele>
                <time>2026-05-30T10:15:53Z</time>
                <hdop>4.7</hdop>
                <extensions>
                    <osmand:speed>1.1</osmand:speed>
                </extensions>
            </trkpt>
            <trkpt lat="44.5973884" lon="22.2936496">
                <ele>600.4</ele>
                <time>2026-05-30T10:15:59Z</time>
                <hdop>4.7</hdop>
                <extensions>
                    <osmand:speed>0.8</osmand:speed>
                </extensions>
            </trkpt>
            <trkpt lat="44.5973248" lon="22.2936599">
                <ele>600.3</ele>
                <time>2026-05-30T10:16:05Z</time>
                <hdop>4.7</hdop>
                <extensions>
                    <osmand:speed>0.8</osmand:speed>
                </extensions>
            </trkpt>
            <trkpt lat="44.5972758" lon="22.2936682">
                <ele>601.4</ele>
                <time>2026-05-30T10:16:11Z</time>
                <hdop>4.7</hdop>
                <extensions>
                    <osmand:speed>1.5</osmand:speed>
                </extensions>
            </trkpt>
            <trkpt lat="44.5972441" lon="22.293712">
                <ele>604</ele>
                <time>2026-05-30T10:16:17Z</time>
                <hdop>4.7</hdop>
                <extensions>
                    <osmand:speed>0.8</osmand:speed>
                </extensions>
            </trkpt>
            <trkpt lat="44.5972027" lon="22.2936998">
                <ele>605.1</ele>
                <time>2026-05-30T10:16:23Z</time>
                <hdop>4.7</hdop>
                <extensions>
                    <osmand:speed>0.7</osmand:speed>
                </extensions>
            </trkpt>
            <trkpt lat="44.5971602" lon="22.2937126">
                <ele>606.9</ele>
                <time>2026-05-30T10:16:29Z</time>
                <hdop>4.7</hdop>
                <extensions>
                    <osmand:speed>0.7</osmand:speed>
                </extensions>
            </trkpt>
            <trkpt lat="44.597116" lon="22.2936789">
                <ele>609.5</ele>
                <time>2026-05-30T10:16:35Z</time>
                <hdop>4.7</hdop>
                <extensions>
                    <osmand:speed>0.2</osmand:speed>
                </extensions>
            </trkpt>
            <trkpt lat="44.5970728" lon="22.2936135">
                <ele>611</ele>
                <time>2026-05-30T10:16:41Z</time>
                <hdop>4.7</hdop>
                <extensions>
                    <osmand:speed>1.2</osmand:speed>
                </extensions>
            </trkpt>
            <trkpt lat="44.5970432" lon="22.2935801">
                <ele>611.3</ele>
                <time>2026-05-30T10:16:47Z</time>
                <hdop>4.7</hdop>
                <extensions>
                    <osmand:speed>0.5</osmand:speed>
                </extensions>
            </trkpt>
            <trkpt lat="44.5970598" lon="22.2935711">
                <ele>612.5</ele>
                <time>2026-05-30T10:16:53Z</time>
                <hdop>4.7</hdop>
                <extensions>
                    <osmand:speed>0.1</osmand:speed>
                </extensions>
            </trkpt>
            <trkpt lat="44.5970847" lon="22.293547">
                <ele>614.9</ele>
                <time>2026-05-30T10:16:59Z</time>
                <hdop>4.7</hdop>
                <extensions>
                    <osmand:speed>0.1</osmand:speed>
                </extensions>
            </trkpt>
            <trkpt lat="44.5970777" lon="22.2934859">
                <ele>617.3</ele>
                <time>2026-05-30T10:17:05Z</time>
                <hdop>4.7</hdop>
                <extensions>
                    <osmand:speed>0.8</osmand:speed>
                </extensions>
            </trkpt>
            <trkpt lat="44.5970535" lon="22.2934224">
                <ele>616.3</ele>
                <time>2026-05-30T10:17:12Z</time>
                <hdop>4.7</hdop>
                <extensions>
                    <osmand:speed>0.9</osmand:speed>
                </extensions>
            </trkpt>
            <trkpt lat="44.5970505" lon="22.2933537">
                <ele>617.1</ele>
                <time>2026-05-30T10:17:18Z</time>
                <hdop>4.7</hdop>
                <extensions>
                    <osmand:speed>0.8</osmand:speed>
                </extensions>
            </trkpt>
            <trkpt lat="44.597056" lon="22.2932998">
                <ele>619.5</ele>
                <time>2026-05-30T10:17:24Z</time>
                <hdop>4.7</hdop>
                <extensions>
                    <osmand:speed>0.4</osmand:speed>
                </extensions>
            </trkpt>
            <trkpt lat="44.5970528" lon="22.2932649">
                <ele>618.8</ele>
                <time>2026-05-30T10:17:30Z</time>
                <hdop>4.7</hdop>
                <extensions>
                    <osmand:speed>0.2</osmand:speed>
                </extensions>
            </trkpt>
            <trkpt lat="44.5970436" lon="22.2932157">
                <ele>619.5</ele>
                <time>2026-05-30T10:17:36Z</time>
                <hdop>4.7</hdop>
                <extensions>
                    <osmand:speed>1.1</osmand:speed>
                </extensions>
            </trkpt>
            <trkpt lat="44.5970092" lon="22.2931802">
                <ele>619.7</ele>
                <time>2026-05-30T10:17:42Z</time>
                <hdop>4.7</hdop>
                <extensions>
                    <osmand:speed>0.1</osmand:speed>
                </extensions>
            </trkpt>
            <trkpt lat="44.596985" lon="22.2931081">
                <ele>620.9</ele>
                <time>2026-05-30T10:17:48Z</time>
                <hdop>4.7</hdop>
                <extensions>
                    <osmand:speed>0.5</osmand:speed>
                </extensions>
            </trkpt>
            <trkpt lat="44.596981" lon="22.2930394">
                <ele>622.9</ele>
                <time>2026-05-30T10:17:54Z</time>
                <hdop>4.7</hdop>
                <extensions>
                    <osmand:speed>0.6</osmand:speed>
                </extensions>
            </trkpt>
            <trkpt lat="44.5969913" lon="22.2929978">
                <ele>624.3</ele>
                <time>2026-05-30T10:18:00Z</time>
                <hdop>4.7</hdop>
                <extensions>
                    <osmand:speed>0.4</osmand:speed>
                </extensions>
            </trkpt>
            <trkpt lat="44.5969486" lon="22.292934">
                <ele>624.5</ele>
                <time>2026-05-30T10:18:06Z</time>
                <hdop>4.7</hdop>
                <extensions>
                    <osmand:speed>1.2</osmand:speed>
                </extensions>
            </trkpt>
            <trkpt lat="44.5969466" lon="22.2928883">
                <ele>625.9</ele>
                <time>2026-05-30T10:18:12Z</time>
                <hdop>4.7</hdop>
                <extensions>
                    <osmand:speed>0.6</osmand:speed>
                </extensions>
            </trkpt>
            <trkpt lat="44.5969212" lon="22.2928082">
                <ele>626.9</ele>
                <time>2026-05-30T10:18:18Z</time>
                <hdop>4.7</hdop>
                <extensions>
                    <osmand:speed>1.3</osmand:speed>
                </extensions>
            </trkpt>
            <trkpt lat="44.5969068" lon="22.292747">
                <ele>627.8</ele>
                <time>2026-05-30T10:18:24Z</time>
                <hdop>4.7</hdop>
                <extensions>
                    <osmand:speed>0.7</osmand:speed>
                </extensions>
            </trkpt>
            <trkpt lat="44.5968859" lon="22.2926986">
                <ele>628.1</ele>
                <time>2026-05-30T10:18:30Z</time>
                <hdop>4.7</hdop>
                <extensions>
                    <osmand:speed>0.9</osmand:speed>
                </extensions>
            </trkpt>
            <trkpt lat="44.5969049" lon="22.2926053">
                <ele>628</ele>
                <time>2026-05-30T10:18:36Z</time>
                <hdop>4.7</hdop>
                <extensions>
                    <osmand:speed>1.9</osmand:speed>
                </extensions>
            </trkpt>
            <trkpt lat="44.5968685" lon="22.2925469">
                <ele>629.4</ele>
                <time>2026-05-30T10:18:42Z</time>
                <hdop>4.7</hdop>
                <extensions>
                    <osmand:speed>0.8</osmand:speed>
                </extensions>
            </trkpt>
            <trkpt lat="44.5968068" lon="22.2924747">
                <ele>630.4</ele>
                <time>2026-05-30T10:18:48Z</time>
                <hdop>4.7</hdop>
                <extensions>
                    <osmand:speed>1.9</osmand:speed>
                </extensions>
            </trkpt>
            <trkpt lat="44.5968142" lon="22.2923981">
                <ele>629.7</ele>
                <time>2026-05-30T10:18:54Z</time>
                <hdop>4.7</hdop>
                <extensions>
                    <osmand:speed>0.9</osmand:speed>
                </extensions>
            </trkpt>
            <trkpt lat="44.5968132" lon="22.2923389">
                <ele>632.8</ele>
                <time>2026-05-30T10:19:00Z</time>
                <hdop>4.7</hdop>
                <extensions>
                    <osmand:speed>0.6</osmand:speed>
                </extensions>
            </trkpt>
            <trkpt lat="44.5968163" lon="22.2922619">
                <ele>633.1</ele>
                <time>2026-05-30T10:19:06Z</time>
                <hdop>4.7</hdop>
                <extensions>
                    <osmand:speed>0.7</osmand:speed>
                </extensions>
            </trkpt>
            <trkpt lat="44.5968218" lon="22.2921929">
                <ele>631.9</ele>
                <time>2026-05-30T10:19:12Z</time>
                <hdop>4.7</hdop>
                <extensions>
                    <osmand:speed>0.8</osmand:speed>
                </extensions>
            </trkpt>
            <trkpt lat="44.596796" lon="22.2921466">
                <ele>632.7</ele>
                <time>2026-05-30T10:19:18Z</time>
                <hdop>4.7</hdop>
                <extensions>
                    <osmand:speed>0.5</osmand:speed>
                </extensions>
            </trkpt>
            <trkpt lat="44.5967751" lon="22.2920777">
                <ele>632.8</ele>
                <time>2026-05-30T10:19:24Z</time>
                <hdop>4.7</hdop>
                <extensions>
                    <osmand:speed>0.7</osmand:speed>
                </extensions>
            </trkpt>
            <trkpt lat="44.5967609" lon="22.2920031">
                <ele>637</ele>
                <time>2026-05-30T10:19:30Z</time>
                <hdop>4.7</hdop>
                <extensions>
                    <osmand:speed>0.9</osmand:speed>
                </extensions>
            </trkpt>
            <trkpt lat="44.5967713" lon="22.2919273">
                <ele>639.1</ele>
                <time>2026-05-30T10:19:36Z</time>
                <hdop>4.7</hdop>
                <extensions>
                    <osmand:speed>0.6</osmand:speed>
                </extensions>
            </trkpt>
            <trkpt lat="44.5967934" lon="22.2918637">
                <ele>638.1</ele>
                <time>2026-05-30T10:19:42Z</time>
                <hdop>4.7</hdop>
                <extensions>
                    <osmand:speed>0.2</osmand:speed>
                </extensions>
            </trkpt>
            <trkpt lat="44.5968081" lon="22.2918057">
                <ele>636.8</ele>
                <time>2026-05-30T10:19:48Z</time>
                <hdop>4.7</hdop>
                <extensions>
                    <osmand:speed>0.3</osmand:speed>
                </extensions>
            </trkpt>
            <trkpt lat="44.5968363" lon="22.2917745">
                <ele>639.2</ele>
                <time>2026-05-30T10:19:54Z</time>
                <hdop>4.7</hdop>
                <extensions>
                    <osmand:speed>0.4</osmand:speed>
                </extensions>
            </trkpt>
            <trkpt lat="44.5968755" lon="22.2917501">
                <ele>639.9</ele>
                <time>2026-05-30T10:20:00Z</time>
                <hdop>4.7</hdop>
                <extensions>
                    <osmand:speed>0.4</osmand:speed>
                </extensions>
            </trkpt>
            <trkpt lat="44.5969004" lon="22.2917046">
                <ele>640</ele>
                <time>2026-05-30T10:20:06Z</time>
                <hdop>4.7</hdop>
                <extensions>
                    <osmand:speed>0.6</osmand:speed>
                </extensions>
            </trkpt>
            <trkpt lat="44.5969245" lon="22.2916535">
                <ele>641.2</ele>
                <time>2026-05-30T10:20:12Z</time>
                <hdop>4.7</hdop>
                <extensions>
                    <osmand:speed>0.6</osmand:speed>
                </extensions>
            </trkpt>
            <trkpt lat="44.5969758" lon="22.2916281">
                <ele>640.5</ele>
                <time>2026-05-30T10:20:18Z</time>
                <hdop>4.7</hdop>
                <extensions>
                    <osmand:speed>0.7</osmand:speed>
                </extensions>
            </trkpt>
            <trkpt lat="44.5970085" lon="22.2915965">
                <ele>640.1</ele>
                <time>2026-05-30T10:20:24Z</time>
                <hdop>4.7</hdop>
                <extensions>
                    <osmand:speed>0.7</osmand:speed>
                </extensions>
            </trkpt>
            <trkpt lat="44.5970354" lon="22.2915692">
                <ele>641.6</ele>
                <time>2026-05-30T10:20:30Z</time>
                <hdop>4.7</hdop>
                <extensions>
                    <osmand:speed>0.7</osmand:speed>
                </extensions>
            </trkpt>
            <trkpt lat="44.5970925" lon="22.2915782">
                <ele>643.2</ele>
                <time>2026-05-30T10:20:36Z</time>
                <hdop>4.7</hdop>
                <extensions>
                    <osmand:speed>0.3</osmand:speed>
                </extensions>
            </trkpt>
            <trkpt lat="44.5971327" lon="22.2915463">
                <ele>643.4</ele>
                <time>2026-05-30T10:20:42Z</time>
                <hdop>4.7</hdop>
                <extensions>
                    <osmand:speed>0.3</osmand:speed>
                </extensions>
            </trkpt>
            <trkpt lat="44.5971592" lon="22.29152">
                <ele>644.2</ele>
                <time>2026-05-30T10:20:48Z</time>
                <hdop>4.7</hdop>
                <extensions>
                    <osmand:speed>0.5</osmand:speed>
                </extensions>
            </trkpt>
            <trkpt lat="44.5971882" lon="22.2914775">
                <ele>645.1</ele>
                <time>2026-05-30T10:20:54Z</time>
                <hdop>4.7</hdop>
                <extensions>
                    <osmand:speed>0.8</osmand:speed>
                </extensions>
            </trkpt>
            <trkpt lat="44.5972245" lon="22.2914175">
                <ele>645.4</ele>
                <time>2026-05-30T10:21:00Z</time>
                <hdop>4.7</hdop>
                <extensions>
                    <osmand:speed>0.4</osmand:speed>
                </extensions>
            </trkpt>
            <trkpt lat="44.5972657" lon="22.2913693">
                <ele>646.4</ele>
                <time>2026-05-30T10:21:06Z</time>
                <hdop>4.7</hdop>
                <extensions>
                    <osmand:speed>0.6</osmand:speed>
                </extensions>
            </trkpt>
            <trkpt lat="44.5972959" lon="22.2913223">
                <ele>647.3</ele>
                <time>2026-05-30T10:21:12Z</time>
                <hdop>4.7</hdop>
                <extensions>
                    <osmand:speed>0.8</osmand:speed>
                </extensions>
            </trkpt>
            <trkpt lat="44.5973519" lon="22.291291">
                <ele>648.4</ele>
                <time>2026-05-30T10:21:18Z</time>
                <hdop>4.7</hdop>
                <extensions>
                    <osmand:speed>0.9</osmand:speed>
                </extensions>
            </trkpt>
            <trkpt lat="44.5973922" lon="22.2912488">
                <ele>648.5</ele>
                <time>2026-05-30T10:21:24Z</time>
                <hdop>4.7</hdop>
                <extensions>
                    <osmand:speed>0.7</osmand:speed>
                </extensions>
            </trkpt>
            <trkpt lat="44.5974125" lon="22.291187">
                <ele>650.2</ele>
                <time>2026-05-30T10:21:30Z</time>
                <hdop>4.7</hdop>
                <extensions>
                    <osmand:speed>0.6</osmand:speed>
                </extensions>
            </trkpt>
            <trkpt lat="44.597418" lon="22.2911236">
                <ele>652.5</ele>
                <time>2026-05-30T10:21:36Z</time>
                <hdop>4.7</hdop>
                <extensions>
                    <osmand:speed>0.9</osmand:speed>
                </extensions>
            </trkpt>
            <trkpt lat="44.5974304" lon="22.2910739">
                <ele>652.6</ele>
                <time>2026-05-30T10:21:42Z</time>
                <hdop>4.7</hdop>
                <extensions>
                    <osmand:speed>0.5</osmand:speed>
                </extensions>
            </trkpt>
            <trkpt lat="44.5974486" lon="22.2910456">
                <ele>653.1</ele>
                <time>2026-05-30T10:21:48Z</time>
                <hdop>4.7</hdop>
                <extensions>
                    <osmand:speed>0.3</osmand:speed>
                </extensions>
            </trkpt>
            <trkpt lat="44.5974313" lon="22.2909984">
                <ele>656</ele>
                <time>2026-05-30T10:21:54Z</time>
                <hdop>4.7</hdop>
                <extensions>
                    <osmand:speed>0.8</osmand:speed>
                </extensions>
            </trkpt>
            <trkpt lat="44.5974074" lon="22.290955">
                <ele>657</ele>
                <time>2026-05-30T10:22:00Z</time>
                <hdop>4.7</hdop>
                <extensions>
                    <osmand:speed>0.7</osmand:speed>
                </extensions>
            </trkpt>
            <trkpt lat="44.5973871" lon="22.2909132">
                <ele>658.6</ele>
                <time>2026-05-30T10:22:06Z</time>
                <hdop>4.7</hdop>
                <extensions>
                    <osmand:speed>0.8</osmand:speed>
                </extensions>
            </trkpt>
            <trkpt lat="44.5973693" lon="22.2908418">
                <ele>658.8</ele>
                <time>2026-05-30T10:22:12Z</time>
                <hdop>4.7</hdop>
                <extensions>
                    <osmand:speed>0.8</osmand:speed>
                </extensions>
            </trkpt>
            <trkpt lat="44.5973465" lon="22.2907948">
                <ele>659.6</ele>
                <time>2026-05-30T10:22:18Z</time>
                <hdop>4.7</hdop>
                <extensions>
                    <osmand:speed>0.6</osmand:speed>
                </extensions>
            </trkpt>
            <trkpt lat="44.5973001" lon="22.2907437">
                <ele>660</ele>
                <time>2026-05-30T10:22:24Z</time>
                <hdop>4.7</hdop>
                <extensions>
                    <osmand:speed>1</osmand:speed>
                </extensions>
            </trkpt>
            <trkpt lat="44.5972852" lon="22.2906792">
                <ele>659.9</ele>
                <time>2026-05-30T10:22:30Z</time>
                <hdop>4.7</hdop>
                <extensions>
                    <osmand:speed>0.5</osmand:speed>
                </extensions>
            </trkpt>
            <trkpt lat="44.5972492" lon="22.290607">
                <ele>659.6</ele>
                <time>2026-05-30T10:22:36Z</time>
                <hdop>4.7</hdop>
                <extensions>
                    <osmand:speed>0.8</osmand:speed>
                </extensions>
            </trkpt>
            <trkpt lat="44.5971912" lon="22.290562">
                <ele>659.6</ele>
                <time>2026-05-30T10:22:42Z</time>
                <hdop>4.7</hdop>
                <extensions>
                    <osmand:speed>0.9</osmand:speed>
                </extensions>
            </trkpt>
            <trkpt lat="44.5971448" lon="22.2905166">
                <ele>660</ele>
                <time>2026-05-30T10:22:48Z</time>
                <hdop>4.7</hdop>
                <extensions>
                    <osmand:speed>0.7</osmand:speed>
                </extensions>
            </trkpt>
            <trkpt lat="44.5971037" lon="22.2904639">
                <ele>661.3</ele>
                <time>2026-05-30T10:22:54Z</time>
                <hdop>4.7</hdop>
                <extensions>
                    <osmand:speed>0.7</osmand:speed>
                </extensions>
            </trkpt>
            <trkpt lat="44.597057" lon="22.2903653">
                <ele>662.4</ele>
                <time>2026-05-30T10:23:04Z</time>
                <hdop>4.7</hdop>
                <extensions>
                    <osmand:speed>0.9</osmand:speed>
                </extensions>
            </trkpt>
            <trkpt lat="44.5970293" lon="22.2903069">
                <ele>666.1</ele>
                <time>2026-05-30T10:23:12Z</time>
                <hdop>4.7</hdop>
                <extensions>
                    <osmand:speed>0.8</osmand:speed>
                </extensions>
            </trkpt>
            <trkpt lat="44.597003" lon="22.2902461">
                <ele>668.4</ele>
                <time>2026-05-30T10:23:20Z</time>
                <hdop>4.7</hdop>
                <extensions>
                    <osmand:speed>0.8</osmand:speed>
                </extensions>
            </trkpt>
            <trkpt lat="44.5969795" lon="22.2901851">
                <ele>670.5</ele>
                <time>2026-05-30T10:23:26Z</time>
                <hdop>4.7</hdop>
                <extensions>
                    <osmand:speed>0.9</osmand:speed>
                </extensions>
            </trkpt>
            <trkpt lat="44.5969672" lon="22.2900554">
                <ele>671.9</ele>
                <time>2026-05-30T10:23:37Z</time>
                <hdop>4.7</hdop>
                <extensions>
                    <osmand:speed>0.6</osmand:speed>
                </extensions>
            </trkpt>
            <trkpt lat="44.5969367" lon="22.2900054">
                <ele>672</ele>
                <time>2026-05-30T10:23:43Z</time>
                <hdop>4.7</hdop>
                <extensions>
                    <osmand:speed>1</osmand:speed>
                </extensions>
            </trkpt>
            <trkpt lat="44.5969018" lon="22.2899489">
                <ele>671.9</ele>
                <time>2026-05-30T10:23:49Z</time>
                <hdop>4.7</hdop>
                <extensions>
                    <osmand:speed>0.6</osmand:speed>
                </extensions>
            </trkpt>
            <trkpt lat="44.5968841" lon="22.2898833">
                <ele>671.7</ele>
                <time>2026-05-30T10:23:55Z</time>
                <hdop>4.7</hdop>
                <extensions>
                    <osmand:speed>0.7</osmand:speed>
                </extensions>
            </trkpt>
            <trkpt lat="44.5968526" lon="22.2898326">
                <ele>673.1</ele>
                <time>2026-05-30T10:24:01Z</time>
                <hdop>4.7</hdop>
                <extensions>
                    <osmand:speed>0.4</osmand:speed>
                </extensions>
            </trkpt>
            <trkpt lat="44.5968347" lon="22.2898035">
                <ele>674.5</ele>
                <time>2026-05-30T10:24:07Z</time>
                <hdop>4.7</hdop>
                <extensions>
                    <osmand:speed>0.4</osmand:speed>
                </extensions>
            </trkpt>
            <trkpt lat="44.5968084" lon="22.2897575">
                <ele>674.8</ele>
                <time>2026-05-30T10:24:13Z</time>
                <hdop>4.7</hdop>
                <extensions>
                    <osmand:speed>0.8</osmand:speed>
                </extensions>
            </trkpt>
            <trkpt lat="44.596791" lon="22.2897321">
                <ele>677.3</ele>
                <time>2026-05-30T10:24:19Z</time>
                <hdop>4.7</hdop>
                <extensions>
                    <osmand:speed>0.4</osmand:speed>
                </extensions>
            </trkpt>
            <trkpt lat="44.5967832" lon="22.2896936">
                <ele>678.9</ele>
                <time>2026-05-30T10:24:25Z</time>
                <hdop>4.7</hdop>
                <extensions>
                    <osmand:speed>0.4</osmand:speed>
                </extensions>
            </trkpt>
            <trkpt lat="44.5967789" lon="22.2896453">
                <ele>680.2</ele>
                <time>2026-05-30T10:24:31Z</time>
                <hdop>4.7</hdop>
                <extensions>
                    <osmand:speed>0.6</osmand:speed>
                </extensions>
            </trkpt>
            <trkpt lat="44.5967656" lon="22.2896122">
                <ele>680.9</ele>
                <time>2026-05-30T10:24:37Z</time>
                <hdop>4.7</hdop>
                <extensions>
                    <osmand:speed>0.4</osmand:speed>
                </extensions>
            </trkpt>
            <trkpt lat="44.5967472" lon="22.2895554">
                <ele>680.3</ele>
                <time>2026-05-30T10:24:43Z</time>
                <hdop>4.7</hdop>
                <extensions>
                    <osmand:speed>0.8</osmand:speed>
                </extensions>
            </trkpt>
            <trkpt lat="44.5967304" lon="22.2895168">
                <ele>680.6</ele>
                <time>2026-05-30T10:24:49Z</time>
                <hdop>4.7</hdop>
                <extensions>
                    <osmand:speed>0.5</osmand:speed>
                </extensions>
            </trkpt>
            <trkpt lat="44.596714" lon="22.2894891">
                <ele>680.6</ele>
                <time>2026-05-30T10:24:55Z</time>
                <hdop>4.7</hdop>
                <extensions>
                    <osmand:speed>0.2</osmand:speed>
                </extensions>
            </trkpt>
            <trkpt lat="44.5966747" lon="22.289391">
                <ele>680.7</ele>
                <time>2026-05-30T10:25:01Z</time>
                <hdop>4.7</hdop>
                <extensions>
                    <osmand:speed>1.5</osmand:speed>
                </extensions>
            </trkpt>
            <trkpt lat="44.5966624" lon="22.2893506">
                <ele>681.2</ele>
                <time>2026-05-30T10:25:07Z</time>
                <hdop>4.7</hdop>
                <extensions>
                    <osmand:speed>0.7</osmand:speed>
                </extensions>
            </trkpt>
            <trkpt lat="44.596639" lon="22.2893068">
                <ele>682.9</ele>
                <time>2026-05-30T10:25:13Z</time>
                <hdop>4.7</hdop>
                <extensions>
                    <osmand:speed>0.4</osmand:speed>
                </extensions>
            </trkpt>
            <trkpt lat="44.5966178" lon="22.2892583">
                <ele>684.8</ele>
                <time>2026-05-30T10:25:19Z</time>
                <hdop>4.7</hdop>
                <extensions>
                    <osmand:speed>0.1</osmand:speed>
                </extensions>
            </trkpt>
            <trkpt lat="44.5966086" lon="22.2892262">
                <ele>686.7</ele>
                <time>2026-05-30T10:25:25Z</time>
                <hdop>4.7</hdop>
                <extensions>
                    <osmand:speed>0.4</osmand:speed>
                </extensions>
            </trkpt>
            <trkpt lat="44.596572" lon="22.2891726">
                <ele>687.8</ele>
                <time>2026-05-30T10:25:31Z</time>
                <hdop>4.7</hdop>
                <extensions>
                    <osmand:speed>1.1</osmand:speed>
                </extensions>
            </trkpt>
            <trkpt lat="44.5965433" lon="22.2891326">
                <ele>689</ele>
                <time>2026-05-30T10:25:37Z</time>
                <hdop>4.7</hdop>
                <extensions>
                    <osmand:speed>0.7</osmand:speed>
                </extensions>
            </trkpt>
            <trkpt lat="44.5965197" lon="22.2890721">
                <ele>688.5</ele>
                <time>2026-05-30T10:25:43Z</time>
                <hdop>4.7</hdop>
                <extensions>
                    <osmand:speed>0.3</osmand:speed>
                </extensions>
            </trkpt>
            <trkpt lat="44.5964935" lon="22.2890135">
                <ele>688.8</ele>
                <time>2026-05-30T10:25:49Z</time>
                <hdop>4.7</hdop>
                <extensions>
                    <osmand:speed>0.6</osmand:speed>
                </extensions>
            </trkpt>
            <trkpt lat="44.5964696" lon="22.2889504">
                <ele>687.5</ele>
                <time>2026-05-30T10:25:55Z</time>
                <hdop>4.7</hdop>
                <extensions>
                    <osmand:speed>0.7</osmand:speed>
                </extensions>
            </trkpt>
            <trkpt lat="44.5964411" lon="22.2888942">
                <ele>690.2</ele>
                <time>2026-05-30T10:26:01Z</time>
                <hdop>4.7</hdop>
                <extensions>
                    <osmand:speed>0.7</osmand:speed>
                </extensions>
            </trkpt>
            <trkpt lat="44.5964202" lon="22.2888449">
                <ele>691.8</ele>
                <time>2026-05-30T10:26:07Z</time>
                <hdop>4.7</hdop>
                <extensions>
                    <osmand:speed>0.5</osmand:speed>
                </extensions>
            </trkpt>
            <trkpt lat="44.5963818" lon="22.2888038">
                <ele>693.5</ele>
                <time>2026-05-30T10:26:13Z</time>
                <hdop>4.7</hdop>
                <extensions>
                    <osmand:speed>0.7</osmand:speed>
                </extensions>
            </trkpt>
            <trkpt lat="44.5963564" lon="22.2887723">
                <ele>693.4</ele>
                <time>2026-05-30T10:26:19Z</time>
                <hdop>4.7</hdop>
                <extensions>
                    <osmand:speed>0.3</osmand:speed>
                </extensions>
            </trkpt>
            <trkpt lat="44.5963194" lon="22.2887261">
                <ele>693.6</ele>
                <time>2026-05-30T10:26:25Z</time>
                <hdop>4.7</hdop>
                <extensions>
                    <osmand:speed>0.5</osmand:speed>
                </extensions>
            </trkpt>
            <trkpt lat="44.5962737" lon="22.2887021">
                <ele>694.8</ele>
                <time>2026-05-30T10:26:31Z</time>
                <hdop>4.7</hdop>
                <extensions>
                    <osmand:speed>0.9</osmand:speed>
                </extensions>
            </trkpt>
            <trkpt lat="44.5962257" lon="22.2886851">
                <ele>695.2</ele>
                <time>2026-05-30T10:26:37Z</time>
                <hdop>4.7</hdop>
                <extensions>
                    <osmand:speed>0.9</osmand:speed>
                </extensions>
            </trkpt>
            <trkpt lat="44.5961917" lon="22.2886459">
                <ele>698</ele>
                <time>2026-05-30T10:26:43Z</time>
                <hdop>4.7</hdop>
                <extensions>
                    <osmand:speed>0.9</osmand:speed>
                </extensions>
            </trkpt>
            <trkpt lat="44.5961502" lon="22.2886194">
                <ele>699.9</ele>
                <time>2026-05-30T10:26:49Z</time>
                <hdop>4.7</hdop>
                <extensions>
                    <osmand:speed>0.7</osmand:speed>
                </extensions>
            </trkpt>
            <trkpt lat="44.596102" lon="22.28858">
                <ele>699.9</ele>
                <time>2026-05-30T10:26:55Z</time>
                <hdop>4.7</hdop>
                <extensions>
                    <osmand:speed>0.9</osmand:speed>
                </extensions>
            </trkpt>
            <trkpt lat="44.5960721" lon="22.2885423">
                <ele>699.3</ele>
                <time>2026-05-30T10:27:01Z</time>
                <hdop>4.7</hdop>
                <extensions>
                    <osmand:speed>0.7</osmand:speed>
                </extensions>
            </trkpt>
            <trkpt lat="44.5960328" lon="22.288514">
                <ele>701.2</ele>
                <time>2026-05-30T10:27:07Z</time>
                <hdop>4.7</hdop>
                <extensions>
                    <osmand:speed>0.6</osmand:speed>
                </extensions>
            </trkpt>
            <trkpt lat="44.5959939" lon="22.2884753">
                <ele>702.1</ele>
                <time>2026-05-30T10:27:13Z</time>
                <hdop>4.7</hdop>
                <extensions>
                    <osmand:speed>0.7</osmand:speed>
                </extensions>
            </trkpt>
            <trkpt lat="44.595956" lon="22.2884362">
                <ele>704.2</ele>
                <time>2026-05-30T10:27:19Z</time>
                <hdop>4.7</hdop>
                <extensions>
                    <osmand:speed>0.7</osmand:speed>
                </extensions>
            </trkpt>
            <trkpt lat="44.5959162" lon="22.2883927">
                <ele>703.8</ele>
                <time>2026-05-30T10:27:25Z</time>
                <hdop>4.7</hdop>
                <extensions>
                    <osmand:speed>0.7</osmand:speed>
                </extensions>
            </trkpt>
            <trkpt lat="44.5958588" lon="22.2883532">
                <ele>704.2</ele>
                <time>2026-05-30T10:27:31Z</time>
                <hdop>4.7</hdop>
                <extensions>
                    <osmand:speed>0.8</osmand:speed>
                </extensions>
            </trkpt>
            <trkpt lat="44.5958167" lon="22.2883124">
                <ele>705.1</ele>
                <time>2026-05-30T10:27:37Z</time>
                <hdop>4.7</hdop>
                <extensions>
                    <osmand:speed>0.7</osmand:speed>
                </extensions>
            </trkpt>
            <trkpt lat="44.5957832" lon="22.2882845">
                <ele>706.1</ele>
                <time>2026-05-30T10:27:43Z</time>
                <hdop>4.7</hdop>
                <extensions>
                    <osmand:speed>0.4</osmand:speed>
                </extensions>
            </trkpt>
            <trkpt lat="44.5957489" lon="22.2882343">
                <ele>706</ele>
                <time>2026-05-30T10:27:49Z</time>
                <hdop>4.7</hdop>
                <extensions>
                    <osmand:speed>0.8</osmand:speed>
                </extensions>
            </trkpt>
            <trkpt lat="44.5957167" lon="22.2882017">
                <ele>708.1</ele>
                <time>2026-05-30T10:27:55Z</time>
                <hdop>4.7</hdop>
                <extensions>
                    <osmand:speed>0.5</osmand:speed>
                </extensions>
            </trkpt>
            <trkpt lat="44.5956966" lon="22.288135">
                <ele>708.4</ele>
                <time>2026-05-30T10:28:01Z</time>
                <hdop>4.7</hdop>
                <extensions>
                    <osmand:speed>0.5</osmand:speed>
                </extensions>
            </trkpt>
            <trkpt lat="44.595668" lon="22.2880688">
                <ele>710.6</ele>
                <time>2026-05-30T10:28:07Z</time>
                <hdop>4.7</hdop>
                <extensions>
                    <osmand:speed>0.9</osmand:speed>
                </extensions>
            </trkpt>
            <trkpt lat="44.5956499" lon="22.288031">
                <ele>711.5</ele>
                <time>2026-05-30T10:28:13Z</time>
                <hdop>4.7</hdop>
                <extensions>
                    <osmand:speed>0.5</osmand:speed>
                </extensions>
            </trkpt>
            <trkpt lat="44.5955986" lon="22.2879757">
                <ele>710.5</ele>
                <time>2026-05-30T10:28:22Z</time>
                <hdop>4.7</hdop>
                <extensions>
                    <osmand:speed>1</osmand:speed>
                </extensions>
            </trkpt>
            <trkpt lat="44.5955642" lon="22.2879165">
                <ele>709.2</ele>
                <time>2026-05-30T10:28:32Z</time>
                <hdop>4.7</hdop>
                <extensions>
                    <osmand:speed>0.6</osmand:speed>
                </extensions>
            </trkpt>
            <trkpt lat="44.5955302" lon="22.2878636">
                <ele>712.4</ele>
                <time>2026-05-30T10:28:41Z</time>
                <hdop>4.7</hdop>
                <extensions>
                    <osmand:speed>0.6</osmand:speed>
                </extensions>
            </trkpt>
            <trkpt lat="44.5955028" lon="22.2877961">
                <ele>714.9</ele>
                <time>2026-05-30T10:28:49Z</time>
                <hdop>4.7</hdop>
                <extensions>
                    <osmand:speed>0.5</osmand:speed>
                </extensions>
            </trkpt>
            <trkpt lat="44.5954957" lon="22.2877258">
                <ele>715.5</ele>
                <time>2026-05-30T10:28:55Z</time>
                <hdop>4.7</hdop>
                <extensions>
                    <osmand:speed>1.1</osmand:speed>
                </extensions>
            </trkpt>
            <trkpt lat="44.5955041" lon="22.2876633">
                <ele>717.7</ele>
                <time>2026-05-30T10:29:03Z</time>
                <hdop>4.7</hdop>
                <extensions>
                    <osmand:speed>0.3</osmand:speed>
                </extensions>
            </trkpt>
            <trkpt lat="44.5954869" lon="22.2875998">
                <ele>721.1</ele>
                <time>2026-05-30T10:29:12Z</time>
                <hdop>4.7</hdop>
                <extensions>
                    <osmand:speed>0.6</osmand:speed>
                </extensions>
            </trkpt>
            <trkpt lat="44.5954813" lon="22.2875254">
                <ele>720.1</ele>
                <time>2026-05-30T10:29:20Z</time>
                <hdop>4.7</hdop>
                <extensions>
                    <osmand:speed>0.6</osmand:speed>
                </extensions>
            </trkpt>
            <trkpt lat="44.5955042" lon="22.2874598">
                <ele>721.4</ele>
                <time>2026-05-30T10:29:27Z</time>
                <hdop>4.7</hdop>
                <extensions>
                    <osmand:speed>0.6</osmand:speed>
                </extensions>
            </trkpt>
            <trkpt lat="44.5955458" lon="22.287326">
                <ele>724.6</ele>
                <time>2026-05-30T10:29:38Z</time>
                <hdop>4.7</hdop>
                <extensions>
                    <osmand:speed>1.2</osmand:speed>
                </extensions>
            </trkpt>
            <trkpt lat="44.5955728" lon="22.2872652">
                <ele>727.1</ele>
                <time>2026-05-30T10:29:44Z</time>
                <hdop>4.7</hdop>
                <extensions>
                    <osmand:speed>0.8</osmand:speed>
                </extensions>
            </trkpt>
            <trkpt lat="44.5956011" lon="22.2872138">
                <ele>728.3</ele>
                <time>2026-05-30T10:29:51Z</time>
                <hdop>4.7</hdop>
                <extensions>
                    <osmand:speed>0.5</osmand:speed>
                </extensions>
            </trkpt>
            <trkpt lat="44.5956181" lon="22.2871524">
                <ele>730</ele>
                <time>2026-05-30T10:29:57Z</time>
                <hdop>4.7</hdop>
                <extensions>
                    <osmand:speed>0.5</osmand:speed>
                </extensions>
            </trkpt>
            <trkpt lat="44.5956679" lon="22.2870315">
                <ele>727.8</ele>
                <time>2026-05-30T10:30:08Z</time>
                <hdop>4.7</hdop>
                <extensions>
                    <osmand:speed>0.8</osmand:speed>
                </extensions>
            </trkpt>
            <trkpt lat="44.5956828" lon="22.2869684">
                <ele>728.8</ele>
                <time>2026-05-30T10:30:14Z</time>
                <hdop>4.7</hdop>
                <extensions>
                    <osmand:speed>0.4</osmand:speed>
                </extensions>
            </trkpt>
            <trkpt lat="44.595703" lon="22.2868221">
                <ele>725.9</ele>
                <time>2026-05-30T10:30:25Z</time>
                <hdop>4.7</hdop>
                <extensions>
                    <osmand:speed>0.8</osmand:speed>
                </extensions>
            </trkpt>
            <trkpt lat="44.5957023" lon="22.2867354">
                <ele>725.4</ele>
                <time>2026-05-30T10:30:31Z</time>
                <hdop>4.7</hdop>
                <extensions>
                    <osmand:speed>0.8</osmand:speed>
                </extensions>
            </trkpt>
            <trkpt lat="44.5956735" lon="22.28666">
                <ele>727.4</ele>
                <time>2026-05-30T10:30:37Z</time>
                <hdop>4.7</hdop>
                <extensions>
                    <osmand:speed>1</osmand:speed>
                </extensions>
            </trkpt>
            <trkpt lat="44.5956641" lon="22.2865807">
                <ele>729.2</ele>
                <time>2026-05-30T10:30:43Z</time>
                <hdop>4.7</hdop>
                <extensions>
                    <osmand:speed>0.9</osmand:speed>
                </extensions>
            </trkpt>
            <trkpt lat="44.5956682" lon="22.2865038">
                <ele>732.3</ele>
                <time>2026-05-30T10:30:49Z</time>
                <hdop>4.7</hdop>
                <extensions>
                    <osmand:speed>0.9</osmand:speed>
                </extensions>
            </trkpt>
            <trkpt lat="44.5956866" lon="22.2864396">
                <ele>731.8</ele>
                <time>2026-05-30T10:30:55Z</time>
                <hdop>4.7</hdop>
                <extensions>
                    <osmand:speed>0.7</osmand:speed>
                </extensions>
            </trkpt>
            <trkpt lat="44.595698" lon="22.2863201">
                <ele>732.1</ele>
                <time>2026-05-30T10:31:08Z</time>
                <hdop>4.7</hdop>
                <extensions>
                    <osmand:speed>0.3</osmand:speed>
                </extensions>
            </trkpt>
            <trkpt lat="44.5957096" lon="22.2862439">
                <ele>733.7</ele>
                <time>2026-05-30T10:31:14Z</time>
                <hdop>4.7</hdop>
                <extensions>
                    <osmand:speed>0.8</osmand:speed>
                </extensions>
            </trkpt>
            <trkpt lat="44.5956803" lon="22.2861229">
                <ele>736.1</ele>
                <time>2026-05-30T10:31:26Z</time>
                <hdop>4.7</hdop>
                <extensions>
                    <osmand:speed>0.9</osmand:speed>
                </extensions>
            </trkpt>
            <trkpt lat="44.5956799" lon="22.286053">
                <ele>737.6</ele>
                <time>2026-05-30T10:31:34Z</time>
                <hdop>4.7</hdop>
                <extensions>
                    <osmand:speed>0.7</osmand:speed>
                </extensions>
            </trkpt>
            <trkpt lat="44.5956643" lon="22.2859919">
                <ele>739.6</ele>
                <time>2026-05-30T10:31:40Z</time>
                <hdop>4.7</hdop>
                <extensions>
                    <osmand:speed>0.6</osmand:speed>
                </extensions>
            </trkpt>
            <trkpt lat="44.5956545" lon="22.2859268">
                <ele>740.4</ele>
                <time>2026-05-30T10:31:46Z</time>
                <hdop>4.7</hdop>
                <extensions>
                    <osmand:speed>0.7</osmand:speed>
                </extensions>
            </trkpt>
            <trkpt lat="44.5956321" lon="22.2858703">
                <ele>740.8</ele>
                <time>2026-05-30T10:31:52Z</time>
                <hdop>4.7</hdop>
                <extensions>
                    <osmand:speed>0.8</osmand:speed>
                </extensions>
            </trkpt>
            <trkpt lat="44.5956228" lon="22.285832">
                <ele>741.8</ele>
                <time>2026-05-30T10:31:58Z</time>
                <hdop>4.7</hdop>
                <extensions>
                    <osmand:speed>0.7</osmand:speed>
                </extensions>
            </trkpt>
            <trkpt lat="44.5956008" lon="22.2857635">
                <ele>744</ele>
                <time>2026-05-30T10:32:04Z</time>
                <hdop>4.7</hdop>
                <extensions>
                    <osmand:speed>0.7</osmand:speed>
                </extensions>
            </trkpt>
            <trkpt lat="44.5955997" lon="22.2856692">
                <ele>743.4</ele>
                <time>2026-05-30T10:32:10Z</time>
                <hdop>4.7</hdop>
                <extensions>
                    <osmand:speed>1.2</osmand:speed>
                </extensions>
            </trkpt>
            <trkpt lat="44.5956078" lon="22.2855574">
                <ele>743.1</ele>
                <time>2026-05-30T10:32:16Z</time>
                <hdop>4.7</hdop>
                <extensions>
                    <osmand:speed>1</osmand:speed>
                </extensions>
            </trkpt>
            <trkpt lat="44.5956064" lon="22.2854641">
                <ele>743</ele>
                <time>2026-05-30T10:32:22Z</time>
                <hdop>4.7</hdop>
                <extensions>
                    <osmand:speed>1.2</osmand:speed>
                </extensions>
            </trkpt>
            <trkpt lat="44.595599" lon="22.285361">
                <ele>741.6</ele>
                <time>2026-05-30T10:32:28Z</time>
                <hdop>4.7</hdop>
                <extensions>
                    <osmand:speed>1.5</osmand:speed>
                </extensions>
            </trkpt>
            <trkpt lat="44.5955962" lon="22.2852866">
                <ele>740.1</ele>
                <time>2026-05-30T10:32:34Z</time>
                <hdop>4.7</hdop>
                <extensions>
                    <osmand:speed>1.2</osmand:speed>
                </extensions>
            </trkpt>
            <trkpt lat="44.5955789" lon="22.2852155">
                <ele>739.6</ele>
                <time>2026-05-30T10:32:40Z</time>
                <hdop>4.7</hdop>
                <extensions>
                    <osmand:speed>1.1</osmand:speed>
                </extensions>
            </trkpt>
            <trkpt lat="44.5955492" lon="22.2850867">
                <ele>740.7</ele>
                <time>2026-05-30T10:32:49Z</time>
                <hdop>4.7</hdop>
                <extensions>
                    <osmand:speed>1</osmand:speed>
                </extensions>
            </trkpt>
            <trkpt lat="44.5955118" lon="22.2850368">
                <ele>741.9</ele>
                <time>2026-05-30T10:32:55Z</time>
                <hdop>4.7</hdop>
                <extensions>
                    <osmand:speed>0.8</osmand:speed>
                </extensions>
            </trkpt>
            <trkpt lat="44.5954579" lon="22.2849121">
                <ele>740.5</ele>
                <time>2026-05-30T10:33:02Z</time>
                <hdop>4.7</hdop>
                <extensions>
                    <osmand:speed>1.4</osmand:speed>
                </extensions>
            </trkpt>
            <trkpt lat="44.5954102" lon="22.2847968">
                <ele>740.9</ele>
                <time>2026-05-30T10:33:11Z</time>
                <hdop>4.7</hdop>
                <extensions>
                    <osmand:speed>1.3</osmand:speed>
                </extensions>
            </trkpt>
            <trkpt lat="44.5953778" lon="22.284742">
                <ele>741.3</ele>
                <time>2026-05-30T10:33:18Z</time>
                <hdop>4.7</hdop>
                <extensions>
                    <osmand:speed>1</osmand:speed>
                </extensions>
            </trkpt>
            <trkpt lat="44.5953212" lon="22.2846673">
                <ele>741.8</ele>
                <time>2026-05-30T10:33:24Z</time>
                <hdop>4.7</hdop>
                <extensions>
                    <osmand:speed>1.1</osmand:speed>
                </extensions>
            </trkpt>
            <trkpt lat="44.5953131" lon="22.2845732">
                <ele>740.9</ele>
                <time>2026-05-30T10:33:32Z</time>
                <hdop>4.7</hdop>
                <extensions>
                    <osmand:speed>0.9</osmand:speed>
                </extensions>
            </trkpt>
            <trkpt lat="44.5952908" lon="22.2844119">
                <ele>741.5</ele>
                <time>2026-05-30T10:33:42Z</time>
                <hdop>4.7</hdop>
                <extensions>
                    <osmand:speed>1</osmand:speed>
                </extensions>
            </trkpt>
            <trkpt lat="44.5952604" lon="22.284286">
                <ele>741.9</ele>
                <time>2026-05-30T10:33:52Z</time>
                <hdop>4.7</hdop>
                <extensions>
                    <osmand:speed>0.6</osmand:speed>
                </extensions>
            </trkpt>
            <trkpt lat="44.5952311" lon="22.284227">
                <ele>742.4</ele>
                <time>2026-05-30T10:33:58Z</time>
                <hdop>4.7</hdop>
                <extensions>
                    <osmand:speed>0.7</osmand:speed>
                </extensions>
            </trkpt>
            <trkpt lat="44.5952257" lon="22.2841575">
                <ele>741.5</ele>
                <time>2026-05-30T10:34:06Z</time>
                <hdop>4.7</hdop>
                <extensions>
                    <osmand:speed>1</osmand:speed>
                </extensions>
            </trkpt>
            <trkpt lat="44.595183" lon="22.2840366">
                <ele>742</ele>
                <time>2026-05-30T10:34:15Z</time>
                <hdop>4.7</hdop>
                <extensions>
                    <osmand:speed>1.3</osmand:speed>
                </extensions>
            </trkpt>
            <trkpt lat="44.5951554" lon="22.2839331">
                <ele>740.5</ele>
                <time>2026-05-30T10:35:13Z</time>
                <hdop>4.7</hdop>
                <extensions>
                    <osmand:speed>0</osmand:speed>
                </extensions>
            </trkpt>
            <trkpt lat="44.5951571" lon="22.2839284">
                <ele>740.8</ele>
                <time>2026-05-30T10:35:19Z</time>
                <hdop>4.7</hdop>
                <extensions>
                    <osmand:speed>0.1</osmand:speed>
                </extensions>
            </trkpt>
            <trkpt lat="44.5951597" lon="22.2839247">
                <ele>741.1</ele>
                <time>2026-05-30T10:35:25Z</time>
                <hdop>4.7</hdop>
                <extensions>
                    <osmand:speed>0.1</osmand:speed>
                </extensions>
            </trkpt>
            <trkpt lat="44.5951584" lon="22.283926">
                <ele>741.4</ele>
                <time>2026-05-30T10:35:31Z</time>
                <hdop>4.7</hdop>
                <extensions>
                    <osmand:speed>0</osmand:speed>
                </extensions>
            </trkpt>
            <trkpt lat="44.5951543" lon="22.2839301">
                <ele>741.7</ele>
                <time>2026-05-30T10:35:37Z</time>
                <hdop>4.7</hdop>
                <extensions>
                    <osmand:speed>0</osmand:speed>
                </extensions>
            </trkpt>
            <trkpt lat="44.5951564" lon="22.2839324">
                <ele>741.6</ele>
                <time>2026-05-30T10:35:43Z</time>
                <hdop>4.7</hdop>
                <extensions>
                    <osmand:speed>0</osmand:speed>
                </extensions>
            </trkpt>
            <trkpt lat="44.5951604" lon="22.2839316">
                <ele>741.4</ele>
                <time>2026-05-30T10:35:49Z</time>
                <hdop>4.7</hdop>
                <extensions>
                    <osmand:speed>0.1</osmand:speed>
                </extensions>
            </trkpt>
            <trkpt lat="44.5951581" lon="22.2839281">
                <ele>741.6</ele>
                <time>2026-05-30T10:35:55Z</time>
                <hdop>4.7</hdop>
                <extensions>
                    <osmand:speed>0.1</osmand:speed>
                </extensions>
            </trkpt>
            <trkpt lat="44.5951637" lon="22.2839253">
                <ele>741.8</ele>
                <time>2026-05-30T10:36:01Z</time>
                <hdop>4.7</hdop>
                <extensions>
                    <osmand:speed>0.2</osmand:speed>
                </extensions>
            </trkpt>
            <trkpt lat="44.5951672" lon="22.2839019">
                <ele>741.2</ele>
                <time>2026-05-30T10:36:07Z</time>
                <hdop>4.7</hdop>
                <extensions>
                    <osmand:speed>0.3</osmand:speed>
                </extensions>
            </trkpt>
            <trkpt lat="44.5951294" lon="22.2838238">
                <ele>740.2</ele>
                <time>2026-05-30T10:36:36Z</time>
                <hdop>4.7</hdop>
                <extensions>
                    <osmand:speed>0.9</osmand:speed>
                </extensions>
            </trkpt>
            <trkpt lat="44.5950645" lon="22.283696">
                <ele>738.2</ele>
                <time>2026-05-30T10:36:48Z</time>
                <hdop>4.7</hdop>
                <extensions>
                    <osmand:speed>0.9</osmand:speed>
                </extensions>
            </trkpt>
            <trkpt lat="44.5950489" lon="22.2836237">
                <ele>737.2</ele>
                <time>2026-05-30T10:36:54Z</time>
                <hdop>4.7</hdop>
                <extensions>
                    <osmand:speed>0.8</osmand:speed>
                </extensions>
            </trkpt>
            <trkpt lat="44.5949995" lon="22.2835081">
                <ele>737.2</ele>
                <time>2026-05-30T10:37:03Z</time>
                <hdop>4.7</hdop>
                <extensions>
                    <osmand:speed>1.1</osmand:speed>
                </extensions>
            </trkpt>
            <trkpt lat="44.5949663" lon="22.2833772">
                <ele>736.6</ele>
                <time>2026-05-30T10:37:12Z</time>
                <hdop>4.7</hdop>
                <extensions>
                    <osmand:speed>0.9</osmand:speed>
                </extensions>
            </trkpt>
            <trkpt lat="44.5949042" lon="22.2832763">
                <ele>738</ele>
                <time>2026-05-30T10:37:20Z</time>
                <hdop>4.7</hdop>
                <extensions>
                    <osmand:speed>1</osmand:speed>
                </extensions>
            </trkpt>
            <trkpt lat="44.59483" lon="22.2831932">
                <ele>738.5</ele>
                <time>2026-05-30T10:37:32Z</time>
                <hdop>4.7</hdop>
                <extensions>
                    <osmand:speed>0.5</osmand:speed>
                </extensions>
            </trkpt>
            <trkpt lat="44.5947523" lon="22.2831068">
                <ele>737</ele>
                <time>2026-05-30T10:37:42Z</time>
                <hdop>4.7</hdop>
                <extensions>
                    <osmand:speed>0.3</osmand:speed>
                </extensions>
            </trkpt>
            <trkpt lat="44.5946469" lon="22.283059">
                <ele>735.8</ele>
                <time>2026-05-30T10:37:50Z</time>
                <hdop>4.7</hdop>
                <extensions>
                    <osmand:speed>0.6</osmand:speed>
                </extensions>
            </trkpt>
            <trkpt lat="44.5945249" lon="22.2830321">
                <ele>738</ele>
                <time>2026-05-30T10:37:58Z</time>
                <hdop>4.7</hdop>
                <extensions>
                    <osmand:speed>1.6</osmand:speed>
                </extensions>
            </trkpt>
            <trkpt lat="44.5944403" lon="22.2829679">
                <ele>738.9</ele>
                <time>2026-05-30T10:38:04Z</time>
                <hdop>4.7</hdop>
                <extensions>
                    <osmand:speed>1.5</osmand:speed>
                </extensions>
            </trkpt>
            <trkpt lat="44.5943839" lon="22.2829407">
                <ele>736.2</ele>
                <time>2026-05-30T10:38:11Z</time>
                <hdop>4.7</hdop>
                <extensions>
                    <osmand:speed>1.4</osmand:speed>
                </extensions>
            </trkpt>
            <trkpt lat="44.5943166" lon="22.2829554">
                <ele>736.8</ele>
                <time>2026-05-30T10:38:18Z</time>
                <hdop>4.7</hdop>
                <extensions>
                    <osmand:speed>1.2</osmand:speed>
                </extensions>
            </trkpt>
            <trkpt lat="44.5942584" lon="22.2829765">
                <ele>738.1</ele>
                <time>2026-05-30T10:38:24Z</time>
                <hdop>4.7</hdop>
                <extensions>
                    <osmand:speed>1.4</osmand:speed>
                </extensions>
            </trkpt>
            <trkpt lat="44.5941838" lon="22.2829999">
                <ele>739.5</ele>
                <time>2026-05-30T10:38:30Z</time>
                <hdop>4.7</hdop>
                <extensions>
                    <osmand:speed>1.4</osmand:speed>
                </extensions>
            </trkpt>
            <trkpt lat="44.5941206" lon="22.2830316">
                <ele>743</ele>
                <time>2026-05-30T10:38:36Z</time>
                <hdop>4.7</hdop>
                <extensions>
                    <osmand:speed>1.3</osmand:speed>
                </extensions>
            </trkpt>
            <trkpt lat="44.5940671" lon="22.283019">
                <ele>742.6</ele>
                <time>2026-05-30T10:38:42Z</time>
                <hdop>4.7</hdop>
                <extensions>
                    <osmand:speed>0.9</osmand:speed>
                </extensions>
            </trkpt>
            <trkpt lat="44.5940112" lon="22.2830235">
                <ele>744.2</ele>
                <time>2026-05-30T10:38:48Z</time>
                <hdop>4.7</hdop>
                <extensions>
                    <osmand:speed>1.2</osmand:speed>
                </extensions>
            </trkpt>
            <trkpt lat="44.5939592" lon="22.2830546">
                <ele>743.9</ele>
                <time>2026-05-30T10:38:54Z</time>
                <hdop>4.7</hdop>
                <extensions>
                    <osmand:speed>1.2</osmand:speed>
                </extensions>
            </trkpt>
            <trkpt lat="44.5938876" lon="22.283035">
                <ele>745.8</ele>
                <time>2026-05-30T10:39:00Z</time>
                <hdop>4.7</hdop>
                <extensions>
                    <osmand:speed>1.1</osmand:speed>
                </extensions>
            </trkpt>
            <trkpt lat="44.5938341" lon="22.2829847">
                <ele>746</ele>
                <time>2026-05-30T10:39:06Z</time>
                <hdop>4.7</hdop>
                <extensions>
                    <osmand:speed>1.3</osmand:speed>
                </extensions>
            </trkpt>
            <trkpt lat="44.5937813" lon="22.2829812">
                <ele>747.9</ele>
                <time>2026-05-30T10:39:12Z</time>
                <hdop>4.7</hdop>
                <extensions>
                    <osmand:speed>0.6</osmand:speed>
                </extensions>
            </trkpt>
            <trkpt lat="44.5937268" lon="22.2829556">
                <ele>748.3</ele>
                <time>2026-05-30T10:39:18Z</time>
                <hdop>4.7</hdop>
                <extensions>
                    <osmand:speed>0.7</osmand:speed>
                </extensions>
            </trkpt>
            <trkpt lat="44.5936891" lon="22.2829034">
                <ele>748.9</ele>
                <time>2026-05-30T10:39:24Z</time>
                <hdop>4.7</hdop>
                <extensions>
                    <osmand:speed>0.7</osmand:speed>
                </extensions>
            </trkpt>
            <trkpt lat="44.5936548" lon="22.282843">
                <ele>748.7</ele>
                <time>2026-05-30T10:39:30Z</time>
                <hdop>4.7</hdop>
                <extensions>
                    <osmand:speed>0.8</osmand:speed>
                </extensions>
            </trkpt>
            <trkpt lat="44.5936122" lon="22.2828094">
                <ele>747.2</ele>
                <time>2026-05-30T10:39:36Z</time>
                <hdop>4.7</hdop>
                <extensions>
                    <osmand:speed>0.2</osmand:speed>
                </extensions>
            </trkpt>
            <trkpt lat="44.5935629" lon="22.2828037">
                <ele>749</ele>
                <time>2026-05-30T10:39:42Z</time>
                <hdop>4.7</hdop>
                <extensions>
                    <osmand:speed>0.8</osmand:speed>
                </extensions>
            </trkpt>
            <trkpt lat="44.5935142" lon="22.2827762">
                <ele>749.2</ele>
                <time>2026-05-30T10:39:48Z</time>
                <hdop>4.7</hdop>
                <extensions>
                    <osmand:speed>0.6</osmand:speed>
                </extensions>
            </trkpt>
            <trkpt lat="44.5934706" lon="22.2827615">
                <ele>750.9</ele>
                <time>2026-05-30T10:39:54Z</time>
                <hdop>4.7</hdop>
                <extensions>
                    <osmand:speed>0.6</osmand:speed>
                </extensions>
            </trkpt>
            <trkpt lat="44.5934325" lon="22.2827225">
                <ele>749.9</ele>
                <time>2026-05-30T10:40:00Z</time>
                <hdop>4.7</hdop>
                <extensions>
                    <osmand:speed>0.3</osmand:speed>
                </extensions>
            </trkpt>
            <trkpt lat="44.5933915" lon="22.2827056">
                <ele>750.9</ele>
                <time>2026-05-30T10:40:06Z</time>
                <hdop>4.7</hdop>
                <extensions>
                    <osmand:speed>0.3</osmand:speed>
                </extensions>
            </trkpt>
            <trkpt lat="44.5933467" lon="22.2826805">
                <ele>752.1</ele>
                <time>2026-05-30T10:40:12Z</time>
                <hdop>4.7</hdop>
                <extensions>
                    <osmand:speed>0.8</osmand:speed>
                </extensions>
            </trkpt>
            <trkpt lat="44.5933094" lon="22.2826307">
                <ele>752.8</ele>
                <time>2026-05-30T10:40:18Z</time>
                <hdop>4.7</hdop>
                <extensions>
                    <osmand:speed>0.6</osmand:speed>
                </extensions>
            </trkpt>
            <trkpt lat="44.5932807" lon="22.2825824">
                <ele>752.6</ele>
                <time>2026-05-30T10:40:24Z</time>
                <hdop>4.7</hdop>
                <extensions>
                    <osmand:speed>0.4</osmand:speed>
                </extensions>
            </trkpt>
            <trkpt lat="44.5932537" lon="22.2824907">
                <ele>753.1</ele>
                <time>2026-05-30T10:40:30Z</time>
                <hdop>4.7</hdop>
                <extensions>
                    <osmand:speed>0.9</osmand:speed>
                </extensions>
            </trkpt>
            <trkpt lat="44.5932323" lon="22.2824251">
                <ele>753.2</ele>
                <time>2026-05-30T10:40:36Z</time>
                <hdop>4.7</hdop>
                <extensions>
                    <osmand:speed>0.7</osmand:speed>
                </extensions>
            </trkpt>
            <trkpt lat="44.5932129" lon="22.2823411">
                <ele>753.6</ele>
                <time>2026-05-30T10:40:42Z</time>
                <hdop>4.7</hdop>
                <extensions>
                    <osmand:speed>0.8</osmand:speed>
                </extensions>
            </trkpt>
            <trkpt lat="44.5931737" lon="22.2822717">
                <ele>755.3</ele>
                <time>2026-05-30T10:40:48Z</time>
                <hdop>4.7</hdop>
                <extensions>
                    <osmand:speed>0.9</osmand:speed>
                </extensions>
            </trkpt>
            <trkpt lat="44.5931573" lon="22.2821992">
                <ele>754.7</ele>
                <time>2026-05-30T10:40:54Z</time>
                <hdop>4.7</hdop>
                <extensions>
                    <osmand:speed>0.4</osmand:speed>
                </extensions>
            </trkpt>
            <trkpt lat="44.5931101" lon="22.2821266">
                <ele>756.6</ele>
                <time>2026-05-30T10:41:00Z</time>
                <hdop>4.7</hdop>
                <extensions>
                    <osmand:speed>1.2</osmand:speed>
                </extensions>
            </trkpt>
            <trkpt lat="44.5930699" lon="22.2820527">
                <ele>756.1</ele>
                <time>2026-05-30T10:41:06Z</time>
                <hdop>4.7</hdop>
                <extensions>
                    <osmand:speed>1.4</osmand:speed>
                </extensions>
            </trkpt>
            <trkpt lat="44.5930336" lon="22.2820228">
                <ele>757.5</ele>
                <time>2026-05-30T10:41:12Z</time>
                <hdop>4.7</hdop>
                <extensions>
                    <osmand:speed>0.4</osmand:speed>
                </extensions>
            </trkpt>
            <trkpt lat="44.5929838" lon="22.2820057">
                <ele>758.4</ele>
                <time>2026-05-30T10:41:18Z</time>
                <hdop>4.7</hdop>
                <extensions>
                    <osmand:speed>0.7</osmand:speed>
                </extensions>
            </trkpt>
            <trkpt lat="44.5929236" lon="22.281981">
                <ele>757.3</ele>
                <time>2026-05-30T10:41:24Z</time>
                <hdop>4.7</hdop>
                <extensions>
                    <osmand:speed>1</osmand:speed>
                </extensions>
            </trkpt>
            <trkpt lat="44.5928685" lon="22.2819386">
                <ele>758.5</ele>
                <time>2026-05-30T10:41:30Z</time>
                <hdop>4.7</hdop>
                <extensions>
                    <osmand:speed>0.8</osmand:speed>
                </extensions>
            </trkpt>
            <trkpt lat="44.5928058" lon="22.2818573">
                <ele>757.5</ele>
                <time>2026-05-30T10:41:36Z</time>
                <hdop>4.7</hdop>
                <extensions>
                    <osmand:speed>1</osmand:speed>
                </extensions>
            </trkpt>
            <trkpt lat="44.5927495" lon="22.2817784">
                <ele>757</ele>
                <time>2026-05-30T10:41:42Z</time>
                <hdop>4.7</hdop>
                <extensions>
                    <osmand:speed>1.5</osmand:speed>
                </extensions>
            </trkpt>
            <trkpt lat="44.5926941" lon="22.2817631">
                <ele>758.5</ele>
                <time>2026-05-30T10:41:48Z</time>
                <hdop>4.7</hdop>
                <extensions>
                    <osmand:speed>0.6</osmand:speed>
                </extensions>
            </trkpt>
            <trkpt lat="44.5926567" lon="22.2817521">
                <ele>757.1</ele>
                <time>2026-05-30T10:41:54Z</time>
                <hdop>4.7</hdop>
                <extensions>
                    <osmand:speed>0.5</osmand:speed>
                </extensions>
            </trkpt>
            <trkpt lat="44.5925842" lon="22.2817498">
                <ele>757.5</ele>
                <time>2026-05-30T10:42:00Z</time>
                <hdop>4.7</hdop>
                <extensions>
                    <osmand:speed>1.3</osmand:speed>
                </extensions>
            </trkpt>
            <trkpt lat="44.5925333" lon="22.2817369">
                <ele>756.3</ele>
                <time>2026-05-30T10:42:06Z</time>
                <hdop>4.7</hdop>
                <extensions>
                    <osmand:speed>1.6</osmand:speed>
                </extensions>
            </trkpt>
            <trkpt lat="44.5924481" lon="22.2817254">
                <ele>755.8</ele>
                <time>2026-05-30T10:42:12Z</time>
                <hdop>4.7</hdop>
                <extensions>
                    <osmand:speed>1.5</osmand:speed>
                </extensions>
            </trkpt>
            <trkpt lat="44.59239" lon="22.281718">
                <ele>755.3</ele>
                <time>2026-05-30T10:42:18Z</time>
                <hdop>4.7</hdop>
                <extensions>
                    <osmand:speed>0.8</osmand:speed>
                </extensions>
            </trkpt>
            <trkpt lat="44.5923316" lon="22.2816876">
                <ele>754</ele>
                <time>2026-05-30T10:42:24Z</time>
                <hdop>4.7</hdop>
                <extensions>
                    <osmand:speed>1.6</osmand:speed>
                </extensions>
            </trkpt>
            <trkpt lat="44.5922711" lon="22.2816063">
                <ele>752.4</ele>
                <time>2026-05-30T10:42:30Z</time>
                <hdop>4.7</hdop>
                <extensions>
                    <osmand:speed>1.6</osmand:speed>
                </extensions>
            </trkpt>
            <trkpt lat="44.592227" lon="22.2815325">
                <ele>748.2</ele>
                <time>2026-05-30T10:42:36Z</time>
                <hdop>4.7</hdop>
                <extensions>
                    <osmand:speed>1.4</osmand:speed>
                </extensions>
            </trkpt>
            <trkpt lat="44.5921803" lon="22.2814544">
                <ele>747.7</ele>
                <time>2026-05-30T10:42:42Z</time>
                <hdop>4.7</hdop>
                <extensions>
                    <osmand:speed>1.5</osmand:speed>
                </extensions>
            </trkpt>
            <trkpt lat="44.592137" lon="22.281363">
                <ele>747.1</ele>
                <time>2026-05-30T10:42:48Z</time>
                <hdop>4.7</hdop>
                <extensions>
                    <osmand:speed>1.5</osmand:speed>
                </extensions>
            </trkpt>
            <trkpt lat="44.5920937" lon="22.2813232">
                <ele>747</ele>
                <time>2026-05-30T10:42:54Z</time>
                <hdop>4.7</hdop>
                <extensions>
                    <osmand:speed>1.1</osmand:speed>
                </extensions>
            </trkpt>
            <trkpt lat="44.5920312" lon="22.2812798">
                <ele>746.4</ele>
                <time>2026-05-30T10:43:00Z</time>
                <hdop>4.7</hdop>
                <extensions>
                    <osmand:speed>1.6</osmand:speed>
                </extensions>
            </trkpt>
            <trkpt lat="44.5919822" lon="22.2812157">
                <ele>744.8</ele>
                <time>2026-05-30T10:43:06Z</time>
                <hdop>4.7</hdop>
                <extensions>
                    <osmand:speed>1.5</osmand:speed>
                </extensions>
            </trkpt>
            <trkpt lat="44.5919453" lon="22.2811528">
                <ele>744.5</ele>
                <time>2026-05-30T10:43:12Z</time>
                <hdop>4.7</hdop>
                <extensions>
                    <osmand:speed>0.7</osmand:speed>
                </extensions>
            </trkpt>
            <trkpt lat="44.5919405" lon="22.2810727">
                <ele>744.9</ele>
                <time>2026-05-30T10:43:18Z</time>
                <hdop>4.7</hdop>
                <extensions>
                    <osmand:speed>0.8</osmand:speed>
                </extensions>
            </trkpt>
            <trkpt lat="44.5919281" lon="22.2810422">
                <ele>745.7</ele>
                <time>2026-05-30T10:43:24Z</time>
                <hdop>4.7</hdop>
                <extensions>
                    <osmand:speed>0.3</osmand:speed>
                </extensions>
            </trkpt>
            <trkpt lat="44.5919217" lon="22.2810208">
                <ele>745.5</ele>
                <time>2026-05-30T10:43:30Z</time>
                <hdop>4.7</hdop>
                <extensions>
                    <osmand:speed>0.1</osmand:speed>
                </extensions>
            </trkpt>
            <trkpt lat="44.591926" lon="22.2809771">
                <ele>745.4</ele>
                <time>2026-05-30T10:43:36Z</time>
                <hdop>4.7</hdop>
                <extensions>
                    <osmand:speed>0.6</osmand:speed>
                </extensions>
            </trkpt>
            <trkpt lat="44.5919188" lon="22.2809409">
                <ele>745.5</ele>
                <time>2026-05-30T10:43:42Z</time>
                <hdop>4.7</hdop>
                <extensions>
                    <osmand:speed>0.4</osmand:speed>
                </extensions>
            </trkpt>
            <trkpt lat="44.5919018" lon="22.2809125">
                <ele>744.8</ele>
                <time>2026-05-30T10:43:48Z</time>
                <hdop>4.7</hdop>
                <extensions>
                    <osmand:speed>0.3</osmand:speed>
                </extensions>
            </trkpt>
            <trkpt lat="44.5918829" lon="22.2808813">
                <ele>744.2</ele>
                <time>2026-05-30T10:43:54Z</time>
                <hdop>4.7</hdop>
                <extensions>
                    <osmand:speed>0.6</osmand:speed>
                </extensions>
            </trkpt>
            <trkpt lat="44.5918366" lon="22.280832">
                <ele>742.9</ele>
                <time>2026-05-30T10:44:00Z</time>
                <hdop>4.7</hdop>
                <extensions>
                    <osmand:speed>1.2</osmand:speed>
                </extensions>
            </trkpt>
            <trkpt lat="44.5918608" lon="22.2807044">
                <ele>741.2</ele>
                <time>2026-05-30T10:44:06Z</time>
                <hdop>4.7</hdop>
                <extensions>
                    <osmand:speed>1.7</osmand:speed>
                </extensions>
            </trkpt>
            <trkpt lat="44.5918308" lon="22.2805663">
                <ele>740.7</ele>
                <time>2026-05-30T10:44:12Z</time>
                <hdop>4.7</hdop>
                <extensions>
                    <osmand:speed>1.8</osmand:speed>
                </extensions>
            </trkpt>
            <trkpt lat="44.5918087" lon="22.2804617">
                <ele>739</ele>
                <time>2026-05-30T10:44:18Z</time>
                <hdop>4.7</hdop>
                <extensions>
                    <osmand:speed>1.6</osmand:speed>
                </extensions>
            </trkpt>
            <trkpt lat="44.5917802" lon="22.2803732">
                <ele>735.7</ele>
                <time>2026-05-30T10:44:24Z</time>
                <hdop>4.7</hdop>
                <extensions>
                    <osmand:speed>1.7</osmand:speed>
                </extensions>
            </trkpt>
            <trkpt lat="44.5917739" lon="22.2802827">
                <ele>735.8</ele>
                <time>2026-05-30T10:44:30Z</time>
                <hdop>4.7</hdop>
                <extensions>
                    <osmand:speed>1.6</osmand:speed>
                </extensions>
            </trkpt>
            <trkpt lat="44.5917512" lon="22.2801916">
                <ele>734.1</ele>
                <time>2026-05-30T10:44:36Z</time>
                <hdop>4.7</hdop>
                <extensions>
                    <osmand:speed>1.4</osmand:speed>
                </extensions>
            </trkpt>
            <trkpt lat="44.5917513" lon="22.2801332">
                <ele>734</ele>
                <time>2026-05-30T10:44:42Z</time>
                <hdop>4.7</hdop>
                <extensions>
                    <osmand:speed>0.5</osmand:speed>
                </extensions>
            </trkpt>
            <trkpt lat="44.5917481" lon="22.2801506">
                <ele>736.3</ele>
                <time>2026-05-30T10:44:48Z</time>
                <hdop>4.7</hdop>
                <extensions>
                    <osmand:speed>0</osmand:speed>
                </extensions>
            </trkpt>
            <trkpt lat="44.5917457" lon="22.2801058">
                <ele>738.8</ele>
                <time>2026-05-30T10:44:54Z</time>
                <hdop>4.7</hdop>
                <extensions>
                    <osmand:speed>1.2</osmand:speed>
                </extensions>
            </trkpt>
            <trkpt lat="44.591723" lon="22.2801658">
                <ele>744.9</ele>
                <time>2026-05-30T10:45:38Z</time>
                <hdop>4.7</hdop>
                <extensions>
                    <osmand:speed>0</osmand:speed>
                </extensions>
            </trkpt>
            <trkpt lat="44.5917077" lon="22.280099">
                <ele>741.1</ele>
                <time>2026-05-30T10:46:20Z</time>
                <hdop>4.7</hdop>
                <extensions>
                    <osmand:speed>0.4</osmand:speed>
                </extensions>
            </trkpt>
            <trkpt lat="44.5917281" lon="22.2801691">
                <ele>742.8</ele>
                <time>2026-05-30T10:47:15Z</time>
                <hdop>4.7</hdop>
                <extensions>
                    <osmand:speed>0.4</osmand:speed>
                </extensions>
            </trkpt>
            <trkpt lat="44.5917199" lon="22.2800983">
                <ele>740.7</ele>
                <time>2026-05-30T10:47:29Z</time>
                <hdop>4.7</hdop>
                <extensions>
                    <osmand:speed>0.4</osmand:speed>
                </extensions>
            </trkpt>
            <trkpt lat="44.5917154" lon="22.2801004">
                <ele>739.7</ele>
                <time>2026-05-30T10:48:00Z</time>
                <hdop>4.7</hdop>
                <extensions>
                    <osmand:speed>0.1</osmand:speed>
                </extensions>
            </trkpt>
            <trkpt lat="44.5917288" lon="22.280115">
                <ele>739</ele>
                <time>2026-05-30T10:48:06Z</time>
                <hdop>4.7</hdop>
                <extensions>
                    <osmand:speed>0.2</osmand:speed>
                </extensions>
            </trkpt>
            <trkpt lat="44.5917204" lon="22.2801224">
                <ele>739.6</ele>
                <time>2026-05-30T10:48:12Z</time>
                <hdop>4.7</hdop>
                <extensions>
                    <osmand:speed>0</osmand:speed>
                </extensions>
            </trkpt>
            <trkpt lat="44.5917164" lon="22.2801451">
                <ele>741.1</ele>
                <time>2026-05-30T10:48:18Z</time>
                <hdop>4.7</hdop>
                <extensions>
                    <osmand:speed>0</osmand:speed>
                </extensions>
            </trkpt>
            <trkpt lat="44.5917131" lon="22.2801433">
                <ele>744</ele>
                <time>2026-05-30T10:48:24Z</time>
                <hdop>4.7</hdop>
            </trkpt>
            <trkpt lat="44.5917214" lon="22.2801225">
                <ele>741.5</ele>
                <time>2026-05-30T10:48:30Z</time>
                <hdop>4.7</hdop>
                <extensions>
                    <osmand:speed>0.1</osmand:speed>
                </extensions>
            </trkpt>
            <trkpt lat="44.591725" lon="22.2801077">
                <ele>742.9</ele>
                <time>2026-05-30T10:48:36Z</time>
                <hdop>4.7</hdop>
            </trkpt>
            <trkpt lat="44.5917264" lon="22.2801042">
                <ele>744.8</ele>
                <time>2026-05-30T10:48:42Z</time>
                <hdop>4.7</hdop>
            </trkpt>
            <trkpt lat="44.5917437" lon="22.2801352">
                <ele>745.3</ele>
                <time>2026-05-30T10:49:32Z</time>
                <hdop>4.7</hdop>
                <extensions>
                    <osmand:speed>0.1</osmand:speed>
                </extensions>
            </trkpt>
            <trkpt lat="44.5917325" lon="22.2800663">
                <ele>737.4</ele>
                <time>2026-05-30T10:51:06Z</time>
                <hdop>4.7</hdop>
                <extensions>
                    <osmand:speed>0.3</osmand:speed>
                </extensions>
            </trkpt>
            <trkpt lat="44.5917103" lon="22.2799959">
                <ele>742</ele>
                <time>2026-05-30T10:51:18Z</time>
                <hdop>4.7</hdop>
                <extensions>
                    <osmand:speed>1.3</osmand:speed>
                </extensions>
            </trkpt>
            <trkpt lat="44.5917113" lon="22.2799311">
                <ele>742.7</ele>
                <time>2026-05-30T10:51:24Z</time>
                <hdop>4.7</hdop>
                <extensions>
                    <osmand:speed>0.6</osmand:speed>
                </extensions>
            </trkpt>
            <trkpt lat="44.5916859" lon="22.2798738">
                <ele>744.7</ele>
                <time>2026-05-30T10:51:31Z</time>
                <hdop>4.7</hdop>
                <extensions>
                    <osmand:speed>0.7</osmand:speed>
                </extensions>
            </trkpt>
            <trkpt lat="44.5916701" lon="22.279811">
                <ele>746.5</ele>
                <time>2026-05-30T10:51:37Z</time>
                <hdop>4.7</hdop>
                <extensions>
                    <osmand:speed>0.7</osmand:speed>
                </extensions>
            </trkpt>
            <trkpt lat="44.5916758" lon="22.2797441">
                <ele>747.1</ele>
                <time>2026-05-30T10:51:43Z</time>
                <hdop>4.7</hdop>
                <extensions>
                    <osmand:speed>0.8</osmand:speed>
                </extensions>
            </trkpt>
            <trkpt lat="44.5916679" lon="22.2796813">
                <ele>749.7</ele>
                <time>2026-05-30T10:51:52Z</time>
                <hdop>4.7</hdop>
                <extensions>
                    <osmand:speed>0.7</osmand:speed>
                </extensions>
            </trkpt>
            <trkpt lat="44.5916648" lon="22.2796067">
                <ele>750.9</ele>
                <time>2026-05-30T10:52:00Z</time>
                <hdop>4.7</hdop>
                <extensions>
                    <osmand:speed>0.7</osmand:speed>
                </extensions>
            </trkpt>
            <trkpt lat="44.5916977" lon="22.2795537">
                <ele>751.3</ele>
                <time>2026-05-30T10:52:07Z</time>
                <hdop>4.7</hdop>
                <extensions>
                    <osmand:speed>0.7</osmand:speed>
                </extensions>
            </trkpt>
            <trkpt lat="44.5917058" lon="22.2794866">
                <ele>754.2</ele>
                <time>2026-05-30T10:52:18Z</time>
                <hdop>4.7</hdop>
                <extensions>
                    <osmand:speed>0.5</osmand:speed>
                </extensions>
            </trkpt>
            <trkpt lat="44.5917343" lon="22.2794319">
                <ele>752.1</ele>
                <time>2026-05-30T10:52:25Z</time>
                <hdop>4.7</hdop>
                <extensions>
                    <osmand:speed>0.9</osmand:speed>
                </extensions>
            </trkpt>
            <trkpt lat="44.591776" lon="22.2793916">
                <ele>752.5</ele>
                <time>2026-05-30T10:52:33Z</time>
                <hdop>4.7</hdop>
                <extensions>
                    <osmand:speed>0.4</osmand:speed>
                </extensions>
            </trkpt>
            <trkpt lat="44.5918144" lon="22.2793528">
                <ele>753.1</ele>
                <time>2026-05-30T10:52:44Z</time>
                <hdop>4.7</hdop>
                <extensions>
                    <osmand:speed>0.2</osmand:speed>
                </extensions>
            </trkpt>
            <trkpt lat="44.591857" lon="22.2793311">
                <ele>754.6</ele>
                <time>2026-05-30T10:52:50Z</time>
                <hdop>4.7</hdop>
                <extensions>
                    <osmand:speed>0.7</osmand:speed>
                </extensions>
            </trkpt>
            <trkpt lat="44.5919015" lon="22.2792973">
                <ele>756.2</ele>
                <time>2026-05-30T10:52:57Z</time>
                <hdop>4.7</hdop>
                <extensions>
                    <osmand:speed>0.7</osmand:speed>
                </extensions>
            </trkpt>
            <trkpt lat="44.5919443" lon="22.2792642">
                <ele>757.4</ele>
                <time>2026-05-30T10:53:05Z</time>
                <hdop>4.7</hdop>
                <extensions>
                    <osmand:speed>0.7</osmand:speed>
                </extensions>
            </trkpt>
            <trkpt lat="44.5919905" lon="22.2792256">
                <ele>760.5</ele>
                <time>2026-05-30T10:53:13Z</time>
                <hdop>4.7</hdop>
                <extensions>
                    <osmand:speed>0.8</osmand:speed>
                </extensions>
            </trkpt>
            <trkpt lat="44.5920879" lon="22.2792301">
                <ele>760.6</ele>
                <time>2026-05-30T10:53:27Z</time>
                <hdop>4.7</hdop>
                <extensions>
                    <osmand:speed>0.5</osmand:speed>
                </extensions>
            </trkpt>
            <trkpt lat="44.592134" lon="22.2792527">
                <ele>762.8</ele>
                <time>2026-05-30T10:53:34Z</time>
                <hdop>4.7</hdop>
                <extensions>
                    <osmand:speed>0.7</osmand:speed>
                </extensions>
            </trkpt>
            <trkpt lat="44.5921717" lon="22.2792141">
                <ele>762.4</ele>
                <time>2026-05-30T10:53:41Z</time>
                <hdop>4.7</hdop>
                <extensions>
                    <osmand:speed>0.5</osmand:speed>
                </extensions>
            </trkpt>
            <trkpt lat="44.5922235" lon="22.2792339">
                <ele>764.4</ele>
                <time>2026-05-30T10:53:49Z</time>
                <hdop>4.7</hdop>
                <extensions>
                    <osmand:speed>0.7</osmand:speed>
                </extensions>
            </trkpt>
            <trkpt lat="44.592312" lon="22.2792638">
                <ele>765.3</ele>
                <time>2026-05-30T10:54:02Z</time>
                <hdop>4.7</hdop>
                <extensions>
                    <osmand:speed>0.6</osmand:speed>
                </extensions>
            </trkpt>
            <trkpt lat="44.5923516" lon="22.2793009">
                <ele>766.5</ele>
                <time>2026-05-30T10:54:10Z</time>
                <hdop>4.7</hdop>
                <extensions>
                    <osmand:speed>1.1</osmand:speed>
                </extensions>
            </trkpt>
            <trkpt lat="44.592396" lon="22.2792871">
                <ele>768.2</ele>
                <time>2026-05-30T10:54:17Z</time>
                <hdop>4.7</hdop>
                <extensions>
                    <osmand:speed>0.8</osmand:speed>
                </extensions>
            </trkpt>
            <trkpt lat="44.5924452" lon="22.2792797">
                <ele>770.5</ele>
                <time>2026-05-30T10:54:34Z</time>
                <hdop>4.7</hdop>
                <extensions>
                    <osmand:speed>0.4</osmand:speed>
                </extensions>
            </trkpt>
            <trkpt lat="44.5924386" lon="22.2792034">
                <ele>768</ele>
                <time>2026-05-30T10:55:21Z</time>
                <hdop>4.7</hdop>
                <extensions>
                    <osmand:speed>0.5</osmand:speed>
                </extensions>
            </trkpt>
            <trkpt lat="44.5924117" lon="22.2791521">
                <ele>768</ele>
                <time>2026-05-30T10:55:29Z</time>
                <hdop>4.7</hdop>
                <extensions>
                    <osmand:speed>0.7</osmand:speed>
                </extensions>
            </trkpt>
        </trkseg>
    </trk>
    <trk>
        <trkseg>
            <trkpt lat="44.5923634" lon="22.2791402">
                <ele>766.1</ele>
                <time>2026-05-30T10:57:17Z</time>
                <hdop>4.7</hdop>
                <extensions>
                    <osmand:speed>0.8</osmand:speed>
                </extensions>
            </trkpt>
            <trkpt lat="44.5923207" lon="22.279111">
                <ele>767.9</ele>
                <time>2026-05-30T10:58:01Z</time>
                <hdop>4.7</hdop>
                <extensions>
                    <osmand:speed>1</osmand:speed>
                </extensions>
            </trkpt>
            <trkpt lat="44.5923321" lon="22.27912">
                <ele>767.4</ele>
                <time>2026-05-30T10:59:33Z</time>
                <hdop>4.7</hdop>
                <extensions>
                    <osmand:speed>0.7</osmand:speed>
                </extensions>
            </trkpt>
            <trkpt lat="44.5923298" lon="22.2791248">
                <ele>768</ele>
                <time>2026-05-30T11:00:34Z</time>
                <hdop>4.7</hdop>
                <extensions>
                    <osmand:speed>0.1</osmand:speed>
                </extensions>
            </trkpt>
        </trkseg>
    </trk>
    <trk>
        <trkseg>
            <trkpt lat="44.5923878" lon="22.2791542">
                <ele>764.3</ele>
                <time>2026-05-30T11:17:52Z</time>
                <hdop>4.7</hdop>
                <extensions>
                    <osmand:speed>3.1</osmand:speed>
                </extensions>
            </trkpt>
            <trkpt lat="44.5923393" lon="22.2791368">
                <ele>764.9</ele>
                <time>2026-05-30T11:18:05Z</time>
                <hdop>4.7</hdop>
                <extensions>
                    <osmand:speed>1.1</osmand:speed>
                </extensions>
            </trkpt>
        </trkseg>
    </trk>
    <trk>
        <trkseg>
            <trkpt lat="44.5923267" lon="22.2791054">
                <ele>771.9</ele>
                <time>2026-05-30T11:23:06Z</time>
                <hdop>4.7</hdop>
                <extensions>
                    <osmand:speed>0.3</osmand:speed>
                </extensions>
            </trkpt>
            <trkpt lat="44.5923263" lon="22.2791179">
                <ele>771.8</ele>
                <time>2026-05-30T11:23:12Z</time>
                <hdop>4.7</hdop>
                <extensions>
                    <osmand:speed>0.1</osmand:speed>
                </extensions>
            </trkpt>
            <trkpt lat="44.5923255" lon="22.2791204">
                <ele>772.3</ele>
                <time>2026-05-30T11:23:18Z</time>
                <hdop>4.7</hdop>
                <extensions>
                    <osmand:speed>0.2</osmand:speed>
                </extensions>
            </trkpt>
            <trkpt lat="44.5923254" lon="22.2791212">
                <ele>772.5</ele>
                <time>2026-05-30T11:23:24Z</time>
                <hdop>4.7</hdop>
            </trkpt>
            <trkpt lat="44.5923222" lon="22.2791217">
                <ele>773.3</ele>
                <time>2026-05-30T11:23:30Z</time>
                <hdop>4.7</hdop>
            </trkpt>
            <trkpt lat="44.5923218" lon="22.2791201">
                <ele>773.7</ele>
                <time>2026-05-30T11:23:36Z</time>
                <hdop>4.7</hdop>
            </trkpt>
            <trkpt lat="44.5923227" lon="22.2791173">
                <ele>773.8</ele>
                <time>2026-05-30T11:23:42Z</time>
                <hdop>4.7</hdop>
            </trkpt>
            <trkpt lat="44.5923216" lon="22.2791178">
                <ele>774.2</ele>
                <time>2026-05-30T11:23:48Z</time>
                <hdop>4.7</hdop>
            </trkpt>
            <trkpt lat="44.5923169" lon="22.2791203">
                <ele>774.6</ele>
                <time>2026-05-30T11:23:54Z</time>
                <hdop>4.7</hdop>
            </trkpt>
            <trkpt lat="44.5923128" lon="22.2791241">
                <ele>775.3</ele>
                <time>2026-05-30T11:24:00Z</time>
                <hdop>4.7</hdop>
                <extensions>
                    <osmand:speed>0.1</osmand:speed>
                </extensions>
            </trkpt>
            <trkpt lat="44.5923162" lon="22.2791258">
                <ele>774.4</ele>
                <time>2026-05-30T11:24:06Z</time>
                <hdop>4.7</hdop>
                <extensions>
                    <osmand:speed>0</osmand:speed>
                </extensions>
            </trkpt>
        </trkseg>
    </trk>
    <trk>
        <trkseg>
            <trkpt lat="44.5923603" lon="22.279095">
                <ele>761.9</ele>
                <time>2026-05-30T11:25:55Z</time>
                <hdop>4.7</hdop>
                <extensions>
                    <osmand:speed>0.4</osmand:speed>
                </extensions>
            </trkpt>
            <trkpt lat="44.5923223" lon="22.2791315">
                <ele>762</ele>
                <time>2026-05-30T11:28:31Z</time>
                <hdop>4.7</hdop>
                <extensions>
                    <osmand:speed>0.7</osmand:speed>
                </extensions>
            </trkpt>
            <trkpt lat="44.5923531" lon="22.2790845">
                <ele>766.5</ele>
                <time>2026-05-30T11:29:27Z</time>
                <hdop>4.7</hdop>
                <extensions>
                    <osmand:speed>0.4</osmand:speed>
                </extensions>
            </trkpt>
            <trkpt lat="44.592307" lon="22.2791226">
                <ele>765</ele>
                <time>2026-05-30T11:30:57Z</time>
                <hdop>4.7</hdop>
                <extensions>
                    <osmand:speed>0.1</osmand:speed>
                </extensions>
            </trkpt>
            <trkpt lat="44.5922163" lon="22.2790873">
                <ele>760.2</ele>
                <time>2026-05-30T11:31:10Z</time>
                <hdop>4.7</hdop>
                <extensions>
                    <osmand:speed>0.6</osmand:speed>
                </extensions>
            </trkpt>
            <trkpt lat="44.5922587" lon="22.2791212">
                <ele>763.2</ele>
                <time>2026-05-30T11:31:59Z</time>
                <hdop>4.7</hdop>
                <extensions>
                    <osmand:speed>1.8</osmand:speed>
                </extensions>
            </trkpt>
            <trkpt lat="44.5923563" lon="22.2791164">
                <ele>765</ele>
                <time>2026-05-30T11:32:07Z</time>
                <hdop>4.7</hdop>
                <extensions>
                    <osmand:speed>1.2</osmand:speed>
                </extensions>
            </trkpt>
            <trkpt lat="44.5924342" lon="22.2792347">
                <ele>766.1</ele>
                <time>2026-05-30T11:32:18Z</time>
                <hdop>4.7</hdop>
                <extensions>
                    <osmand:speed>1.2</osmand:speed>
                </extensions>
            </trkpt>
            <trkpt lat="44.592491" lon="22.2793395">
                <ele>766.2</ele>
                <time>2026-05-30T11:33:34Z</time>
                <hdop>4.7</hdop>
                <extensions>
                    <osmand:speed>0.9</osmand:speed>
                </extensions>
            </trkpt>
            <trkpt lat="44.5924508" lon="22.2792952">
                <ele>765.7</ele>
                <time>2026-05-30T11:34:07Z</time>
                <hdop>4.7</hdop>
                <extensions>
                    <osmand:speed>1.1</osmand:speed>
                </extensions>
            </trkpt>
            <trkpt lat="44.5924" lon="22.2793027">
                <ele>764.8</ele>
                <time>2026-05-30T11:34:16Z</time>
                <hdop>4.7</hdop>
                <extensions>
                    <osmand:speed>0.7</osmand:speed>
                </extensions>
            </trkpt>
            <trkpt lat="44.5923538" lon="22.2793018">
                <ele>763.6</ele>
                <time>2026-05-30T11:34:28Z</time>
                <hdop>4.7</hdop>
                <extensions>
                    <osmand:speed>0.6</osmand:speed>
                </extensions>
            </trkpt>
            <trkpt lat="44.592311" lon="22.2792775">
                <ele>762.6</ele>
                <time>2026-05-30T11:34:40Z</time>
                <hdop>4.7</hdop>
                <extensions>
                    <osmand:speed>0.4</osmand:speed>
                </extensions>
            </trkpt>
            <trkpt lat="44.5922631" lon="22.2792691">
                <ele>761.1</ele>
                <time>2026-05-30T11:34:49Z</time>
                <hdop>4.7</hdop>
                <extensions>
                    <osmand:speed>0.7</osmand:speed>
                </extensions>
            </trkpt>
            <trkpt lat="44.5922195" lon="22.2792402">
                <ele>760.4</ele>
                <time>2026-05-30T11:34:57Z</time>
                <hdop>4.7</hdop>
                <extensions>
                    <osmand:speed>0.8</osmand:speed>
                </extensions>
            </trkpt>
            <trkpt lat="44.5921741" lon="22.2792274">
                <ele>757.9</ele>
                <time>2026-05-30T11:35:05Z</time>
                <hdop>4.7</hdop>
                <extensions>
                    <osmand:speed>0.5</osmand:speed>
                </extensions>
            </trkpt>
            <trkpt lat="44.5920865" lon="22.2792463">
                <ele>756.1</ele>
                <time>2026-05-30T11:35:17Z</time>
                <hdop>4.7</hdop>
                <extensions>
                    <osmand:speed>1</osmand:speed>
                </extensions>
            </trkpt>
            <trkpt lat="44.5919919" lon="22.2792461">
                <ele>753.7</ele>
                <time>2026-05-30T11:35:26Z</time>
                <hdop>4.7</hdop>
                <extensions>
                    <osmand:speed>1.2</osmand:speed>
                </extensions>
            </trkpt>
            <trkpt lat="44.5919545" lon="22.2792884">
                <ele>753.5</ele>
                <time>2026-05-30T11:35:32Z</time>
                <hdop>4.7</hdop>
                <extensions>
                    <osmand:speed>1</osmand:speed>
                </extensions>
            </trkpt>
            <trkpt lat="44.5919149" lon="22.2793269">
                <ele>751.4</ele>
                <time>2026-05-30T11:35:39Z</time>
                <hdop>4.7</hdop>
                <extensions>
                    <osmand:speed>0.6</osmand:speed>
                </extensions>
            </trkpt>
            <trkpt lat="44.5918239" lon="22.2793831">
                <ele>750.3</ele>
                <time>2026-05-30T11:35:49Z</time>
                <hdop>4.7</hdop>
                <extensions>
                    <osmand:speed>0.8</osmand:speed>
                </extensions>
            </trkpt>
            <trkpt lat="44.591779" lon="22.2794217">
                <ele>749.8</ele>
                <time>2026-05-30T11:35:57Z</time>
                <hdop>4.7</hdop>
                <extensions>
                    <osmand:speed>0.7</osmand:speed>
                </extensions>
            </trkpt>
            <trkpt lat="44.5917669" lon="22.2794926">
                <ele>749.2</ele>
                <time>2026-05-30T11:36:05Z</time>
                <hdop>4.7</hdop>
                <extensions>
                    <osmand:speed>0.8</osmand:speed>
                </extensions>
            </trkpt>
            <trkpt lat="44.5917649" lon="22.2795572">
                <ele>747.6</ele>
                <time>2026-05-30T11:36:12Z</time>
                <hdop>4.7</hdop>
                <extensions>
                    <osmand:speed>1</osmand:speed>
                </extensions>
            </trkpt>
            <trkpt lat="44.5917351" lon="22.2796117">
                <ele>747.1</ele>
                <time>2026-05-30T11:36:19Z</time>
                <hdop>4.7</hdop>
                <extensions>
                    <osmand:speed>0.9</osmand:speed>
                </extensions>
            </trkpt>
            <trkpt lat="44.5917222" lon="22.2796852">
                <ele>747.6</ele>
                <time>2026-05-30T11:36:26Z</time>
                <hdop>4.7</hdop>
                <extensions>
                    <osmand:speed>1</osmand:speed>
                </extensions>
            </trkpt>
            <trkpt lat="44.5917418" lon="22.2797701">
                <ele>745.5</ele>
                <time>2026-05-30T11:36:32Z</time>
                <hdop>4.7</hdop>
                <extensions>
                    <osmand:speed>1.6</osmand:speed>
                </extensions>
            </trkpt>
            <trkpt lat="44.5917775" lon="22.2799177">
                <ele>746</ele>
                <time>2026-05-30T11:36:41Z</time>
                <hdop>4.7</hdop>
                <extensions>
                    <osmand:speed>1.9</osmand:speed>
                </extensions>
            </trkpt>
            <trkpt lat="44.5917912" lon="22.2800486">
                <ele>744.3</ele>
                <time>2026-05-30T11:36:47Z</time>
                <hdop>4.7</hdop>
                <extensions>
                    <osmand:speed>1.8</osmand:speed>
                </extensions>
            </trkpt>
            <trkpt lat="44.5918136" lon="22.28019">
                <ele>744.5</ele>
                <time>2026-05-30T11:36:54Z</time>
                <hdop>4.7</hdop>
                <extensions>
                    <osmand:speed>1.7</osmand:speed>
                </extensions>
            </trkpt>
            <trkpt lat="44.591813" lon="22.2803359">
                <ele>741.6</ele>
                <time>2026-05-30T11:37:01Z</time>
                <hdop>4.7</hdop>
                <extensions>
                    <osmand:speed>1.6</osmand:speed>
                </extensions>
            </trkpt>
            <trkpt lat="44.5918462" lon="22.2804706">
                <ele>740.1</ele>
                <time>2026-05-30T11:37:09Z</time>
                <hdop>4.7</hdop>
                <extensions>
                    <osmand:speed>1.6</osmand:speed>
                </extensions>
            </trkpt>
            <trkpt lat="44.591863" lon="22.280617">
                <ele>740.9</ele>
                <time>2026-05-30T11:37:17Z</time>
                <hdop>4.7</hdop>
                <extensions>
                    <osmand:speed>1.6</osmand:speed>
                </extensions>
            </trkpt>
            <trkpt lat="44.5918707" lon="22.2807512">
                <ele>740.8</ele>
                <time>2026-05-30T11:37:26Z</time>
                <hdop>4.7</hdop>
                <extensions>
                    <osmand:speed>1.5</osmand:speed>
                </extensions>
            </trkpt>
            <trkpt lat="44.5919138" lon="22.2808502">
                <ele>744</ele>
                <time>2026-05-30T11:37:36Z</time>
                <hdop>4.7</hdop>
                <extensions>
                    <osmand:speed>1.4</osmand:speed>
                </extensions>
            </trkpt>
            <trkpt lat="44.5919499" lon="22.280891">
                <ele>744.8</ele>
                <time>2026-05-30T11:37:47Z</time>
                <hdop>4.7</hdop>
                <extensions>
                    <osmand:speed>0.5</osmand:speed>
                </extensions>
            </trkpt>
            <trkpt lat="44.5919554" lon="22.2809681">
                <ele>746.1</ele>
                <time>2026-05-30T11:37:54Z</time>
                <hdop>4.7</hdop>
                <extensions>
                    <osmand:speed>1</osmand:speed>
                </extensions>
            </trkpt>
            <trkpt lat="44.5919513" lon="22.2810399">
                <ele>746.4</ele>
                <time>2026-05-30T11:38:01Z</time>
                <hdop>4.7</hdop>
                <extensions>
                    <osmand:speed>0.9</osmand:speed>
                </extensions>
            </trkpt>
            <trkpt lat="44.5919753" lon="22.2811673">
                <ele>746.6</ele>
                <time>2026-05-30T11:38:11Z</time>
                <hdop>4.7</hdop>
                <extensions>
                    <osmand:speed>1</osmand:speed>
                </extensions>
            </trkpt>
            <trkpt lat="44.5920509" lon="22.2812555">
                <ele>747.1</ele>
                <time>2026-05-30T11:38:21Z</time>
                <hdop>4.7</hdop>
                <extensions>
                    <osmand:speed>1.1</osmand:speed>
                </extensions>
            </trkpt>
            <trkpt lat="44.5920909" lon="22.2812875">
                <ele>746.9</ele>
                <time>2026-05-30T11:38:27Z</time>
                <hdop>4.7</hdop>
                <extensions>
                    <osmand:speed>0.7</osmand:speed>
                </extensions>
            </trkpt>
            <trkpt lat="44.5921627" lon="22.2813707">
                <ele>748.6</ele>
                <time>2026-05-30T11:38:37Z</time>
                <hdop>4.7</hdop>
                <extensions>
                    <osmand:speed>0.9</osmand:speed>
                </extensions>
            </trkpt>
            <trkpt lat="44.5921928" lon="22.2814314">
                <ele>750.4</ele>
                <time>2026-05-30T11:38:43Z</time>
                <hdop>4.7</hdop>
                <extensions>
                    <osmand:speed>0.9</osmand:speed>
                </extensions>
            </trkpt>
            <trkpt lat="44.5922288" lon="22.2814899">
                <ele>750.9</ele>
                <time>2026-05-30T11:38:50Z</time>
                <hdop>4.7</hdop>
                <extensions>
                    <osmand:speed>0.8</osmand:speed>
                </extensions>
            </trkpt>
            <trkpt lat="44.5922624" lon="22.2815443">
                <ele>750</ele>
                <time>2026-05-30T11:38:56Z</time>
                <hdop>4.7</hdop>
                <extensions>
                    <osmand:speed>0.8</osmand:speed>
                </extensions>
            </trkpt>
            <trkpt lat="44.5923311" lon="22.2816325">
                <ele>750.8</ele>
                <time>2026-05-30T11:39:05Z</time>
                <hdop>4.7</hdop>
                <extensions>
                    <osmand:speed>1</osmand:speed>
                </extensions>
            </trkpt>
            <trkpt lat="44.5924223" lon="22.2816631">
                <ele>752</ele>
                <time>2026-05-30T11:39:14Z</time>
                <hdop>4.7</hdop>
                <extensions>
                    <osmand:speed>1.1</osmand:speed>
                </extensions>
            </trkpt>
            <trkpt lat="44.5925163" lon="22.2816752">
                <ele>753.1</ele>
                <time>2026-05-30T11:39:23Z</time>
                <hdop>4.7</hdop>
                <extensions>
                    <osmand:speed>1.2</osmand:speed>
                </extensions>
            </trkpt>
            <trkpt lat="44.5925616" lon="22.2816919">
                <ele>752.6</ele>
                <time>2026-05-30T11:39:35Z</time>
                <hdop>4.7</hdop>
                <extensions>
                    <osmand:speed>0.7</osmand:speed>
                </extensions>
            </trkpt>
            <trkpt lat="44.5926059" lon="22.2817108">
                <ele>751.9</ele>
                <time>2026-05-30T11:39:41Z</time>
                <hdop>4.7</hdop>
                <extensions>
                    <osmand:speed>1.3</osmand:speed>
                </extensions>
            </trkpt>
            <trkpt lat="44.5926983" lon="22.2817041">
                <ele>754.3</ele>
                <time>2026-05-30T11:39:50Z</time>
                <hdop>4.7</hdop>
                <extensions>
                    <osmand:speed>0.9</osmand:speed>
                </extensions>
            </trkpt>
            <trkpt lat="44.5927991" lon="22.2817655">
                <ele>754.8</ele>
                <time>2026-05-30T11:39:59Z</time>
                <hdop>4.7</hdop>
                <extensions>
                    <osmand:speed>1.2</osmand:speed>
                </extensions>
            </trkpt>
            <trkpt lat="44.592852" lon="22.2818789">
                <ele>754.1</ele>
                <time>2026-05-30T11:40:09Z</time>
                <hdop>4.7</hdop>
                <extensions>
                    <osmand:speed>1</osmand:speed>
                </extensions>
            </trkpt>
            <trkpt lat="44.5929491" lon="22.2819469">
                <ele>754</ele>
                <time>2026-05-30T11:40:18Z</time>
                <hdop>4.7</hdop>
                <extensions>
                    <osmand:speed>1.2</osmand:speed>
                </extensions>
            </trkpt>
            <trkpt lat="44.5930475" lon="22.281985">
                <ele>754</ele>
                <time>2026-05-30T11:40:27Z</time>
                <hdop>4.7</hdop>
                <extensions>
                    <osmand:speed>1.5</osmand:speed>
                </extensions>
            </trkpt>
            <trkpt lat="44.5931243" lon="22.2820957">
                <ele>752.2</ele>
                <time>2026-05-30T11:40:37Z</time>
                <hdop>4.7</hdop>
                <extensions>
                    <osmand:speed>1.4</osmand:speed>
                </extensions>
            </trkpt>
            <trkpt lat="44.5931767" lon="22.2822054">
                <ele>751</ele>
                <time>2026-05-30T11:40:47Z</time>
                <hdop>4.7</hdop>
                <extensions>
                    <osmand:speed>0.8</osmand:speed>
                </extensions>
            </trkpt>
            <trkpt lat="44.5932394" lon="22.2823124">
                <ele>751.3</ele>
                <time>2026-05-30T11:40:55Z</time>
                <hdop>4.7</hdop>
                <extensions>
                    <osmand:speed>1.4</osmand:speed>
                </extensions>
            </trkpt>
            <trkpt lat="44.593285" lon="22.2824352">
                <ele>749.9</ele>
                <time>2026-05-30T11:41:04Z</time>
                <hdop>4.7</hdop>
                <extensions>
                    <osmand:speed>1.4</osmand:speed>
                </extensions>
            </trkpt>
            <trkpt lat="44.5933184" lon="22.2825694">
                <ele>749</ele>
                <time>2026-05-30T11:41:14Z</time>
                <hdop>4.7</hdop>
                <extensions>
                    <osmand:speed>0.9</osmand:speed>
                </extensions>
            </trkpt>
            <trkpt lat="44.5933494" lon="22.2826321">
                <ele>747.8</ele>
                <time>2026-05-30T11:41:21Z</time>
                <hdop>4.7</hdop>
                <extensions>
                    <osmand:speed>0.8</osmand:speed>
                </extensions>
            </trkpt>
            <trkpt lat="44.5933958" lon="22.2826698">
                <ele>746.8</ele>
                <time>2026-05-30T11:41:27Z</time>
                <hdop>4.7</hdop>
                <extensions>
                    <osmand:speed>0.9</osmand:speed>
                </extensions>
            </trkpt>
            <trkpt lat="44.5934405" lon="22.2826969">
                <ele>745.4</ele>
                <time>2026-05-30T11:41:34Z</time>
                <hdop>4.7</hdop>
                <extensions>
                    <osmand:speed>0.6</osmand:speed>
                </extensions>
            </trkpt>
            <trkpt lat="44.5934801" lon="22.2827349">
                <ele>745</ele>
                <time>2026-05-30T11:41:40Z</time>
                <hdop>4.7</hdop>
                <extensions>
                    <osmand:speed>0.9</osmand:speed>
                </extensions>
            </trkpt>
            <trkpt lat="44.5935714" lon="22.2827612">
                <ele>743</ele>
                <time>2026-05-30T11:41:50Z</time>
                <hdop>4.7</hdop>
                <extensions>
                    <osmand:speed>0.5</osmand:speed>
                </extensions>
            </trkpt>
            <trkpt lat="44.5936241" lon="22.282767">
                <ele>743.1</ele>
                <time>2026-05-30T11:41:56Z</time>
                <hdop>4.7</hdop>
                <extensions>
                    <osmand:speed>0.7</osmand:speed>
                </extensions>
            </trkpt>
            <trkpt lat="44.5937037" lon="22.2828471">
                <ele>741.6</ele>
                <time>2026-05-30T11:42:05Z</time>
                <hdop>4.7</hdop>
                <extensions>
                    <osmand:speed>1.7</osmand:speed>
                </extensions>
            </trkpt>
            <trkpt lat="44.5937406" lon="22.2829051">
                <ele>739.9</ele>
                <time>2026-05-30T11:42:12Z</time>
                <hdop>4.7</hdop>
                <extensions>
                    <osmand:speed>0.7</osmand:speed>
                </extensions>
            </trkpt>
            <trkpt lat="44.5938399" lon="22.2829383">
                <ele>738.3</ele>
                <time>2026-05-30T11:42:22Z</time>
                <hdop>4.7</hdop>
                <extensions>
                    <osmand:speed>0.9</osmand:speed>
                </extensions>
            </trkpt>
            <trkpt lat="44.5939448" lon="22.2829901">
                <ele>738.2</ele>
                <time>2026-05-30T11:42:30Z</time>
                <hdop>4.7</hdop>
                <extensions>
                    <osmand:speed>1.4</osmand:speed>
                </extensions>
            </trkpt>
            <trkpt lat="44.5940031" lon="22.2829943">
                <ele>736.8</ele>
                <time>2026-05-30T11:42:38Z</time>
                <hdop>4.7</hdop>
                <extensions>
                    <osmand:speed>0.8</osmand:speed>
                </extensions>
            </trkpt>
            <trkpt lat="44.5941029" lon="22.2829759">
                <ele>736.7</ele>
                <time>2026-05-30T11:42:48Z</time>
                <hdop>4.7</hdop>
                <extensions>
                    <osmand:speed>1.3</osmand:speed>
                </extensions>
            </trkpt>
            <trkpt lat="44.5941864" lon="22.2829555">
                <ele>736.9</ele>
                <time>2026-05-30T11:42:56Z</time>
                <hdop>4.7</hdop>
                <extensions>
                    <osmand:speed>1.1</osmand:speed>
                </extensions>
            </trkpt>
            <trkpt lat="44.5942905" lon="22.2829523">
                <ele>734.8</ele>
                <time>2026-05-30T11:43:06Z</time>
                <hdop>4.7</hdop>
                <extensions>
                    <osmand:speed>0.8</osmand:speed>
                </extensions>
            </trkpt>
            <trkpt lat="44.5943997" lon="22.282949">
                <ele>734.9</ele>
                <time>2026-05-30T11:43:16Z</time>
                <hdop>4.7</hdop>
                <extensions>
                    <osmand:speed>0.9</osmand:speed>
                </extensions>
            </trkpt>
            <trkpt lat="44.5944918" lon="22.282988">
                <ele>735.7</ele>
                <time>2026-05-30T11:43:23Z</time>
                <hdop>4.7</hdop>
                <extensions>
                    <osmand:speed>1.5</osmand:speed>
                </extensions>
            </trkpt>
            <trkpt lat="44.5945717" lon="22.2830482">
                <ele>736.2</ele>
                <time>2026-05-30T11:43:32Z</time>
                <hdop>4.7</hdop>
                <extensions>
                    <osmand:speed>0.8</osmand:speed>
                </extensions>
            </trkpt>
            <trkpt lat="44.5946748" lon="22.2830686">
                <ele>735.6</ele>
                <time>2026-05-30T11:43:40Z</time>
                <hdop>4.7</hdop>
                <extensions>
                    <osmand:speed>1.5</osmand:speed>
                </extensions>
            </trkpt>
            <trkpt lat="44.5947286" lon="22.2830749">
                <ele>736.2</ele>
                <time>2026-05-30T11:43:46Z</time>
                <hdop>4.7</hdop>
                <extensions>
                    <osmand:speed>0.8</osmand:speed>
                </extensions>
            </trkpt>
            <trkpt lat="44.5948174" lon="22.283147">
                <ele>735.2</ele>
                <time>2026-05-30T11:43:56Z</time>
                <hdop>4.7</hdop>
                <extensions>
                    <osmand:speed>0.8</osmand:speed>
                </extensions>
            </trkpt>
            <trkpt lat="44.5948499" lon="22.2831908">
                <ele>735.4</ele>
                <time>2026-05-30T11:44:04Z</time>
                <hdop>4.7</hdop>
                <extensions>
                    <osmand:speed>0.7</osmand:speed>
                </extensions>
            </trkpt>
            <trkpt lat="44.5948736" lon="22.2832509">
                <ele>735.6</ele>
                <time>2026-05-30T11:44:10Z</time>
                <hdop>4.7</hdop>
                <extensions>
                    <osmand:speed>0.9</osmand:speed>
                </extensions>
            </trkpt>
            <trkpt lat="44.594914" lon="22.2832957">
                <ele>734.8</ele>
                <time>2026-05-30T11:44:17Z</time>
                <hdop>4.7</hdop>
                <extensions>
                    <osmand:speed>1.4</osmand:speed>
                </extensions>
            </trkpt>
            <trkpt lat="44.5949559" lon="22.2833434">
                <ele>735.4</ele>
                <time>2026-05-30T11:44:24Z</time>
                <hdop>4.7</hdop>
                <extensions>
                    <osmand:speed>0.9</osmand:speed>
                </extensions>
            </trkpt>
            <trkpt lat="44.5950151" lon="22.2834482">
                <ele>734.7</ele>
                <time>2026-05-30T11:44:33Z</time>
                <hdop>4.7</hdop>
                <extensions>
                    <osmand:speed>0.7</osmand:speed>
                </extensions>
            </trkpt>
            <trkpt lat="44.5950251" lon="22.2835124">
                <ele>734.5</ele>
                <time>2026-05-30T11:44:39Z</time>
                <hdop>4.7</hdop>
                <extensions>
                    <osmand:speed>0.8</osmand:speed>
                </extensions>
            </trkpt>
            <trkpt lat="44.5950782" lon="22.2836417">
                <ele>735.5</ele>
                <time>2026-05-30T11:44:49Z</time>
                <hdop>4.7</hdop>
                <extensions>
                    <osmand:speed>1.3</osmand:speed>
                </extensions>
            </trkpt>
            <trkpt lat="44.5950947" lon="22.2837174">
                <ele>734.6</ele>
                <time>2026-05-30T11:44:55Z</time>
                <hdop>4.7</hdop>
                <extensions>
                    <osmand:speed>1</osmand:speed>
                </extensions>
            </trkpt>
            <trkpt lat="44.5951152" lon="22.2837783">
                <ele>734.9</ele>
                <time>2026-05-30T11:45:01Z</time>
                <hdop>4.7</hdop>
                <extensions>
                    <osmand:speed>0.8</osmand:speed>
                </extensions>
            </trkpt>
            <trkpt lat="44.5951421" lon="22.2838407">
                <ele>736.7</ele>
                <time>2026-05-30T11:45:07Z</time>
                <hdop>4.7</hdop>
                <extensions>
                    <osmand:speed>1.1</osmand:speed>
                </extensions>
            </trkpt>
            <trkpt lat="44.5951656" lon="22.2839011">
                <ele>738.2</ele>
                <time>2026-05-30T11:45:14Z</time>
                <hdop>4.7</hdop>
                <extensions>
                    <osmand:speed>0.7</osmand:speed>
                </extensions>
            </trkpt>
            <trkpt lat="44.5951837" lon="22.2839779">
                <ele>738.6</ele>
                <time>2026-05-30T11:45:21Z</time>
                <hdop>4.7</hdop>
                <extensions>
                    <osmand:speed>1.2</osmand:speed>
                </extensions>
            </trkpt>
            <trkpt lat="44.5952005" lon="22.284039">
                <ele>739.2</ele>
                <time>2026-05-30T11:45:27Z</time>
                <hdop>4.7</hdop>
                <extensions>
                    <osmand:speed>0.9</osmand:speed>
                </extensions>
            </trkpt>
            <trkpt lat="44.595239" lon="22.2841695">
                <ele>739.1</ele>
                <time>2026-05-30T11:45:37Z</time>
                <hdop>4.7</hdop>
                <extensions>
                    <osmand:speed>1.2</osmand:speed>
                </extensions>
            </trkpt>
            <trkpt lat="44.5952925" lon="22.284293">
                <ele>738.8</ele>
                <time>2026-05-30T11:45:47Z</time>
                <hdop>4.7</hdop>
                <extensions>
                    <osmand:speed>1.2</osmand:speed>
                </extensions>
            </trkpt>
            <trkpt lat="44.5953356" lon="22.2844135">
                <ele>739.9</ele>
                <time>2026-05-30T11:45:56Z</time>
                <hdop>4.7</hdop>
                <extensions>
                    <osmand:speed>1.1</osmand:speed>
                </extensions>
            </trkpt>
            <trkpt lat="44.5953277" lon="22.2845548">
                <ele>740.1</ele>
                <time>2026-05-30T11:46:06Z</time>
                <hdop>4.7</hdop>
                <extensions>
                    <osmand:speed>1.1</osmand:speed>
                </extensions>
            </trkpt>
            <trkpt lat="44.5953565" lon="22.2846774">
                <ele>740.4</ele>
                <time>2026-05-30T11:46:15Z</time>
                <hdop>4.7</hdop>
                <extensions>
                    <osmand:speed>0.8</osmand:speed>
                </extensions>
            </trkpt>
            <trkpt lat="44.5954147" lon="22.284799">
                <ele>742.2</ele>
                <time>2026-05-30T11:46:27Z</time>
                <hdop>4.7</hdop>
                <extensions>
                    <osmand:speed>0.9</osmand:speed>
                </extensions>
            </trkpt>
            <trkpt lat="44.5954764" lon="22.2849042">
                <ele>742.4</ele>
                <time>2026-05-30T11:46:37Z</time>
                <hdop>4.7</hdop>
                <extensions>
                    <osmand:speed>1</osmand:speed>
                </extensions>
            </trkpt>
            <trkpt lat="44.5955276" lon="22.2850125">
                <ele>739.1</ele>
                <time>2026-05-30T11:46:47Z</time>
                <hdop>4.7</hdop>
                <extensions>
                    <osmand:speed>1</osmand:speed>
                </extensions>
            </trkpt>
            <trkpt lat="44.595582" lon="22.2851263">
                <ele>741.5</ele>
                <time>2026-05-30T11:46:57Z</time>
                <hdop>4.7</hdop>
                <extensions>
                    <osmand:speed>0.9</osmand:speed>
                </extensions>
            </trkpt>
            <trkpt lat="44.5955995" lon="22.2852621">
                <ele>738.5</ele>
                <time>2026-05-30T11:47:06Z</time>
                <hdop>4.7</hdop>
                <extensions>
                    <osmand:speed>0.8</osmand:speed>
                </extensions>
            </trkpt>
            <trkpt lat="44.5956081" lon="22.2853992">
                <ele>739.9</ele>
                <time>2026-05-30T11:47:13Z</time>
                <hdop>4.7</hdop>
                <extensions>
                    <osmand:speed>1.4</osmand:speed>
                </extensions>
            </trkpt>
            <trkpt lat="44.595617" lon="22.2855353">
                <ele>739.6</ele>
                <time>2026-05-30T11:47:21Z</time>
                <hdop>4.7</hdop>
                <extensions>
                    <osmand:speed>1</osmand:speed>
                </extensions>
            </trkpt>
            <trkpt lat="44.5956042" lon="22.2856813">
                <ele>735.9</ele>
                <time>2026-05-30T11:47:32Z</time>
                <hdop>4.7</hdop>
                <extensions>
                    <osmand:speed>0.7</osmand:speed>
                </extensions>
            </trkpt>
            <trkpt lat="44.5956253" lon="22.2857964">
                <ele>734.5</ele>
                <time>2026-05-30T11:47:41Z</time>
                <hdop>4.7</hdop>
                <extensions>
                    <osmand:speed>0.9</osmand:speed>
                </extensions>
            </trkpt>
            <trkpt lat="44.5956713" lon="22.2859042">
                <ele>734.4</ele>
                <time>2026-05-30T11:47:50Z</time>
                <hdop>4.7</hdop>
                <extensions>
                    <osmand:speed>0.8</osmand:speed>
                </extensions>
            </trkpt>
            <trkpt lat="44.5957112" lon="22.2860146">
                <ele>732.2</ele>
                <time>2026-05-30T11:47:59Z</time>
                <hdop>4.7</hdop>
                <extensions>
                    <osmand:speed>1.1</osmand:speed>
                </extensions>
            </trkpt>
            <trkpt lat="44.5957155" lon="22.2860783">
                <ele>731.7</ele>
                <time>2026-05-30T11:48:05Z</time>
                <hdop>4.7</hdop>
                <extensions>
                    <osmand:speed>0.8</osmand:speed>
                </extensions>
            </trkpt>
            <trkpt lat="44.5957671" lon="22.2862065">
                <ele>730.6</ele>
                <time>2026-05-30T11:48:17Z</time>
                <hdop>4.7</hdop>
                <extensions>
                    <osmand:speed>0.7</osmand:speed>
                </extensions>
            </trkpt>
            <trkpt lat="44.5957339" lon="22.2863302">
                <ele>729.5</ele>
                <time>2026-05-30T11:48:27Z</time>
                <hdop>4.7</hdop>
                <extensions>
                    <osmand:speed>0.7</osmand:speed>
                </extensions>
            </trkpt>
            <trkpt lat="44.5957065" lon="22.2864795">
                <ele>727</ele>
                <time>2026-05-30T11:48:39Z</time>
                <hdop>4.7</hdop>
                <extensions>
                    <osmand:speed>1</osmand:speed>
                </extensions>
            </trkpt>
            <trkpt lat="44.5957135" lon="22.2866183">
                <ele>725.5</ele>
                <time>2026-05-30T11:48:50Z</time>
                <hdop>4.7</hdop>
                <extensions>
                    <osmand:speed>1</osmand:speed>
                </extensions>
            </trkpt>
            <trkpt lat="44.5957432" lon="22.2867449">
                <ele>724.4</ele>
                <time>2026-05-30T11:49:00Z</time>
                <hdop>4.7</hdop>
                <extensions>
                    <osmand:speed>1</osmand:speed>
                </extensions>
            </trkpt>
            <trkpt lat="44.5957286" lon="22.286886">
                <ele>726.3</ele>
                <time>2026-05-30T11:49:11Z</time>
                <hdop>4.7</hdop>
                <extensions>
                    <osmand:speed>1</osmand:speed>
                </extensions>
            </trkpt>
            <trkpt lat="44.5957027" lon="22.2870251">
                <ele>723.3</ele>
                <time>2026-05-30T11:49:22Z</time>
                <hdop>4.7</hdop>
                <extensions>
                    <osmand:speed>1.3</osmand:speed>
                </extensions>
            </trkpt>
            <trkpt lat="44.5956634" lon="22.2870706">
                <ele>721.8</ele>
                <time>2026-05-30T11:49:28Z</time>
                <hdop>4.7</hdop>
                <extensions>
                    <osmand:speed>0.9</osmand:speed>
                </extensions>
            </trkpt>
            <trkpt lat="44.5956473" lon="22.2871402">
                <ele>721.1</ele>
                <time>2026-05-30T11:49:34Z</time>
                <hdop>4.7</hdop>
                <extensions>
                    <osmand:speed>0.8</osmand:speed>
                </extensions>
            </trkpt>
            <trkpt lat="44.5956421" lon="22.2872173">
                <ele>720.7</ele>
                <time>2026-05-30T11:49:40Z</time>
                <hdop>4.7</hdop>
                <extensions>
                    <osmand:speed>0.8</osmand:speed>
                </extensions>
            </trkpt>
            <trkpt lat="44.5956265" lon="22.2872645">
                <ele>719.6</ele>
                <time>2026-05-30T11:49:46Z</time>
                <hdop>4.7</hdop>
                <extensions>
                    <osmand:speed>0.4</osmand:speed>
                </extensions>
            </trkpt>
            <trkpt lat="44.5955989" lon="22.2873184">
                <ele>720.2</ele>
                <time>2026-05-30T11:49:52Z</time>
                <hdop>4.7</hdop>
                <extensions>
                    <osmand:speed>0.6</osmand:speed>
                </extensions>
            </trkpt>
            <trkpt lat="44.5955751" lon="22.2873885">
                <ele>718.7</ele>
                <time>2026-05-30T11:49:58Z</time>
                <hdop>4.7</hdop>
                <extensions>
                    <osmand:speed>0.6</osmand:speed>
                </extensions>
            </trkpt>
            <trkpt lat="44.59555" lon="22.2874607">
                <ele>718.4</ele>
                <time>2026-05-30T11:50:04Z</time>
                <hdop>4.7</hdop>
                <extensions>
                    <osmand:speed>0.5</osmand:speed>
                </extensions>
            </trkpt>
            <trkpt lat="44.5955381" lon="22.2875192">
                <ele>716.8</ele>
                <time>2026-05-30T11:50:10Z</time>
                <hdop>4.7</hdop>
                <extensions>
                    <osmand:speed>0.3</osmand:speed>
                </extensions>
            </trkpt>
            <trkpt lat="44.5955294" lon="22.2875825">
                <ele>715.8</ele>
                <time>2026-05-30T11:50:16Z</time>
                <hdop>4.7</hdop>
                <extensions>
                    <osmand:speed>1</osmand:speed>
                </extensions>
            </trkpt>
            <trkpt lat="44.5955418" lon="22.287644">
                <ele>714.2</ele>
                <time>2026-05-30T11:50:22Z</time>
                <hdop>4.7</hdop>
                <extensions>
                    <osmand:speed>0.4</osmand:speed>
                </extensions>
            </trkpt>
            <trkpt lat="44.595555" lon="22.2877066">
                <ele>712.7</ele>
                <time>2026-05-30T11:50:28Z</time>
                <hdop>4.7</hdop>
                <extensions>
                    <osmand:speed>0.6</osmand:speed>
                </extensions>
            </trkpt>
            <trkpt lat="44.5955644" lon="22.2877791">
                <ele>711.3</ele>
                <time>2026-05-30T11:50:34Z</time>
                <hdop>4.7</hdop>
                <extensions>
                    <osmand:speed>0.7</osmand:speed>
                </extensions>
            </trkpt>
            <trkpt lat="44.5955777" lon="22.2878535">
                <ele>709.7</ele>
                <time>2026-05-30T11:50:40Z</time>
                <hdop>4.7</hdop>
                <extensions>
                    <osmand:speed>1.1</osmand:speed>
                </extensions>
            </trkpt>
            <trkpt lat="44.5956161" lon="22.2878729">
                <ele>710.9</ele>
                <time>2026-05-30T11:50:46Z</time>
                <hdop>4.7</hdop>
                <extensions>
                    <osmand:speed>0.5</osmand:speed>
                </extensions>
            </trkpt>
            <trkpt lat="44.5956455" lon="22.2879068">
                <ele>709</ele>
                <time>2026-05-30T11:50:52Z</time>
                <hdop>4.7</hdop>
                <extensions>
                    <osmand:speed>0.8</osmand:speed>
                </extensions>
            </trkpt>
            <trkpt lat="44.5956792" lon="22.2879586">
                <ele>707.3</ele>
                <time>2026-05-30T11:50:58Z</time>
                <hdop>4.7</hdop>
                <extensions>
                    <osmand:speed>0.8</osmand:speed>
                </extensions>
            </trkpt>
            <trkpt lat="44.5957155" lon="22.288024">
                <ele>706.1</ele>
                <time>2026-05-30T11:51:04Z</time>
                <hdop>4.7</hdop>
                <extensions>
                    <osmand:speed>1</osmand:speed>
                </extensions>
            </trkpt>
            <trkpt lat="44.5957628" lon="22.2880931">
                <ele>702.5</ele>
                <time>2026-05-30T11:51:10Z</time>
                <hdop>4.7</hdop>
                <extensions>
                    <osmand:speed>1.3</osmand:speed>
                </extensions>
            </trkpt>
            <trkpt lat="44.5957846" lon="22.2881514">
                <ele>701.9</ele>
                <time>2026-05-30T11:51:16Z</time>
                <hdop>4.7</hdop>
                <extensions>
                    <osmand:speed>1</osmand:speed>
                </extensions>
            </trkpt>
            <trkpt lat="44.5958098" lon="22.2881942">
                <ele>701.8</ele>
                <time>2026-05-30T11:51:22Z</time>
                <hdop>4.7</hdop>
                <extensions>
                    <osmand:speed>0.6</osmand:speed>
                </extensions>
            </trkpt>
            <trkpt lat="44.5958542" lon="22.2882612">
                <ele>702.3</ele>
                <time>2026-05-30T11:51:28Z</time>
                <hdop>4.7</hdop>
                <extensions>
                    <osmand:speed>0.5</osmand:speed>
                </extensions>
            </trkpt>
            <trkpt lat="44.5958717" lon="22.2882938">
                <ele>699.2</ele>
                <time>2026-05-30T11:51:34Z</time>
                <hdop>4.7</hdop>
                <extensions>
                    <osmand:speed>0.4</osmand:speed>
                </extensions>
            </trkpt>
            <trkpt lat="44.5959287" lon="22.2883485">
                <ele>697.3</ele>
                <time>2026-05-30T11:51:40Z</time>
                <hdop>4.7</hdop>
                <extensions>
                    <osmand:speed>0.8</osmand:speed>
                </extensions>
            </trkpt>
            <trkpt lat="44.5959691" lon="22.288396">
                <ele>694.9</ele>
                <time>2026-05-30T11:51:46Z</time>
                <hdop>4.7</hdop>
                <extensions>
                    <osmand:speed>0.8</osmand:speed>
                </extensions>
            </trkpt>
            <trkpt lat="44.5960307" lon="22.2884436">
                <ele>695.3</ele>
                <time>2026-05-30T11:51:52Z</time>
                <hdop>4.7</hdop>
                <extensions>
                    <osmand:speed>1</osmand:speed>
                </extensions>
            </trkpt>
            <trkpt lat="44.5961188" lon="22.2885067">
                <ele>693.5</ele>
                <time>2026-05-30T11:52:02Z</time>
                <hdop>4.7</hdop>
                <extensions>
                    <osmand:speed>1.3</osmand:speed>
                </extensions>
            </trkpt>
            <trkpt lat="44.5961861" lon="22.2885918">
                <ele>691.3</ele>
                <time>2026-05-30T11:52:13Z</time>
                <hdop>4.7</hdop>
                <extensions>
                    <osmand:speed>0.9</osmand:speed>
                </extensions>
            </trkpt>
            <trkpt lat="44.5962759" lon="22.2886487">
                <ele>691.7</ele>
                <time>2026-05-30T11:52:23Z</time>
                <hdop>4.7</hdop>
                <extensions>
                    <osmand:speed>1</osmand:speed>
                </extensions>
            </trkpt>
            <trkpt lat="44.5963648" lon="22.2886956">
                <ele>690.4</ele>
                <time>2026-05-30T11:52:31Z</time>
                <hdop>4.7</hdop>
                <extensions>
                    <osmand:speed>1.1</osmand:speed>
                </extensions>
            </trkpt>
            <trkpt lat="44.5963741" lon="22.2887582">
                <ele>693</ele>
                <time>2026-05-30T11:52:49Z</time>
                <hdop>4.7</hdop>
                <extensions>
                    <osmand:speed>0.2</osmand:speed>
                </extensions>
            </trkpt>
            <trkpt lat="44.5964229" lon="22.2887902">
                <ele>693.3</ele>
                <time>2026-05-30T11:52:59Z</time>
                <hdop>4.7</hdop>
                <extensions>
                    <osmand:speed>0.9</osmand:speed>
                </extensions>
            </trkpt>
            <trkpt lat="44.5964849" lon="22.2888852">
                <ele>690.1</ele>
                <time>2026-05-30T11:53:08Z</time>
                <hdop>4.7</hdop>
                <extensions>
                    <osmand:speed>1.1</osmand:speed>
                </extensions>
            </trkpt>
            <trkpt lat="44.5965285" lon="22.2890089">
                <ele>690.1</ele>
                <time>2026-05-30T11:53:18Z</time>
                <hdop>4.7</hdop>
                <extensions>
                    <osmand:speed>1.1</osmand:speed>
                </extensions>
            </trkpt>
            <trkpt lat="44.596554" lon="22.2890714">
                <ele>688.6</ele>
                <time>2026-05-30T11:53:24Z</time>
                <hdop>4.7</hdop>
                <extensions>
                    <osmand:speed>1.1</osmand:speed>
                </extensions>
            </trkpt>
            <trkpt lat="44.5966178" lon="22.2891851">
                <ele>685</ele>
                <time>2026-05-30T11:53:35Z</time>
                <hdop>4.7</hdop>
                <extensions>
                    <osmand:speed>0.8</osmand:speed>
                </extensions>
            </trkpt>
            <trkpt lat="44.5966749" lon="22.2892878">
                <ele>681.5</ele>
                <time>2026-05-30T11:53:44Z</time>
                <hdop>4.7</hdop>
                <extensions>
                    <osmand:speed>1.5</osmand:speed>
                </extensions>
            </trkpt>
            <trkpt lat="44.5967225" lon="22.2894064">
                <ele>678.4</ele>
                <time>2026-05-30T11:53:54Z</time>
                <hdop>4.7</hdop>
                <extensions>
                    <osmand:speed>0.8</osmand:speed>
                </extensions>
            </trkpt>
            <trkpt lat="44.5967537" lon="22.2894542">
                <ele>678.2</ele>
                <time>2026-05-30T11:54:00Z</time>
                <hdop>4.7</hdop>
                <extensions>
                    <osmand:speed>0.9</osmand:speed>
                </extensions>
            </trkpt>
            <trkpt lat="44.596776" lon="22.2895127">
                <ele>677.1</ele>
                <time>2026-05-30T11:54:07Z</time>
                <hdop>4.7</hdop>
                <extensions>
                    <osmand:speed>0.4</osmand:speed>
                </extensions>
            </trkpt>
            <trkpt lat="44.5968018" lon="22.2896299">
                <ele>677.4</ele>
                <time>2026-05-30T11:54:16Z</time>
                <hdop>4.7</hdop>
                <extensions>
                    <osmand:speed>0.8</osmand:speed>
                </extensions>
            </trkpt>
            <trkpt lat="44.5968244" lon="22.2896878">
                <ele>677.5</ele>
                <time>2026-05-30T11:54:23Z</time>
                <hdop>4.7</hdop>
                <extensions>
                    <osmand:speed>0.5</osmand:speed>
                </extensions>
            </trkpt>
            <trkpt lat="44.5968371" lon="22.2897529">
                <ele>674.9</ele>
                <time>2026-05-30T11:54:30Z</time>
                <hdop>4.7</hdop>
                <extensions>
                    <osmand:speed>0.9</osmand:speed>
                </extensions>
            </trkpt>
            <trkpt lat="44.5968646" lon="22.2898108">
                <ele>674.5</ele>
                <time>2026-05-30T11:54:36Z</time>
                <hdop>4.7</hdop>
                <extensions>
                    <osmand:speed>0.7</osmand:speed>
                </extensions>
            </trkpt>
            <trkpt lat="44.5969062" lon="22.2898453">
                <ele>674.6</ele>
                <time>2026-05-30T11:54:45Z</time>
                <hdop>4.7</hdop>
                <extensions>
                    <osmand:speed>0.5</osmand:speed>
                </extensions>
            </trkpt>
            <trkpt lat="44.5969221" lon="22.2899112">
                <ele>673.2</ele>
                <time>2026-05-30T11:54:51Z</time>
                <hdop>4.7</hdop>
                <extensions>
                    <osmand:speed>1</osmand:speed>
                </extensions>
            </trkpt>
            <trkpt lat="44.5969434" lon="22.2899698">
                <ele>671</ele>
                <time>2026-05-30T11:55:00Z</time>
                <hdop>4.7</hdop>
                <extensions>
                    <osmand:speed>1.3</osmand:speed>
                </extensions>
            </trkpt>
            <trkpt lat="44.596993" lon="22.2900965">
                <ele>669.8</ele>
                <time>2026-05-30T11:55:09Z</time>
                <hdop>4.7</hdop>
                <extensions>
                    <osmand:speed>1.1</osmand:speed>
                </extensions>
            </trkpt>
            <trkpt lat="44.5969886" lon="22.2902196">
                <ele>667.9</ele>
                <time>2026-05-30T11:55:16Z</time>
                <hdop>4.7</hdop>
                <extensions>
                    <osmand:speed>1.2</osmand:speed>
                </extensions>
            </trkpt>
            <trkpt lat="44.5970733" lon="22.2903017">
                <ele>667</ele>
                <time>2026-05-30T11:55:26Z</time>
                <hdop>4.7</hdop>
                <extensions>
                    <osmand:speed>1.2</osmand:speed>
                </extensions>
            </trkpt>
            <trkpt lat="44.5971024" lon="22.2904348">
                <ele>662.3</ele>
                <time>2026-05-30T11:55:34Z</time>
                <hdop>4.7</hdop>
                <extensions>
                    <osmand:speed>1.1</osmand:speed>
                </extensions>
            </trkpt>
            <trkpt lat="44.5971325" lon="22.2905021">
                <ele>662.1</ele>
                <time>2026-05-30T11:55:40Z</time>
                <hdop>4.7</hdop>
                <extensions>
                    <osmand:speed>1</osmand:speed>
                </extensions>
            </trkpt>
            <trkpt lat="44.5972182" lon="22.2905669">
                <ele>660.1</ele>
                <time>2026-05-30T11:55:49Z</time>
                <hdop>4.7</hdop>
                <extensions>
                    <osmand:speed>1</osmand:speed>
                </extensions>
            </trkpt>
            <trkpt lat="44.5972607" lon="22.2906291">
                <ele>659.8</ele>
                <time>2026-05-30T11:55:55Z</time>
                <hdop>4.7</hdop>
                <extensions>
                    <osmand:speed>0.8</osmand:speed>
                </extensions>
            </trkpt>
            <trkpt lat="44.5972903" lon="22.2906896">
                <ele>658</ele>
                <time>2026-05-30T11:56:01Z</time>
                <hdop>4.7</hdop>
                <extensions>
                    <osmand:speed>0.9</osmand:speed>
                </extensions>
            </trkpt>
            <trkpt lat="44.5973493" lon="22.2907594">
                <ele>656.6</ele>
                <time>2026-05-30T11:56:07Z</time>
                <hdop>4.7</hdop>
                <extensions>
                    <osmand:speed>1.1</osmand:speed>
                </extensions>
            </trkpt>
            <trkpt lat="44.5973729" lon="22.2907681">
                <ele>655.3</ele>
                <time>2026-05-30T11:56:13Z</time>
                <hdop>4.7</hdop>
                <extensions>
                    <osmand:speed>0.4</osmand:speed>
                </extensions>
            </trkpt>
            <trkpt lat="44.5974081" lon="22.2908314">
                <ele>655.5</ele>
                <time>2026-05-30T11:56:19Z</time>
                <hdop>4.7</hdop>
                <extensions>
                    <osmand:speed>0.6</osmand:speed>
                </extensions>
            </trkpt>
            <trkpt lat="44.5974352" lon="22.2908918">
                <ele>655.6</ele>
                <time>2026-05-30T11:56:25Z</time>
                <hdop>4.7</hdop>
                <extensions>
                    <osmand:speed>0.8</osmand:speed>
                </extensions>
            </trkpt>
            <trkpt lat="44.5974457" lon="22.2909293">
                <ele>654.4</ele>
                <time>2026-05-30T11:56:31Z</time>
                <hdop>4.7</hdop>
                <extensions>
                    <osmand:speed>0.3</osmand:speed>
                </extensions>
            </trkpt>
            <trkpt lat="44.5974922" lon="22.2910092">
                <ele>653.2</ele>
                <time>2026-05-30T11:56:37Z</time>
                <hdop>4.7</hdop>
                <extensions>
                    <osmand:speed>1.2</osmand:speed>
                </extensions>
            </trkpt>
            <trkpt lat="44.5974597" lon="22.2911609">
                <ele>653.1</ele>
                <time>2026-05-30T11:56:44Z</time>
                <hdop>4.7</hdop>
                <extensions>
                    <osmand:speed>2.4</osmand:speed>
                </extensions>
            </trkpt>
            <trkpt lat="44.5974308" lon="22.2912283">
                <ele>651.3</ele>
                <time>2026-05-30T11:56:51Z</time>
                <hdop>4.7</hdop>
                <extensions>
                    <osmand:speed>1.3</osmand:speed>
                </extensions>
            </trkpt>
            <trkpt lat="44.5973505" lon="22.2913216">
                <ele>649.3</ele>
                <time>2026-05-30T11:57:02Z</time>
                <hdop>4.7</hdop>
                <extensions>
                    <osmand:speed>1.1</osmand:speed>
                </extensions>
            </trkpt>
            <trkpt lat="44.5972851" lon="22.291417">
                <ele>648.8</ele>
                <time>2026-05-30T11:57:12Z</time>
                <hdop>4.7</hdop>
                <extensions>
                    <osmand:speed>0.6</osmand:speed>
                </extensions>
            </trkpt>
            <trkpt lat="44.5972539" lon="22.2914649">
                <ele>648.4</ele>
                <time>2026-05-30T11:57:18Z</time>
                <hdop>4.7</hdop>
                <extensions>
                    <osmand:speed>0.5</osmand:speed>
                </extensions>
            </trkpt>
            <trkpt lat="44.5971989" lon="22.2915056">
                <ele>646.3</ele>
                <time>2026-05-30T11:57:25Z</time>
                <hdop>4.7</hdop>
                <extensions>
                    <osmand:speed>1.1</osmand:speed>
                </extensions>
            </trkpt>
            <trkpt lat="44.5971529" lon="22.2915323">
                <ele>644.2</ele>
                <time>2026-05-30T11:57:32Z</time>
                <hdop>4.7</hdop>
                <extensions>
                    <osmand:speed>0.9</osmand:speed>
                </extensions>
            </trkpt>
            <trkpt lat="44.5970777" lon="22.2916055">
                <ele>642.9</ele>
                <time>2026-05-30T11:57:42Z</time>
                <hdop>4.7</hdop>
                <extensions>
                    <osmand:speed>0.4</osmand:speed>
                </extensions>
            </trkpt>
            <trkpt lat="44.5970301" lon="22.2916201">
                <ele>639.9</ele>
                <time>2026-05-30T11:57:48Z</time>
                <hdop>4.7</hdop>
                <extensions>
                    <osmand:speed>0.9</osmand:speed>
                </extensions>
            </trkpt>
            <trkpt lat="44.5969826" lon="22.2916669">
                <ele>638.8</ele>
                <time>2026-05-30T11:57:55Z</time>
                <hdop>4.7</hdop>
                <extensions>
                    <osmand:speed>0.8</osmand:speed>
                </extensions>
            </trkpt>
            <trkpt lat="44.5969328" lon="22.2916938">
                <ele>636.1</ele>
                <time>2026-05-30T11:58:01Z</time>
                <hdop>4.7</hdop>
                <extensions>
                    <osmand:speed>1.3</osmand:speed>
                </extensions>
            </trkpt>
            <trkpt lat="44.5969071" lon="22.2917474">
                <ele>636.7</ele>
                <time>2026-05-30T11:58:07Z</time>
                <hdop>4.7</hdop>
                <extensions>
                    <osmand:speed>0.5</osmand:speed>
                </extensions>
            </trkpt>
            <trkpt lat="44.5968686" lon="22.2917939">
                <ele>637.6</ele>
                <time>2026-05-30T11:58:15Z</time>
                <hdop>4.7</hdop>
                <extensions>
                    <osmand:speed>0.5</osmand:speed>
                </extensions>
            </trkpt>
            <trkpt lat="44.5968074" lon="22.291888">
                <ele>636.5</ele>
                <time>2026-05-30T11:58:24Z</time>
                <hdop>4.7</hdop>
                <extensions>
                    <osmand:speed>1</osmand:speed>
                </extensions>
            </trkpt>
            <trkpt lat="44.5967877" lon="22.2919537">
                <ele>635.9</ele>
                <time>2026-05-30T11:58:30Z</time>
                <hdop>4.7</hdop>
                <extensions>
                    <osmand:speed>0.9</osmand:speed>
                </extensions>
            </trkpt>
            <trkpt lat="44.5967592" lon="22.2920981">
                <ele>636.1</ele>
                <time>2026-05-30T11:58:39Z</time>
                <hdop>4.7</hdop>
                <extensions>
                    <osmand:speed>1.3</osmand:speed>
                </extensions>
            </trkpt>
            <trkpt lat="44.5967673" lon="22.2922328">
                <ele>633.8</ele>
                <time>2026-05-30T11:58:48Z</time>
                <hdop>4.7</hdop>
                <extensions>
                    <osmand:speed>1</osmand:speed>
                </extensions>
            </trkpt>
            <trkpt lat="44.5968141" lon="22.2922872">
                <ele>631.5</ele>
                <time>2026-05-30T11:58:55Z</time>
                <hdop>4.7</hdop>
                <extensions>
                    <osmand:speed>1</osmand:speed>
                </extensions>
            </trkpt>
            <trkpt lat="44.5968057" lon="22.2923609">
                <ele>630.9</ele>
                <time>2026-05-30T11:59:01Z</time>
                <hdop>4.7</hdop>
                <extensions>
                    <osmand:speed>1.2</osmand:speed>
                </extensions>
            </trkpt>
            <trkpt lat="44.5968007" lon="22.2924969">
                <ele>629</ele>
                <time>2026-05-30T11:59:11Z</time>
                <hdop>4.7</hdop>
                <extensions>
                    <osmand:speed>1.1</osmand:speed>
                </extensions>
            </trkpt>
            <trkpt lat="44.5968225" lon="22.2925744">
                <ele>628.4</ele>
                <time>2026-05-30T11:59:17Z</time>
                <hdop>4.7</hdop>
                <extensions>
                    <osmand:speed>1.3</osmand:speed>
                </extensions>
            </trkpt>
            <trkpt lat="44.5968373" lon="22.2926374">
                <ele>627.5</ele>
                <time>2026-05-30T11:59:23Z</time>
                <hdop>4.7</hdop>
                <extensions>
                    <osmand:speed>1</osmand:speed>
                </extensions>
            </trkpt>
            <trkpt lat="44.5968699" lon="22.2927855">
                <ele>627</ele>
                <time>2026-05-30T11:59:34Z</time>
                <hdop>4.7</hdop>
                <extensions>
                    <osmand:speed>1</osmand:speed>
                </extensions>
            </trkpt>
            <trkpt lat="44.5969312" lon="22.2928817">
                <ele>625.8</ele>
                <time>2026-05-30T11:59:42Z</time>
                <hdop>4.7</hdop>
                <extensions>
                    <osmand:speed>0.9</osmand:speed>
                </extensions>
            </trkpt>
            <trkpt lat="44.5969671" lon="22.2929306">
                <ele>625.9</ele>
                <time>2026-05-30T11:59:49Z</time>
                <hdop>4.7</hdop>
                <extensions>
                    <osmand:speed>1</osmand:speed>
                </extensions>
            </trkpt>
            <trkpt lat="44.5969896" lon="22.2929953">
                <ele>625.5</ele>
                <time>2026-05-30T11:59:55Z</time>
                <hdop>4.7</hdop>
                <extensions>
                    <osmand:speed>0.9</osmand:speed>
                </extensions>
            </trkpt>
            <trkpt lat="44.5969904" lon="22.2930636">
                <ele>624.1</ele>
                <time>2026-05-30T12:00:01Z</time>
                <hdop>4.7</hdop>
                <extensions>
                    <osmand:speed>0.9</osmand:speed>
                </extensions>
            </trkpt>
            <trkpt lat="44.5970389" lon="22.2931883">
                <ele>621</ele>
                <time>2026-05-30T12:00:12Z</time>
                <hdop>4.7</hdop>
                <extensions>
                    <osmand:speed>0.6</osmand:speed>
                </extensions>
            </trkpt>
            <trkpt lat="44.597058" lon="22.2932466">
                <ele>620.9</ele>
                <time>2026-05-30T12:00:20Z</time>
                <hdop>4.7</hdop>
                <extensions>
                    <osmand:speed>0.5</osmand:speed>
                </extensions>
            </trkpt>
            <trkpt lat="44.5970875" lon="22.2933699">
                <ele>619.1</ele>
                <time>2026-05-30T12:00:29Z</time>
                <hdop>4.7</hdop>
                <extensions>
                    <osmand:speed>1.7</osmand:speed>
                </extensions>
            </trkpt>
            <trkpt lat="44.5971166" lon="22.2934293">
                <ele>620.6</ele>
                <time>2026-05-30T12:00:35Z</time>
                <hdop>4.7</hdop>
                <extensions>
                    <osmand:speed>1.6</osmand:speed>
                </extensions>
            </trkpt>
            <trkpt lat="44.5970936" lon="22.2935441">
                <ele>615.8</ele>
                <time>2026-05-30T12:00:52Z</time>
                <hdop>4.7</hdop>
                <extensions>
                    <osmand:speed>0.3</osmand:speed>
                </extensions>
            </trkpt>
            <trkpt lat="44.5971048" lon="22.2936105">
                <ele>614.6</ele>
                <time>2026-05-30T12:00:58Z</time>
                <hdop>4.7</hdop>
                <extensions>
                    <osmand:speed>0.5</osmand:speed>
                </extensions>
            </trkpt>
            <trkpt lat="44.5971401" lon="22.2936496">
                <ele>611.7</ele>
                <time>2026-05-30T12:01:04Z</time>
                <hdop>4.7</hdop>
                <extensions>
                    <osmand:speed>0.7</osmand:speed>
                </extensions>
            </trkpt>
            <trkpt lat="44.5972301" lon="22.2936648">
                <ele>610.1</ele>
                <time>2026-05-30T12:01:14Z</time>
                <hdop>4.7</hdop>
                <extensions>
                    <osmand:speed>1</osmand:speed>
                </extensions>
            </trkpt>
            <trkpt lat="44.5972741" lon="22.2936401">
                <ele>607</ele>
                <time>2026-05-30T12:01:21Z</time>
                <hdop>4.7</hdop>
                <extensions>
                    <osmand:speed>0.7</osmand:speed>
                </extensions>
            </trkpt>
            <trkpt lat="44.5973737" lon="22.2936085">
                <ele>603.5</ele>
                <time>2026-05-30T12:01:32Z</time>
                <hdop>4.7</hdop>
                <extensions>
                    <osmand:speed>1.2</osmand:speed>
                </extensions>
            </trkpt>
            <trkpt lat="44.5974793" lon="22.2936206">
                <ele>603.7</ele>
                <time>2026-05-30T12:01:39Z</time>
                <hdop>4.7</hdop>
                <extensions>
                    <osmand:speed>1.8</osmand:speed>
                </extensions>
            </trkpt>
            <trkpt lat="44.5975759" lon="22.2936162">
                <ele>605.8</ele>
                <time>2026-05-30T12:01:45Z</time>
                <hdop>4.7</hdop>
                <extensions>
                    <osmand:speed>1.6</osmand:speed>
                </extensions>
            </trkpt>
            <trkpt lat="44.5976507" lon="22.2935467">
                <ele>603.7</ele>
                <time>2026-05-30T12:01:53Z</time>
                <hdop>4.7</hdop>
                <extensions>
                    <osmand:speed>0.7</osmand:speed>
                </extensions>
            </trkpt>
            <trkpt lat="44.5976931" lon="22.2935227">
                <ele>602.9</ele>
                <time>2026-05-30T12:01:59Z</time>
                <hdop>4.7</hdop>
                <extensions>
                    <osmand:speed>1.3</osmand:speed>
                </extensions>
            </trkpt>
            <trkpt lat="44.5977418" lon="22.2935562">
                <ele>602.3</ele>
                <time>2026-05-30T12:02:05Z</time>
                <hdop>4.7</hdop>
                <extensions>
                    <osmand:speed>0.5</osmand:speed>
                </extensions>
            </trkpt>
            <trkpt lat="44.5977857" lon="22.2936015">
                <ele>600.8</ele>
                <time>2026-05-30T12:02:11Z</time>
                <hdop>4.7</hdop>
                <extensions>
                    <osmand:speed>0.8</osmand:speed>
                </extensions>
            </trkpt>
            <trkpt lat="44.5978893" lon="22.2936303">
                <ele>596.3</ele>
                <time>2026-05-30T12:02:26Z</time>
                <hdop>4.7</hdop>
                <extensions>
                    <osmand:speed>0.7</osmand:speed>
                </extensions>
            </trkpt>
            <trkpt lat="44.5979434" lon="22.293643">
                <ele>593.6</ele>
                <time>2026-05-30T12:02:33Z</time>
                <hdop>4.7</hdop>
                <extensions>
                    <osmand:speed>0.8</osmand:speed>
                </extensions>
            </trkpt>
            <trkpt lat="44.597996" lon="22.2936586">
                <ele>593.1</ele>
                <time>2026-05-30T12:02:39Z</time>
                <hdop>4.7</hdop>
                <extensions>
                    <osmand:speed>1.3</osmand:speed>
                </extensions>
            </trkpt>
            <trkpt lat="44.5980919" lon="22.2936975">
                <ele>589.5</ele>
                <time>2026-05-30T12:02:48Z</time>
                <hdop>4.7</hdop>
                <extensions>
                    <osmand:speed>0.6</osmand:speed>
                </extensions>
            </trkpt>
            <trkpt lat="44.5982021" lon="22.2936868">
                <ele>589.2</ele>
                <time>2026-05-30T12:02:57Z</time>
                <hdop>4.7</hdop>
                <extensions>
                    <osmand:speed>1.5</osmand:speed>
                </extensions>
            </trkpt>
            <trkpt lat="44.598295" lon="22.2936454">
                <ele>587</ele>
                <time>2026-05-30T12:03:05Z</time>
                <hdop>4.7</hdop>
                <extensions>
                    <osmand:speed>1.2</osmand:speed>
                </extensions>
            </trkpt>
            <trkpt lat="44.5983885" lon="22.2935806">
                <ele>587.4</ele>
                <time>2026-05-30T12:03:16Z</time>
                <hdop>4.7</hdop>
                <extensions>
                    <osmand:speed>0.6</osmand:speed>
                </extensions>
            </trkpt>
            <trkpt lat="44.5984294" lon="22.2935465">
                <ele>585.4</ele>
                <time>2026-05-30T12:03:22Z</time>
                <hdop>4.7</hdop>
                <extensions>
                    <osmand:speed>0.6</osmand:speed>
                </extensions>
            </trkpt>
            <trkpt lat="44.5985297" lon="22.2935346">
                <ele>583.8</ele>
                <time>2026-05-30T12:03:32Z</time>
                <hdop>4.7</hdop>
                <extensions>
                    <osmand:speed>1</osmand:speed>
                </extensions>
            </trkpt>
            <trkpt lat="44.5986434" lon="22.2934767">
                <ele>581</ele>
                <time>2026-05-30T12:03:49Z</time>
                <hdop>4.7</hdop>
                <extensions>
                    <osmand:speed>1</osmand:speed>
                </extensions>
            </trkpt>
            <trkpt lat="44.5987338" lon="22.2934478">
                <ele>579.1</ele>
                <time>2026-05-30T12:03:56Z</time>
                <hdop>4.7</hdop>
                <extensions>
                    <osmand:speed>0.9</osmand:speed>
                </extensions>
            </trkpt>
            <trkpt lat="44.5988375" lon="22.2934007">
                <ele>575.5</ele>
                <time>2026-05-30T12:04:05Z</time>
                <hdop>4.7</hdop>
                <extensions>
                    <osmand:speed>0.9</osmand:speed>
                </extensions>
            </trkpt>
            <trkpt lat="44.5989346" lon="22.2933743">
                <ele>574.5</ele>
                <time>2026-05-30T12:04:11Z</time>
                <hdop>4.7</hdop>
                <extensions>
                    <osmand:speed>1.5</osmand:speed>
                </extensions>
            </trkpt>
            <trkpt lat="44.598986" lon="22.2932514">
                <ele>575.6</ele>
                <time>2026-05-30T12:04:20Z</time>
                <hdop>4.7</hdop>
                <extensions>
                    <osmand:speed>0.7</osmand:speed>
                </extensions>
            </trkpt>
            <trkpt lat="44.599081" lon="22.2932058">
                <ele>577.2</ele>
                <time>2026-05-30T12:04:28Z</time>
                <hdop>4.7</hdop>
                <extensions>
                    <osmand:speed>1.2</osmand:speed>
                </extensions>
            </trkpt>
            <trkpt lat="44.5991245" lon="22.2931512">
                <ele>576.7</ele>
                <time>2026-05-30T12:04:34Z</time>
                <hdop>4.7</hdop>
                <extensions>
                    <osmand:speed>1.2</osmand:speed>
                </extensions>
            </trkpt>
            <trkpt lat="44.5991965" lon="22.2930308">
                <ele>576.5</ele>
                <time>2026-05-30T12:04:42Z</time>
                <hdop>4.7</hdop>
                <extensions>
                    <osmand:speed>1.1</osmand:speed>
                </extensions>
            </trkpt>
            <trkpt lat="44.5992901" lon="22.2930394">
                <ele>576.6</ele>
                <time>2026-05-30T12:04:49Z</time>
                <hdop>4.7</hdop>
                <extensions>
                    <osmand:speed>1.4</osmand:speed>
                </extensions>
            </trkpt>
            <trkpt lat="44.5993879" lon="22.2930797">
                <ele>576.1</ele>
                <time>2026-05-30T12:04:58Z</time>
                <hdop>4.7</hdop>
                <extensions>
                    <osmand:speed>0.6</osmand:speed>
                </extensions>
            </trkpt>
            <trkpt lat="44.5994445" lon="22.2930798">
                <ele>576.8</ele>
                <time>2026-05-30T12:05:04Z</time>
                <hdop>4.7</hdop>
                <extensions>
                    <osmand:speed>0.7</osmand:speed>
                </extensions>
            </trkpt>
            <trkpt lat="44.5995419" lon="22.2930797">
                <ele>576.3</ele>
                <time>2026-05-30T12:05:17Z</time>
                <hdop>4.7</hdop>
                <extensions>
                    <osmand:speed>0.8</osmand:speed>
                </extensions>
            </trkpt>
            <trkpt lat="44.5996341" lon="22.2930388">
                <ele>577.4</ele>
                <time>2026-05-30T12:05:28Z</time>
                <hdop>4.7</hdop>
                <extensions>
                    <osmand:speed>0.9</osmand:speed>
                </extensions>
            </trkpt>
            <trkpt lat="44.5996828" lon="22.2930126">
                <ele>576.7</ele>
                <time>2026-05-30T12:05:35Z</time>
                <hdop>4.7</hdop>
                <extensions>
                    <osmand:speed>1.1</osmand:speed>
                </extensions>
            </trkpt>
            <trkpt lat="44.5997794" lon="22.2929862">
                <ele>575</ele>
                <time>2026-05-30T12:05:45Z</time>
                <hdop>4.7</hdop>
                <extensions>
                    <osmand:speed>0.8</osmand:speed>
                </extensions>
            </trkpt>
            <trkpt lat="44.5998786" lon="22.292983">
                <ele>575</ele>
                <time>2026-05-30T12:05:53Z</time>
                <hdop>4.7</hdop>
                <extensions>
                    <osmand:speed>1.2</osmand:speed>
                </extensions>
            </trkpt>
            <trkpt lat="44.5999663" lon="22.292938">
                <ele>575.7</ele>
                <time>2026-05-30T12:06:03Z</time>
                <hdop>4.7</hdop>
                <extensions>
                    <osmand:speed>1</osmand:speed>
                </extensions>
            </trkpt>
            <trkpt lat="44.60006" lon="22.2929269">
                <ele>574.9</ele>
                <time>2026-05-30T12:06:12Z</time>
                <hdop>4.7</hdop>
                <extensions>
                    <osmand:speed>1.3</osmand:speed>
                </extensions>
            </trkpt>
            <trkpt lat="44.6001044" lon="22.2928928">
                <ele>573.5</ele>
                <time>2026-05-30T12:06:23Z</time>
                <hdop>4.7</hdop>
                <extensions>
                    <osmand:speed>0.8</osmand:speed>
                </extensions>
            </trkpt>
            <trkpt lat="44.6002023" lon="22.2928521">
                <ele>573.3</ele>
                <time>2026-05-30T12:06:35Z</time>
                <hdop>4.7</hdop>
                <extensions>
                    <osmand:speed>1.2</osmand:speed>
                </extensions>
            </trkpt>
            <trkpt lat="44.6003108" lon="22.2928374">
                <ele>571.4</ele>
                <time>2026-05-30T12:06:45Z</time>
                <hdop>4.7</hdop>
                <extensions>
                    <osmand:speed>0.9</osmand:speed>
                </extensions>
            </trkpt>
            <trkpt lat="44.6004012" lon="22.2928134">
                <ele>571.2</ele>
                <time>2026-05-30T12:06:54Z</time>
                <hdop>4.7</hdop>
                <extensions>
                    <osmand:speed>1</osmand:speed>
                </extensions>
            </trkpt>
            <trkpt lat="44.6005038" lon="22.2927891">
                <ele>571.8</ele>
                <time>2026-05-30T12:07:05Z</time>
                <hdop>4.7</hdop>
                <extensions>
                    <osmand:speed>0.8</osmand:speed>
                </extensions>
            </trkpt>
            <trkpt lat="44.6006006" lon="22.2927637">
                <ele>572.4</ele>
                <time>2026-05-30T12:07:15Z</time>
                <hdop>4.7</hdop>
                <extensions>
                    <osmand:speed>0.9</osmand:speed>
                </extensions>
            </trkpt>
            <trkpt lat="44.6007039" lon="22.2927533">
                <ele>572.8</ele>
                <time>2026-05-30T12:07:25Z</time>
                <hdop>4.7</hdop>
                <extensions>
                    <osmand:speed>0.8</osmand:speed>
                </extensions>
            </trkpt>
            <trkpt lat="44.6007576" lon="22.2927553">
                <ele>573.3</ele>
                <time>2026-05-30T12:07:31Z</time>
                <hdop>4.7</hdop>
                <extensions>
                    <osmand:speed>0.6</osmand:speed>
                </extensions>
            </trkpt>
            <trkpt lat="44.6008602" lon="22.2927638">
                <ele>572.4</ele>
                <time>2026-05-30T12:07:40Z</time>
                <hdop>4.7</hdop>
                <extensions>
                    <osmand:speed>0.8</osmand:speed>
                </extensions>
            </trkpt>
            <trkpt lat="44.6009659" lon="22.292755">
                <ele>573.8</ele>
                <time>2026-05-30T12:07:51Z</time>
                <hdop>4.7</hdop>
                <extensions>
                    <osmand:speed>0.7</osmand:speed>
                </extensions>
            </trkpt>
            <trkpt lat="44.6010709" lon="22.2927832">
                <ele>574.7</ele>
                <time>2026-05-30T12:08:00Z</time>
                <hdop>4.7</hdop>
                <extensions>
                    <osmand:speed>0.9</osmand:speed>
                </extensions>
            </trkpt>
            <trkpt lat="44.6011182" lon="22.2927933">
                <ele>577.3</ele>
                <time>2026-05-30T12:08:09Z</time>
                <hdop>4.7</hdop>
                <extensions>
                    <osmand:speed>0.2</osmand:speed>
                </extensions>
            </trkpt>
            <trkpt lat="44.6012197" lon="22.2927724">
                <ele>577.2</ele>
                <time>2026-05-30T12:08:18Z</time>
                <hdop>4.7</hdop>
                <extensions>
                    <osmand:speed>1</osmand:speed>
                </extensions>
            </trkpt>
            <trkpt lat="44.6012766" lon="22.2927774">
                <ele>578.7</ele>
                <time>2026-05-30T12:08:24Z</time>
                <hdop>4.7</hdop>
                <extensions>
                    <osmand:speed>0.8</osmand:speed>
                </extensions>
            </trkpt>
            <trkpt lat="44.601323" lon="22.2927758">
                <ele>578.3</ele>
                <time>2026-05-30T12:08:30Z</time>
                <hdop>4.7</hdop>
                <extensions>
                    <osmand:speed>0.9</osmand:speed>
                </extensions>
            </trkpt>
            <trkpt lat="44.6013695" lon="22.2927417">
                <ele>577.9</ele>
                <time>2026-05-30T12:08:36Z</time>
                <hdop>4.7</hdop>
                <extensions>
                    <osmand:speed>0.8</osmand:speed>
                </extensions>
            </trkpt>
            <trkpt lat="44.6014425" lon="22.292711">
                <ele>577.7</ele>
                <time>2026-05-30T12:08:42Z</time>
                <hdop>4.7</hdop>
                <extensions>
                    <osmand:speed>1.5</osmand:speed>
                </extensions>
            </trkpt>
            <trkpt lat="44.6014978" lon="22.2927335">
                <ele>576.7</ele>
                <time>2026-05-30T12:08:48Z</time>
                <hdop>4.7</hdop>
                <extensions>
                    <osmand:speed>0.7</osmand:speed>
                </extensions>
            </trkpt>
            <trkpt lat="44.6015505" lon="22.2927444">
                <ele>577.7</ele>
                <time>2026-05-30T12:08:54Z</time>
                <hdop>4.7</hdop>
                <extensions>
                    <osmand:speed>0.7</osmand:speed>
                </extensions>
            </trkpt>
            <trkpt lat="44.6016175" lon="22.2927493">
                <ele>577.4</ele>
                <time>2026-05-30T12:09:00Z</time>
                <hdop>4.7</hdop>
                <extensions>
                    <osmand:speed>1</osmand:speed>
                </extensions>
            </trkpt>
            <trkpt lat="44.6016701" lon="22.2927181">
                <ele>578.8</ele>
                <time>2026-05-30T12:09:06Z</time>
                <hdop>4.7</hdop>
                <extensions>
                    <osmand:speed>1</osmand:speed>
                </extensions>
            </trkpt>
            <trkpt lat="44.601729" lon="22.2927078">
                <ele>579.2</ele>
                <time>2026-05-30T12:09:12Z</time>
                <hdop>4.7</hdop>
                <extensions>
                    <osmand:speed>1</osmand:speed>
                </extensions>
            </trkpt>
            <trkpt lat="44.6017953" lon="22.2927116">
                <ele>577.6</ele>
                <time>2026-05-30T12:09:18Z</time>
                <hdop>4.7</hdop>
                <extensions>
                    <osmand:speed>1</osmand:speed>
                </extensions>
            </trkpt>
            <trkpt lat="44.6018554" lon="22.2927099">
                <ele>578.4</ele>
                <time>2026-05-30T12:09:24Z</time>
                <hdop>4.7</hdop>
                <extensions>
                    <osmand:speed>1</osmand:speed>
                </extensions>
            </trkpt>
            <trkpt lat="44.6019038" lon="22.2927214">
                <ele>579.7</ele>
                <time>2026-05-30T12:09:30Z</time>
                <hdop>4.7</hdop>
                <extensions>
                    <osmand:speed>0.5</osmand:speed>
                </extensions>
            </trkpt>
            <trkpt lat="44.6019803" lon="22.2926903">
                <ele>581.1</ele>
                <time>2026-05-30T12:09:36Z</time>
                <hdop>4.7</hdop>
                <extensions>
                    <osmand:speed>0.9</osmand:speed>
                </extensions>
            </trkpt>
            <trkpt lat="44.6020389" lon="22.2926913">
                <ele>581.1</ele>
                <time>2026-05-30T12:09:42Z</time>
                <hdop>4.7</hdop>
                <extensions>
                    <osmand:speed>0.8</osmand:speed>
                </extensions>
            </trkpt>
            <trkpt lat="44.6020972" lon="22.2926982">
                <ele>581</ele>
                <time>2026-05-30T12:09:48Z</time>
                <hdop>4.7</hdop>
                <extensions>
                    <osmand:speed>1.6</osmand:speed>
                </extensions>
            </trkpt>
            <trkpt lat="44.6021495" lon="22.2927102">
                <ele>582.1</ele>
                <time>2026-05-30T12:09:54Z</time>
                <hdop>4.7</hdop>
                <extensions>
                    <osmand:speed>0.9</osmand:speed>
                </extensions>
            </trkpt>
            <trkpt lat="44.6021993" lon="22.2927407">
                <ele>582</ele>
                <time>2026-05-30T12:10:00Z</time>
                <hdop>4.7</hdop>
                <extensions>
                    <osmand:speed>0.5</osmand:speed>
                </extensions>
            </trkpt>
            <trkpt lat="44.60227" lon="22.2927709">
                <ele>583.1</ele>
                <time>2026-05-30T12:10:06Z</time>
                <hdop>4.7</hdop>
                <extensions>
                    <osmand:speed>0.8</osmand:speed>
                </extensions>
            </trkpt>
            <trkpt lat="44.6023198" lon="22.2927657">
                <ele>583.6</ele>
                <time>2026-05-30T12:10:12Z</time>
                <hdop>4.7</hdop>
                <extensions>
                    <osmand:speed>0.5</osmand:speed>
                </extensions>
            </trkpt>
            <trkpt lat="44.6023776" lon="22.2928124">
                <ele>582</ele>
                <time>2026-05-30T12:10:18Z</time>
                <hdop>4.7</hdop>
                <extensions>
                    <osmand:speed>1</osmand:speed>
                </extensions>
            </trkpt>
            <trkpt lat="44.6024148" lon="22.2928288">
                <ele>583.9</ele>
                <time>2026-05-30T12:10:24Z</time>
                <hdop>4.7</hdop>
                <extensions>
                    <osmand:speed>0.8</osmand:speed>
                </extensions>
            </trkpt>
            <trkpt lat="44.6024696" lon="22.2928813">
                <ele>584.6</ele>
                <time>2026-05-30T12:10:30Z</time>
                <hdop>4.7</hdop>
                <extensions>
                    <osmand:speed>0.1</osmand:speed>
                </extensions>
            </trkpt>
            <trkpt lat="44.6025466" lon="22.2929137">
                <ele>584.5</ele>
                <time>2026-05-30T12:10:36Z</time>
                <hdop>4.7</hdop>
                <extensions>
                    <osmand:speed>0.2</osmand:speed>
                </extensions>
            </trkpt>
            <trkpt lat="44.6025807" lon="22.2929285">
                <ele>583.3</ele>
                <time>2026-05-30T12:10:42Z</time>
                <hdop>4.7</hdop>
                <extensions>
                    <osmand:speed>0.1</osmand:speed>
                </extensions>
            </trkpt>
            <trkpt lat="44.6026318" lon="22.2929701">
                <ele>582.6</ele>
                <time>2026-05-30T12:10:48Z</time>
                <hdop>4.7</hdop>
                <extensions>
                    <osmand:speed>0.5</osmand:speed>
                </extensions>
            </trkpt>
            <trkpt lat="44.6027001" lon="22.2929755">
                <ele>582.8</ele>
                <time>2026-05-30T12:10:54Z</time>
                <hdop>4.7</hdop>
                <extensions>
                    <osmand:speed>1.2</osmand:speed>
                </extensions>
            </trkpt>
            <trkpt lat="44.6027715" lon="22.292991">
                <ele>583.9</ele>
                <time>2026-05-30T12:11:00Z</time>
                <hdop>4.7</hdop>
                <extensions>
                    <osmand:speed>1.8</osmand:speed>
                </extensions>
            </trkpt>
            <trkpt lat="44.6028311" lon="22.2930381">
                <ele>583</ele>
                <time>2026-05-30T12:11:06Z</time>
                <hdop>4.7</hdop>
                <extensions>
                    <osmand:speed>2</osmand:speed>
                </extensions>
            </trkpt>
            <trkpt lat="44.6028951" lon="22.2930674">
                <ele>582.2</ele>
                <time>2026-05-30T12:11:12Z</time>
                <hdop>4.7</hdop>
                <extensions>
                    <osmand:speed>1.2</osmand:speed>
                </extensions>
            </trkpt>
            <trkpt lat="44.6029503" lon="22.2930874">
                <ele>579.8</ele>
                <time>2026-05-30T12:11:18Z</time>
                <hdop>4.7</hdop>
                <extensions>
                    <osmand:speed>1</osmand:speed>
                </extensions>
            </trkpt>
            <trkpt lat="44.6030437" lon="22.2931073">
                <ele>577.7</ele>
                <time>2026-05-30T12:11:24Z</time>
                <hdop>4.7</hdop>
                <extensions>
                    <osmand:speed>1.8</osmand:speed>
                </extensions>
            </trkpt>
            <trkpt lat="44.6031081" lon="22.2931208">
                <ele>576.9</ele>
                <time>2026-05-30T12:11:30Z</time>
                <hdop>4.7</hdop>
                <extensions>
                    <osmand:speed>1.3</osmand:speed>
                </extensions>
            </trkpt>
            <trkpt lat="44.6031653" lon="22.2931425">
                <ele>576.7</ele>
                <time>2026-05-30T12:11:36Z</time>
                <hdop>4.7</hdop>
                <extensions>
                    <osmand:speed>1.1</osmand:speed>
                </extensions>
            </trkpt>
            <trkpt lat="44.6032212" lon="22.2931309">
                <ele>575.5</ele>
                <time>2026-05-30T12:11:42Z</time>
                <hdop>4.7</hdop>
                <extensions>
                    <osmand:speed>0.9</osmand:speed>
                </extensions>
            </trkpt>
            <trkpt lat="44.6032884" lon="22.2931349">
                <ele>572.7</ele>
                <time>2026-05-30T12:11:48Z</time>
                <hdop>4.7</hdop>
                <extensions>
                    <osmand:speed>1.5</osmand:speed>
                </extensions>
            </trkpt>
            <trkpt lat="44.6033423" lon="22.2931377">
                <ele>571.3</ele>
                <time>2026-05-30T12:11:54Z</time>
                <hdop>4.7</hdop>
                <extensions>
                    <osmand:speed>0.4</osmand:speed>
                </extensions>
            </trkpt>
            <trkpt lat="44.6034198" lon="22.2931493">
                <ele>571.9</ele>
                <time>2026-05-30T12:12:00Z</time>
                <hdop>4.7</hdop>
                <extensions>
                    <osmand:speed>1.4</osmand:speed>
                </extensions>
            </trkpt>
            <trkpt lat="44.6034952" lon="22.2931422">
                <ele>571.4</ele>
                <time>2026-05-30T12:12:06Z</time>
                <hdop>4.7</hdop>
                <extensions>
                    <osmand:speed>1.5</osmand:speed>
                </extensions>
            </trkpt>
            <trkpt lat="44.6035692" lon="22.2931261">
                <ele>569.5</ele>
                <time>2026-05-30T12:12:12Z</time>
                <hdop>4.7</hdop>
                <extensions>
                    <osmand:speed>1.5</osmand:speed>
                </extensions>
            </trkpt>
            <trkpt lat="44.6036504" lon="22.2931167">
                <ele>569.2</ele>
                <time>2026-05-30T12:12:18Z</time>
                <hdop>4.7</hdop>
                <extensions>
                    <osmand:speed>1.5</osmand:speed>
                </extensions>
            </trkpt>
            <trkpt lat="44.6036611" lon="22.2931462">
                <ele>565.7</ele>
                <time>2026-05-30T12:12:24Z</time>
                <hdop>4.7</hdop>
                <extensions>
                    <osmand:speed>0.9</osmand:speed>
                </extensions>
            </trkpt>
            <trkpt lat="44.6036952" lon="22.2931182">
                <ele>566.7</ele>
                <time>2026-05-30T12:12:30Z</time>
                <hdop>4.7</hdop>
                <extensions>
                    <osmand:speed>0.6</osmand:speed>
                </extensions>
            </trkpt>
            <trkpt lat="44.6037347" lon="22.2930444">
                <ele>565</ele>
                <time>2026-05-30T12:12:36Z</time>
                <hdop>4.7</hdop>
                <extensions>
                    <osmand:speed>1.4</osmand:speed>
                </extensions>
            </trkpt>
            <trkpt lat="44.6037942" lon="22.2929737">
                <ele>565.3</ele>
                <time>2026-05-30T12:12:42Z</time>
                <hdop>4.7</hdop>
                <extensions>
                    <osmand:speed>1.6</osmand:speed>
                </extensions>
            </trkpt>
            <trkpt lat="44.603883" lon="22.2929811">
                <ele>565.2</ele>
                <time>2026-05-30T12:12:48Z</time>
                <hdop>4.7</hdop>
                <extensions>
                    <osmand:speed>1.5</osmand:speed>
                </extensions>
            </trkpt>
            <trkpt lat="44.6039687" lon="22.2930167">
                <ele>563.2</ele>
                <time>2026-05-30T12:12:54Z</time>
                <hdop>4.7</hdop>
                <extensions>
                    <osmand:speed>1.5</osmand:speed>
                </extensions>
            </trkpt>
            <trkpt lat="44.6040365" lon="22.2930156">
                <ele>562.9</ele>
                <time>2026-05-30T12:13:00Z</time>
                <hdop>4.7</hdop>
                <extensions>
                    <osmand:speed>1.1</osmand:speed>
                </extensions>
            </trkpt>
            <trkpt lat="44.6041084" lon="22.2929647">
                <ele>564</ele>
                <time>2026-05-30T12:13:06Z</time>
                <hdop>4.7</hdop>
                <extensions>
                    <osmand:speed>1.5</osmand:speed>
                </extensions>
            </trkpt>
            <trkpt lat="44.6041676" lon="22.2929762">
                <ele>564.2</ele>
                <time>2026-05-30T12:13:12Z</time>
                <hdop>4.7</hdop>
                <extensions>
                    <osmand:speed>0.6</osmand:speed>
                </extensions>
            </trkpt>
            <trkpt lat="44.604234" lon="22.2929885">
                <ele>564.6</ele>
                <time>2026-05-30T12:13:18Z</time>
                <hdop>4.7</hdop>
                <extensions>
                    <osmand:speed>1</osmand:speed>
                </extensions>
            </trkpt>
            <trkpt lat="44.6042984" lon="22.2930095">
                <ele>566.2</ele>
                <time>2026-05-30T12:13:24Z</time>
                <hdop>4.7</hdop>
                <extensions>
                    <osmand:speed>1.1</osmand:speed>
                </extensions>
            </trkpt>
            <trkpt lat="44.6043693" lon="22.2930114">
                <ele>565.9</ele>
                <time>2026-05-30T12:13:30Z</time>
                <hdop>4.7</hdop>
                <extensions>
                    <osmand:speed>1.2</osmand:speed>
                </extensions>
            </trkpt>
            <trkpt lat="44.6044162" lon="22.2930407">
                <ele>565.3</ele>
                <time>2026-05-30T12:13:36Z</time>
                <hdop>4.7</hdop>
                <extensions>
                    <osmand:speed>1</osmand:speed>
                </extensions>
            </trkpt>
            <trkpt lat="44.6044861" lon="22.2931081">
                <ele>564.6</ele>
                <time>2026-05-30T12:13:43Z</time>
                <hdop>4.7</hdop>
                <extensions>
                    <osmand:speed>1.1</osmand:speed>
                </extensions>
            </trkpt>
            <trkpt lat="44.6045848" lon="22.2931526">
                <ele>567.6</ele>
                <time>2026-05-30T12:13:53Z</time>
                <hdop>4.7</hdop>
                <extensions>
                    <osmand:speed>1</osmand:speed>
                </extensions>
            </trkpt>
            <trkpt lat="44.6046626" lon="22.2932241">
                <ele>567.5</ele>
                <time>2026-05-30T12:14:02Z</time>
                <hdop>4.7</hdop>
                <extensions>
                    <osmand:speed>1.2</osmand:speed>
                </extensions>
            </trkpt>
            <trkpt lat="44.6047369" lon="22.29332">
                <ele>569.7</ele>
                <time>2026-05-30T12:14:10Z</time>
                <hdop>4.7</hdop>
                <extensions>
                    <osmand:speed>1.4</osmand:speed>
                </extensions>
            </trkpt>
            <trkpt lat="44.6047914" lon="22.2934374">
                <ele>568.7</ele>
                <time>2026-05-30T12:14:19Z</time>
                <hdop>4.7</hdop>
                <extensions>
                    <osmand:speed>1.2</osmand:speed>
                </extensions>
            </trkpt>
            <trkpt lat="44.6048269" lon="22.2935141">
                <ele>568.6</ele>
                <time>2026-05-30T12:14:29Z</time>
                <hdop>4.7</hdop>
                <extensions>
                    <osmand:speed>2</osmand:speed>
                </extensions>
            </trkpt>
            <trkpt lat="44.6047965" lon="22.2936049">
                <ele>567.6</ele>
                <time>2026-05-30T12:14:39Z</time>
                <hdop>4.7</hdop>
                <extensions>
                    <osmand:speed>0.2</osmand:speed>
                </extensions>
            </trkpt>
            <trkpt lat="44.6047449" lon="22.2935697">
                <ele>573.3</ele>
                <time>2026-05-30T12:16:09Z</time>
                <hdop>4.7</hdop>
                <extensions>
                    <osmand:speed>1</osmand:speed>
                </extensions>
            </trkpt>
            <trkpt lat="44.6047717" lon="22.2936233">
                <ele>574.3</ele>
                <time>2026-05-30T12:16:40Z</time>
                <hdop>4.7</hdop>
                <extensions>
                    <osmand:speed>0.1</osmand:speed>
                </extensions>
            </trkpt>
            <trkpt lat="44.6048144" lon="22.2935939">
                <ele>570.9</ele>
                <time>2026-05-30T12:17:06Z</time>
                <hdop>4.7</hdop>
                <extensions>
                    <osmand:speed>0.3</osmand:speed>
                </extensions>
            </trkpt>
        </trkseg>
    </trk>
    <trk>
        <trkseg>
            <trkpt lat="44.6048399" lon="22.2935184">
                <ele>570.9</ele>
                <time>2026-05-30T12:27:29Z</time>
                <hdop>4.7</hdop>
                <extensions>
                    <osmand:speed>0.9</osmand:speed>
                </extensions>
            </trkpt>
            <trkpt lat="44.6049532" lon="22.2935723">
                <ele>569.2</ele>
                <time>2026-05-30T12:27:36Z</time>
                <hdop>4.7</hdop>
                <extensions>
                    <osmand:speed>1.8</osmand:speed>
                </extensions>
            </trkpt>
            <trkpt lat="44.6050471" lon="22.2935907">
                <ele>568.8</ele>
                <time>2026-05-30T12:27:46Z</time>
                <hdop>4.7</hdop>
                <extensions>
                    <osmand:speed>1.1</osmand:speed>
                </extensions>
            </trkpt>
            <trkpt lat="44.6051467" lon="22.2935526">
                <ele>569.1</ele>
                <time>2026-05-30T12:27:57Z</time>
                <hdop>4.7</hdop>
                <extensions>
                    <osmand:speed>1</osmand:speed>
                </extensions>
            </trkpt>
            <trkpt lat="44.6052381" lon="22.2934762">
                <ele>567.5</ele>
                <time>2026-05-30T12:28:04Z</time>
                <hdop>4.7</hdop>
                <extensions>
                    <osmand:speed>1</osmand:speed>
                </extensions>
            </trkpt>
            <trkpt lat="44.6053187" lon="22.2934254">
                <ele>568.4</ele>
                <time>2026-05-30T12:28:12Z</time>
                <hdop>4.7</hdop>
                <extensions>
                    <osmand:speed>0.8</osmand:speed>
                </extensions>
            </trkpt>
            <trkpt lat="44.6053632" lon="22.2934072">
                <ele>568.1</ele>
                <time>2026-05-30T12:28:19Z</time>
                <hdop>4.7</hdop>
                <extensions>
                    <osmand:speed>1.3</osmand:speed>
                </extensions>
            </trkpt>
            <trkpt lat="44.6054046" lon="22.2934958">
                <ele>566.7</ele>
                <time>2026-05-30T12:28:28Z</time>
                <hdop>4.7</hdop>
                <extensions>
                    <osmand:speed>1.6</osmand:speed>
                </extensions>
            </trkpt>
            <trkpt lat="44.6055062" lon="22.2934003">
                <ele>566.2</ele>
                <time>2026-05-30T12:28:36Z</time>
                <hdop>4.7</hdop>
                <extensions>
                    <osmand:speed>1.3</osmand:speed>
                </extensions>
            </trkpt>
            <trkpt lat="44.6056668" lon="22.2934049">
                <ele>564.2</ele>
                <time>2026-05-30T12:28:45Z</time>
                <hdop>4.7</hdop>
                <extensions>
                    <osmand:speed>0.9</osmand:speed>
                </extensions>
            </trkpt>
            <trkpt lat="44.6057231" lon="22.2933737">
                <ele>562.1</ele>
                <time>2026-05-30T12:28:54Z</time>
                <hdop>4.7</hdop>
                <extensions>
                    <osmand:speed>0.9</osmand:speed>
                </extensions>
            </trkpt>
            <trkpt lat="44.6058351" lon="22.2933828">
                <ele>558.6</ele>
                <time>2026-05-30T12:29:01Z</time>
                <hdop>4.7</hdop>
                <extensions>
                    <osmand:speed>1.5</osmand:speed>
                </extensions>
            </trkpt>
            <trkpt lat="44.6058953" lon="22.2934013">
                <ele>559.4</ele>
                <time>2026-05-30T12:29:07Z</time>
                <hdop>4.7</hdop>
                <extensions>
                    <osmand:speed>0.6</osmand:speed>
                </extensions>
            </trkpt>
            <trkpt lat="44.6059829" lon="22.293445">
                <ele>559.3</ele>
                <time>2026-05-30T12:29:14Z</time>
                <hdop>4.7</hdop>
                <extensions>
                    <osmand:speed>1.6</osmand:speed>
                </extensions>
            </trkpt>
            <trkpt lat="44.606018" lon="22.2935024">
                <ele>558.3</ele>
                <time>2026-05-30T12:29:20Z</time>
                <hdop>4.7</hdop>
                <extensions>
                    <osmand:speed>0.9</osmand:speed>
                </extensions>
            </trkpt>
            <trkpt lat="44.6060728" lon="22.2935272">
                <ele>558.4</ele>
                <time>2026-05-30T12:29:26Z</time>
                <hdop>4.7</hdop>
                <extensions>
                    <osmand:speed>1.2</osmand:speed>
                </extensions>
            </trkpt>
            <trkpt lat="44.6061671" lon="22.2935439">
                <ele>554.4</ele>
                <time>2026-05-30T12:29:36Z</time>
                <hdop>4.7</hdop>
                <extensions>
                    <osmand:speed>1.1</osmand:speed>
                </extensions>
            </trkpt>
            <trkpt lat="44.6062662" lon="22.293584">
                <ele>552.4</ele>
                <time>2026-05-30T12:29:45Z</time>
                <hdop>4.7</hdop>
                <extensions>
                    <osmand:speed>0.9</osmand:speed>
                </extensions>
            </trkpt>
            <trkpt lat="44.6063544" lon="22.2936242">
                <ele>550.3</ele>
                <time>2026-05-30T12:29:58Z</time>
                <hdop>4.7</hdop>
                <extensions>
                    <osmand:speed>0.6</osmand:speed>
                </extensions>
            </trkpt>
            <trkpt lat="44.6064239" lon="22.2936165">
                <ele>548.1</ele>
                <time>2026-05-30T12:30:04Z</time>
                <hdop>4.7</hdop>
                <extensions>
                    <osmand:speed>1.6</osmand:speed>
                </extensions>
            </trkpt>
            <trkpt lat="44.606474" lon="22.2936137">
                <ele>546.4</ele>
                <time>2026-05-30T12:30:11Z</time>
                <hdop>4.7</hdop>
                <extensions>
                    <osmand:speed>0.6</osmand:speed>
                </extensions>
            </trkpt>
            <trkpt lat="44.6065335" lon="22.2936149">
                <ele>545.2</ele>
                <time>2026-05-30T12:30:19Z</time>
                <hdop>4.7</hdop>
                <extensions>
                    <osmand:speed>1.2</osmand:speed>
                </extensions>
            </trkpt>
            <trkpt lat="44.6065933" lon="22.2936108">
                <ele>543.6</ele>
                <time>2026-05-30T12:30:26Z</time>
                <hdop>4.7</hdop>
                <extensions>
                    <osmand:speed>1.3</osmand:speed>
                </extensions>
            </trkpt>
            <trkpt lat="44.6065924" lon="22.2936874">
                <ele>543.2</ele>
                <time>2026-05-30T12:30:34Z</time>
                <hdop>4.7</hdop>
                <extensions>
                    <osmand:speed>0.5</osmand:speed>
                </extensions>
            </trkpt>
            <trkpt lat="44.6066291" lon="22.2937809">
                <ele>539.4</ele>
                <time>2026-05-30T12:30:44Z</time>
                <hdop>4.7</hdop>
                <extensions>
                    <osmand:speed>0.6</osmand:speed>
                </extensions>
            </trkpt>
            <trkpt lat="44.6067422" lon="22.2938104">
                <ele>539.8</ele>
                <time>2026-05-30T12:30:52Z</time>
                <hdop>4.7</hdop>
                <extensions>
                    <osmand:speed>0.9</osmand:speed>
                </extensions>
            </trkpt>
            <trkpt lat="44.606791" lon="22.2938498">
                <ele>538.3</ele>
                <time>2026-05-30T12:30:58Z</time>
                <hdop>4.7</hdop>
                <extensions>
                    <osmand:speed>1.5</osmand:speed>
                </extensions>
            </trkpt>
            <trkpt lat="44.606841" lon="22.2938322">
                <ele>537.1</ele>
                <time>2026-05-30T12:31:04Z</time>
                <hdop>4.7</hdop>
                <extensions>
                    <osmand:speed>1.2</osmand:speed>
                </extensions>
            </trkpt>
            <trkpt lat="44.6069262" lon="22.2938978">
                <ele>537.1</ele>
                <time>2026-05-30T12:31:11Z</time>
                <hdop>4.7</hdop>
                <extensions>
                    <osmand:speed>1.6</osmand:speed>
                </extensions>
            </trkpt>
            <trkpt lat="44.6070431" lon="22.2939708">
                <ele>536.2</ele>
                <time>2026-05-30T12:31:21Z</time>
                <hdop>4.7</hdop>
                <extensions>
                    <osmand:speed>1.4</osmand:speed>
                </extensions>
            </trkpt>
            <trkpt lat="44.6071229" lon="22.2940756">
                <ele>535.9</ele>
                <time>2026-05-30T12:31:32Z</time>
                <hdop>4.7</hdop>
                <extensions>
                    <osmand:speed>1.6</osmand:speed>
                </extensions>
            </trkpt>
            <trkpt lat="44.6072207" lon="22.2941457">
                <ele>533.6</ele>
                <time>2026-05-30T12:31:41Z</time>
                <hdop>4.7</hdop>
                <extensions>
                    <osmand:speed>0.6</osmand:speed>
                </extensions>
            </trkpt>
            <trkpt lat="44.6073333" lon="22.2941742">
                <ele>535</ele>
                <time>2026-05-30T12:31:51Z</time>
                <hdop>4.7</hdop>
                <extensions>
                    <osmand:speed>1.4</osmand:speed>
                </extensions>
            </trkpt>
            <trkpt lat="44.6074112" lon="22.2942883">
                <ele>534.2</ele>
                <time>2026-05-30T12:32:00Z</time>
                <hdop>4.7</hdop>
                <extensions>
                    <osmand:speed>1.5</osmand:speed>
                </extensions>
            </trkpt>
            <trkpt lat="44.6074673" lon="22.2942928">
                <ele>533.4</ele>
                <time>2026-05-30T12:32:06Z</time>
                <hdop>4.7</hdop>
                <extensions>
                    <osmand:speed>1.5</osmand:speed>
                </extensions>
            </trkpt>
            <trkpt lat="44.6075073" lon="22.2943232">
                <ele>532.7</ele>
                <time>2026-05-30T12:32:13Z</time>
                <hdop>4.7</hdop>
                <extensions>
                    <osmand:speed>0.8</osmand:speed>
                </extensions>
            </trkpt>
            <trkpt lat="44.6075872" lon="22.294417">
                <ele>534.1</ele>
                <time>2026-05-30T12:32:23Z</time>
                <hdop>4.7</hdop>
                <extensions>
                    <osmand:speed>0.6</osmand:speed>
                </extensions>
            </trkpt>
            <trkpt lat="44.6076835" lon="22.2943678">
                <ele>533.6</ele>
                <time>2026-05-30T12:32:30Z</time>
                <hdop>4.7</hdop>
                <extensions>
                    <osmand:speed>1.4</osmand:speed>
                </extensions>
            </trkpt>
            <trkpt lat="44.6077308" lon="22.2943534">
                <ele>532.6</ele>
                <time>2026-05-30T12:32:36Z</time>
                <hdop>4.7</hdop>
                <extensions>
                    <osmand:speed>0.7</osmand:speed>
                </extensions>
            </trkpt>
            <trkpt lat="44.6078321" lon="22.2943529">
                <ele>532</ele>
                <time>2026-05-30T12:32:46Z</time>
                <hdop>4.7</hdop>
                <extensions>
                    <osmand:speed>1.1</osmand:speed>
                </extensions>
            </trkpt>
            <trkpt lat="44.6079286" lon="22.2943468">
                <ele>532.4</ele>
                <time>2026-05-30T12:32:54Z</time>
                <hdop>4.7</hdop>
                <extensions>
                    <osmand:speed>1</osmand:speed>
                </extensions>
            </trkpt>
            <trkpt lat="44.6080245" lon="22.2943696">
                <ele>533.6</ele>
                <time>2026-05-30T12:33:00Z</time>
                <hdop>4.7</hdop>
                <extensions>
                    <osmand:speed>1.4</osmand:speed>
                </extensions>
            </trkpt>
            <trkpt lat="44.6080834" lon="22.2943481">
                <ele>535.8</ele>
                <time>2026-05-30T12:33:06Z</time>
                <hdop>4.7</hdop>
                <extensions>
                    <osmand:speed>1.2</osmand:speed>
                </extensions>
            </trkpt>
            <trkpt lat="44.6081322" lon="22.2943202">
                <ele>537.5</ele>
                <time>2026-05-30T12:33:13Z</time>
                <hdop>4.7</hdop>
                <extensions>
                    <osmand:speed>1.4</osmand:speed>
                </extensions>
            </trkpt>
            <trkpt lat="44.6081776" lon="22.2943481">
                <ele>537.5</ele>
                <time>2026-05-30T12:33:20Z</time>
                <hdop>4.7</hdop>
                <extensions>
                    <osmand:speed>0.9</osmand:speed>
                </extensions>
            </trkpt>
            <trkpt lat="44.6082256" lon="22.2943208">
                <ele>537.7</ele>
                <time>2026-05-30T12:33:26Z</time>
                <hdop>4.7</hdop>
                <extensions>
                    <osmand:speed>0.6</osmand:speed>
                </extensions>
            </trkpt>
            <trkpt lat="44.6083171" lon="22.2942722">
                <ele>537.2</ele>
                <time>2026-05-30T12:33:32Z</time>
                <hdop>4.7</hdop>
                <extensions>
                    <osmand:speed>2</osmand:speed>
                </extensions>
            </trkpt>
            <trkpt lat="44.6084228" lon="22.2941959">
                <ele>538.2</ele>
                <time>2026-05-30T12:33:44Z</time>
                <hdop>4.7</hdop>
                <extensions>
                    <osmand:speed>1</osmand:speed>
                </extensions>
            </trkpt>
            <trkpt lat="44.6085383" lon="22.29419">
                <ele>538.3</ele>
                <time>2026-05-30T12:33:57Z</time>
                <hdop>4.7</hdop>
                <extensions>
                    <osmand:speed>0.9</osmand:speed>
                </extensions>
            </trkpt>
            <trkpt lat="44.6085726" lon="22.2941482">
                <ele>538</ele>
                <time>2026-05-30T12:34:03Z</time>
                <hdop>4.7</hdop>
                <extensions>
                    <osmand:speed>0.6</osmand:speed>
                </extensions>
            </trkpt>
            <trkpt lat="44.6087017" lon="22.2940546">
                <ele>538.3</ele>
                <time>2026-05-30T12:34:13Z</time>
                <hdop>4.7</hdop>
                <extensions>
                    <osmand:speed>0.8</osmand:speed>
                </extensions>
            </trkpt>
            <trkpt lat="44.6088066" lon="22.294037">
                <ele>537.7</ele>
                <time>2026-05-30T12:34:23Z</time>
                <hdop>4.7</hdop>
                <extensions>
                    <osmand:speed>1.5</osmand:speed>
                </extensions>
            </trkpt>
            <trkpt lat="44.6089073" lon="22.2939939">
                <ele>537</ele>
                <time>2026-05-30T12:34:31Z</time>
                <hdop>4.7</hdop>
                <extensions>
                    <osmand:speed>1</osmand:speed>
                </extensions>
            </trkpt>
            <trkpt lat="44.6089518" lon="22.293956">
                <ele>535.8</ele>
                <time>2026-05-30T12:34:38Z</time>
                <hdop>4.7</hdop>
                <extensions>
                    <osmand:speed>1</osmand:speed>
                </extensions>
            </trkpt>
            <trkpt lat="44.6090099" lon="22.2938494">
                <ele>534.8</ele>
                <time>2026-05-30T12:34:47Z</time>
                <hdop>4.7</hdop>
                <extensions>
                    <osmand:speed>1.4</osmand:speed>
                </extensions>
            </trkpt>
            <trkpt lat="44.6090257" lon="22.2937828">
                <ele>534.6</ele>
                <time>2026-05-30T12:34:54Z</time>
                <hdop>4.7</hdop>
                <extensions>
                    <osmand:speed>0.9</osmand:speed>
                </extensions>
            </trkpt>
            <trkpt lat="44.6090768" lon="22.2936733">
                <ele>533.8</ele>
                <time>2026-05-30T12:35:03Z</time>
                <hdop>4.7</hdop>
                <extensions>
                    <osmand:speed>0.5</osmand:speed>
                </extensions>
            </trkpt>
            <trkpt lat="44.6090996" lon="22.293527">
                <ele>534</ele>
                <time>2026-05-30T12:35:13Z</time>
                <hdop>4.7</hdop>
                <extensions>
                    <osmand:speed>0.9</osmand:speed>
                </extensions>
            </trkpt>
            <trkpt lat="44.6091664" lon="22.293429">
                <ele>532.2</ele>
                <time>2026-05-30T12:35:23Z</time>
                <hdop>4.7</hdop>
                <extensions>
                    <osmand:speed>0.6</osmand:speed>
                </extensions>
            </trkpt>
            <trkpt lat="44.6091943" lon="22.2932933">
                <ele>531.7</ele>
                <time>2026-05-30T12:35:31Z</time>
                <hdop>4.7</hdop>
                <extensions>
                    <osmand:speed>1.1</osmand:speed>
                </extensions>
            </trkpt>
            <trkpt lat="44.6092519" lon="22.2931728">
                <ele>528.9</ele>
                <time>2026-05-30T12:35:41Z</time>
                <hdop>4.7</hdop>
                <extensions>
                    <osmand:speed>1</osmand:speed>
                </extensions>
            </trkpt>
            <trkpt lat="44.6092693" lon="22.2931075">
                <ele>527.9</ele>
                <time>2026-05-30T12:35:48Z</time>
                <hdop>4.7</hdop>
                <extensions>
                    <osmand:speed>0.8</osmand:speed>
                </extensions>
            </trkpt>
            <trkpt lat="44.6093071" lon="22.2929684">
                <ele>527.3</ele>
                <time>2026-05-30T12:35:56Z</time>
                <hdop>4.7</hdop>
                <extensions>
                    <osmand:speed>1.1</osmand:speed>
                </extensions>
            </trkpt>
            <trkpt lat="44.6092744" lon="22.2929177">
                <ele>518.7</ele>
                <time>2026-05-30T12:36:05Z</time>
                <hdop>3.5</hdop>
                <extensions>
                    <osmand:speed>1</osmand:speed>
                </extensions>
            </trkpt>
            <trkpt lat="44.6092882" lon="22.2928485">
                <ele>518.4</ele>
                <time>2026-05-30T12:36:11Z</time>
                <hdop>4.7</hdop>
                <extensions>
                    <osmand:speed>1.1</osmand:speed>
                </extensions>
            </trkpt>
            <trkpt lat="44.6093208" lon="22.2927995">
                <ele>517.4</ele>
                <time>2026-05-30T12:36:17Z</time>
                <hdop>4.7</hdop>
                <extensions>
                    <osmand:speed>0.6</osmand:speed>
                </extensions>
            </trkpt>
            <trkpt lat="44.609348" lon="22.2927349">
                <ele>514.5</ele>
                <time>2026-05-30T12:36:25Z</time>
                <hdop>4.7</hdop>
                <extensions>
                    <osmand:speed>0.7</osmand:speed>
                </extensions>
            </trkpt>
            <trkpt lat="44.6094427" lon="22.2926574">
                <ele>516</ele>
                <time>2026-05-30T12:36:31Z</time>
                <hdop>4.7</hdop>
                <extensions>
                    <osmand:speed>0.8</osmand:speed>
                </extensions>
            </trkpt>
            <trkpt lat="44.6095373" lon="22.2926422">
                <ele>515</ele>
                <time>2026-05-30T12:36:39Z</time>
                <hdop>4.7</hdop>
                <extensions>
                    <osmand:speed>1.3</osmand:speed>
                </extensions>
            </trkpt>
            <trkpt lat="44.6096839" lon="22.2926344">
                <ele>514.3</ele>
                <time>2026-05-30T12:36:53Z</time>
                <hdop>4.7</hdop>
                <extensions>
                    <osmand:speed>1.8</osmand:speed>
                </extensions>
            </trkpt>
            <trkpt lat="44.6097288" lon="22.2926156">
                <ele>507.5</ele>
                <time>2026-05-30T12:37:12Z</time>
                <hdop>4.7</hdop>
                <extensions>
                    <osmand:speed>0.7</osmand:speed>
                </extensions>
            </trkpt>
            <trkpt lat="44.609834" lon="22.2925141">
                <ele>505.8</ele>
                <time>2026-05-30T12:37:23Z</time>
                <hdop>4.7</hdop>
                <extensions>
                    <osmand:speed>0.8</osmand:speed>
                </extensions>
            </trkpt>
            <trkpt lat="44.6099131" lon="22.2924164">
                <ele>502.6</ele>
                <time>2026-05-30T12:37:34Z</time>
                <hdop>4.7</hdop>
                <extensions>
                    <osmand:speed>0.9</osmand:speed>
                </extensions>
            </trkpt>
            <trkpt lat="44.6099691" lon="22.2924217">
                <ele>501.3</ele>
                <time>2026-05-30T12:37:40Z</time>
                <hdop>4.7</hdop>
                <extensions>
                    <osmand:speed>1.2</osmand:speed>
                </extensions>
            </trkpt>
            <trkpt lat="44.6100586" lon="22.2923977">
                <ele>498.8</ele>
                <time>2026-05-30T12:37:51Z</time>
                <hdop>4.7</hdop>
                <extensions>
                    <osmand:speed>1.1</osmand:speed>
                </extensions>
            </trkpt>
            <trkpt lat="44.6100661" lon="22.2923323">
                <ele>497.8</ele>
                <time>2026-05-30T12:37:58Z</time>
                <hdop>4.7</hdop>
                <extensions>
                    <osmand:speed>0.6</osmand:speed>
                </extensions>
            </trkpt>
            <trkpt lat="44.6100439" lon="22.2922665">
                <ele>498.3</ele>
                <time>2026-05-30T12:38:05Z</time>
                <hdop>4.7</hdop>
                <extensions>
                    <osmand:speed>0.5</osmand:speed>
                </extensions>
            </trkpt>
            <trkpt lat="44.6100899" lon="22.2922469">
                <ele>498.6</ele>
                <time>2026-05-30T12:38:12Z</time>
                <hdop>4.7</hdop>
                <extensions>
                    <osmand:speed>1.1</osmand:speed>
                </extensions>
            </trkpt>
            <trkpt lat="44.6101241" lon="22.2921844">
                <ele>498.2</ele>
                <time>2026-05-30T12:38:21Z</time>
                <hdop>4.7</hdop>
                <extensions>
                    <osmand:speed>0.6</osmand:speed>
                </extensions>
            </trkpt>
            <trkpt lat="44.6101139" lon="22.2920672">
                <ele>492.6</ele>
                <time>2026-05-30T12:38:36Z</time>
                <hdop>4.7</hdop>
                <extensions>
                    <osmand:speed>0.5</osmand:speed>
                </extensions>
            </trkpt>
            <trkpt lat="44.6101335" lon="22.2919957">
                <ele>491.2</ele>
                <time>2026-05-30T12:38:43Z</time>
                <hdop>4.7</hdop>
                <extensions>
                    <osmand:speed>0.5</osmand:speed>
                </extensions>
            </trkpt>
            <trkpt lat="44.6102037" lon="22.2919021">
                <ele>487.5</ele>
                <time>2026-05-30T12:38:55Z</time>
                <hdop>4.7</hdop>
                <extensions>
                    <osmand:speed>0.7</osmand:speed>
                </extensions>
            </trkpt>
            <trkpt lat="44.6102805" lon="22.2918056">
                <ele>487.7</ele>
                <time>2026-05-30T12:39:04Z</time>
                <hdop>4.7</hdop>
                <extensions>
                    <osmand:speed>1.5</osmand:speed>
                </extensions>
            </trkpt>
            <trkpt lat="44.6103283" lon="22.291805">
                <ele>483.9</ele>
                <time>2026-05-30T12:39:14Z</time>
                <hdop>4.7</hdop>
                <extensions>
                    <osmand:speed>0.6</osmand:speed>
                </extensions>
            </trkpt>
            <trkpt lat="44.6104185" lon="22.2917788">
                <ele>479.9</ele>
                <time>2026-05-30T12:39:26Z</time>
                <hdop>4.7</hdop>
                <extensions>
                    <osmand:speed>0.8</osmand:speed>
                </extensions>
            </trkpt>
            <trkpt lat="44.6104177" lon="22.291643">
                <ele>479.3</ele>
                <time>2026-05-30T12:39:34Z</time>
                <hdop>4.7</hdop>
                <extensions>
                    <osmand:speed>0.9</osmand:speed>
                </extensions>
            </trkpt>
            <trkpt lat="44.6104567" lon="22.2916089">
                <ele>477.1</ele>
                <time>2026-05-30T12:39:40Z</time>
                <hdop>4.7</hdop>
                <extensions>
                    <osmand:speed>0.8</osmand:speed>
                </extensions>
            </trkpt>
            <trkpt lat="44.6105147" lon="22.291616">
                <ele>474.9</ele>
                <time>2026-05-30T12:39:46Z</time>
                <hdop>4.7</hdop>
                <extensions>
                    <osmand:speed>0.9</osmand:speed>
                </extensions>
            </trkpt>
            <trkpt lat="44.610611" lon="22.2915963">
                <ele>474</ele>
                <time>2026-05-30T12:39:55Z</time>
                <hdop>4.7</hdop>
                <extensions>
                    <osmand:speed>1.7</osmand:speed>
                </extensions>
            </trkpt>
            <trkpt lat="44.6106817" lon="22.2914949">
                <ele>471.8</ele>
                <time>2026-05-30T12:40:03Z</time>
                <hdop>4.7</hdop>
                <extensions>
                    <osmand:speed>1.4</osmand:speed>
                </extensions>
            </trkpt>
            <trkpt lat="44.6106983" lon="22.2914282">
                <ele>471.2</ele>
                <time>2026-05-30T12:40:09Z</time>
                <hdop>4.7</hdop>
                <extensions>
                    <osmand:speed>0.9</osmand:speed>
                </extensions>
            </trkpt>
            <trkpt lat="44.6107517" lon="22.2913135">
                <ele>469.7</ele>
                <time>2026-05-30T12:40:22Z</time>
                <hdop>4.7</hdop>
                <extensions>
                    <osmand:speed>0.6</osmand:speed>
                </extensions>
            </trkpt>
            <trkpt lat="44.6107543" lon="22.2912455">
                <ele>469</ele>
                <time>2026-05-30T12:40:28Z</time>
                <hdop>4.7</hdop>
                <extensions>
                    <osmand:speed>0.6</osmand:speed>
                </extensions>
            </trkpt>
            <trkpt lat="44.6107974" lon="22.2911882">
                <ele>465.5</ele>
                <time>2026-05-30T12:40:36Z</time>
                <hdop>4.7</hdop>
                <extensions>
                    <osmand:speed>1.3</osmand:speed>
                </extensions>
            </trkpt>
            <trkpt lat="44.6109201" lon="22.2911377">
                <ele>461.5</ele>
                <time>2026-05-30T12:40:48Z</time>
                <hdop>4.7</hdop>
                <extensions>
                    <osmand:speed>1.4</osmand:speed>
                </extensions>
            </trkpt>
            <trkpt lat="44.6110277" lon="22.2911299">
                <ele>459.1</ele>
                <time>2026-05-30T12:41:04Z</time>
                <hdop>4.7</hdop>
                <extensions>
                    <osmand:speed>0.9</osmand:speed>
                </extensions>
            </trkpt>
            <trkpt lat="44.6110806" lon="22.2911267">
                <ele>456</ele>
                <time>2026-05-30T12:41:12Z</time>
                <hdop>4.7</hdop>
                <extensions>
                    <osmand:speed>0.7</osmand:speed>
                </extensions>
            </trkpt>
            <trkpt lat="44.6111818" lon="22.2910762">
                <ele>453.4</ele>
                <time>2026-05-30T12:41:23Z</time>
                <hdop>4.7</hdop>
                <extensions>
                    <osmand:speed>0.9</osmand:speed>
                </extensions>
            </trkpt>
            <trkpt lat="44.6112358" lon="22.2910658">
                <ele>451.4</ele>
                <time>2026-05-30T12:41:30Z</time>
                <hdop>4.7</hdop>
                <extensions>
                    <osmand:speed>0.6</osmand:speed>
                </extensions>
            </trkpt>
            <trkpt lat="44.6112888" lon="22.2910633">
                <ele>450.5</ele>
                <time>2026-05-30T12:41:36Z</time>
                <hdop>4.7</hdop>
                <extensions>
                    <osmand:speed>1.3</osmand:speed>
                </extensions>
            </trkpt>
            <trkpt lat="44.6113077" lon="22.2910008">
                <ele>443.3</ele>
                <time>2026-05-30T12:41:46Z</time>
                <hdop>3.5</hdop>
                <extensions>
                    <osmand:speed>0.8</osmand:speed>
                </extensions>
            </trkpt>
            <trkpt lat="44.6113977" lon="22.2909989">
                <ele>443.4</ele>
                <time>2026-05-30T12:41:55Z</time>
                <hdop>4.7</hdop>
                <extensions>
                    <osmand:speed>1.2</osmand:speed>
                </extensions>
            </trkpt>
            <trkpt lat="44.6114567" lon="22.2910415">
                <ele>442.5</ele>
                <time>2026-05-30T12:42:01Z</time>
                <hdop>4.7</hdop>
                <extensions>
                    <osmand:speed>1</osmand:speed>
                </extensions>
            </trkpt>
            <trkpt lat="44.6115754" lon="22.2910059">
                <ele>445.9</ele>
                <time>2026-05-30T12:42:11Z</time>
                <hdop>4.7</hdop>
                <extensions>
                    <osmand:speed>1.6</osmand:speed>
                </extensions>
            </trkpt>
            <trkpt lat="44.6116222" lon="22.2909453">
                <ele>444.3</ele>
                <time>2026-05-30T12:42:20Z</time>
                <hdop>4.7</hdop>
                <extensions>
                    <osmand:speed>0.8</osmand:speed>
                </extensions>
            </trkpt>
            <trkpt lat="44.6116635" lon="22.2908238">
                <ele>442</ele>
                <time>2026-05-30T12:42:30Z</time>
                <hdop>4.7</hdop>
                <extensions>
                    <osmand:speed>0.9</osmand:speed>
                </extensions>
            </trkpt>
            <trkpt lat="44.6117167" lon="22.2907201">
                <ele>440.9</ele>
                <time>2026-05-30T12:42:41Z</time>
                <hdop>4.7</hdop>
                <extensions>
                    <osmand:speed>0.8</osmand:speed>
                </extensions>
            </trkpt>
            <trkpt lat="44.6117428" lon="22.2906023">
                <ele>438.3</ele>
                <time>2026-05-30T12:42:54Z</time>
                <hdop>4.7</hdop>
                <extensions>
                    <osmand:speed>0.5</osmand:speed>
                </extensions>
            </trkpt>
            <trkpt lat="44.6117128" lon="22.2904612">
                <ele>433</ele>
                <time>2026-05-30T12:43:06Z</time>
                <hdop>4.7</hdop>
                <extensions>
                    <osmand:speed>1.1</osmand:speed>
                </extensions>
            </trkpt>
            <trkpt lat="44.6117192" lon="22.2903288">
                <ele>433.1</ele>
                <time>2026-05-30T12:43:16Z</time>
                <hdop>4.7</hdop>
                <extensions>
                    <osmand:speed>0.7</osmand:speed>
                </extensions>
            </trkpt>
            <trkpt lat="44.6117327" lon="22.2902101">
                <ele>432.5</ele>
                <time>2026-05-30T12:43:25Z</time>
                <hdop>4.7</hdop>
                <extensions>
                    <osmand:speed>0.9</osmand:speed>
                </extensions>
            </trkpt>
            <trkpt lat="44.611689" lon="22.2901636">
                <ele>430.5</ele>
                <time>2026-05-30T12:43:32Z</time>
                <hdop>4.7</hdop>
                <extensions>
                    <osmand:speed>1.1</osmand:speed>
                </extensions>
            </trkpt>
            <trkpt lat="44.6116053" lon="22.2901074">
                <ele>430.1</ele>
                <time>2026-05-30T12:43:41Z</time>
                <hdop>4.7</hdop>
                <extensions>
                    <osmand:speed>1.1</osmand:speed>
                </extensions>
            </trkpt>
            <trkpt lat="44.6115024" lon="22.2901016">
                <ele>429.6</ele>
                <time>2026-05-30T12:43:51Z</time>
                <hdop>4.7</hdop>
                <extensions>
                    <osmand:speed>1</osmand:speed>
                </extensions>
            </trkpt>
            <trkpt lat="44.6113969" lon="22.2901301">
                <ele>426.9</ele>
                <time>2026-05-30T12:44:02Z</time>
                <hdop>4.7</hdop>
                <extensions>
                    <osmand:speed>0.9</osmand:speed>
                </extensions>
            </trkpt>
            <trkpt lat="44.6113266" lon="22.2900335">
                <ele>423.8</ele>
                <time>2026-05-30T12:44:13Z</time>
                <hdop>4.7</hdop>
                <extensions>
                    <osmand:speed>0.7</osmand:speed>
                </extensions>
            </trkpt>
            <trkpt lat="44.6112292" lon="22.2899612">
                <ele>421.5</ele>
                <time>2026-05-30T12:44:25Z</time>
                <hdop>4.7</hdop>
                <extensions>
                    <osmand:speed>1.1</osmand:speed>
                </extensions>
            </trkpt>
            <trkpt lat="44.6111738" lon="22.2898362">
                <ele>419.4</ele>
                <time>2026-05-30T12:44:34Z</time>
                <hdop>4.7</hdop>
                <extensions>
                    <osmand:speed>1.2</osmand:speed>
                </extensions>
            </trkpt>
            <trkpt lat="44.6111582" lon="22.2897105">
                <ele>418.3</ele>
                <time>2026-05-30T12:44:47Z</time>
                <hdop>4.7</hdop>
                <extensions>
                    <osmand:speed>0.4</osmand:speed>
                </extensions>
            </trkpt>
            <trkpt lat="44.6111772" lon="22.2896496">
                <ele>416.5</ele>
                <time>2026-05-30T12:44:55Z</time>
                <hdop>4.7</hdop>
                <extensions>
                    <osmand:speed>0.6</osmand:speed>
                </extensions>
            </trkpt>
            <trkpt lat="44.6111711" lon="22.2895111">
                <ele>417.9</ele>
                <time>2026-05-30T12:45:04Z</time>
                <hdop>4.7</hdop>
                <extensions>
                    <osmand:speed>1.5</osmand:speed>
                </extensions>
            </trkpt>
            <trkpt lat="44.6112063" lon="22.289368">
                <ele>417.2</ele>
                <time>2026-05-30T12:45:13Z</time>
                <hdop>4.7</hdop>
                <extensions>
                    <osmand:speed>1.7</osmand:speed>
                </extensions>
            </trkpt>
            <trkpt lat="44.6112517" lon="22.2892329">
                <ele>414.5</ele>
                <time>2026-05-30T12:45:23Z</time>
                <hdop>4.7</hdop>
                <extensions>
                    <osmand:speed>1.6</osmand:speed>
                </extensions>
            </trkpt>
            <trkpt lat="44.611263" lon="22.2890944">
                <ele>412.8</ele>
                <time>2026-05-30T12:45:33Z</time>
                <hdop>4.7</hdop>
                <extensions>
                    <osmand:speed>1.7</osmand:speed>
                </extensions>
            </trkpt>
            <trkpt lat="44.6113022" lon="22.2890357">
                <ele>409.6</ele>
                <time>2026-05-30T12:45:41Z</time>
                <hdop>4.7</hdop>
                <extensions>
                    <osmand:speed>0.8</osmand:speed>
                </extensions>
            </trkpt>
            <trkpt lat="44.6113252" lon="22.2889747">
                <ele>406.7</ele>
                <time>2026-05-30T12:45:47Z</time>
                <hdop>4.7</hdop>
                <extensions>
                    <osmand:speed>0.8</osmand:speed>
                </extensions>
            </trkpt>
            <trkpt lat="44.6113452" lon="22.2889136">
                <ele>404.7</ele>
                <time>2026-05-30T12:45:53Z</time>
                <hdop>4.7</hdop>
                <extensions>
                    <osmand:speed>1</osmand:speed>
                </extensions>
            </trkpt>
            <trkpt lat="44.6114182" lon="22.2888342">
                <ele>403.6</ele>
                <time>2026-05-30T12:46:00Z</time>
                <hdop>4.7</hdop>
                <extensions>
                    <osmand:speed>1.3</osmand:speed>
                </extensions>
            </trkpt>
            <trkpt lat="44.61149" lon="22.2887197">
                <ele>402.7</ele>
                <time>2026-05-30T12:46:11Z</time>
                <hdop>4.7</hdop>
                <extensions>
                    <osmand:speed>1.1</osmand:speed>
                </extensions>
            </trkpt>
            <trkpt lat="44.6115596" lon="22.2886136">
                <ele>400.6</ele>
                <time>2026-05-30T12:46:21Z</time>
                <hdop>4.7</hdop>
                <extensions>
                    <osmand:speed>1.3</osmand:speed>
                </extensions>
            </trkpt>
            <trkpt lat="44.6116353" lon="22.2885095">
                <ele>398.4</ele>
                <time>2026-05-30T12:46:32Z</time>
                <hdop>4.7</hdop>
                <extensions>
                    <osmand:speed>1.2</osmand:speed>
                </extensions>
            </trkpt>
            <trkpt lat="44.6116305" lon="22.2883639">
                <ele>398.8</ele>
                <time>2026-05-30T12:46:40Z</time>
                <hdop>4.7</hdop>
                <extensions>
                    <osmand:speed>1</osmand:speed>
                </extensions>
            </trkpt>
            <trkpt lat="44.6116301" lon="22.2882138">
                <ele>396.6</ele>
                <time>2026-05-30T12:46:49Z</time>
                <hdop>4.7</hdop>
                <extensions>
                    <osmand:speed>1</osmand:speed>
                </extensions>
            </trkpt>
            <trkpt lat="44.6116404" lon="22.2881453">
                <ele>395.6</ele>
                <time>2026-05-30T12:46:55Z</time>
                <hdop>4.7</hdop>
                <extensions>
                    <osmand:speed>0.8</osmand:speed>
                </extensions>
            </trkpt>
            <trkpt lat="44.6116236" lon="22.2879915">
                <ele>393</ele>
                <time>2026-05-30T12:47:06Z</time>
                <hdop>4.7</hdop>
                <extensions>
                    <osmand:speed>0.8</osmand:speed>
                </extensions>
            </trkpt>
            <trkpt lat="44.6115893" lon="22.2878631">
                <ele>393.4</ele>
                <time>2026-05-30T12:47:12Z</time>
                <hdop>4.7</hdop>
                <extensions>
                    <osmand:speed>0.9</osmand:speed>
                </extensions>
            </trkpt>
            <trkpt lat="44.6115692" lon="22.2877284">
                <ele>391.7</ele>
                <time>2026-05-30T12:47:21Z</time>
                <hdop>4.7</hdop>
                <extensions>
                    <osmand:speed>1.1</osmand:speed>
                </extensions>
            </trkpt>
            <trkpt lat="44.6115816" lon="22.2875733">
                <ele>389.7</ele>
                <time>2026-05-30T12:47:32Z</time>
                <hdop>4.7</hdop>
                <extensions>
                    <osmand:speed>0.7</osmand:speed>
                </extensions>
            </trkpt>
            <trkpt lat="44.611575" lon="22.2875063">
                <ele>386.3</ele>
                <time>2026-05-30T12:47:38Z</time>
                <hdop>4.7</hdop>
                <extensions>
                    <osmand:speed>0.8</osmand:speed>
                </extensions>
            </trkpt>
            <trkpt lat="44.6116125" lon="22.2874182">
                <ele>386.5</ele>
                <time>2026-05-30T12:47:44Z</time>
                <hdop>4.7</hdop>
                <extensions>
                    <osmand:speed>1.1</osmand:speed>
                </extensions>
            </trkpt>
            <trkpt lat="44.6116265" lon="22.2873166">
                <ele>385.2</ele>
                <time>2026-05-30T12:47:50Z</time>
                <hdop>4.7</hdop>
                <extensions>
                    <osmand:speed>1.4</osmand:speed>
                </extensions>
            </trkpt>
            <trkpt lat="44.6116082" lon="22.2872545">
                <ele>383.6</ele>
                <time>2026-05-30T12:47:56Z</time>
                <hdop>4.7</hdop>
                <extensions>
                    <osmand:speed>1</osmand:speed>
                </extensions>
            </trkpt>
            <trkpt lat="44.6115929" lon="22.2871775">
                <ele>383.1</ele>
                <time>2026-05-30T12:48:02Z</time>
                <hdop>4.7</hdop>
                <extensions>
                    <osmand:speed>0.9</osmand:speed>
                </extensions>
            </trkpt>
            <trkpt lat="44.6115718" lon="22.2871192">
                <ele>382.2</ele>
                <time>2026-05-30T12:48:08Z</time>
                <hdop>4.7</hdop>
                <extensions>
                    <osmand:speed>0.8</osmand:speed>
                </extensions>
            </trkpt>
            <trkpt lat="44.6115398" lon="22.2870362">
                <ele>382.8</ele>
                <time>2026-05-30T12:48:14Z</time>
                <hdop>4.7</hdop>
                <extensions>
                    <osmand:speed>1.1</osmand:speed>
                </extensions>
            </trkpt>
            <trkpt lat="44.6115092" lon="22.2869655">
                <ele>381.9</ele>
                <time>2026-05-30T12:48:20Z</time>
                <hdop>4.7</hdop>
                <extensions>
                    <osmand:speed>0.7</osmand:speed>
                </extensions>
            </trkpt>
            <trkpt lat="44.6114808" lon="22.2868708">
                <ele>384.3</ele>
                <time>2026-05-30T12:48:26Z</time>
                <hdop>4.7</hdop>
                <extensions>
                    <osmand:speed>1</osmand:speed>
                </extensions>
            </trkpt>
            <trkpt lat="44.6114033" lon="22.2867307">
                <ele>381.1</ele>
                <time>2026-05-30T12:48:37Z</time>
                <hdop>4.7</hdop>
                <extensions>
                    <osmand:speed>1.4</osmand:speed>
                </extensions>
            </trkpt>
            <trkpt lat="44.6113473" lon="22.2866201">
                <ele>379.8</ele>
                <time>2026-05-30T12:48:46Z</time>
                <hdop>4.7</hdop>
                <extensions>
                    <osmand:speed>1.4</osmand:speed>
                </extensions>
            </trkpt>
            <trkpt lat="44.6112867" lon="22.286502">
                <ele>378.8</ele>
                <time>2026-05-30T12:48:55Z</time>
                <hdop>4.7</hdop>
                <extensions>
                    <osmand:speed>1</osmand:speed>
                </extensions>
            </trkpt>
            <trkpt lat="44.611238" lon="22.286423">
                <ele>381.2</ele>
                <time>2026-05-30T12:49:01Z</time>
                <hdop>4.7</hdop>
                <extensions>
                    <osmand:speed>1</osmand:speed>
                </extensions>
            </trkpt>
            <trkpt lat="44.6111763" lon="22.2863579">
                <ele>380.2</ele>
                <time>2026-05-30T12:49:07Z</time>
                <hdop>4.7</hdop>
                <extensions>
                    <osmand:speed>1.4</osmand:speed>
                </extensions>
            </trkpt>
            <trkpt lat="44.6111218" lon="22.2863097">
                <ele>380.6</ele>
                <time>2026-05-30T12:49:13Z</time>
                <hdop>4.7</hdop>
                <extensions>
                    <osmand:speed>0.9</osmand:speed>
                </extensions>
            </trkpt>
            <trkpt lat="44.6110727" lon="22.2861893">
                <ele>381.9</ele>
                <time>2026-05-30T12:49:19Z</time>
                <hdop>4.7</hdop>
                <extensions>
                    <osmand:speed>1.4</osmand:speed>
                </extensions>
            </trkpt>
            <trkpt lat="44.6110445" lon="22.2861141">
                <ele>380.9</ele>
                <time>2026-05-30T12:49:25Z</time>
                <hdop>4.7</hdop>
                <extensions>
                    <osmand:speed>1</osmand:speed>
                </extensions>
            </trkpt>
            <trkpt lat="44.6110025" lon="22.2860597">
                <ele>379.4</ele>
                <time>2026-05-30T12:49:31Z</time>
                <hdop>4.7</hdop>
                <extensions>
                    <osmand:speed>0.7</osmand:speed>
                </extensions>
            </trkpt>
            <trkpt lat="44.6109667" lon="22.2859837">
                <ele>379.3</ele>
                <time>2026-05-30T12:49:37Z</time>
                <hdop>4.7</hdop>
                <extensions>
                    <osmand:speed>0.9</osmand:speed>
                </extensions>
            </trkpt>
            <trkpt lat="44.6109275" lon="22.285889">
                <ele>378.7</ele>
                <time>2026-05-30T12:49:43Z</time>
                <hdop>4.7</hdop>
                <extensions>
                    <osmand:speed>0.9</osmand:speed>
                </extensions>
            </trkpt>
            <trkpt lat="44.6109118" lon="22.2857944">
                <ele>378.6</ele>
                <time>2026-05-30T12:49:49Z</time>
                <hdop>4.7</hdop>
                <extensions>
                    <osmand:speed>0.6</osmand:speed>
                </extensions>
            </trkpt>
            <trkpt lat="44.6108912" lon="22.2856918">
                <ele>378.3</ele>
                <time>2026-05-30T12:49:55Z</time>
                <hdop>4.7</hdop>
                <extensions>
                    <osmand:speed>1</osmand:speed>
                </extensions>
            </trkpt>
            <trkpt lat="44.6108745" lon="22.2855669">
                <ele>376.7</ele>
                <time>2026-05-30T12:50:01Z</time>
                <hdop>4.7</hdop>
                <extensions>
                    <osmand:speed>1</osmand:speed>
                </extensions>
            </trkpt>
            <trkpt lat="44.6108601" lon="22.2854627">
                <ele>376.7</ele>
                <time>2026-05-30T12:50:07Z</time>
                <hdop>4.7</hdop>
                <extensions>
                    <osmand:speed>1.2</osmand:speed>
                </extensions>
            </trkpt>
            <trkpt lat="44.6108501" lon="22.2853395">
                <ele>378.3</ele>
                <time>2026-05-30T12:50:13Z</time>
                <hdop>4.7</hdop>
                <extensions>
                    <osmand:speed>1.5</osmand:speed>
                </extensions>
            </trkpt>
            <trkpt lat="44.6108447" lon="22.2852004">
                <ele>378.5</ele>
                <time>2026-05-30T12:50:22Z</time>
                <hdop>4.7</hdop>
                <extensions>
                    <osmand:speed>1.2</osmand:speed>
                </extensions>
            </trkpt>
            <trkpt lat="44.6108192" lon="22.285142">
                <ele>376.4</ele>
                <time>2026-05-30T12:50:28Z</time>
                <hdop>4.7</hdop>
                <extensions>
                    <osmand:speed>0.9</osmand:speed>
                </extensions>
            </trkpt>
            <trkpt lat="44.6107919" lon="22.2849939">
                <ele>376.1</ele>
                <time>2026-05-30T12:50:36Z</time>
                <hdop>4.7</hdop>
                <extensions>
                    <osmand:speed>1.3</osmand:speed>
                </extensions>
            </trkpt>
            <trkpt lat="44.6107842" lon="22.2849287">
                <ele>375.3</ele>
                <time>2026-05-30T12:50:42Z</time>
                <hdop>4.7</hdop>
                <extensions>
                    <osmand:speed>0.6</osmand:speed>
                </extensions>
            </trkpt>
            <trkpt lat="44.6107351" lon="22.2848033">
                <ele>374</ele>
                <time>2026-05-30T12:50:50Z</time>
                <hdop>4.7</hdop>
                <extensions>
                    <osmand:speed>1</osmand:speed>
                </extensions>
            </trkpt>
            <trkpt lat="44.6107179" lon="22.2847439">
                <ele>373.9</ele>
                <time>2026-05-30T12:50:56Z</time>
                <hdop>4.7</hdop>
                <extensions>
                    <osmand:speed>0.8</osmand:speed>
                </extensions>
            </trkpt>
            <trkpt lat="44.6106705" lon="22.2846087">
                <ele>374.5</ele>
                <time>2026-05-30T12:51:06Z</time>
                <hdop>4.7</hdop>
                <extensions>
                    <osmand:speed>1</osmand:speed>
                </extensions>
            </trkpt>
            <trkpt lat="44.6106079" lon="22.2845032">
                <ele>372.9</ele>
                <time>2026-05-30T12:51:14Z</time>
                <hdop>4.7</hdop>
                <extensions>
                    <osmand:speed>1.1</osmand:speed>
                </extensions>
            </trkpt>
            <trkpt lat="44.6105604" lon="22.2845098">
                <ele>372.4</ele>
                <time>2026-05-30T12:51:20Z</time>
                <hdop>4.7</hdop>
                <extensions>
                    <osmand:speed>0.2</osmand:speed>
                </extensions>
            </trkpt>
            <trkpt lat="44.6106055" lon="22.2844818">
                <ele>371.3</ele>
                <time>2026-05-30T12:51:26Z</time>
                <hdop>4.7</hdop>
                <extensions>
                    <osmand:speed>0.1</osmand:speed>
                </extensions>
            </trkpt>
            <trkpt lat="44.6106979" lon="22.2844292">
                <ele>369.4</ele>
                <time>2026-05-30T12:51:35Z</time>
                <hdop>4.7</hdop>
                <extensions>
                    <osmand:speed>1.2</osmand:speed>
                </extensions>
            </trkpt>
        </trkseg>
    </trk>
    <trk>
        <trkseg>
            <trkpt lat="44.6107043" lon="22.2844761">
                <ele>370.7</ele>
                <time>2026-05-30T13:04:56Z</time>
                <hdop>4.7</hdop>
                <extensions>
                    <osmand:speed>0</osmand:speed>
                </extensions>
            </trkpt>
            <trkpt lat="44.6107031" lon="22.2844721">
                <ele>372.3</ele>
                <time>2026-05-30T13:05:02Z</time>
                <hdop>4.7</hdop>
                <extensions>
                    <osmand:speed>0</osmand:speed>
                </extensions>
            </trkpt>
        </trkseg>
    </trk>
    <trk>
        <trkseg>
            <trkpt lat="44.6106671" lon="22.2844331">
                <ele>370.4</ele>
                <time>2026-05-30T13:06:07Z</time>
                <hdop>4.7</hdop>
                <extensions>
                    <osmand:speed>0.1</osmand:speed>
                </extensions>
            </trkpt>
            <trkpt lat="44.6106188" lon="22.2844031">
                <ele>370.7</ele>
                <time>2026-05-30T13:06:13Z</time>
                <hdop>4.7</hdop>
                <extensions>
                    <osmand:speed>0.3</osmand:speed>
                </extensions>
            </trkpt>
            <trkpt lat="44.6105721" lon="22.2842631">
                <ele>371.5</ele>
                <time>2026-05-30T13:06:22Z</time>
                <hdop>4.7</hdop>
                <extensions>
                    <osmand:speed>0.9</osmand:speed>
                </extensions>
            </trkpt>
            <trkpt lat="44.6105376" lon="22.2841362">
                <ele>369.4</ele>
                <time>2026-05-30T13:06:32Z</time>
                <hdop>4.7</hdop>
                <extensions>
                    <osmand:speed>0.9</osmand:speed>
                </extensions>
            </trkpt>
            <trkpt lat="44.6105407" lon="22.284059">
                <ele>368.5</ele>
                <time>2026-05-30T13:06:38Z</time>
                <hdop>4.7</hdop>
                <extensions>
                    <osmand:speed>1.1</osmand:speed>
                </extensions>
            </trkpt>
            <trkpt lat="44.6105779" lon="22.2839361">
                <ele>367.6</ele>
                <time>2026-05-30T13:06:48Z</time>
                <hdop>4.7</hdop>
                <extensions>
                    <osmand:speed>0.9</osmand:speed>
                </extensions>
            </trkpt>
            <trkpt lat="44.6106156" lon="22.2839008">
                <ele>366.7</ele>
                <time>2026-05-30T13:07:06Z</time>
                <hdop>4.7</hdop>
                <extensions>
                    <osmand:speed>0.3</osmand:speed>
                </extensions>
            </trkpt>
            <trkpt lat="44.6106384" lon="22.2837721">
                <ele>365.6</ele>
                <time>2026-05-30T13:07:18Z</time>
                <hdop>4.7</hdop>
                <extensions>
                    <osmand:speed>0.9</osmand:speed>
                </extensions>
            </trkpt>
            <trkpt lat="44.6106502" lon="22.2836315">
                <ele>364.9</ele>
                <time>2026-05-30T13:07:27Z</time>
                <hdop>4.7</hdop>
                <extensions>
                    <osmand:speed>1.2</osmand:speed>
                </extensions>
            </trkpt>
            <trkpt lat="44.6106463" lon="22.2834932">
                <ele>364.6</ele>
                <time>2026-05-30T13:07:36Z</time>
                <hdop>4.7</hdop>
                <extensions>
                    <osmand:speed>1.4</osmand:speed>
                </extensions>
            </trkpt>
            <trkpt lat="44.6106499" lon="22.2833568">
                <ele>362.9</ele>
                <time>2026-05-30T13:07:44Z</time>
                <hdop>4.7</hdop>
                <extensions>
                    <osmand:speed>1.5</osmand:speed>
                </extensions>
            </trkpt>
            <trkpt lat="44.6106534" lon="22.2832199">
                <ele>360</ele>
                <time>2026-05-30T13:07:52Z</time>
                <hdop>4.7</hdop>
                <extensions>
                    <osmand:speed>1.2</osmand:speed>
                </extensions>
            </trkpt>
            <trkpt lat="44.6106575" lon="22.2830764">
                <ele>361.8</ele>
                <time>2026-05-30T13:08:00Z</time>
                <hdop>4.7</hdop>
                <extensions>
                    <osmand:speed>1.4</osmand:speed>
                </extensions>
            </trkpt>
            <trkpt lat="44.6106559" lon="22.2829311">
                <ele>358.9</ele>
                <time>2026-05-30T13:08:09Z</time>
                <hdop>4.7</hdop>
                <extensions>
                    <osmand:speed>1.6</osmand:speed>
                </extensions>
            </trkpt>
            <trkpt lat="44.6106791" lon="22.2828008">
                <ele>357.4</ele>
                <time>2026-05-30T13:08:17Z</time>
                <hdop>4.7</hdop>
                <extensions>
                    <osmand:speed>1.2</osmand:speed>
                </extensions>
            </trkpt>
            <trkpt lat="44.6106688" lon="22.282652">
                <ele>357.2</ele>
                <time>2026-05-30T13:08:26Z</time>
                <hdop>4.7</hdop>
                <extensions>
                    <osmand:speed>1.4</osmand:speed>
                </extensions>
            </trkpt>
            <trkpt lat="44.6106441" lon="22.2825206">
                <ele>356.7</ele>
                <time>2026-05-30T13:08:36Z</time>
                <hdop>4.7</hdop>
                <extensions>
                    <osmand:speed>1</osmand:speed>
                </extensions>
            </trkpt>
            <trkpt lat="44.6106141" lon="22.2823798">
                <ele>355.8</ele>
                <time>2026-05-30T13:08:45Z</time>
                <hdop>4.7</hdop>
                <extensions>
                    <osmand:speed>1.6</osmand:speed>
                </extensions>
            </trkpt>
            <trkpt lat="44.610571" lon="22.2822483">
                <ele>355</ele>
                <time>2026-05-30T13:08:54Z</time>
                <hdop>4.7</hdop>
                <extensions>
                    <osmand:speed>1.6</osmand:speed>
                </extensions>
            </trkpt>
            <trkpt lat="44.6104929" lon="22.2821527">
                <ele>354.9</ele>
                <time>2026-05-30T13:09:02Z</time>
                <hdop>4.7</hdop>
                <extensions>
                    <osmand:speed>1.5</osmand:speed>
                </extensions>
            </trkpt>
            <trkpt lat="44.6104277" lon="22.2820513">
                <ele>355.4</ele>
                <time>2026-05-30T13:09:09Z</time>
                <hdop>4.7</hdop>
                <extensions>
                    <osmand:speed>1.2</osmand:speed>
                </extensions>
            </trkpt>
            <trkpt lat="44.6103488" lon="22.2819555">
                <ele>355.2</ele>
                <time>2026-05-30T13:09:18Z</time>
                <hdop>4.7</hdop>
                <extensions>
                    <osmand:speed>1.9</osmand:speed>
                </extensions>
            </trkpt>
            <trkpt lat="44.6102536" lon="22.281862">
                <ele>355.1</ele>
                <time>2026-05-30T13:09:29Z</time>
                <hdop>4.7</hdop>
                <extensions>
                    <osmand:speed>1.6</osmand:speed>
                </extensions>
            </trkpt>
            <trkpt lat="44.610236" lon="22.2817335">
                <ele>354.3</ele>
                <time>2026-05-30T13:09:38Z</time>
                <hdop>4.7</hdop>
                <extensions>
                    <osmand:speed>1.2</osmand:speed>
                </extensions>
            </trkpt>
            <trkpt lat="44.6102026" lon="22.2816136">
                <ele>355.1</ele>
                <time>2026-05-30T13:09:46Z</time>
                <hdop>4.7</hdop>
                <extensions>
                    <osmand:speed>1.3</osmand:speed>
                </extensions>
            </trkpt>
            <trkpt lat="44.6101933" lon="22.2815422">
                <ele>354.8</ele>
                <time>2026-05-30T13:09:52Z</time>
                <hdop>4.7</hdop>
                <extensions>
                    <osmand:speed>1</osmand:speed>
                </extensions>
            </trkpt>
            <trkpt lat="44.610209" lon="22.2814796">
                <ele>358.8</ele>
                <time>2026-05-30T13:10:23Z</time>
                <hdop>4.7</hdop>
                <extensions>
                    <osmand:speed>0.5</osmand:speed>
                </extensions>
            </trkpt>
            <trkpt lat="44.6102055" lon="22.281402">
                <ele>358.8</ele>
                <time>2026-05-30T13:10:29Z</time>
                <hdop>4.7</hdop>
                <extensions>
                    <osmand:speed>1</osmand:speed>
                </extensions>
            </trkpt>
            <trkpt lat="44.6102352" lon="22.2813433">
                <ele>359.1</ele>
                <time>2026-05-30T13:10:40Z</time>
                <hdop>4.7</hdop>
                <extensions>
                    <osmand:speed>1</osmand:speed>
                </extensions>
            </trkpt>
            <trkpt lat="44.6103214" lon="22.2812558">
                <ele>358.8</ele>
                <time>2026-05-30T13:10:50Z</time>
                <hdop>4.7</hdop>
                <extensions>
                    <osmand:speed>0.8</osmand:speed>
                </extensions>
            </trkpt>
            <trkpt lat="44.6103718" lon="22.2812442">
                <ele>358.4</ele>
                <time>2026-05-30T13:10:57Z</time>
                <hdop>4.7</hdop>
                <extensions>
                    <osmand:speed>0.6</osmand:speed>
                </extensions>
            </trkpt>
            <trkpt lat="44.6104769" lon="22.2812322">
                <ele>356.1</ele>
                <time>2026-05-30T13:11:09Z</time>
                <hdop>4.7</hdop>
                <extensions>
                    <osmand:speed>0.9</osmand:speed>
                </extensions>
            </trkpt>
            <trkpt lat="44.6105846" lon="22.2812286">
                <ele>354.9</ele>
                <time>2026-05-30T13:11:19Z</time>
                <hdop>4.7</hdop>
                <extensions>
                    <osmand:speed>1.2</osmand:speed>
                </extensions>
            </trkpt>
            <trkpt lat="44.6106771" lon="22.2812536">
                <ele>354.1</ele>
                <time>2026-05-30T13:11:29Z</time>
                <hdop>4.7</hdop>
                <extensions>
                    <osmand:speed>0.6</osmand:speed>
                </extensions>
            </trkpt>
            <trkpt lat="44.6107768" lon="22.2812845">
                <ele>353.3</ele>
                <time>2026-05-30T13:11:37Z</time>
                <hdop>4.7</hdop>
                <extensions>
                    <osmand:speed>1.6</osmand:speed>
                </extensions>
            </trkpt>
            <trkpt lat="44.6108807" lon="22.2813001">
                <ele>351.9</ele>
                <time>2026-05-30T13:11:48Z</time>
                <hdop>4.7</hdop>
                <extensions>
                    <osmand:speed>1.4</osmand:speed>
                </extensions>
            </trkpt>
            <trkpt lat="44.6109756" lon="22.2812898">
                <ele>351.7</ele>
                <time>2026-05-30T13:11:57Z</time>
                <hdop>4.7</hdop>
                <extensions>
                    <osmand:speed>1.3</osmand:speed>
                </extensions>
            </trkpt>
            <trkpt lat="44.6110731" lon="22.281337">
                <ele>351.7</ele>
                <time>2026-05-30T13:12:06Z</time>
                <hdop>4.7</hdop>
                <extensions>
                    <osmand:speed>1</osmand:speed>
                </extensions>
            </trkpt>
            <trkpt lat="44.6111604" lon="22.2813837">
                <ele>351.2</ele>
                <time>2026-05-30T13:12:14Z</time>
                <hdop>4.7</hdop>
                <extensions>
                    <osmand:speed>1.5</osmand:speed>
                </extensions>
            </trkpt>
            <trkpt lat="44.6112627" lon="22.2813649">
                <ele>352.5</ele>
                <time>2026-05-30T13:12:23Z</time>
                <hdop>4.7</hdop>
                <extensions>
                    <osmand:speed>1.3</osmand:speed>
                </extensions>
            </trkpt>
            <trkpt lat="44.611344" lon="22.2812923">
                <ele>352.3</ele>
                <time>2026-05-30T13:12:31Z</time>
                <hdop>4.7</hdop>
                <extensions>
                    <osmand:speed>1</osmand:speed>
                </extensions>
            </trkpt>
            <trkpt lat="44.6114355" lon="22.2812091">
                <ele>352.8</ele>
                <time>2026-05-30T13:12:40Z</time>
                <hdop>4.7</hdop>
                <extensions>
                    <osmand:speed>1.4</osmand:speed>
                </extensions>
            </trkpt>
            <trkpt lat="44.611505" lon="22.2810906">
                <ele>354.8</ele>
                <time>2026-05-30T13:12:50Z</time>
                <hdop>4.7</hdop>
                <extensions>
                    <osmand:speed>1.2</osmand:speed>
                </extensions>
            </trkpt>
            <trkpt lat="44.6115308" lon="22.280974">
                <ele>355.6</ele>
                <time>2026-05-30T13:12:58Z</time>
                <hdop>4.7</hdop>
                <extensions>
                    <osmand:speed>1.4</osmand:speed>
                </extensions>
            </trkpt>
            <trkpt lat="44.6115599" lon="22.2809206">
                <ele>355.1</ele>
                <time>2026-05-30T13:13:04Z</time>
                <hdop>4.7</hdop>
                <extensions>
                    <osmand:speed>0.3</osmand:speed>
                </extensions>
            </trkpt>
            <trkpt lat="44.6116294" lon="22.2808076">
                <ele>354.8</ele>
                <time>2026-05-30T13:13:12Z</time>
                <hdop>4.7</hdop>
                <extensions>
                    <osmand:speed>1.2</osmand:speed>
                </extensions>
            </trkpt>
            <trkpt lat="44.6116744" lon="22.2806923">
                <ele>354</ele>
                <time>2026-05-30T13:13:20Z</time>
                <hdop>4.7</hdop>
                <extensions>
                    <osmand:speed>1.6</osmand:speed>
                </extensions>
            </trkpt>
            <trkpt lat="44.6117007" lon="22.2805595">
                <ele>353.8</ele>
                <time>2026-05-30T13:13:29Z</time>
                <hdop>4.7</hdop>
                <extensions>
                    <osmand:speed>1.1</osmand:speed>
                </extensions>
            </trkpt>
            <trkpt lat="44.6117486" lon="22.2804362">
                <ele>353.8</ele>
                <time>2026-05-30T13:13:39Z</time>
                <hdop>4.7</hdop>
                <extensions>
                    <osmand:speed>1</osmand:speed>
                </extensions>
            </trkpt>
            <trkpt lat="44.611831" lon="22.2803769">
                <ele>353.5</ele>
                <time>2026-05-30T13:13:48Z</time>
                <hdop>4.7</hdop>
                <extensions>
                    <osmand:speed>0.6</osmand:speed>
                </extensions>
            </trkpt>
            <trkpt lat="44.6119117" lon="22.2802972">
                <ele>352.7</ele>
                <time>2026-05-30T13:13:56Z</time>
                <hdop>4.7</hdop>
                <extensions>
                    <osmand:speed>1.3</osmand:speed>
                </extensions>
            </trkpt>
            <trkpt lat="44.6120116" lon="22.2802425">
                <ele>350.4</ele>
                <time>2026-05-30T13:14:05Z</time>
                <hdop>4.7</hdop>
                <extensions>
                    <osmand:speed>1.6</osmand:speed>
                </extensions>
            </trkpt>
            <trkpt lat="44.6120629" lon="22.2802053">
                <ele>351.7</ele>
                <time>2026-05-30T13:14:11Z</time>
                <hdop>4.7</hdop>
                <extensions>
                    <osmand:speed>1.1</osmand:speed>
                </extensions>
            </trkpt>
            <trkpt lat="44.6121199" lon="22.280164">
                <ele>351</ele>
                <time>2026-05-30T13:14:17Z</time>
                <hdop>4.7</hdop>
                <extensions>
                    <osmand:speed>1</osmand:speed>
                </extensions>
            </trkpt>
            <trkpt lat="44.6121685" lon="22.2801157">
                <ele>350.5</ele>
                <time>2026-05-30T13:14:23Z</time>
                <hdop>4.7</hdop>
                <extensions>
                    <osmand:speed>0.6</osmand:speed>
                </extensions>
            </trkpt>
            <trkpt lat="44.6122299" lon="22.2800849">
                <ele>350.2</ele>
                <time>2026-05-30T13:14:29Z</time>
                <hdop>4.7</hdop>
                <extensions>
                    <osmand:speed>1</osmand:speed>
                </extensions>
            </trkpt>
            <trkpt lat="44.6122861" lon="22.2800525">
                <ele>348.5</ele>
                <time>2026-05-30T13:14:35Z</time>
                <hdop>4.7</hdop>
                <extensions>
                    <osmand:speed>1.1</osmand:speed>
                </extensions>
            </trkpt>
            <trkpt lat="44.6123697" lon="22.2800365">
                <ele>348.3</ele>
                <time>2026-05-30T13:14:42Z</time>
                <hdop>4.7</hdop>
                <extensions>
                    <osmand:speed>1.1</osmand:speed>
                </extensions>
            </trkpt>
            <trkpt lat="44.6124626" lon="22.2800111">
                <ele>347.8</ele>
                <time>2026-05-30T13:14:50Z</time>
                <hdop>4.7</hdop>
                <extensions>
                    <osmand:speed>1.4</osmand:speed>
                </extensions>
            </trkpt>
            <trkpt lat="44.6125571" lon="22.2799518">
                <ele>348.3</ele>
                <time>2026-05-30T13:14:58Z</time>
                <hdop>4.7</hdop>
                <extensions>
                    <osmand:speed>1.4</osmand:speed>
                </extensions>
            </trkpt>
            <trkpt lat="44.6125976" lon="22.2798976">
                <ele>348</ele>
                <time>2026-05-30T13:15:04Z</time>
                <hdop>4.7</hdop>
                <extensions>
                    <osmand:speed>1</osmand:speed>
                </extensions>
            </trkpt>
            <trkpt lat="44.6126674" lon="22.2797973">
                <ele>345.2</ele>
                <time>2026-05-30T13:15:12Z</time>
                <hdop>4.7</hdop>
                <extensions>
                    <osmand:speed>1.1</osmand:speed>
                </extensions>
            </trkpt>
            <trkpt lat="44.6127269" lon="22.2796918">
                <ele>343.8</ele>
                <time>2026-05-30T13:15:21Z</time>
                <hdop>4.7</hdop>
                <extensions>
                    <osmand:speed>0.9</osmand:speed>
                </extensions>
            </trkpt>
            <trkpt lat="44.6127635" lon="22.2795649">
                <ele>343.6</ele>
                <time>2026-05-30T13:15:30Z</time>
                <hdop>4.7</hdop>
                <extensions>
                    <osmand:speed>0.8</osmand:speed>
                </extensions>
            </trkpt>
            <trkpt lat="44.6127891" lon="22.2794284">
                <ele>343.5</ele>
                <time>2026-05-30T13:15:38Z</time>
                <hdop>4.7</hdop>
                <extensions>
                    <osmand:speed>1</osmand:speed>
                </extensions>
            </trkpt>
            <trkpt lat="44.612827" lon="22.2793114">
                <ele>341.3</ele>
                <time>2026-05-30T13:15:48Z</time>
                <hdop>4.7</hdop>
                <extensions>
                    <osmand:speed>1.2</osmand:speed>
                </extensions>
            </trkpt>
            <trkpt lat="44.6128339" lon="22.279245">
                <ele>339.7</ele>
                <time>2026-05-30T13:15:54Z</time>
                <hdop>4.7</hdop>
                <extensions>
                    <osmand:speed>1.1</osmand:speed>
                </extensions>
            </trkpt>
            <trkpt lat="44.6128176" lon="22.2791119">
                <ele>338.4</ele>
                <time>2026-05-30T13:16:03Z</time>
                <hdop>4.7</hdop>
                <extensions>
                    <osmand:speed>1.5</osmand:speed>
                </extensions>
            </trkpt>
            <trkpt lat="44.6127696" lon="22.2789964">
                <ele>338</ele>
                <time>2026-05-30T13:16:11Z</time>
                <hdop>4.7</hdop>
                <extensions>
                    <osmand:speed>1.5</osmand:speed>
                </extensions>
            </trkpt>
            <trkpt lat="44.6127294" lon="22.2788696">
                <ele>340.4</ele>
                <time>2026-05-30T13:16:20Z</time>
                <hdop>4.7</hdop>
                <extensions>
                    <osmand:speed>1.1</osmand:speed>
                </extensions>
            </trkpt>
            <trkpt lat="44.6127209" lon="22.2787212">
                <ele>341.3</ele>
                <time>2026-05-30T13:16:30Z</time>
                <hdop>4.7</hdop>
                <extensions>
                    <osmand:speed>0.8</osmand:speed>
                </extensions>
            </trkpt>
            <trkpt lat="44.6127268" lon="22.2786529">
                <ele>343.4</ele>
                <time>2026-05-30T13:16:36Z</time>
                <hdop>4.7</hdop>
                <extensions>
                    <osmand:speed>0.7</osmand:speed>
                </extensions>
            </trkpt>
            <trkpt lat="44.6127309" lon="22.2785077">
                <ele>345.5</ele>
                <time>2026-05-30T13:16:48Z</time>
                <hdop>4.7</hdop>
                <extensions>
                    <osmand:speed>0.8</osmand:speed>
                </extensions>
            </trkpt>
            <trkpt lat="44.6127572" lon="22.2783676">
                <ele>345.7</ele>
                <time>2026-05-30T13:16:59Z</time>
                <hdop>4.7</hdop>
                <extensions>
                    <osmand:speed>0.9</osmand:speed>
                </extensions>
            </trkpt>
            <trkpt lat="44.6127918" lon="22.2782341">
                <ele>346.7</ele>
                <time>2026-05-30T13:17:09Z</time>
                <hdop>4.7</hdop>
                <extensions>
                    <osmand:speed>0.8</osmand:speed>
                </extensions>
            </trkpt>
            <trkpt lat="44.6128455" lon="22.2781049">
                <ele>346.8</ele>
                <time>2026-05-30T13:17:19Z</time>
                <hdop>4.7</hdop>
                <extensions>
                    <osmand:speed>1.4</osmand:speed>
                </extensions>
            </trkpt>
            <trkpt lat="44.6128701" lon="22.278033">
                <ele>347.4</ele>
                <time>2026-05-30T13:17:25Z</time>
                <hdop>4.7</hdop>
                <extensions>
                    <osmand:speed>1</osmand:speed>
                </extensions>
            </trkpt>
            <trkpt lat="44.6129252" lon="22.2779215">
                <ele>345.7</ele>
                <time>2026-05-30T13:17:33Z</time>
                <hdop>4.7</hdop>
                <extensions>
                    <osmand:speed>1.1</osmand:speed>
                </extensions>
            </trkpt>
            <trkpt lat="44.6129563" lon="22.2777834">
                <ele>347.8</ele>
                <time>2026-05-30T13:17:51Z</time>
                <hdop>4.7</hdop>
                <extensions>
                    <osmand:speed>1.3</osmand:speed>
                </extensions>
            </trkpt>
            <trkpt lat="44.6129526" lon="22.2776445">
                <ele>346.1</ele>
                <time>2026-05-30T13:17:58Z</time>
                <hdop>4.7</hdop>
                <extensions>
                    <osmand:speed>1.4</osmand:speed>
                </extensions>
            </trkpt>
            <trkpt lat="44.6129753" lon="22.2774864">
                <ele>345.7</ele>
                <time>2026-05-30T13:18:06Z</time>
                <hdop>4.7</hdop>
                <extensions>
                    <osmand:speed>1.6</osmand:speed>
                </extensions>
            </trkpt>
            <trkpt lat="44.6129624" lon="22.2773424">
                <ele>345.5</ele>
                <time>2026-05-30T13:18:14Z</time>
                <hdop>4.7</hdop>
                <extensions>
                    <osmand:speed>1.5</osmand:speed>
                </extensions>
            </trkpt>
            <trkpt lat="44.6129586" lon="22.2772025">
                <ele>346.4</ele>
                <time>2026-05-30T13:18:22Z</time>
                <hdop>4.7</hdop>
                <extensions>
                    <osmand:speed>1.4</osmand:speed>
                </extensions>
            </trkpt>
            <trkpt lat="44.612966" lon="22.2770598">
                <ele>346</ele>
                <time>2026-05-30T13:18:30Z</time>
                <hdop>4.7</hdop>
                <extensions>
                    <osmand:speed>1.7</osmand:speed>
                </extensions>
            </trkpt>
            <trkpt lat="44.6129308" lon="22.2769329">
                <ele>345.8</ele>
                <time>2026-05-30T13:18:38Z</time>
                <hdop>4.7</hdop>
                <extensions>
                    <osmand:speed>1.6</osmand:speed>
                </extensions>
            </trkpt>
            <trkpt lat="44.6129459" lon="22.2768641">
                <ele>343.9</ele>
                <time>2026-05-30T13:19:04Z</time>
                <hdop>4.7</hdop>
                <extensions>
                    <osmand:speed>0.5</osmand:speed>
                </extensions>
            </trkpt>
            <trkpt lat="44.6129364" lon="22.2768014">
                <ele>345.4</ele>
                <time>2026-05-30T13:19:17Z</time>
                <hdop>4.7</hdop>
                <extensions>
                    <osmand:speed>0.1</osmand:speed>
                </extensions>
            </trkpt>
        </trkseg>
    </trk>
    <trk>
        <trkseg>
            <trkpt lat="44.6129198" lon="22.2767401">
                <ele>346.6</ele>
                <time>2026-05-30T13:23:46Z</time>
                <hdop>4.7</hdop>
                <extensions>
                    <osmand:speed>0.1</osmand:speed>
                </extensions>
            </trkpt>
            <trkpt lat="44.612905" lon="22.2768045">
                <ele>343.7</ele>
                <time>2026-05-30T13:24:40Z</time>
                <hdop>4.7</hdop>
                <extensions>
                    <osmand:speed>0</osmand:speed>
                </extensions>
            </trkpt>
            <trkpt lat="44.6129324" lon="22.2767516">
                <ele>344.2</ele>
                <time>2026-05-30T13:26:24Z</time>
                <hdop>4.7</hdop>
                <extensions>
                    <osmand:speed>0.1</osmand:speed>
                </extensions>
            </trkpt>
            <trkpt lat="44.6129475" lon="22.2766546">
                <ele>344.2</ele>
                <time>2026-05-30T13:30:55Z</time>
                <hdop>4.7</hdop>
                <extensions>
                    <osmand:speed>0</osmand:speed>
                </extensions>
            </trkpt>
            <trkpt lat="44.6129348" lon="22.2767186">
                <ele>344.9</ele>
                <time>2026-05-30T13:31:28Z</time>
                <hdop>4.7</hdop>
                <extensions>
                    <osmand:speed>1.2</osmand:speed>
                </extensions>
            </trkpt>
            <trkpt lat="44.612907" lon="22.2767292">
                <ele>348.5</ele>
                <time>2026-05-30T13:33:15Z</time>
                <hdop>4.7</hdop>
                <extensions>
                    <osmand:speed>0.5</osmand:speed>
                </extensions>
            </trkpt>
            <trkpt lat="44.612965" lon="22.2768529">
                <ele>347.8</ele>
                <time>2026-05-30T13:33:23Z</time>
                <hdop>4.7</hdop>
                <extensions>
                    <osmand:speed>1.5</osmand:speed>
                </extensions>
            </trkpt>
            <trkpt lat="44.6129333" lon="22.2769026">
                <ele>344.4</ele>
                <time>2026-05-30T13:33:38Z</time>
                <hdop>4.7</hdop>
                <extensions>
                    <osmand:speed>0.1</osmand:speed>
                </extensions>
            </trkpt>
            <trkpt lat="44.6129471" lon="22.2769679">
                <ele>345.6</ele>
                <time>2026-05-30T13:33:55Z</time>
                <hdop>4.7</hdop>
                <extensions>
                    <osmand:speed>0.8</osmand:speed>
                </extensions>
            </trkpt>
            <trkpt lat="44.6129652" lon="22.2770277">
                <ele>345.8</ele>
                <time>2026-05-30T13:34:02Z</time>
                <hdop>4.7</hdop>
                <extensions>
                    <osmand:speed>0.4</osmand:speed>
                </extensions>
            </trkpt>
            <trkpt lat="44.61298" lon="22.2770895">
                <ele>345.3</ele>
                <time>2026-05-30T13:34:10Z</time>
                <hdop>4.7</hdop>
                <extensions>
                    <osmand:speed>1.3</osmand:speed>
                </extensions>
            </trkpt>
            <trkpt lat="44.6130006" lon="22.2771582">
                <ele>347</ele>
                <time>2026-05-30T13:34:16Z</time>
                <hdop>4.7</hdop>
                <extensions>
                    <osmand:speed>1</osmand:speed>
                </extensions>
            </trkpt>
            <trkpt lat="44.6129559" lon="22.2771754">
                <ele>348.1</ele>
                <time>2026-05-30T13:34:26Z</time>
                <hdop>4.7</hdop>
                <extensions>
                    <osmand:speed>0.2</osmand:speed>
                </extensions>
            </trkpt>
            <trkpt lat="44.6129282" lon="22.2771174">
                <ele>347.8</ele>
                <time>2026-05-30T13:34:33Z</time>
                <hdop>4.7</hdop>
                <extensions>
                    <osmand:speed>0.1</osmand:speed>
                </extensions>
            </trkpt>
            <trkpt lat="44.6129434" lon="22.2770543">
                <ele>348</ele>
                <time>2026-05-30T13:34:41Z</time>
                <hdop>4.7</hdop>
                <extensions>
                    <osmand:speed>0.2</osmand:speed>
                </extensions>
            </trkpt>
            <trkpt lat="44.6129812" lon="22.2770936">
                <ele>345.8</ele>
                <time>2026-05-30T13:34:49Z</time>
                <hdop>4.7</hdop>
                <extensions>
                    <osmand:speed>0.5</osmand:speed>
                </extensions>
            </trkpt>
            <trkpt lat="44.6129433" lon="22.2770535">
                <ele>348</ele>
                <time>2026-05-30T13:35:18Z</time>
                <hdop>4.7</hdop>
                <extensions>
                    <osmand:speed>0</osmand:speed>
                </extensions>
            </trkpt>
            <trkpt lat="44.6129515" lon="22.2771198">
                <ele>344.6</ele>
                <time>2026-05-30T13:35:41Z</time>
                <hdop>4.7</hdop>
                <extensions>
                    <osmand:speed>0</osmand:speed>
                </extensions>
            </trkpt>
        </trkseg>
    </trk>
    <trk>
        <trkseg>
            <trkpt lat="44.612992" lon="22.2770765">
                <ele>345</ele>
                <time>2026-05-30T13:43:05Z</time>
                <hdop>4.7</hdop>
                <extensions>
                    <osmand:speed>0.2</osmand:speed>
                </extensions>
            </trkpt>
            <trkpt lat="44.6129461" lon="22.2770791">
                <ele>344.3</ele>
                <time>2026-05-30T13:48:01Z</time>
                <hdop>4.7</hdop>
                <extensions>
                    <osmand:speed>0.6</osmand:speed>
                </extensions>
            </trkpt>
            <trkpt lat="44.6129447" lon="22.2771449">
                <ele>345.4</ele>
                <time>2026-05-30T13:48:09Z</time>
                <hdop>4.7</hdop>
                <extensions>
                    <osmand:speed>0.2</osmand:speed>
                </extensions>
            </trkpt>
            <trkpt lat="44.6129279" lon="22.2770724">
                <ele>341.4</ele>
                <time>2026-05-30T13:48:27Z</time>
                <hdop>4.7</hdop>
                <extensions>
                    <osmand:speed>1.1</osmand:speed>
                </extensions>
            </trkpt>
            <trkpt lat="44.6129385" lon="22.2769337">
                <ele>340.6</ele>
                <time>2026-05-30T13:48:36Z</time>
                <hdop>4.7</hdop>
                <extensions>
                    <osmand:speed>1</osmand:speed>
                </extensions>
            </trkpt>
            <trkpt lat="44.612942" lon="22.2768701">
                <ele>339.3</ele>
                <time>2026-05-30T13:48:42Z</time>
                <hdop>4.7</hdop>
                <extensions>
                    <osmand:speed>0.7</osmand:speed>
                </extensions>
            </trkpt>
            <trkpt lat="44.6129215" lon="22.2768081">
                <ele>338.3</ele>
                <time>2026-05-30T13:48:49Z</time>
                <hdop>4.7</hdop>
                <extensions>
                    <osmand:speed>0.6</osmand:speed>
                </extensions>
            </trkpt>
            <trkpt lat="44.6129284" lon="22.2768712">
                <ele>339.6</ele>
                <time>2026-05-30T13:49:02Z</time>
                <hdop>4.7</hdop>
                <extensions>
                    <osmand:speed>0.2</osmand:speed>
                </extensions>
            </trkpt>
            <trkpt lat="44.6129627" lon="22.2770039">
                <ele>341.4</ele>
                <time>2026-05-30T13:49:08Z</time>
                <hdop>4.7</hdop>
                <extensions>
                    <osmand:speed>1.2</osmand:speed>
                </extensions>
            </trkpt>
            <trkpt lat="44.6129956" lon="22.2771343">
                <ele>342.9</ele>
                <time>2026-05-30T13:49:14Z</time>
                <hdop>4.7</hdop>
                <extensions>
                    <osmand:speed>1.3</osmand:speed>
                </extensions>
            </trkpt>
            <trkpt lat="44.6130104" lon="22.2772685">
                <ele>344.5</ele>
                <time>2026-05-30T13:49:22Z</time>
                <hdop>4.7</hdop>
                <extensions>
                    <osmand:speed>1.1</osmand:speed>
                </extensions>
            </trkpt>
            <trkpt lat="44.6130008" lon="22.2774399">
                <ele>343.9</ele>
                <time>2026-05-30T13:49:30Z</time>
                <hdop>4.7</hdop>
                <extensions>
                    <osmand:speed>1.4</osmand:speed>
                </extensions>
            </trkpt>
            <trkpt lat="44.6129695" lon="22.2775676">
                <ele>344.5</ele>
                <time>2026-05-30T13:49:37Z</time>
                <hdop>4.7</hdop>
                <extensions>
                    <osmand:speed>0.9</osmand:speed>
                </extensions>
            </trkpt>
            <trkpt lat="44.6129679" lon="22.2777077">
                <ele>343.3</ele>
                <time>2026-05-30T13:49:43Z</time>
                <hdop>4.7</hdop>
                <extensions>
                    <osmand:speed>1.5</osmand:speed>
                </extensions>
            </trkpt>
            <trkpt lat="44.6129553" lon="22.2777788">
                <ele>342.2</ele>
                <time>2026-05-30T13:49:50Z</time>
                <hdop>4.7</hdop>
                <extensions>
                    <osmand:speed>1.2</osmand:speed>
                </extensions>
            </trkpt>
            <trkpt lat="44.6129409" lon="22.2779255">
                <ele>342.3</ele>
                <time>2026-05-30T13:49:57Z</time>
                <hdop>4.7</hdop>
                <extensions>
                    <osmand:speed>1.5</osmand:speed>
                </extensions>
            </trkpt>
            <trkpt lat="44.6128907" lon="22.2780497">
                <ele>342.2</ele>
                <time>2026-05-30T13:50:04Z</time>
                <hdop>4.7</hdop>
                <extensions>
                    <osmand:speed>1.5</osmand:speed>
                </extensions>
            </trkpt>
            <trkpt lat="44.6128454" lon="22.2781757">
                <ele>342.2</ele>
                <time>2026-05-30T13:50:12Z</time>
                <hdop>4.7</hdop>
                <extensions>
                    <osmand:speed>1.1</osmand:speed>
                </extensions>
            </trkpt>
            <trkpt lat="44.6127997" lon="22.278312">
                <ele>341.3</ele>
                <time>2026-05-30T13:50:19Z</time>
                <hdop>4.7</hdop>
                <extensions>
                    <osmand:speed>1.6</osmand:speed>
                </extensions>
            </trkpt>
            <trkpt lat="44.6127536" lon="22.2784503">
                <ele>342</ele>
                <time>2026-05-30T13:50:28Z</time>
                <hdop>4.7</hdop>
                <extensions>
                    <osmand:speed>1.2</osmand:speed>
                </extensions>
            </trkpt>
            <trkpt lat="44.6127396" lon="22.2786093">
                <ele>342</ele>
                <time>2026-05-30T13:50:38Z</time>
                <hdop>4.7</hdop>
                <extensions>
                    <osmand:speed>1</osmand:speed>
                </extensions>
            </trkpt>
            <trkpt lat="44.6127449" lon="22.2787672">
                <ele>342.1</ele>
                <time>2026-05-30T13:50:45Z</time>
                <hdop>4.7</hdop>
                <extensions>
                    <osmand:speed>1.3</osmand:speed>
                </extensions>
            </trkpt>
            <trkpt lat="44.6127374" lon="22.2789066">
                <ele>341.5</ele>
                <time>2026-05-30T13:50:53Z</time>
                <hdop>4.7</hdop>
                <extensions>
                    <osmand:speed>1.1</osmand:speed>
                </extensions>
            </trkpt>
            <trkpt lat="44.612784" lon="22.2790429">
                <ele>341.6</ele>
                <time>2026-05-30T13:51:01Z</time>
                <hdop>4.7</hdop>
                <extensions>
                    <osmand:speed>1.1</osmand:speed>
                </extensions>
            </trkpt>
            <trkpt lat="44.6128254" lon="22.2791839">
                <ele>342.3</ele>
                <time>2026-05-30T13:51:08Z</time>
                <hdop>4.7</hdop>
                <extensions>
                    <osmand:speed>1.7</osmand:speed>
                </extensions>
            </trkpt>
            <trkpt lat="44.6128426" lon="22.2793244">
                <ele>341.9</ele>
                <time>2026-05-30T13:51:16Z</time>
                <hdop>4.7</hdop>
                <extensions>
                    <osmand:speed>1.6</osmand:speed>
                </extensions>
            </trkpt>
            <trkpt lat="44.6128123" lon="22.2794723">
                <ele>340.5</ele>
                <time>2026-05-30T13:51:26Z</time>
                <hdop>4.7</hdop>
                <extensions>
                    <osmand:speed>1.2</osmand:speed>
                </extensions>
            </trkpt>
            <trkpt lat="44.6127893" lon="22.2795439">
                <ele>340.3</ele>
                <time>2026-05-30T13:51:32Z</time>
                <hdop>4.7</hdop>
                <extensions>
                    <osmand:speed>1</osmand:speed>
                </extensions>
            </trkpt>
            <trkpt lat="44.6127292" lon="22.2796566">
                <ele>341.9</ele>
                <time>2026-05-30T13:51:40Z</time>
                <hdop>4.7</hdop>
                <extensions>
                    <osmand:speed>1.5</osmand:speed>
                </extensions>
            </trkpt>
            <trkpt lat="44.6126636" lon="22.2797724">
                <ele>343.6</ele>
                <time>2026-05-30T13:51:49Z</time>
                <hdop>4.7</hdop>
                <extensions>
                    <osmand:speed>1.3</osmand:speed>
                </extensions>
            </trkpt>
            <trkpt lat="44.6125744" lon="22.2798463">
                <ele>344.9</ele>
                <time>2026-05-30T13:51:58Z</time>
                <hdop>4.7</hdop>
                <extensions>
                    <osmand:speed>1</osmand:speed>
                </extensions>
            </trkpt>
            <trkpt lat="44.6124789" lon="22.2799026">
                <ele>348.1</ele>
                <time>2026-05-30T13:52:06Z</time>
                <hdop>4.7</hdop>
                <extensions>
                    <osmand:speed>1</osmand:speed>
                </extensions>
            </trkpt>
            <trkpt lat="44.6123942" lon="22.2799618">
                <ele>348.6</ele>
                <time>2026-05-30T13:52:14Z</time>
                <hdop>4.7</hdop>
                <extensions>
                    <osmand:speed>0.9</osmand:speed>
                </extensions>
            </trkpt>
            <trkpt lat="44.6123063" lon="22.2800106">
                <ele>348.4</ele>
                <time>2026-05-30T13:52:22Z</time>
                <hdop>4.7</hdop>
                <extensions>
                    <osmand:speed>1.1</osmand:speed>
                </extensions>
            </trkpt>
            <trkpt lat="44.6122078" lon="22.2800589">
                <ele>350.5</ele>
                <time>2026-05-30T13:52:32Z</time>
                <hdop>4.7</hdop>
                <extensions>
                    <osmand:speed>0.9</osmand:speed>
                </extensions>
            </trkpt>
            <trkpt lat="44.6121698" lon="22.2801069">
                <ele>349.9</ele>
                <time>2026-05-30T13:52:39Z</time>
                <hdop>4.7</hdop>
                <extensions>
                    <osmand:speed>0.7</osmand:speed>
                </extensions>
            </trkpt>
            <trkpt lat="44.6120829" lon="22.280174">
                <ele>350.8</ele>
                <time>2026-05-30T13:52:50Z</time>
                <hdop>4.7</hdop>
                <extensions>
                    <osmand:speed>0.7</osmand:speed>
                </extensions>
            </trkpt>
            <trkpt lat="44.6119927" lon="22.2802342">
                <ele>353.4</ele>
                <time>2026-05-30T13:53:01Z</time>
                <hdop>4.7</hdop>
                <extensions>
                    <osmand:speed>0.7</osmand:speed>
                </extensions>
            </trkpt>
            <trkpt lat="44.6119084" lon="22.2802951">
                <ele>353.8</ele>
                <time>2026-05-30T13:53:11Z</time>
                <hdop>4.7</hdop>
                <extensions>
                    <osmand:speed>0.7</osmand:speed>
                </extensions>
            </trkpt>
            <trkpt lat="44.6118226" lon="22.2803538">
                <ele>354</ele>
                <time>2026-05-30T13:53:21Z</time>
                <hdop>4.7</hdop>
                <extensions>
                    <osmand:speed>0.9</osmand:speed>
                </extensions>
            </trkpt>
            <trkpt lat="44.6117384" lon="22.2804417">
                <ele>354</ele>
                <time>2026-05-30T13:53:32Z</time>
                <hdop>4.7</hdop>
                <extensions>
                    <osmand:speed>0.7</osmand:speed>
                </extensions>
            </trkpt>
            <trkpt lat="44.6116734" lon="22.2805554">
                <ele>354.2</ele>
                <time>2026-05-30T13:53:42Z</time>
                <hdop>4.7</hdop>
                <extensions>
                    <osmand:speed>0.8</osmand:speed>
                </extensions>
            </trkpt>
            <trkpt lat="44.6116337" lon="22.2806785">
                <ele>354.6</ele>
                <time>2026-05-30T13:53:52Z</time>
                <hdop>4.7</hdop>
                <extensions>
                    <osmand:speed>0.6</osmand:speed>
                </extensions>
            </trkpt>
            <trkpt lat="44.611586" lon="22.2808021">
                <ele>354.7</ele>
                <time>2026-05-30T13:54:01Z</time>
                <hdop>4.7</hdop>
                <extensions>
                    <osmand:speed>0.8</osmand:speed>
                </extensions>
            </trkpt>
            <trkpt lat="44.6115285" lon="22.2809018">
                <ele>355.5</ele>
                <time>2026-05-30T13:54:09Z</time>
                <hdop>4.7</hdop>
                <extensions>
                    <osmand:speed>0.9</osmand:speed>
                </extensions>
            </trkpt>
            <trkpt lat="44.6114628" lon="22.281">
                <ele>356.2</ele>
                <time>2026-05-30T13:54:18Z</time>
                <hdop>4.7</hdop>
                <extensions>
                    <osmand:speed>1.1</osmand:speed>
                </extensions>
            </trkpt>
            <trkpt lat="44.611403" lon="22.2811053">
                <ele>355.6</ele>
                <time>2026-05-30T13:54:27Z</time>
                <hdop>4.7</hdop>
                <extensions>
                    <osmand:speed>1.1</osmand:speed>
                </extensions>
            </trkpt>
            <trkpt lat="44.6113405" lon="22.2812113">
                <ele>354.1</ele>
                <time>2026-05-30T13:54:37Z</time>
                <hdop>4.7</hdop>
                <extensions>
                    <osmand:speed>1</osmand:speed>
                </extensions>
            </trkpt>
            <trkpt lat="44.6112584" lon="22.2812812">
                <ele>355.3</ele>
                <time>2026-05-30T13:54:45Z</time>
                <hdop>4.7</hdop>
                <extensions>
                    <osmand:speed>1</osmand:speed>
                </extensions>
            </trkpt>
            <trkpt lat="44.6112098" lon="22.2813151">
                <ele>354.8</ele>
                <time>2026-05-30T13:54:51Z</time>
                <hdop>4.7</hdop>
                <extensions>
                    <osmand:speed>1</osmand:speed>
                </extensions>
            </trkpt>
            <trkpt lat="44.6111051" lon="22.2813187">
                <ele>356.4</ele>
                <time>2026-05-30T13:55:01Z</time>
                <hdop>4.7</hdop>
                <extensions>
                    <osmand:speed>1.1</osmand:speed>
                </extensions>
            </trkpt>
            <trkpt lat="44.6110149" lon="22.2812655">
                <ele>355.9</ele>
                <time>2026-05-30T13:55:11Z</time>
                <hdop>4.7</hdop>
                <extensions>
                    <osmand:speed>0.9</osmand:speed>
                </extensions>
            </trkpt>
            <trkpt lat="44.6109199" lon="22.2812455">
                <ele>356</ele>
                <time>2026-05-30T13:55:21Z</time>
                <hdop>4.7</hdop>
                <extensions>
                    <osmand:speed>0.7</osmand:speed>
                </extensions>
            </trkpt>
            <trkpt lat="44.6108213" lon="22.2812296">
                <ele>356.7</ele>
                <time>2026-05-30T13:55:30Z</time>
                <hdop>4.7</hdop>
                <extensions>
                    <osmand:speed>0.8</osmand:speed>
                </extensions>
            </trkpt>
            <trkpt lat="44.6107297" lon="22.2812218">
                <ele>355.7</ele>
                <time>2026-05-30T13:55:39Z</time>
                <hdop>4.7</hdop>
                <extensions>
                    <osmand:speed>1</osmand:speed>
                </extensions>
            </trkpt>
            <trkpt lat="44.6106234" lon="22.2811788">
                <ele>357.4</ele>
                <time>2026-05-30T13:55:48Z</time>
                <hdop>4.7</hdop>
                <extensions>
                    <osmand:speed>1.8</osmand:speed>
                </extensions>
            </trkpt>
            <trkpt lat="44.6105718" lon="22.281175">
                <ele>357.5</ele>
                <time>2026-05-30T13:55:54Z</time>
                <hdop>4.7</hdop>
                <extensions>
                    <osmand:speed>0.8</osmand:speed>
                </extensions>
            </trkpt>
            <trkpt lat="44.6104811" lon="22.2811875">
                <ele>356.9</ele>
                <time>2026-05-30T13:56:04Z</time>
                <hdop>4.7</hdop>
                <extensions>
                    <osmand:speed>0.6</osmand:speed>
                </extensions>
            </trkpt>
            <trkpt lat="44.6104322" lon="22.2812076">
                <ele>357.2</ele>
                <time>2026-05-30T13:56:10Z</time>
                <hdop>4.7</hdop>
                <extensions>
                    <osmand:speed>0.9</osmand:speed>
                </extensions>
            </trkpt>
            <trkpt lat="44.6103361" lon="22.281237">
                <ele>359.3</ele>
                <time>2026-05-30T13:56:21Z</time>
                <hdop>4.7</hdop>
                <extensions>
                    <osmand:speed>0.7</osmand:speed>
                </extensions>
            </trkpt>
            <trkpt lat="44.6102853" lon="22.2812553">
                <ele>360.3</ele>
                <time>2026-05-30T13:56:27Z</time>
                <hdop>4.7</hdop>
                <extensions>
                    <osmand:speed>0.9</osmand:speed>
                </extensions>
            </trkpt>
            <trkpt lat="44.6101901" lon="22.2813234">
                <ele>361.1</ele>
                <time>2026-05-30T13:56:36Z</time>
                <hdop>4.7</hdop>
                <extensions>
                    <osmand:speed>0.9</osmand:speed>
                </extensions>
            </trkpt>
            <trkpt lat="44.610098" lon="22.2813977">
                <ele>359.3</ele>
                <time>2026-05-30T13:56:46Z</time>
                <hdop>4.7</hdop>
                <extensions>
                    <osmand:speed>1.3</osmand:speed>
                </extensions>
            </trkpt>
            <trkpt lat="44.6100081" lon="22.2813769">
                <ele>360.8</ele>
                <time>2026-05-30T13:56:54Z</time>
                <hdop>4.7</hdop>
                <extensions>
                    <osmand:speed>0.8</osmand:speed>
                </extensions>
            </trkpt>
            <trkpt lat="44.6099051" lon="22.2813245">
                <ele>362.3</ele>
                <time>2026-05-30T13:57:03Z</time>
                <hdop>4.7</hdop>
                <extensions>
                    <osmand:speed>1.2</osmand:speed>
                </extensions>
            </trkpt>
            <trkpt lat="44.6098079" lon="22.2813117">
                <ele>362.1</ele>
                <time>2026-05-30T13:57:14Z</time>
                <hdop>4.7</hdop>
                <extensions>
                    <osmand:speed>0.7</osmand:speed>
                </extensions>
            </trkpt>
            <trkpt lat="44.6097094" lon="22.2812806">
                <ele>360.7</ele>
                <time>2026-05-30T13:57:24Z</time>
                <hdop>4.7</hdop>
                <extensions>
                    <osmand:speed>1</osmand:speed>
                </extensions>
            </trkpt>
            <trkpt lat="44.6096167" lon="22.281262">
                <ele>361.5</ele>
                <time>2026-05-30T13:57:32Z</time>
                <hdop>4.7</hdop>
                <extensions>
                    <osmand:speed>0.8</osmand:speed>
                </extensions>
            </trkpt>
            <trkpt lat="44.6095445" lon="22.2813377">
                <ele>361.6</ele>
                <time>2026-05-30T13:57:40Z</time>
                <hdop>4.7</hdop>
                <extensions>
                    <osmand:speed>0.9</osmand:speed>
                </extensions>
            </trkpt>
            <trkpt lat="44.6094951" lon="22.2814497">
                <ele>360.7</ele>
                <time>2026-05-30T13:57:46Z</time>
                <hdop>4.7</hdop>
                <extensions>
                    <osmand:speed>0.9</osmand:speed>
                </extensions>
            </trkpt>
            <trkpt lat="44.6094563" lon="22.2815884">
                <ele>359.8</ele>
                <time>2026-05-30T13:57:55Z</time>
                <hdop>4.7</hdop>
                <extensions>
                    <osmand:speed>1</osmand:speed>
                </extensions>
            </trkpt>
            <trkpt lat="44.6094023" lon="22.2817061">
                <ele>360.5</ele>
                <time>2026-05-30T13:58:03Z</time>
                <hdop>4.7</hdop>
                <extensions>
                    <osmand:speed>0.9</osmand:speed>
                </extensions>
            </trkpt>
            <trkpt lat="44.6093382" lon="22.2818143">
                <ele>359.5</ele>
                <time>2026-05-30T13:58:12Z</time>
                <hdop>4.7</hdop>
                <extensions>
                    <osmand:speed>1.1</osmand:speed>
                </extensions>
            </trkpt>
            <trkpt lat="44.6092912" lon="22.2818498">
                <ele>359.1</ele>
                <time>2026-05-30T13:58:18Z</time>
                <hdop>4.7</hdop>
                <extensions>
                    <osmand:speed>0.7</osmand:speed>
                </extensions>
            </trkpt>
            <trkpt lat="44.6091903" lon="22.2818759">
                <ele>360.7</ele>
                <time>2026-05-30T13:58:25Z</time>
                <hdop>4.7</hdop>
                <extensions>
                    <osmand:speed>1</osmand:speed>
                </extensions>
            </trkpt>
            <trkpt lat="44.6090841" lon="22.2818549">
                <ele>361.1</ele>
                <time>2026-05-30T13:58:35Z</time>
                <hdop>4.7</hdop>
                <extensions>
                    <osmand:speed>0.8</osmand:speed>
                </extensions>
            </trkpt>
            <trkpt lat="44.6089907" lon="22.2818354">
                <ele>360.4</ele>
                <time>2026-05-30T13:58:44Z</time>
                <hdop>4.7</hdop>
                <extensions>
                    <osmand:speed>1.3</osmand:speed>
                </extensions>
            </trkpt>
            <trkpt lat="44.6088958" lon="22.2818661">
                <ele>358.8</ele>
                <time>2026-05-30T13:58:52Z</time>
                <hdop>4.7</hdop>
                <extensions>
                    <osmand:speed>1.1</osmand:speed>
                </extensions>
            </trkpt>
            <trkpt lat="44.6088258" lon="22.2819471">
                <ele>357.9</ele>
                <time>2026-05-30T13:58:59Z</time>
                <hdop>4.7</hdop>
                <extensions>
                    <osmand:speed>1.3</osmand:speed>
                </extensions>
            </trkpt>
            <trkpt lat="44.6087397" lon="22.2820329">
                <ele>359.3</ele>
                <time>2026-05-30T13:59:06Z</time>
                <hdop>4.7</hdop>
                <extensions>
                    <osmand:speed>1.3</osmand:speed>
                </extensions>
            </trkpt>
            <trkpt lat="44.6086919" lon="22.2821517">
                <ele>357.5</ele>
                <time>2026-05-30T13:59:14Z</time>
                <hdop>4.7</hdop>
                <extensions>
                    <osmand:speed>1.3</osmand:speed>
                </extensions>
            </trkpt>
            <trkpt lat="44.6086376" lon="22.282263">
                <ele>355.7</ele>
                <time>2026-05-30T13:59:21Z</time>
                <hdop>4.7</hdop>
                <extensions>
                    <osmand:speed>1.4</osmand:speed>
                </extensions>
            </trkpt>
            <trkpt lat="44.6085541" lon="22.2823376">
                <ele>356.4</ele>
                <time>2026-05-30T13:59:28Z</time>
                <hdop>4.7</hdop>
                <extensions>
                    <osmand:speed>1.1</osmand:speed>
                </extensions>
            </trkpt>
            <trkpt lat="44.6084715" lon="22.2822708">
                <ele>356</ele>
                <time>2026-05-30T13:59:36Z</time>
                <hdop>4.7</hdop>
                <extensions>
                    <osmand:speed>1.1</osmand:speed>
                </extensions>
            </trkpt>
            <trkpt lat="44.6084313" lon="22.2821391">
                <ele>356.4</ele>
                <time>2026-05-30T13:59:42Z</time>
                <hdop>4.7</hdop>
                <extensions>
                    <osmand:speed>1.6</osmand:speed>
                </extensions>
            </trkpt>
            <trkpt lat="44.6083776" lon="22.2820263">
                <ele>355.3</ele>
                <time>2026-05-30T13:59:49Z</time>
                <hdop>4.7</hdop>
                <extensions>
                    <osmand:speed>1.5</osmand:speed>
                </extensions>
            </trkpt>
            <trkpt lat="44.6083351" lon="22.2820117">
                <ele>352.4</ele>
                <time>2026-05-30T13:59:55Z</time>
                <hdop>4.7</hdop>
                <extensions>
                    <osmand:speed>0.6</osmand:speed>
                </extensions>
            </trkpt>
            <trkpt lat="44.6082937" lon="22.2819793">
                <ele>349.1</ele>
                <time>2026-05-30T14:00:01Z</time>
                <hdop>4.7</hdop>
                <extensions>
                    <osmand:speed>1.2</osmand:speed>
                </extensions>
            </trkpt>
            <trkpt lat="44.6082468" lon="22.2819364">
                <ele>347.3</ele>
                <time>2026-05-30T14:00:07Z</time>
                <hdop>4.7</hdop>
                <extensions>
                    <osmand:speed>1.2</osmand:speed>
                </extensions>
            </trkpt>
            <trkpt lat="44.6082018" lon="22.2818995">
                <ele>345.1</ele>
                <time>2026-05-30T14:00:13Z</time>
                <hdop>4.7</hdop>
                <extensions>
                    <osmand:speed>0.9</osmand:speed>
                </extensions>
            </trkpt>
            <trkpt lat="44.6081564" lon="22.2818629">
                <ele>343.9</ele>
                <time>2026-05-30T14:00:19Z</time>
                <hdop>4.7</hdop>
                <extensions>
                    <osmand:speed>1.2</osmand:speed>
                </extensions>
            </trkpt>
            <trkpt lat="44.6081099" lon="22.2818125">
                <ele>343.8</ele>
                <time>2026-05-30T14:00:25Z</time>
                <hdop>4.7</hdop>
                <extensions>
                    <osmand:speed>1</osmand:speed>
                </extensions>
            </trkpt>
            <trkpt lat="44.6080627" lon="22.2817731">
                <ele>341.5</ele>
                <time>2026-05-30T14:00:31Z</time>
                <hdop>4.7</hdop>
                <extensions>
                    <osmand:speed>1</osmand:speed>
                </extensions>
            </trkpt>
            <trkpt lat="44.6080254" lon="22.2817298">
                <ele>339.7</ele>
                <time>2026-05-30T14:00:37Z</time>
                <hdop>4.7</hdop>
                <extensions>
                    <osmand:speed>0.9</osmand:speed>
                </extensions>
            </trkpt>
            <trkpt lat="44.6079696" lon="22.2816664">
                <ele>338.5</ele>
                <time>2026-05-30T14:00:43Z</time>
                <hdop>4.7</hdop>
                <extensions>
                    <osmand:speed>0.9</osmand:speed>
                </extensions>
            </trkpt>
            <trkpt lat="44.6079231" lon="22.2816067">
                <ele>337</ele>
                <time>2026-05-30T14:00:49Z</time>
                <hdop>4.7</hdop>
                <extensions>
                    <osmand:speed>1</osmand:speed>
                </extensions>
            </trkpt>
            <trkpt lat="44.6078668" lon="22.2815598">
                <ele>335.5</ele>
                <time>2026-05-30T14:00:55Z</time>
                <hdop>4.7</hdop>
                <extensions>
                    <osmand:speed>1.1</osmand:speed>
                </extensions>
            </trkpt>
            <trkpt lat="44.607841" lon="22.2815285">
                <ele>334</ele>
                <time>2026-05-30T14:01:01Z</time>
                <hdop>4.7</hdop>
                <extensions>
                    <osmand:speed>0.1</osmand:speed>
                </extensions>
            </trkpt>
            <trkpt lat="44.6077903" lon="22.2814892">
                <ele>332.6</ele>
                <time>2026-05-30T14:01:07Z</time>
                <hdop>4.7</hdop>
                <extensions>
                    <osmand:speed>1</osmand:speed>
                </extensions>
            </trkpt>
            <trkpt lat="44.6077335" lon="22.2814596">
                <ele>330.6</ele>
                <time>2026-05-30T14:01:13Z</time>
                <hdop>4.7</hdop>
                <extensions>
                    <osmand:speed>1.1</osmand:speed>
                </extensions>
            </trkpt>
            <trkpt lat="44.6076679" lon="22.2814504">
                <ele>328.8</ele>
                <time>2026-05-30T14:01:19Z</time>
                <hdop>4.7</hdop>
                <extensions>
                    <osmand:speed>1.2</osmand:speed>
                </extensions>
            </trkpt>
            <trkpt lat="44.6076415" lon="22.2814541">
                <ele>328.8</ele>
                <time>2026-05-30T14:01:25Z</time>
                <hdop>4.7</hdop>
                <extensions>
                    <osmand:speed>0.7</osmand:speed>
                </extensions>
            </trkpt>
            <trkpt lat="44.6075896" lon="22.2814839">
                <ele>326.7</ele>
                <time>2026-05-30T14:01:31Z</time>
                <hdop>4.7</hdop>
                <extensions>
                    <osmand:speed>1.2</osmand:speed>
                </extensions>
            </trkpt>
        </trkseg>
    </trk>
    <trk>
        <trkseg>
            <trkpt lat="44.6058847" lon="22.2829289">
                <ele>297</ele>
                <time>2026-05-30T14:05:25Z</time>
                <hdop>24.4</hdop>
            </trkpt>
            <trkpt lat="44.6058391" lon="22.2815286">
                <ele>331.6</ele>
                <time>2026-05-30T14:07:19Z</time>
                <hdop>40.5</hdop>
                <extensions>
                    <osmand:speed>4.1</osmand:speed>
                </extensions>
            </trkpt>
            <trkpt lat="44.6057093" lon="22.2813211">
                <ele>286.3</ele>
                <time>2026-05-30T14:07:25Z</time>
                <hdop>2.8</hdop>
                <extensions>
                    <osmand:speed>1.2</osmand:speed>
                </extensions>
            </trkpt>
            <trkpt lat="44.6057339" lon="22.2812713">
                <ele>282.6</ele>
                <time>2026-05-30T14:07:31Z</time>
                <hdop>4.7</hdop>
                <extensions>
                    <osmand:speed>1</osmand:speed>
                </extensions>
            </trkpt>
            <trkpt lat="44.6057645" lon="22.2811959">
                <ele>279.8</ele>
                <time>2026-05-30T14:07:37Z</time>
                <hdop>4.7</hdop>
                <extensions>
                    <osmand:speed>1.1</osmand:speed>
                </extensions>
            </trkpt>
            <trkpt lat="44.6058177" lon="22.2811196">
                <ele>280.2</ele>
                <time>2026-05-30T14:07:43Z</time>
                <hdop>4.7</hdop>
                <extensions>
                    <osmand:speed>1.2</osmand:speed>
                </extensions>
            </trkpt>
            <trkpt lat="44.6058655" lon="22.2810096">
                <ele>282</ele>
                <time>2026-05-30T14:07:49Z</time>
                <hdop>4.7</hdop>
                <extensions>
                    <osmand:speed>1.6</osmand:speed>
                </extensions>
            </trkpt>
            <trkpt lat="44.605898" lon="22.2808784">
                <ele>279.3</ele>
                <time>2026-05-30T14:07:55Z</time>
                <hdop>4.7</hdop>
                <extensions>
                    <osmand:speed>1.2</osmand:speed>
                </extensions>
            </trkpt>
            <trkpt lat="44.6059319" lon="22.2807875">
                <ele>278.3</ele>
                <time>2026-05-30T14:08:01Z</time>
                <hdop>4.7</hdop>
                <extensions>
                    <osmand:speed>1.2</osmand:speed>
                </extensions>
            </trkpt>
            <trkpt lat="44.6059672" lon="22.2806985">
                <ele>277.4</ele>
                <time>2026-05-30T14:08:07Z</time>
                <hdop>4.7</hdop>
                <extensions>
                    <osmand:speed>1.3</osmand:speed>
                </extensions>
            </trkpt>
            <trkpt lat="44.6059572" lon="22.2805204">
                <ele>277.1</ele>
                <time>2026-05-30T14:08:17Z</time>
                <hdop>4.7</hdop>
                <extensions>
                    <osmand:speed>1.4</osmand:speed>
                </extensions>
            </trkpt>
            <trkpt lat="44.6059468" lon="22.2803843">
                <ele>276.7</ele>
                <time>2026-05-30T14:08:26Z</time>
                <hdop>4.7</hdop>
                <extensions>
                    <osmand:speed>1.4</osmand:speed>
                </extensions>
            </trkpt>
            <trkpt lat="44.6058925" lon="22.2802656">
                <ele>276.2</ele>
                <time>2026-05-30T14:08:34Z</time>
                <hdop>4.7</hdop>
                <extensions>
                    <osmand:speed>1.5</osmand:speed>
                </extensions>
            </trkpt>
            <trkpt lat="44.6058414" lon="22.2801426">
                <ele>274.7</ele>
                <time>2026-05-30T14:08:43Z</time>
                <hdop>4.7</hdop>
                <extensions>
                    <osmand:speed>1.3</osmand:speed>
                </extensions>
            </trkpt>
            <trkpt lat="44.6057968" lon="22.2800051">
                <ele>275.6</ele>
                <time>2026-05-30T14:08:50Z</time>
                <hdop>4.7</hdop>
                <extensions>
                    <osmand:speed>1.6</osmand:speed>
                </extensions>
            </trkpt>
            <trkpt lat="44.6057719" lon="22.2798653">
                <ele>277</ele>
                <time>2026-05-30T14:08:58Z</time>
                <hdop>4.7</hdop>
                <extensions>
                    <osmand:speed>1.5</osmand:speed>
                </extensions>
            </trkpt>
            <trkpt lat="44.6057257" lon="22.2797319">
                <ele>275</ele>
                <time>2026-05-30T14:09:06Z</time>
                <hdop>4.7</hdop>
                <extensions>
                    <osmand:speed>1.8</osmand:speed>
                </extensions>
            </trkpt>
            <trkpt lat="44.6056527" lon="22.2796289">
                <ele>269.6</ele>
                <time>2026-05-30T14:09:14Z</time>
                <hdop>4.7</hdop>
                <extensions>
                    <osmand:speed>1.6</osmand:speed>
                </extensions>
            </trkpt>
            <trkpt lat="44.605565" lon="22.2795441">
                <ele>268.3</ele>
                <time>2026-05-30T14:09:21Z</time>
                <hdop>4.7</hdop>
                <extensions>
                    <osmand:speed>1.6</osmand:speed>
                </extensions>
            </trkpt>
            <trkpt lat="44.6054593" lon="22.2794856">
                <ele>268.3</ele>
                <time>2026-05-30T14:09:29Z</time>
                <hdop>4.7</hdop>
                <extensions>
                    <osmand:speed>1.3</osmand:speed>
                </extensions>
            </trkpt>
            <trkpt lat="44.6053595" lon="22.2794463">
                <ele>269.4</ele>
                <time>2026-05-30T14:09:35Z</time>
                <hdop>4.7</hdop>
                <extensions>
                    <osmand:speed>1.6</osmand:speed>
                </extensions>
            </trkpt>
            <trkpt lat="44.6052711" lon="22.2793758">
                <ele>270</ele>
                <time>2026-05-30T14:09:42Z</time>
                <hdop>4.7</hdop>
                <extensions>
                    <osmand:speed>1.6</osmand:speed>
                </extensions>
            </trkpt>
            <trkpt lat="44.605165" lon="22.2793208">
                <ele>272.6</ele>
                <time>2026-05-30T14:09:50Z</time>
                <hdop>4.7</hdop>
                <extensions>
                    <osmand:speed>1.3</osmand:speed>
                </extensions>
            </trkpt>
            <trkpt lat="44.605063" lon="22.2792645">
                <ele>272.3</ele>
                <time>2026-05-30T14:09:58Z</time>
                <hdop>4.7</hdop>
                <extensions>
                    <osmand:speed>1.6</osmand:speed>
                </extensions>
            </trkpt>
            <trkpt lat="44.6049672" lon="22.2791932">
                <ele>270.2</ele>
                <time>2026-05-30T14:10:08Z</time>
                <hdop>4.7</hdop>
                <extensions>
                    <osmand:speed>1.5</osmand:speed>
                </extensions>
            </trkpt>
            <trkpt lat="44.6048685" lon="22.2791613">
                <ele>270.1</ele>
                <time>2026-05-30T14:10:14Z</time>
                <hdop>4.7</hdop>
                <extensions>
                    <osmand:speed>1.6</osmand:speed>
                </extensions>
            </trkpt>
            <trkpt lat="44.6048269" lon="22.2790645">
                <ele>265.7</ele>
                <time>2026-05-30T14:10:30Z</time>
                <hdop>4.7</hdop>
                <extensions>
                    <osmand:speed>0</osmand:speed>
                </extensions>
            </trkpt>
            <trkpt lat="44.6048247" lon="22.2790735">
                <ele>266.1</ele>
                <time>2026-05-30T14:10:36Z</time>
                <hdop>4.7</hdop>
            </trkpt>
            <trkpt lat="44.604815" lon="22.2790815">
                <ele>266.5</ele>
                <time>2026-05-30T14:10:42Z</time>
                <hdop>4.7</hdop>
                <extensions>
                    <osmand:speed>0.1</osmand:speed>
                </extensions>
            </trkpt>
            <trkpt lat="44.6047565" lon="22.2790318">
                <ele>263</ele>
                <time>2026-05-30T14:11:24Z</time>
                <hdop>4.7</hdop>
                <extensions>
                    <osmand:speed>1</osmand:speed>
                </extensions>
            </trkpt>
            <trkpt lat="44.6046683" lon="22.2789608">
                <ele>265.3</ele>
                <time>2026-05-30T14:11:33Z</time>
                <hdop>4.7</hdop>
                <extensions>
                    <osmand:speed>1</osmand:speed>
                </extensions>
            </trkpt>
            <trkpt lat="44.6045879" lon="22.278859">
                <ele>265.1</ele>
                <time>2026-05-30T14:11:44Z</time>
                <hdop>4.7</hdop>
                <extensions>
                    <osmand:speed>1</osmand:speed>
                </extensions>
            </trkpt>
            <trkpt lat="44.6045297" lon="22.2787455">
                <ele>264</ele>
                <time>2026-05-30T14:11:52Z</time>
                <hdop>4.7</hdop>
                <extensions>
                    <osmand:speed>1.4</osmand:speed>
                </extensions>
            </trkpt>
            <trkpt lat="44.6045038" lon="22.2786777">
                <ele>262.8</ele>
                <time>2026-05-30T14:11:58Z</time>
                <hdop>4.7</hdop>
                <extensions>
                    <osmand:speed>1.1</osmand:speed>
                </extensions>
            </trkpt>
            <trkpt lat="44.604461" lon="22.278555">
                <ele>262.2</ele>
                <time>2026-05-30T14:12:08Z</time>
                <hdop>4.7</hdop>
                <extensions>
                    <osmand:speed>0.8</osmand:speed>
                </extensions>
            </trkpt>
            <trkpt lat="44.6044492" lon="22.2784303">
                <ele>262.4</ele>
                <time>2026-05-30T14:12:14Z</time>
                <hdop>4.7</hdop>
                <extensions>
                    <osmand:speed>0.9</osmand:speed>
                </extensions>
            </trkpt>
            <trkpt lat="44.6044271" lon="22.2783067">
                <ele>256.9</ele>
                <time>2026-05-30T14:12:24Z</time>
                <hdop>4.7</hdop>
                <extensions>
                    <osmand:speed>0.9</osmand:speed>
                </extensions>
            </trkpt>
            <trkpt lat="44.6043831" lon="22.2782664">
                <ele>252.9</ele>
                <time>2026-05-30T14:12:30Z</time>
                <hdop>4.7</hdop>
                <extensions>
                    <osmand:speed>1.2</osmand:speed>
                </extensions>
            </trkpt>
            <trkpt lat="44.6043545" lon="22.2781993">
                <ele>249.9</ele>
                <time>2026-05-30T14:12:36Z</time>
                <hdop>4.7</hdop>
                <extensions>
                    <osmand:speed>1.4</osmand:speed>
                </extensions>
            </trkpt>
            <trkpt lat="44.6043112" lon="22.2781656">
                <ele>245.9</ele>
                <time>2026-05-30T14:12:42Z</time>
                <hdop>4.7</hdop>
                <extensions>
                    <osmand:speed>0.9</osmand:speed>
                </extensions>
            </trkpt>
            <trkpt lat="44.6042423" lon="22.2780645">
                <ele>246</ele>
                <time>2026-05-30T14:12:51Z</time>
                <hdop>4.7</hdop>
                <extensions>
                    <osmand:speed>1.1</osmand:speed>
                </extensions>
            </trkpt>
            <trkpt lat="44.604208" lon="22.2780198">
                <ele>244.9</ele>
                <time>2026-05-30T14:12:58Z</time>
                <hdop>4.7</hdop>
                <extensions>
                    <osmand:speed>0.4</osmand:speed>
                </extensions>
            </trkpt>
            <trkpt lat="44.6041342" lon="22.2779178">
                <ele>245.2</ele>
                <time>2026-05-30T14:13:09Z</time>
                <hdop>4.7</hdop>
                <extensions>
                    <osmand:speed>1.1</osmand:speed>
                </extensions>
            </trkpt>
            <trkpt lat="44.6040454" lon="22.2778292">
                <ele>244.1</ele>
                <time>2026-05-30T14:13:18Z</time>
                <hdop>4.7</hdop>
                <extensions>
                    <osmand:speed>1.4</osmand:speed>
                </extensions>
            </trkpt>
            <trkpt lat="44.6039563" lon="22.2777542">
                <ele>244.2</ele>
                <time>2026-05-30T14:13:28Z</time>
                <hdop>4.7</hdop>
                <extensions>
                    <osmand:speed>1.1</osmand:speed>
                </extensions>
            </trkpt>
            <trkpt lat="44.6038664" lon="22.2776795">
                <ele>241.8</ele>
                <time>2026-05-30T14:13:39Z</time>
                <hdop>4.7</hdop>
                <extensions>
                    <osmand:speed>0.8</osmand:speed>
                </extensions>
            </trkpt>
            <trkpt lat="44.6037968" lon="22.2775841">
                <ele>241.6</ele>
                <time>2026-05-30T14:13:48Z</time>
                <hdop>4.7</hdop>
                <extensions>
                    <osmand:speed>1.2</osmand:speed>
                </extensions>
            </trkpt>
            <trkpt lat="44.6037183" lon="22.2775191">
                <ele>240.4</ele>
                <time>2026-05-30T14:13:57Z</time>
                <hdop>4.7</hdop>
                <extensions>
                    <osmand:speed>0.9</osmand:speed>
                </extensions>
            </trkpt>
            <trkpt lat="44.6036234" lon="22.2774664">
                <ele>237.9</ele>
                <time>2026-05-30T14:14:07Z</time>
                <hdop>4.7</hdop>
                <extensions>
                    <osmand:speed>0.6</osmand:speed>
                </extensions>
            </trkpt>
            <trkpt lat="44.6035376" lon="22.2773685">
                <ele>235.4</ele>
                <time>2026-05-30T14:14:15Z</time>
                <hdop>4.7</hdop>
                <extensions>
                    <osmand:speed>1.3</osmand:speed>
                </extensions>
            </trkpt>
            <trkpt lat="44.6035385" lon="22.2772411">
                <ele>232</ele>
                <time>2026-05-30T14:14:24Z</time>
                <hdop>4.7</hdop>
                <extensions>
                    <osmand:speed>1.1</osmand:speed>
                </extensions>
            </trkpt>
            <trkpt lat="44.6036054" lon="22.2772112">
                <ele>230.3</ele>
                <time>2026-05-30T14:14:31Z</time>
                <hdop>4.7</hdop>
                <extensions>
                    <osmand:speed>0.6</osmand:speed>
                </extensions>
            </trkpt>
            <trkpt lat="44.603649" lon="22.2771905">
                <ele>229.4</ele>
                <time>2026-05-30T14:14:37Z</time>
                <hdop>4.7</hdop>
                <extensions>
                    <osmand:speed>0.9</osmand:speed>
                </extensions>
            </trkpt>
            <trkpt lat="44.6037112" lon="22.2772317">
                <ele>228.4</ele>
                <time>2026-05-30T14:14:43Z</time>
                <hdop>4.7</hdop>
                <extensions>
                    <osmand:speed>1.2</osmand:speed>
                </extensions>
            </trkpt>
            <trkpt lat="44.6037869" lon="22.2772237">
                <ele>225.8</ele>
                <time>2026-05-30T14:14:49Z</time>
                <hdop>4.7</hdop>
                <extensions>
                    <osmand:speed>1.3</osmand:speed>
                </extensions>
            </trkpt>
            <trkpt lat="44.6038692" lon="22.2771962">
                <ele>225.3</ele>
                <time>2026-05-30T14:14:55Z</time>
                <hdop>4.7</hdop>
                <extensions>
                    <osmand:speed>1.3</osmand:speed>
                </extensions>
            </trkpt>
            <trkpt lat="44.6039693" lon="22.2771568">
                <ele>223.4</ele>
                <time>2026-05-30T14:15:03Z</time>
                <hdop>4.7</hdop>
                <extensions>
                    <osmand:speed>1.5</osmand:speed>
                </extensions>
            </trkpt>
            <trkpt lat="44.6040662" lon="22.2771619">
                <ele>224.6</ele>
                <time>2026-05-30T14:15:10Z</time>
                <hdop>4.7</hdop>
                <extensions>
                    <osmand:speed>1.7</osmand:speed>
                </extensions>
            </trkpt>
            <trkpt lat="44.6041097" lon="22.2772705">
                <ele>225.2</ele>
                <time>2026-05-30T14:15:16Z</time>
                <hdop>4.7</hdop>
            </trkpt>
            <trkpt lat="44.6040933" lon="22.2772301">
                <ele>226.8</ele>
                <time>2026-05-30T14:15:24Z</time>
                <hdop>4.7</hdop>
                <extensions>
                    <osmand:speed>0.2</osmand:speed>
                </extensions>
            </trkpt>
            <trkpt lat="44.6041574" lon="22.2771085">
                <ele>224.4</ele>
                <time>2026-05-30T14:15:32Z</time>
                <hdop>4.7</hdop>
                <extensions>
                    <osmand:speed>0.8</osmand:speed>
                </extensions>
            </trkpt>
            <trkpt lat="44.6042357" lon="22.2770227">
                <ele>222.5</ele>
                <time>2026-05-30T14:15:40Z</time>
                <hdop>4.7</hdop>
                <extensions>
                    <osmand:speed>0.9</osmand:speed>
                </extensions>
            </trkpt>
            <trkpt lat="44.6043308" lon="22.2770275">
                <ele>219.3</ele>
                <time>2026-05-30T14:15:47Z</time>
                <hdop>4.7</hdop>
                <extensions>
                    <osmand:speed>0.8</osmand:speed>
                </extensions>
            </trkpt>
            <trkpt lat="44.6044082" lon="22.2770923">
                <ele>217.1</ele>
                <time>2026-05-30T14:15:56Z</time>
                <hdop>4.7</hdop>
                <extensions>
                    <osmand:speed>0.3</osmand:speed>
                </extensions>
            </trkpt>
            <trkpt lat="44.604504" lon="22.2771345">
                <ele>217.8</ele>
                <time>2026-05-30T14:16:02Z</time>
                <hdop>4.7</hdop>
                <extensions>
                    <osmand:speed>1.1</osmand:speed>
                </extensions>
            </trkpt>
            <trkpt lat="44.6046108" lon="22.2770788">
                <ele>217.3</ele>
                <time>2026-05-30T14:16:09Z</time>
                <hdop>4.7</hdop>
                <extensions>
                    <osmand:speed>1.1</osmand:speed>
                </extensions>
            </trkpt>
            <trkpt lat="44.6046494" lon="22.2769526">
                <ele>216.3</ele>
                <time>2026-05-30T14:16:16Z</time>
                <hdop>4.7</hdop>
                <extensions>
                    <osmand:speed>1.2</osmand:speed>
                </extensions>
            </trkpt>
            <trkpt lat="44.6046093" lon="22.2768224">
                <ele>213.3</ele>
                <time>2026-05-30T14:16:24Z</time>
                <hdop>4.7</hdop>
                <extensions>
                    <osmand:speed>1.2</osmand:speed>
                </extensions>
            </trkpt>
            <trkpt lat="44.6045257" lon="22.2767341">
                <ele>210.9</ele>
                <time>2026-05-30T14:16:31Z</time>
                <hdop>4.7</hdop>
                <extensions>
                    <osmand:speed>1.6</osmand:speed>
                </extensions>
            </trkpt>
            <trkpt lat="44.6044237" lon="22.276667">
                <ele>210.4</ele>
                <time>2026-05-30T14:16:38Z</time>
                <hdop>4.7</hdop>
                <extensions>
                    <osmand:speed>1.3</osmand:speed>
                </extensions>
            </trkpt>
            <trkpt lat="44.6043842" lon="22.2766211">
                <ele>208.2</ele>
                <time>2026-05-30T14:16:44Z</time>
                <hdop>4.7</hdop>
                <extensions>
                    <osmand:speed>1.1</osmand:speed>
                </extensions>
            </trkpt>
            <trkpt lat="44.6043179" lon="22.2765638">
                <ele>207.2</ele>
                <time>2026-05-30T14:16:50Z</time>
                <hdop>4.7</hdop>
                <extensions>
                    <osmand:speed>1.6</osmand:speed>
                </extensions>
            </trkpt>
            <trkpt lat="44.6042413" lon="22.2765158">
                <ele>207.1</ele>
                <time>2026-05-30T14:16:56Z</time>
                <hdop>4.7</hdop>
                <extensions>
                    <osmand:speed>1.6</osmand:speed>
                </extensions>
            </trkpt>
            <trkpt lat="44.6041679" lon="22.2764678">
                <ele>205.3</ele>
                <time>2026-05-30T14:17:02Z</time>
                <hdop>4.7</hdop>
                <extensions>
                    <osmand:speed>1.6</osmand:speed>
                </extensions>
            </trkpt>
            <trkpt lat="44.604088" lon="22.2764499">
                <ele>203.8</ele>
                <time>2026-05-30T14:17:08Z</time>
                <hdop>4.7</hdop>
                <extensions>
                    <osmand:speed>1.6</osmand:speed>
                </extensions>
            </trkpt>
            <trkpt lat="44.6040078" lon="22.2764186">
                <ele>203.9</ele>
                <time>2026-05-30T14:17:14Z</time>
                <hdop>4.7</hdop>
                <extensions>
                    <osmand:speed>1.6</osmand:speed>
                </extensions>
            </trkpt>
            <trkpt lat="44.6039204" lon="22.276433">
                <ele>203.4</ele>
                <time>2026-05-30T14:17:20Z</time>
                <hdop>4.7</hdop>
                <extensions>
                    <osmand:speed>1.7</osmand:speed>
                </extensions>
            </trkpt>
            <trkpt lat="44.6038487" lon="22.276447">
                <ele>201.1</ele>
                <time>2026-05-30T14:17:26Z</time>
                <hdop>4.7</hdop>
                <extensions>
                    <osmand:speed>1.5</osmand:speed>
                </extensions>
            </trkpt>
            <trkpt lat="44.6037684" lon="22.276441">
                <ele>198.5</ele>
                <time>2026-05-30T14:17:32Z</time>
                <hdop>4.7</hdop>
                <extensions>
                    <osmand:speed>1.5</osmand:speed>
                </extensions>
            </trkpt>
            <trkpt lat="44.6037055" lon="22.2764525">
                <ele>198.6</ele>
                <time>2026-05-30T14:17:38Z</time>
                <hdop>4.7</hdop>
                <extensions>
                    <osmand:speed>1</osmand:speed>
                </extensions>
            </trkpt>
            <trkpt lat="44.6036487" lon="22.2764355">
                <ele>198.1</ele>
                <time>2026-05-30T14:17:44Z</time>
                <hdop>4.7</hdop>
                <extensions>
                    <osmand:speed>1.2</osmand:speed>
                </extensions>
            </trkpt>
            <trkpt lat="44.6035799" lon="22.2764364">
                <ele>197.3</ele>
                <time>2026-05-30T14:17:50Z</time>
                <hdop>4.7</hdop>
                <extensions>
                    <osmand:speed>1.1</osmand:speed>
                </extensions>
            </trkpt>
            <trkpt lat="44.6035231" lon="22.2764313">
                <ele>197.4</ele>
                <time>2026-05-30T14:17:56Z</time>
                <hdop>4.7</hdop>
                <extensions>
                    <osmand:speed>0.2</osmand:speed>
                </extensions>
            </trkpt>
            <trkpt lat="44.6035084" lon="22.2764094">
                <ele>198.4</ele>
                <time>2026-05-30T14:18:02Z</time>
                <hdop>4.7</hdop>
                <extensions>
                    <osmand:speed>0.4</osmand:speed>
                </extensions>
            </trkpt>
            <trkpt lat="44.6034825" lon="22.2763657">
                <ele>198.4</ele>
                <time>2026-05-30T14:18:08Z</time>
                <hdop>4.7</hdop>
                <extensions>
                    <osmand:speed>0.8</osmand:speed>
                </extensions>
            </trkpt>
            <trkpt lat="44.6034215" lon="22.2763587">
                <ele>197.5</ele>
                <time>2026-05-30T14:18:14Z</time>
                <hdop>4.7</hdop>
                <extensions>
                    <osmand:speed>0.7</osmand:speed>
                </extensions>
            </trkpt>
            <trkpt lat="44.603415" lon="22.2763391">
                <ele>198.4</ele>
                <time>2026-05-30T14:18:20Z</time>
                <hdop>4.7</hdop>
            </trkpt>
            <trkpt lat="44.6034292" lon="22.2763013">
                <ele>198.7</ele>
                <time>2026-05-30T14:18:26Z</time>
                <hdop>4.7</hdop>
                <extensions>
                    <osmand:speed>0.1</osmand:speed>
                </extensions>
            </trkpt>
            <trkpt lat="44.603452" lon="22.2763065">
                <ele>196.4</ele>
                <time>2026-05-30T14:18:32Z</time>
                <hdop>4.7</hdop>
                <extensions>
                    <osmand:speed>0</osmand:speed>
                </extensions>
            </trkpt>
            <trkpt lat="44.6034474" lon="22.2763069">
                <ele>196</ele>
                <time>2026-05-30T14:18:38Z</time>
                <hdop>4.7</hdop>
                <extensions>
                    <osmand:speed>0.7</osmand:speed>
                </extensions>
            </trkpt>
            <trkpt lat="44.6033379" lon="22.2762674">
                <ele>194</ele>
                <time>2026-05-30T14:18:48Z</time>
                <hdop>4.7</hdop>
                <extensions>
                    <osmand:speed>0.9</osmand:speed>
                </extensions>
            </trkpt>
            <trkpt lat="44.6032614" lon="22.2762232">
                <ele>194.8</ele>
                <time>2026-05-30T14:18:55Z</time>
                <hdop>4.7</hdop>
                <extensions>
                    <osmand:speed>0.9</osmand:speed>
                </extensions>
            </trkpt>
            <trkpt lat="44.6031786" lon="22.2761509">
                <ele>197.7</ele>
                <time>2026-05-30T14:19:01Z</time>
                <hdop>4.7</hdop>
                <extensions>
                    <osmand:speed>1</osmand:speed>
                </extensions>
            </trkpt>
            <trkpt lat="44.603114" lon="22.2760284">
                <ele>199.5</ele>
                <time>2026-05-30T14:19:11Z</time>
                <hdop>4.7</hdop>
                <extensions>
                    <osmand:speed>0.8</osmand:speed>
                </extensions>
            </trkpt>
            <trkpt lat="44.6030541" lon="22.2759119">
                <ele>199.5</ele>
                <time>2026-05-30T14:19:20Z</time>
                <hdop>4.7</hdop>
                <extensions>
                    <osmand:speed>0.9</osmand:speed>
                </extensions>
            </trkpt>
            <trkpt lat="44.6030264" lon="22.2757778">
                <ele>197.2</ele>
                <time>2026-05-30T14:19:30Z</time>
                <hdop>4.7</hdop>
                <extensions>
                    <osmand:speed>0.8</osmand:speed>
                </extensions>
            </trkpt>
            <trkpt lat="44.6030155" lon="22.2756544">
                <ele>193.2</ele>
                <time>2026-05-30T14:19:40Z</time>
                <hdop>4.7</hdop>
                <extensions>
                    <osmand:speed>1.2</osmand:speed>
                </extensions>
            </trkpt>
            <trkpt lat="44.6029999" lon="22.2755104">
                <ele>190.7</ele>
                <time>2026-05-30T14:19:48Z</time>
                <hdop>4.7</hdop>
                <extensions>
                    <osmand:speed>1.6</osmand:speed>
                </extensions>
            </trkpt>
            <trkpt lat="44.602943" lon="22.275393">
                <ele>187.8</ele>
                <time>2026-05-30T14:19:56Z</time>
                <hdop>4.7</hdop>
                <extensions>
                    <osmand:speed>1.6</osmand:speed>
                </extensions>
            </trkpt>
            <trkpt lat="44.6028828" lon="22.2752865">
                <ele>185.4</ele>
                <time>2026-05-30T14:20:03Z</time>
                <hdop>4.7</hdop>
                <extensions>
                    <osmand:speed>1.7</osmand:speed>
                </extensions>
            </trkpt>
            <trkpt lat="44.6028757" lon="22.2751531">
                <ele>180.2</ele>
                <time>2026-05-30T14:20:12Z</time>
                <hdop>4.7</hdop>
                <extensions>
                    <osmand:speed>1.6</osmand:speed>
                </extensions>
            </trkpt>
            <trkpt lat="44.6028434" lon="22.2750994">
                <ele>178.6</ele>
                <time>2026-05-30T14:20:24Z</time>
                <hdop>4.7</hdop>
                <extensions>
                    <osmand:speed>0.7</osmand:speed>
                </extensions>
            </trkpt>
            <trkpt lat="44.6027703" lon="22.2749565">
                <ele>176.5</ele>
                <time>2026-05-30T14:20:34Z</time>
                <hdop>4.7</hdop>
                <extensions>
                    <osmand:speed>1.8</osmand:speed>
                </extensions>
            </trkpt>
            <trkpt lat="44.6026845" lon="22.274905">
                <ele>174.4</ele>
                <time>2026-05-30T14:20:42Z</time>
                <hdop>4.7</hdop>
                <extensions>
                    <osmand:speed>1.6</osmand:speed>
                </extensions>
            </trkpt>
            <trkpt lat="44.6026038" lon="22.2748057">
                <ele>174.8</ele>
                <time>2026-05-30T14:20:49Z</time>
                <hdop>4.7</hdop>
                <extensions>
                    <osmand:speed>1.5</osmand:speed>
                </extensions>
            </trkpt>
            <trkpt lat="44.6025342" lon="22.2747102">
                <ele>174.8</ele>
                <time>2026-05-30T14:20:56Z</time>
                <hdop>4.7</hdop>
                <extensions>
                    <osmand:speed>1.6</osmand:speed>
                </extensions>
            </trkpt>
            <trkpt lat="44.6024412" lon="22.2746573">
                <ele>173.8</ele>
                <time>2026-05-30T14:21:03Z</time>
                <hdop>4.7</hdop>
                <extensions>
                    <osmand:speed>1.6</osmand:speed>
                </extensions>
            </trkpt>
            <trkpt lat="44.6023568" lon="22.2745611">
                <ele>172.6</ele>
                <time>2026-05-30T14:21:10Z</time>
                <hdop>4.7</hdop>
                <extensions>
                    <osmand:speed>1.6</osmand:speed>
                </extensions>
            </trkpt>
            <trkpt lat="44.6022466" lon="22.2745054">
                <ele>171</ele>
                <time>2026-05-30T14:21:19Z</time>
                <hdop>4.7</hdop>
                <extensions>
                    <osmand:speed>1.7</osmand:speed>
                </extensions>
            </trkpt>
            <trkpt lat="44.6021413" lon="22.2744406">
                <ele>172</ele>
                <time>2026-05-30T14:21:27Z</time>
                <hdop>4.7</hdop>
                <extensions>
                    <osmand:speed>1.6</osmand:speed>
                </extensions>
            </trkpt>
            <trkpt lat="44.6020715" lon="22.2743607">
                <ele>172.5</ele>
                <time>2026-05-30T14:21:35Z</time>
                <hdop>4.7</hdop>
                <extensions>
                    <osmand:speed>1.6</osmand:speed>
                </extensions>
            </trkpt>
            <trkpt lat="44.6019679" lon="22.2743752">
                <ele>171.5</ele>
                <time>2026-05-30T14:21:43Z</time>
                <hdop>4.7</hdop>
                <extensions>
                    <osmand:speed>1.6</osmand:speed>
                </extensions>
            </trkpt>
            <trkpt lat="44.6018696" lon="22.274307">
                <ele>171.2</ele>
                <time>2026-05-30T14:21:51Z</time>
                <hdop>4.7</hdop>
                <extensions>
                    <osmand:speed>1.5</osmand:speed>
                </extensions>
            </trkpt>
            <trkpt lat="44.6017901" lon="22.2742327">
                <ele>170.6</ele>
                <time>2026-05-30T14:21:58Z</time>
                <hdop>4.7</hdop>
                <extensions>
                    <osmand:speed>1.7</osmand:speed>
                </extensions>
            </trkpt>
            <trkpt lat="44.6017058" lon="22.274174">
                <ele>168.1</ele>
                <time>2026-05-30T14:22:06Z</time>
                <hdop>4.7</hdop>
                <extensions>
                    <osmand:speed>1.6</osmand:speed>
                </extensions>
            </trkpt>
            <trkpt lat="44.6016285" lon="22.2740866">
                <ele>167.1</ele>
                <time>2026-05-30T14:22:14Z</time>
                <hdop>4.7</hdop>
                <extensions>
                    <osmand:speed>1.6</osmand:speed>
                </extensions>
            </trkpt>
            <trkpt lat="44.6015267" lon="22.2740974">
                <ele>165.6</ele>
                <time>2026-05-30T14:22:21Z</time>
                <hdop>4.7</hdop>
                <extensions>
                    <osmand:speed>1.5</osmand:speed>
                </extensions>
            </trkpt>
            <trkpt lat="44.6014555" lon="22.2740569">
                <ele>162.4</ele>
                <time>2026-05-30T14:22:29Z</time>
                <hdop>4.7</hdop>
                <extensions>
                    <osmand:speed>1.1</osmand:speed>
                </extensions>
            </trkpt>
            <trkpt lat="44.6013815" lon="22.2739684">
                <ele>162.4</ele>
                <time>2026-05-30T14:22:36Z</time>
                <hdop>4.7</hdop>
                <extensions>
                    <osmand:speed>1.7</osmand:speed>
                </extensions>
            </trkpt>
            <trkpt lat="44.6012967" lon="22.2738758">
                <ele>160.6</ele>
                <time>2026-05-30T14:22:44Z</time>
                <hdop>4.7</hdop>
                <extensions>
                    <osmand:speed>1.3</osmand:speed>
                </extensions>
            </trkpt>
            <trkpt lat="44.6012092" lon="22.2738137">
                <ele>157.6</ele>
                <time>2026-05-30T14:22:52Z</time>
                <hdop>4.7</hdop>
                <extensions>
                    <osmand:speed>1.6</osmand:speed>
                </extensions>
            </trkpt>
            <trkpt lat="44.6011062" lon="22.2737756">
                <ele>157.8</ele>
                <time>2026-05-30T14:23:00Z</time>
                <hdop>4.7</hdop>
                <extensions>
                    <osmand:speed>1.6</osmand:speed>
                </extensions>
            </trkpt>
            <trkpt lat="44.6009975" lon="22.2737431">
                <ele>156.2</ele>
                <time>2026-05-30T14:23:08Z</time>
                <hdop>4.7</hdop>
                <extensions>
                    <osmand:speed>1.6</osmand:speed>
                </extensions>
            </trkpt>
            <trkpt lat="44.6009" lon="22.2736965">
                <ele>153.7</ele>
                <time>2026-05-30T14:23:16Z</time>
                <hdop>4.7</hdop>
                <extensions>
                    <osmand:speed>1.6</osmand:speed>
                </extensions>
            </trkpt>
            <trkpt lat="44.6007925" lon="22.2736403">
                <ele>151.6</ele>
                <time>2026-05-30T14:23:24Z</time>
                <hdop>4.7</hdop>
                <extensions>
                    <osmand:speed>1.6</osmand:speed>
                </extensions>
            </trkpt>
            <trkpt lat="44.6006947" lon="22.2735855">
                <ele>150.9</ele>
                <time>2026-05-30T14:23:32Z</time>
                <hdop>4.7</hdop>
                <extensions>
                    <osmand:speed>1.5</osmand:speed>
                </extensions>
            </trkpt>
            <trkpt lat="44.6006008" lon="22.2735489">
                <ele>149.3</ele>
                <time>2026-05-30T14:23:39Z</time>
                <hdop>4.7</hdop>
                <extensions>
                    <osmand:speed>1.7</osmand:speed>
                </extensions>
            </trkpt>
            <trkpt lat="44.6004643" lon="22.2736321">
                <ele>148.6</ele>
                <time>2026-05-30T14:23:48Z</time>
                <hdop>4.7</hdop>
                <extensions>
                    <osmand:speed>1.6</osmand:speed>
                </extensions>
            </trkpt>
            <trkpt lat="44.600385" lon="22.2736981">
                <ele>147.6</ele>
                <time>2026-05-30T14:23:54Z</time>
                <hdop>4.7</hdop>
                <extensions>
                    <osmand:speed>1.6</osmand:speed>
                </extensions>
            </trkpt>
            <trkpt lat="44.6002898" lon="22.2737587">
                <ele>145.5</ele>
                <time>2026-05-30T14:24:02Z</time>
                <hdop>4.7</hdop>
                <extensions>
                    <osmand:speed>1.6</osmand:speed>
                </extensions>
            </trkpt>
            <trkpt lat="44.600199" lon="22.273676">
                <ele>145.9</ele>
                <time>2026-05-30T14:24:10Z</time>
                <hdop>4.7</hdop>
                <extensions>
                    <osmand:speed>1.6</osmand:speed>
                </extensions>
            </trkpt>
            <trkpt lat="44.6001309" lon="22.2735749">
                <ele>145.5</ele>
                <time>2026-05-30T14:24:18Z</time>
                <hdop>4.7</hdop>
                <extensions>
                    <osmand:speed>1.7</osmand:speed>
                </extensions>
            </trkpt>
            <trkpt lat="44.6001003" lon="22.2734324">
                <ele>144.2</ele>
                <time>2026-05-30T14:24:26Z</time>
                <hdop>4.7</hdop>
                <extensions>
                    <osmand:speed>1.6</osmand:speed>
                </extensions>
            </trkpt>
            <trkpt lat="44.6000295" lon="22.2733481">
                <ele>142.9</ele>
                <time>2026-05-30T14:24:33Z</time>
                <hdop>4.7</hdop>
                <extensions>
                    <osmand:speed>1.6</osmand:speed>
                </extensions>
            </trkpt>
            <trkpt lat="44.5999244" lon="22.2733444">
                <ele>141.2</ele>
                <time>2026-05-30T14:24:40Z</time>
                <hdop>4.7</hdop>
                <extensions>
                    <osmand:speed>1.6</osmand:speed>
                </extensions>
            </trkpt>
            <trkpt lat="44.5998259" lon="22.2733159">
                <ele>141.2</ele>
                <time>2026-05-30T14:24:49Z</time>
                <hdop>4.7</hdop>
                <extensions>
                    <osmand:speed>1.2</osmand:speed>
                </extensions>
            </trkpt>
            <trkpt lat="44.5997281" lon="22.2732902">
                <ele>138.9</ele>
                <time>2026-05-30T14:24:59Z</time>
                <hdop>4.7</hdop>
                <extensions>
                    <osmand:speed>1.2</osmand:speed>
                </extensions>
            </trkpt>
            <trkpt lat="44.5996795" lon="22.2732579">
                <ele>138.5</ele>
                <time>2026-05-30T14:25:05Z</time>
                <hdop>4.7</hdop>
                <extensions>
                    <osmand:speed>0.7</osmand:speed>
                </extensions>
            </trkpt>
            <trkpt lat="44.5995769" lon="22.2732253">
                <ele>138.2</ele>
                <time>2026-05-30T14:25:12Z</time>
                <hdop>4.7</hdop>
                <extensions>
                    <osmand:speed>1.6</osmand:speed>
                </extensions>
            </trkpt>
            <trkpt lat="44.5994853" lon="22.273266">
                <ele>136.5</ele>
                <time>2026-05-30T14:25:23Z</time>
                <hdop>4.7</hdop>
                <extensions>
                    <osmand:speed>0.9</osmand:speed>
                </extensions>
            </trkpt>
            <trkpt lat="44.5994187" lon="22.2731688">
                <ele>135.9</ele>
                <time>2026-05-30T14:25:34Z</time>
                <hdop>4.7</hdop>
                <extensions>
                    <osmand:speed>1.2</osmand:speed>
                </extensions>
            </trkpt>
            <trkpt lat="44.5993712" lon="22.2731885">
                <ele>136.5</ele>
                <time>2026-05-30T14:25:41Z</time>
                <hdop>4.7</hdop>
                <extensions>
                    <osmand:speed>0.6</osmand:speed>
                </extensions>
            </trkpt>
            <trkpt lat="44.5993221" lon="22.2731665">
                <ele>136.7</ele>
                <time>2026-05-30T14:25:47Z</time>
                <hdop>4.7</hdop>
                <extensions>
                    <osmand:speed>1</osmand:speed>
                </extensions>
            </trkpt>
            <trkpt lat="44.59923" lon="22.2731383">
                <ele>136.1</ele>
                <time>2026-05-30T14:25:55Z</time>
                <hdop>4.7</hdop>
                <extensions>
                    <osmand:speed>0.7</osmand:speed>
                </extensions>
            </trkpt>
            <trkpt lat="44.5991335" lon="22.2731017">
                <ele>135</ele>
                <time>2026-05-30T14:26:02Z</time>
                <hdop>4.7</hdop>
                <extensions>
                    <osmand:speed>1</osmand:speed>
                </extensions>
            </trkpt>
            <trkpt lat="44.5990307" lon="22.2731151">
                <ele>133.6</ele>
                <time>2026-05-30T14:26:11Z</time>
                <hdop>4.7</hdop>
                <extensions>
                    <osmand:speed>1.2</osmand:speed>
                </extensions>
            </trkpt>
            <trkpt lat="44.5989397" lon="22.2731078">
                <ele>134.1</ele>
                <time>2026-05-30T14:26:19Z</time>
                <hdop>4.7</hdop>
                <extensions>
                    <osmand:speed>1.3</osmand:speed>
                </extensions>
            </trkpt>
            <trkpt lat="44.5988793" lon="22.2730973">
                <ele>134.3</ele>
                <time>2026-05-30T14:26:25Z</time>
                <hdop>4.7</hdop>
                <extensions>
                    <osmand:speed>0.2</osmand:speed>
                </extensions>
            </trkpt>
            <trkpt lat="44.5988044" lon="22.2730612">
                <ele>134.3</ele>
                <time>2026-05-30T14:26:31Z</time>
                <hdop>4.7</hdop>
                <extensions>
                    <osmand:speed>1</osmand:speed>
                </extensions>
            </trkpt>
            <trkpt lat="44.5987116" lon="22.2729553">
                <ele>134.8</ele>
                <time>2026-05-30T14:26:40Z</time>
                <hdop>4.7</hdop>
                <extensions>
                    <osmand:speed>0.8</osmand:speed>
                </extensions>
            </trkpt>
            <trkpt lat="44.5986877" lon="22.272821">
                <ele>134.3</ele>
                <time>2026-05-30T14:26:48Z</time>
                <hdop>4.7</hdop>
                <extensions>
                    <osmand:speed>1</osmand:speed>
                </extensions>
            </trkpt>
            <trkpt lat="44.5987866" lon="22.2727584">
                <ele>133.1</ele>
                <time>2026-05-30T14:26:56Z</time>
                <hdop>4.7</hdop>
                <extensions>
                    <osmand:speed>0.8</osmand:speed>
                </extensions>
            </trkpt>
            <trkpt lat="44.5988809" lon="22.2727926">
                <ele>132.1</ele>
                <time>2026-05-30T14:27:05Z</time>
                <hdop>4.7</hdop>
                <extensions>
                    <osmand:speed>0.8</osmand:speed>
                </extensions>
            </trkpt>
            <trkpt lat="44.5989687" lon="22.2728431">
                <ele>131.3</ele>
                <time>2026-05-30T14:27:11Z</time>
                <hdop>4.7</hdop>
                <extensions>
                    <osmand:speed>1.1</osmand:speed>
                </extensions>
            </trkpt>
            <trkpt lat="44.5990467" lon="22.2729462">
                <ele>132.3</ele>
                <time>2026-05-30T14:27:18Z</time>
                <hdop>4.7</hdop>
                <extensions>
                    <osmand:speed>0.6</osmand:speed>
                </extensions>
            </trkpt>
            <trkpt lat="44.5991097" lon="22.2729686">
                <ele>134</ele>
                <time>2026-05-30T14:27:48Z</time>
                <hdop>4.7</hdop>
                <extensions>
                    <osmand:speed>0.9</osmand:speed>
                </extensions>
            </trkpt>
            <trkpt lat="44.599177" lon="22.2728947">
                <ele>133.6</ele>
                <time>2026-05-30T14:28:02Z</time>
                <hdop>4.7</hdop>
                <extensions>
                    <osmand:speed>0.8</osmand:speed>
                </extensions>
            </trkpt>
            <trkpt lat="44.5992242" lon="22.2728696">
                <ele>134.3</ele>
                <time>2026-05-30T14:28:08Z</time>
                <hdop>4.7</hdop>
                <extensions>
                    <osmand:speed>0.6</osmand:speed>
                </extensions>
            </trkpt>
            <trkpt lat="44.5993329" lon="22.2728442">
                <ele>133.4</ele>
                <time>2026-05-30T14:28:16Z</time>
                <hdop>4.7</hdop>
                <extensions>
                    <osmand:speed>1</osmand:speed>
                </extensions>
            </trkpt>
            <trkpt lat="44.5994149" lon="22.2727877">
                <ele>132.7</ele>
                <time>2026-05-30T14:28:23Z</time>
                <hdop>4.7</hdop>
                <extensions>
                    <osmand:speed>0.8</osmand:speed>
                </extensions>
            </trkpt>
            <trkpt lat="44.5994933" lon="22.2727174">
                <ele>130.5</ele>
                <time>2026-05-30T14:28:32Z</time>
                <hdop>4.7</hdop>
                <extensions>
                    <osmand:speed>0.7</osmand:speed>
                </extensions>
            </trkpt>
            <trkpt lat="44.5995742" lon="22.2726586">
                <ele>128.5</ele>
                <time>2026-05-30T14:28:43Z</time>
                <hdop>4.7</hdop>
                <extensions>
                    <osmand:speed>0.9</osmand:speed>
                </extensions>
            </trkpt>
            <trkpt lat="44.5996809" lon="22.2726472">
                <ele>126.7</ele>
                <time>2026-05-30T14:28:52Z</time>
                <hdop>4.7</hdop>
                <extensions>
                    <osmand:speed>0.7</osmand:speed>
                </extensions>
            </trkpt>
            <trkpt lat="44.5997854" lon="22.2726828">
                <ele>124.8</ele>
                <time>2026-05-30T14:29:03Z</time>
                <hdop>4.7</hdop>
                <extensions>
                    <osmand:speed>1.1</osmand:speed>
                </extensions>
            </trkpt>
            <trkpt lat="44.5998785" lon="22.2727238">
                <ele>124.5</ele>
                <time>2026-05-30T14:29:10Z</time>
                <hdop>4.7</hdop>
                <extensions>
                    <osmand:speed>0.9</osmand:speed>
                </extensions>
            </trkpt>
            <trkpt lat="44.5999761" lon="22.2727315">
                <ele>124.4</ele>
                <time>2026-05-30T14:29:19Z</time>
                <hdop>4.7</hdop>
                <extensions>
                    <osmand:speed>1.4</osmand:speed>
                </extensions>
            </trkpt>
            <trkpt lat="44.6000766" lon="22.2727291">
                <ele>122.5</ele>
                <time>2026-05-30T14:29:27Z</time>
                <hdop>4.7</hdop>
                <extensions>
                    <osmand:speed>0.9</osmand:speed>
                </extensions>
            </trkpt>
            <trkpt lat="44.6001518" lon="22.2727194">
                <ele>122.4</ele>
                <time>2026-05-30T14:29:33Z</time>
                <hdop>4.7</hdop>
                <extensions>
                    <osmand:speed>1.1</osmand:speed>
                </extensions>
            </trkpt>
            <trkpt lat="44.6002262" lon="22.2727305">
                <ele>120.7</ele>
                <time>2026-05-30T14:29:39Z</time>
                <hdop>4.7</hdop>
                <extensions>
                    <osmand:speed>1.4</osmand:speed>
                </extensions>
            </trkpt>
            <trkpt lat="44.6003026" lon="22.2727548">
                <ele>119.6</ele>
                <time>2026-05-30T14:29:45Z</time>
                <hdop>4.7</hdop>
                <extensions>
                    <osmand:speed>1.4</osmand:speed>
                </extensions>
            </trkpt>
            <trkpt lat="44.6003453" lon="22.272819">
                <ele>118.6</ele>
                <time>2026-05-30T14:29:51Z</time>
                <hdop>4.7</hdop>
                <extensions>
                    <osmand:speed>1</osmand:speed>
                </extensions>
            </trkpt>
            <trkpt lat="44.6004318" lon="22.2728932">
                <ele>118.4</ele>
                <time>2026-05-30T14:29:58Z</time>
                <hdop>4.7</hdop>
                <extensions>
                    <osmand:speed>0.8</osmand:speed>
                </extensions>
            </trkpt>
            <trkpt lat="44.6005115" lon="22.2728812">
                <ele>116.8</ele>
                <time>2026-05-30T14:30:11Z</time>
                <hdop>4.7</hdop>
                <extensions>
                    <osmand:speed>0.5</osmand:speed>
                </extensions>
            </trkpt>
            <trkpt lat="44.6004672" lon="22.2728349">
                <ele>115.6</ele>
                <time>2026-05-30T14:30:17Z</time>
                <hdop>4.7</hdop>
                <extensions>
                    <osmand:speed>0.4</osmand:speed>
                </extensions>
            </trkpt>
            <trkpt lat="44.600375" lon="22.272744">
                <ele>115.6</ele>
                <time>2026-05-30T14:30:23Z</time>
                <hdop>4.7</hdop>
                <extensions>
                    <osmand:speed>1.4</osmand:speed>
                </extensions>
            </trkpt>
            <trkpt lat="44.6003118" lon="22.2726262">
                <ele>114.5</ele>
                <time>2026-05-30T14:30:33Z</time>
                <hdop>4.7</hdop>
                <extensions>
                    <osmand:speed>1</osmand:speed>
                </extensions>
            </trkpt>
            <trkpt lat="44.600242" lon="22.272515">
                <ele>112.5</ele>
                <time>2026-05-30T14:30:43Z</time>
                <hdop>4.7</hdop>
                <extensions>
                    <osmand:speed>1.3</osmand:speed>
                </extensions>
            </trkpt>
            <trkpt lat="44.6002153" lon="22.2723568">
                <ele>109.5</ele>
                <time>2026-05-30T14:30:53Z</time>
                <hdop>4.7</hdop>
                <extensions>
                    <osmand:speed>1.7</osmand:speed>
                </extensions>
            </trkpt>
            <trkpt lat="44.6001499" lon="22.2722641">
                <ele>109.3</ele>
                <time>2026-05-30T14:31:05Z</time>
                <hdop>4.7</hdop>
                <extensions>
                    <osmand:speed>0.3</osmand:speed>
                </extensions>
            </trkpt>
            <trkpt lat="44.6001652" lon="22.2723345">
                <ele>107.9</ele>
                <time>2026-05-30T14:31:15Z</time>
                <hdop>4.7</hdop>
                <extensions>
                    <osmand:speed>0.3</osmand:speed>
                </extensions>
            </trkpt>
            <trkpt lat="44.6001358" lon="22.2722662">
                <ele>107.1</ele>
                <time>2026-05-30T14:31:48Z</time>
                <hdop>4.7</hdop>
                <extensions>
                    <osmand:speed>0.3</osmand:speed>
                </extensions>
            </trkpt>
            <trkpt lat="44.6001702" lon="22.2722132">
                <ele>105.4</ele>
                <time>2026-05-30T14:32:01Z</time>
                <hdop>4.7</hdop>
                <extensions>
                    <osmand:speed>0.1</osmand:speed>
                </extensions>
            </trkpt>
            <trkpt lat="44.6002041" lon="22.2722753">
                <ele>101.6</ele>
                <time>2026-05-30T14:32:22Z</time>
                <hdop>4.7</hdop>
                <extensions>
                    <osmand:speed>0.2</osmand:speed>
                </extensions>
            </trkpt>
            <trkpt lat="44.6001865" lon="22.272208">
                <ele>102.7</ele>
                <time>2026-05-30T14:32:42Z</time>
                <hdop>4.7</hdop>
            </trkpt>
            <trkpt lat="44.6002184" lon="22.2722616">
                <ele>99.3</ele>
                <time>2026-05-30T14:33:12Z</time>
                <hdop>4.7</hdop>
                <extensions>
                    <osmand:speed>0.6</osmand:speed>
                </extensions>
            </trkpt>
            <trkpt lat="44.600221" lon="22.2723321">
                <ele>101.5</ele>
                <time>2026-05-30T14:33:32Z</time>
                <hdop>4.7</hdop>
                <extensions>
                    <osmand:speed>0</osmand:speed>
                </extensions>
            </trkpt>
            <trkpt lat="44.6002184" lon="22.2722011">
                <ele>105.4</ele>
                <time>2026-05-30T14:33:48Z</time>
                <hdop>4.7</hdop>
                <extensions>
                    <osmand:speed>0</osmand:speed>
                </extensions>
            </trkpt>
            <trkpt lat="44.6001761" lon="22.2723181">
                <ele>104.1</ele>
                <time>2026-05-30T14:34:10Z</time>
                <hdop>4.7</hdop>
                <extensions>
                    <osmand:speed>0.1</osmand:speed>
                </extensions>
            </trkpt>
            <trkpt lat="44.6002089" lon="22.2723651">
                <ele>103.8</ele>
                <time>2026-05-30T14:34:20Z</time>
                <hdop>4.7</hdop>
                <extensions>
                    <osmand:speed>0.9</osmand:speed>
                </extensions>
            </trkpt>
            <trkpt lat="44.6002088" lon="22.2724868">
                <ele>108.4</ele>
                <time>2026-05-30T14:34:46Z</time>
                <hdop>4.7</hdop>
            </trkpt>
            <trkpt lat="44.6002357" lon="22.2724118">
                <ele>115.4</ele>
                <time>2026-05-30T14:35:07Z</time>
                <hdop>4.7</hdop>
                <extensions>
                    <osmand:speed>0.3</osmand:speed>
                </extensions>
            </trkpt>
            <trkpt lat="44.6001976" lon="22.2723437">
                <ele>110.9</ele>
                <time>2026-05-30T14:36:03Z</time>
                <hdop>4.7</hdop>
            </trkpt>
            <trkpt lat="44.6001837" lon="22.2722779">
                <ele>107.1</ele>
                <time>2026-05-30T14:39:20Z</time>
                <hdop>4.7</hdop>
                <extensions>
                    <osmand:speed>0</osmand:speed>
                </extensions>
            </trkpt>
            <trkpt lat="44.6001435" lon="22.2722439">
                <ele>106.5</ele>
                <time>2026-05-30T14:39:26Z</time>
                <hdop>4.7</hdop>
                <extensions>
                    <osmand:speed>0</osmand:speed>
                </extensions>
            </trkpt>
            <trkpt lat="44.6001642" lon="22.272183">
                <ele>104.6</ele>
                <time>2026-05-30T14:39:32Z</time>
                <hdop>4.7</hdop>
                <extensions>
                    <osmand:speed>0.1</osmand:speed>
                </extensions>
            </trkpt>
            <trkpt lat="44.6001721" lon="22.2721153">
                <ele>100.9</ele>
                <time>2026-05-30T14:39:40Z</time>
                <hdop>4.7</hdop>
                <extensions>
                    <osmand:speed>0.1</osmand:speed>
                </extensions>
            </trkpt>
            <trkpt lat="44.6001793" lon="22.272046">
                <ele>98.9</ele>
                <time>2026-05-30T14:39:46Z</time>
                <hdop>4.7</hdop>
                <extensions>
                    <osmand:speed>0.1</osmand:speed>
                </extensions>
            </trkpt>
            <trkpt lat="44.6002035" lon="22.2719102">
                <ele>98.3</ele>
                <time>2026-05-30T14:39:53Z</time>
                <hdop>4.7</hdop>
                <extensions>
                    <osmand:speed>1.6</osmand:speed>
                </extensions>
            </trkpt>
            <trkpt lat="44.6002539" lon="22.2717885">
                <ele>95.4</ele>
                <time>2026-05-30T14:40:04Z</time>
                <hdop>4.7</hdop>
                <extensions>
                    <osmand:speed>0.6</osmand:speed>
                </extensions>
            </trkpt>
            <trkpt lat="44.6002944" lon="22.2717563">
                <ele>90.3</ele>
                <time>2026-05-30T14:40:12Z</time>
                <hdop>4.7</hdop>
                <extensions>
                    <osmand:speed>1</osmand:speed>
                </extensions>
            </trkpt>
            <trkpt lat="44.6002994" lon="22.2716832">
                <ele>86.2</ele>
                <time>2026-05-30T14:40:19Z</time>
                <hdop>4.7</hdop>
                <extensions>
                    <osmand:speed>0.9</osmand:speed>
                </extensions>
            </trkpt>
            <trkpt lat="44.6002491" lon="22.2716678">
                <ele>84</ele>
                <time>2026-05-30T14:40:25Z</time>
                <hdop>4.7</hdop>
                <extensions>
                    <osmand:speed>0.6</osmand:speed>
                </extensions>
            </trkpt>
            <trkpt lat="44.6002093" lon="22.2716204">
                <ele>83.4</ele>
                <time>2026-05-30T14:40:31Z</time>
                <hdop>4.7</hdop>
                <extensions>
                    <osmand:speed>0.8</osmand:speed>
                </extensions>
            </trkpt>
            <trkpt lat="44.6001537" lon="22.2715083">
                <ele>82.5</ele>
                <time>2026-05-30T14:40:41Z</time>
                <hdop>4.7</hdop>
                <extensions>
                    <osmand:speed>0.9</osmand:speed>
                </extensions>
            </trkpt>
            <trkpt lat="44.6000936" lon="22.2714016">
                <ele>83.2</ele>
                <time>2026-05-30T14:40:49Z</time>
                <hdop>4.7</hdop>
                <extensions>
                    <osmand:speed>1.1</osmand:speed>
                </extensions>
            </trkpt>
            <trkpt lat="44.6000452" lon="22.271277">
                <ele>84.5</ele>
                <time>2026-05-30T14:40:58Z</time>
                <hdop>4.7</hdop>
                <extensions>
                    <osmand:speed>1.3</osmand:speed>
                </extensions>
            </trkpt>
            <trkpt lat="44.5999925" lon="22.2711454">
                <ele>84</ele>
                <time>2026-05-30T14:41:07Z</time>
                <hdop>4.7</hdop>
                <extensions>
                    <osmand:speed>1.2</osmand:speed>
                </extensions>
            </trkpt>
            <trkpt lat="44.5999355" lon="22.27102">
                <ele>83.2</ele>
                <time>2026-05-30T14:41:16Z</time>
                <hdop>4.7</hdop>
                <extensions>
                    <osmand:speed>1.2</osmand:speed>
                </extensions>
            </trkpt>
            <trkpt lat="44.5998865" lon="22.2709035">
                <ele>82.8</ele>
                <time>2026-05-30T14:41:26Z</time>
                <hdop>4.7</hdop>
                <extensions>
                    <osmand:speed>1.2</osmand:speed>
                </extensions>
            </trkpt>
            <trkpt lat="44.599833" lon="22.2707709">
                <ele>83.7</ele>
                <time>2026-05-30T14:41:35Z</time>
                <hdop>4.7</hdop>
                <extensions>
                    <osmand:speed>1.3</osmand:speed>
                </extensions>
            </trkpt>
            <trkpt lat="44.5997797" lon="22.2706565">
                <ele>83.7</ele>
                <time>2026-05-30T14:41:44Z</time>
                <hdop>4.7</hdop>
                <extensions>
                    <osmand:speed>1.1</osmand:speed>
                </extensions>
            </trkpt>
            <trkpt lat="44.599726" lon="22.2705387">
                <ele>83.8</ele>
                <time>2026-05-30T14:41:54Z</time>
                <hdop>4.7</hdop>
                <extensions>
                    <osmand:speed>1.3</osmand:speed>
                </extensions>
            </trkpt>
            <trkpt lat="44.599666" lon="22.2704108">
                <ele>83.7</ele>
                <time>2026-05-30T14:42:03Z</time>
                <hdop>4.7</hdop>
                <extensions>
                    <osmand:speed>1.4</osmand:speed>
                </extensions>
            </trkpt>
            <trkpt lat="44.5996055" lon="22.270285">
                <ele>83.6</ele>
                <time>2026-05-30T14:42:12Z</time>
                <hdop>4.7</hdop>
                <extensions>
                    <osmand:speed>1.3</osmand:speed>
                </extensions>
            </trkpt>
            <trkpt lat="44.5995446" lon="22.2701649">
                <ele>84.5</ele>
                <time>2026-05-30T14:42:20Z</time>
                <hdop>4.7</hdop>
                <extensions>
                    <osmand:speed>1.4</osmand:speed>
                </extensions>
            </trkpt>
            <trkpt lat="44.5994821" lon="22.2700512">
                <ele>84.2</ele>
                <time>2026-05-30T14:42:28Z</time>
                <hdop>4.7</hdop>
                <extensions>
                    <osmand:speed>1.4</osmand:speed>
                </extensions>
            </trkpt>
            <trkpt lat="44.5994129" lon="22.2699336">
                <ele>85.2</ele>
                <time>2026-05-30T14:42:36Z</time>
                <hdop>4.7</hdop>
                <extensions>
                    <osmand:speed>1.5</osmand:speed>
                </extensions>
            </trkpt>
            <trkpt lat="44.5993312" lon="22.2698441">
                <ele>84.2</ele>
                <time>2026-05-30T14:42:44Z</time>
                <hdop>4.7</hdop>
                <extensions>
                    <osmand:speed>1.5</osmand:speed>
                </extensions>
            </trkpt>
            <trkpt lat="44.599248" lon="22.2697602">
                <ele>83.5</ele>
                <time>2026-05-30T14:42:52Z</time>
                <hdop>4.7</hdop>
                <extensions>
                    <osmand:speed>1.5</osmand:speed>
                </extensions>
            </trkpt>
            <trkpt lat="44.5991647" lon="22.2696813">
                <ele>82.5</ele>
                <time>2026-05-30T14:43:00Z</time>
                <hdop>4.7</hdop>
                <extensions>
                    <osmand:speed>1.5</osmand:speed>
                </extensions>
            </trkpt>
            <trkpt lat="44.5990704" lon="22.2696135">
                <ele>80.3</ele>
                <time>2026-05-30T14:43:08Z</time>
                <hdop>4.7</hdop>
                <extensions>
                    <osmand:speed>1.5</osmand:speed>
                </extensions>
            </trkpt>
            <trkpt lat="44.5989808" lon="22.2695335">
                <ele>81.4</ele>
                <time>2026-05-30T14:43:16Z</time>
                <hdop>4.7</hdop>
                <extensions>
                    <osmand:speed>1.5</osmand:speed>
                </extensions>
            </trkpt>
            <trkpt lat="44.5988917" lon="22.2694776">
                <ele>82.9</ele>
                <time>2026-05-30T14:43:24Z</time>
                <hdop>4.7</hdop>
                <extensions>
                    <osmand:speed>1.5</osmand:speed>
                </extensions>
            </trkpt>
            <trkpt lat="44.5987895" lon="22.2694217">
                <ele>83.4</ele>
                <time>2026-05-30T14:43:32Z</time>
                <hdop>4.7</hdop>
                <extensions>
                    <osmand:speed>1.6</osmand:speed>
                </extensions>
            </trkpt>
            <trkpt lat="44.5986858" lon="22.2693843">
                <ele>83.3</ele>
                <time>2026-05-30T14:43:40Z</time>
                <hdop>4.7</hdop>
                <extensions>
                    <osmand:speed>1.5</osmand:speed>
                </extensions>
            </trkpt>
            <trkpt lat="44.5985944" lon="22.2693347">
                <ele>83</ele>
                <time>2026-05-30T14:43:48Z</time>
                <hdop>4.7</hdop>
                <extensions>
                    <osmand:speed>1.5</osmand:speed>
                </extensions>
            </trkpt>
            <trkpt lat="44.5984915" lon="22.2692998">
                <ele>82.4</ele>
                <time>2026-05-30T14:43:57Z</time>
                <hdop>4.7</hdop>
                <extensions>
                    <osmand:speed>1.5</osmand:speed>
                </extensions>
            </trkpt>
            <trkpt lat="44.598388" lon="22.2692654">
                <ele>83.1</ele>
                <time>2026-05-30T14:44:05Z</time>
                <hdop>4.7</hdop>
                <extensions>
                    <osmand:speed>1.5</osmand:speed>
                </extensions>
            </trkpt>
            <trkpt lat="44.5982831" lon="22.2692298">
                <ele>83.6</ele>
                <time>2026-05-30T14:44:13Z</time>
                <hdop>4.7</hdop>
                <extensions>
                    <osmand:speed>1.5</osmand:speed>
                </extensions>
            </trkpt>
            <trkpt lat="44.5981861" lon="22.2692125">
                <ele>83</ele>
                <time>2026-05-30T14:44:21Z</time>
                <hdop>4.7</hdop>
                <extensions>
                    <osmand:speed>1.5</osmand:speed>
                </extensions>
            </trkpt>
            <trkpt lat="44.5980861" lon="22.2691618">
                <ele>83.5</ele>
                <time>2026-05-30T14:44:30Z</time>
                <hdop>4.7</hdop>
                <extensions>
                    <osmand:speed>1.5</osmand:speed>
                </extensions>
            </trkpt>
            <trkpt lat="44.5979937" lon="22.2691142">
                <ele>83.3</ele>
                <time>2026-05-30T14:44:38Z</time>
                <hdop>4.7</hdop>
                <extensions>
                    <osmand:speed>1.5</osmand:speed>
                </extensions>
            </trkpt>
            <trkpt lat="44.597894" lon="22.2690929">
                <ele>81.8</ele>
                <time>2026-05-30T14:44:47Z</time>
                <hdop>4.7</hdop>
                <extensions>
                    <osmand:speed>1.5</osmand:speed>
                </extensions>
            </trkpt>
            <trkpt lat="44.5978051" lon="22.2690649">
                <ele>81.4</ele>
                <time>2026-05-30T14:44:55Z</time>
                <hdop>4.7</hdop>
                <extensions>
                    <osmand:speed>1.5</osmand:speed>
                </extensions>
            </trkpt>
            <trkpt lat="44.5977085" lon="22.2690414">
                <ele>81.1</ele>
                <time>2026-05-30T14:45:03Z</time>
                <hdop>4.7</hdop>
                <extensions>
                    <osmand:speed>1.5</osmand:speed>
                </extensions>
            </trkpt>
            <trkpt lat="44.5976072" lon="22.2690134">
                <ele>81.3</ele>
                <time>2026-05-30T14:45:12Z</time>
                <hdop>4.7</hdop>
                <extensions>
                    <osmand:speed>1.5</osmand:speed>
                </extensions>
            </trkpt>
            <trkpt lat="44.5975138" lon="22.2689878">
                <ele>81.3</ele>
                <time>2026-05-30T14:45:21Z</time>
                <hdop>4.7</hdop>
                <extensions>
                    <osmand:speed>1.1</osmand:speed>
                </extensions>
            </trkpt>
            <trkpt lat="44.5974239" lon="22.2689588">
                <ele>80.6</ele>
                <time>2026-05-30T14:45:29Z</time>
                <hdop>4.7</hdop>
                <extensions>
                    <osmand:speed>1.3</osmand:speed>
                </extensions>
            </trkpt>
            <trkpt lat="44.597324" lon="22.2689147">
                <ele>82.2</ele>
                <time>2026-05-30T14:45:37Z</time>
                <hdop>4.7</hdop>
                <extensions>
                    <osmand:speed>1.4</osmand:speed>
                </extensions>
            </trkpt>
            <trkpt lat="44.5972228" lon="22.2688833">
                <ele>81.8</ele>
                <time>2026-05-30T14:45:46Z</time>
                <hdop>4.7</hdop>
                <extensions>
                    <osmand:speed>1.4</osmand:speed>
                </extensions>
            </trkpt>
            <trkpt lat="44.597127" lon="22.2688575">
                <ele>81.2</ele>
                <time>2026-05-30T14:45:56Z</time>
                <hdop>4.7</hdop>
                <extensions>
                    <osmand:speed>1.1</osmand:speed>
                </extensions>
            </trkpt>
            <trkpt lat="44.5970268" lon="22.2688301">
                <ele>81.5</ele>
                <time>2026-05-30T14:46:05Z</time>
                <hdop>4.7</hdop>
                <extensions>
                    <osmand:speed>1</osmand:speed>
                </extensions>
            </trkpt>
            <trkpt lat="44.5969287" lon="22.2688195">
                <ele>83</ele>
                <time>2026-05-30T14:46:13Z</time>
                <hdop>4.7</hdop>
                <extensions>
                    <osmand:speed>1.3</osmand:speed>
                </extensions>
            </trkpt>
            <trkpt lat="44.5968716" lon="22.2688051">
                <ele>83.9</ele>
                <time>2026-05-30T14:46:19Z</time>
                <hdop>4.7</hdop>
                <extensions>
                    <osmand:speed>1.2</osmand:speed>
                </extensions>
            </trkpt>
            <trkpt lat="44.596756" lon="22.268792">
                <ele>85.6</ele>
                <time>2026-05-30T14:46:29Z</time>
                <hdop>4.7</hdop>
                <extensions>
                    <osmand:speed>1.6</osmand:speed>
                </extensions>
            </trkpt>
            <trkpt lat="44.5966461" lon="22.2687474">
                <ele>86.6</ele>
                <time>2026-05-30T14:46:39Z</time>
                <hdop>4.7</hdop>
                <extensions>
                    <osmand:speed>1.2</osmand:speed>
                </extensions>
            </trkpt>
            <trkpt lat="44.5965461" lon="22.2687005">
                <ele>84.5</ele>
                <time>2026-05-30T14:46:48Z</time>
                <hdop>4.7</hdop>
                <extensions>
                    <osmand:speed>1.1</osmand:speed>
                </extensions>
            </trkpt>
            <trkpt lat="44.5964406" lon="22.2686465">
                <ele>83.3</ele>
                <time>2026-05-30T14:46:57Z</time>
                <hdop>4.7</hdop>
                <extensions>
                    <osmand:speed>1.4</osmand:speed>
                </extensions>
            </trkpt>
            <trkpt lat="44.5963426" lon="22.268619">
                <ele>80.7</ele>
                <time>2026-05-30T14:47:06Z</time>
                <hdop>4.7</hdop>
                <extensions>
                    <osmand:speed>1.1</osmand:speed>
                </extensions>
            </trkpt>
            <trkpt lat="44.5962431" lon="22.2685949">
                <ele>78.2</ele>
                <time>2026-05-30T14:47:15Z</time>
                <hdop>4.7</hdop>
                <extensions>
                    <osmand:speed>1.3</osmand:speed>
                </extensions>
            </trkpt>
            <trkpt lat="44.5961477" lon="22.2685585">
                <ele>78.6</ele>
                <time>2026-05-30T14:47:25Z</time>
                <hdop>4.7</hdop>
                <extensions>
                    <osmand:speed>1</osmand:speed>
                </extensions>
            </trkpt>
            <trkpt lat="44.5960633" lon="22.2684977">
                <ele>78.5</ele>
                <time>2026-05-30T14:47:33Z</time>
                <hdop>4.7</hdop>
                <extensions>
                    <osmand:speed>1.2</osmand:speed>
                </extensions>
            </trkpt>
            <trkpt lat="44.5959642" lon="22.2684477">
                <ele>79.3</ele>
                <time>2026-05-30T14:47:42Z</time>
                <hdop>4.7</hdop>
                <extensions>
                    <osmand:speed>1.2</osmand:speed>
                </extensions>
            </trkpt>
            <trkpt lat="44.5958699" lon="22.268403">
                <ele>79.9</ele>
                <time>2026-05-30T14:47:51Z</time>
                <hdop>4.7</hdop>
                <extensions>
                    <osmand:speed>1.2</osmand:speed>
                </extensions>
            </trkpt>
            <trkpt lat="44.5957783" lon="22.2683453">
                <ele>81.9</ele>
                <time>2026-05-30T14:48:00Z</time>
                <hdop>4.7</hdop>
                <extensions>
                    <osmand:speed>1</osmand:speed>
                </extensions>
            </trkpt>
            <trkpt lat="44.5956822" lon="22.2682833">
                <ele>83.6</ele>
                <time>2026-05-30T14:48:08Z</time>
                <hdop>4.7</hdop>
                <extensions>
                    <osmand:speed>1.2</osmand:speed>
                </extensions>
            </trkpt>
            <trkpt lat="44.5955934" lon="22.268208">
                <ele>85.3</ele>
                <time>2026-05-30T14:48:17Z</time>
                <hdop>4.7</hdop>
                <extensions>
                    <osmand:speed>1.2</osmand:speed>
                </extensions>
            </trkpt>
            <trkpt lat="44.5955065" lon="22.2681473">
                <ele>85.1</ele>
                <time>2026-05-30T14:48:26Z</time>
                <hdop>4.7</hdop>
                <extensions>
                    <osmand:speed>1.1</osmand:speed>
                </extensions>
            </trkpt>
            <trkpt lat="44.5954619" lon="22.2681181">
                <ele>85</ele>
                <time>2026-05-30T14:48:32Z</time>
                <hdop>4.7</hdop>
                <extensions>
                    <osmand:speed>0.9</osmand:speed>
                </extensions>
            </trkpt>
            <trkpt lat="44.5953666" lon="22.268059">
                <ele>85.1</ele>
                <time>2026-05-30T14:48:42Z</time>
                <hdop>4.7</hdop>
                <extensions>
                    <osmand:speed>0.8</osmand:speed>
                </extensions>
            </trkpt>
            <trkpt lat="44.5952734" lon="22.2680971">
                <ele>85.3</ele>
                <time>2026-05-30T14:48:50Z</time>
                <hdop>4.7</hdop>
                <extensions>
                    <osmand:speed>1.5</osmand:speed>
                </extensions>
            </trkpt>
            <trkpt lat="44.5951781" lon="22.2680462">
                <ele>85</ele>
                <time>2026-05-30T14:48:59Z</time>
                <hdop>4.7</hdop>
                <extensions>
                    <osmand:speed>1.2</osmand:speed>
                </extensions>
            </trkpt>
            <trkpt lat="44.5950874" lon="22.2679796">
                <ele>86</ele>
                <time>2026-05-30T14:49:08Z</time>
                <hdop>4.7</hdop>
                <extensions>
                    <osmand:speed>0.9</osmand:speed>
                </extensions>
            </trkpt>
            <trkpt lat="44.595037" lon="22.267983">
                <ele>84</ele>
                <time>2026-05-30T14:49:17Z</time>
                <hdop>4.7</hdop>
                <extensions>
                    <osmand:speed>0.2</osmand:speed>
                </extensions>
            </trkpt>
            <trkpt lat="44.5949419" lon="22.2679257">
                <ele>84.8</ele>
                <time>2026-05-30T14:49:23Z</time>
                <hdop>4.7</hdop>
                <extensions>
                    <osmand:speed>1.4</osmand:speed>
                </extensions>
            </trkpt>
        </trkseg>
    </trk>
    <trk>
        <trkseg>
            <trkpt lat="44.5948882" lon="22.2677974">
                <ele>84</ele>
                <time>2026-05-30T14:50:33Z</time>
                <hdop>4.7</hdop>
                <extensions>
                    <osmand:speed>1.2</osmand:speed>
                </extensions>
            </trkpt>
            <trkpt lat="44.5948118" lon="22.267719">
                <ele>85.9</ele>
                <time>2026-05-30T14:50:41Z</time>
                <hdop>4.7</hdop>
                <extensions>
                    <osmand:speed>1</osmand:speed>
                </extensions>
            </trkpt>
            <trkpt lat="44.5948151" lon="22.267786">
                <ele>86.2</ele>
                <time>2026-05-30T14:51:00Z</time>
                <hdop>4.7</hdop>
                <extensions>
                    <osmand:speed>0</osmand:speed>
                </extensions>
            </trkpt>
            <trkpt lat="44.5948705" lon="22.2677914">
                <ele>83.4</ele>
                <time>2026-05-30T14:52:17Z</time>
                <hdop>4.7</hdop>
                <extensions>
                    <osmand:speed>1.1</osmand:speed>
                </extensions>
            </trkpt>
            <trkpt lat="44.5949095" lon="22.2678374">
                <ele>83.8</ele>
                <time>2026-05-30T14:52:30Z</time>
                <hdop>4.7</hdop>
                <extensions>
                    <osmand:speed>1.1</osmand:speed>
                </extensions>
            </trkpt>
            <trkpt lat="44.5948665" lon="22.2678769">
                <ele>82.3</ele>
                <time>2026-05-30T14:52:41Z</time>
                <hdop>4.7</hdop>
                <extensions>
                    <osmand:speed>0.1</osmand:speed>
                </extensions>
            </trkpt>
            <trkpt lat="44.594821" lon="22.2678824">
                <ele>83.9</ele>
                <time>2026-05-30T14:52:52Z</time>
                <hdop>4.7</hdop>
                <extensions>
                    <osmand:speed>0.3</osmand:speed>
                </extensions>
            </trkpt>
            <trkpt lat="44.5948545" lon="22.2679369">
                <ele>85.3</ele>
                <time>2026-05-30T14:53:57Z</time>
                <hdop>4.7</hdop>
                <extensions>
                    <osmand:speed>0</osmand:speed>
                </extensions>
            </trkpt>
            <trkpt lat="44.5948862" lon="22.2678722">
                <ele>85.4</ele>
                <time>2026-05-30T14:54:07Z</time>
                <hdop>4.7</hdop>
                <extensions>
                    <osmand:speed>0.1</osmand:speed>
                </extensions>
            </trkpt>
            <trkpt lat="44.5948558" lon="22.2678088">
                <ele>85.2</ele>
                <time>2026-05-30T14:54:13Z</time>
                <hdop>4.7</hdop>
                <extensions>
                    <osmand:speed>0.7</osmand:speed>
                </extensions>
            </trkpt>
            <trkpt lat="44.5947797" lon="22.2677415">
                <ele>86.7</ele>
                <time>2026-05-30T14:54:58Z</time>
                <hdop>4.7</hdop>
                <extensions>
                    <osmand:speed>0.1</osmand:speed>
                </extensions>
            </trkpt>
            <trkpt lat="44.5948707" lon="22.2677932">
                <ele>84.3</ele>
                <time>2026-05-30T14:55:06Z</time>
                <hdop>4.7</hdop>
                <extensions>
                    <osmand:speed>1.4</osmand:speed>
                </extensions>
            </trkpt>
            <trkpt lat="44.5948947" lon="22.2678548">
                <ele>83</ele>
                <time>2026-05-30T14:55:14Z</time>
                <hdop>4.7</hdop>
                <extensions>
                    <osmand:speed>0.2</osmand:speed>
                </extensions>
            </trkpt>
            <trkpt lat="44.594932" lon="22.2679024">
                <ele>86.5</ele>
                <time>2026-05-30T14:55:42Z</time>
                <hdop>4.7</hdop>
                <extensions>
                    <osmand:speed>0.2</osmand:speed>
                </extensions>
            </trkpt>
            <trkpt lat="44.594874" lon="22.2678971">
                <ele>82.9</ele>
                <time>2026-05-30T14:55:59Z</time>
                <hdop>4.7</hdop>
                <extensions>
                    <osmand:speed>0.9</osmand:speed>
                </extensions>
            </trkpt>
            <trkpt lat="44.5949208" lon="22.2678851">
                <ele>85.7</ele>
                <time>2026-05-30T14:56:19Z</time>
                <hdop>4.7</hdop>
                <extensions>
                    <osmand:speed>0</osmand:speed>
                </extensions>
            </trkpt>
        </trkseg>
    </trk>
    <trk>
        <trkseg>
            <trkpt lat="44.5948679" lon="22.2678758">
                <ele>92.4</ele>
                <time>2026-05-30T15:01:57Z</time>
                <hdop>4.7</hdop>
                <extensions>
                    <osmand:speed>0</osmand:speed>
                </extensions>
            </trkpt>
            <trkpt lat="44.5949139" lon="22.2678729">
                <ele>90.5</ele>
                <time>2026-05-30T15:02:19Z</time>
                <hdop>4.7</hdop>
                <extensions>
                    <osmand:speed>1</osmand:speed>
                </extensions>
            </trkpt>
            <trkpt lat="44.5948948" lon="22.2678015">
                <ele>88</ele>
                <time>2026-05-30T15:02:25Z</time>
                <hdop>4.7</hdop>
                <extensions>
                    <osmand:speed>1.2</osmand:speed>
                </extensions>
            </trkpt>
            <trkpt lat="44.5948128" lon="22.2677391">
                <ele>85.3</ele>
                <time>2026-05-30T15:02:35Z</time>
                <hdop>4.7</hdop>
                <extensions>
                    <osmand:speed>0.8</osmand:speed>
                </extensions>
            </trkpt>
            <trkpt lat="44.5948563" lon="22.2677595">
                <ele>82.9</ele>
                <time>2026-05-30T15:02:53Z</time>
                <hdop>4.7</hdop>
                <extensions>
                    <osmand:speed>0.1</osmand:speed>
                </extensions>
            </trkpt>
            <trkpt lat="44.5949087" lon="22.2678744">
                <ele>83.1</ele>
                <time>2026-05-30T15:03:02Z</time>
                <hdop>4.7</hdop>
                <extensions>
                    <osmand:speed>0.2</osmand:speed>
                </extensions>
            </trkpt>
        </trkseg>
    </trk>
    <trk>
        <trkseg>
            <trkpt lat="44.5949072" lon="22.2678105">
                <ele>85.7</ele>
                <time>2026-05-30T15:06:39Z</time>
                <hdop>4.7</hdop>
                <extensions>
                    <osmand:speed>0.8</osmand:speed>
                </extensions>
            </trkpt>
            <trkpt lat="44.5948691" lon="22.2677762">
                <ele>85.4</ele>
                <time>2026-05-30T15:06:59Z</time>
                <hdop>4.7</hdop>
                <extensions>
                    <osmand:speed>0.1</osmand:speed>
                </extensions>
            </trkpt>
            <trkpt lat="44.5948242" lon="22.2677358">
                <ele>84.4</ele>
                <time>2026-05-30T15:07:08Z</time>
                <hdop>4.7</hdop>
                <extensions>
                    <osmand:speed>1.5</osmand:speed>
                </extensions>
            </trkpt>
            <trkpt lat="44.5948286" lon="22.267809">
                <ele>84.3</ele>
                <time>2026-05-30T15:07:22Z</time>
                <hdop>4.7</hdop>
                <extensions>
                    <osmand:speed>0.8</osmand:speed>
                </extensions>
            </trkpt>
            <trkpt lat="44.5948074" lon="22.2677941">
                <ele>87.7</ele>
                <time>2026-05-30T15:07:44Z</time>
                <hdop>4.7</hdop>
                <extensions>
                    <osmand:speed>0.1</osmand:speed>
                </extensions>
            </trkpt>
        </trkseg>
    </trk>
    <extensions>
        <osmand:show_arrows>true</osmand:show_arrows>
        <osmand:show_start_finish>true</osmand:show_start_finish>
        <osmand:vertical_exaggeration_scale>0.25</osmand:vertical_exaggeration_scale>
        <osmand:elevation_meters>1000.0</osmand:elevation_meters>
        <osmand:line_3d_visualization_by_type>none</osmand:line_3d_visualization_by_type>
        <osmand:line_3d_visualization_wall_color_type>upward_gradient</osmand:line_3d_visualization_wall_color_type>
        <osmand:line_3d_visualization_position_type>top</osmand:line_3d_visualization_position_type>
        <osmand:color>#F52887</osmand:color>
        <osmand:coloring_type>solid</osmand:coloring_type>
        <osmand:is_join_segments>false</osmand:is_join_segments>
        <osmand:split_interval>0.0</osmand:split_interval>
        <osmand:split_type>no_split</osmand:split_type>
    </extensions>
</gpx>
