<?xml version="1.0" encoding="UTF-8" standalone="yes"?>
<gpx version="1.1" creator="OsmAnd Maps 5.3.3 (5380)" xmlns="http://www.topografix.com/GPX/1/1" xmlns:osmand="https://osmand.net/docs/technical/osmand-file-formats/osmand-gpx" xmlns:gpxtpx="https://www8.garmin.com/xmlschemas/TrackPointExtensionv1.xsd" xmlns:xsi="http://www.w3.org/2001/XMLSchema-instance" xsi:schemaLocation="http://www.topografix.com/GPX/1/1 https://www.topografix.com/GPX/1/1/gpx.xsd">
    <metadata>
        <name>Maglic - Stolovi</name>
        <time>2026-05-10T15:51:35Z</time>
        <extensions>
            <osmand:activity>walking</osmand:activity>
        </extensions>
    </metadata>
    <trk>
        <trkseg>
            <trkpt lat="43.6119319" lon="20.5505168">
                <ele>248.9</ele>
                <time>2026-05-10T09:56:29Z</time>
                <hdop>4.7</hdop>
                <extensions>
                    <osmand:speed>0.7</osmand:speed>
                </extensions>
            </trkpt>
            <trkpt lat="43.6119701" lon="20.5504443">
                <ele>250.3</ele>
                <time>2026-05-10T09:56:35Z</time>
                <hdop>4.7</hdop>
                <extensions>
                    <osmand:speed>1</osmand:speed>
                </extensions>
            </trkpt>
            <trkpt lat="43.6120059" lon="20.5503879">
                <ele>252</ele>
                <time>2026-05-10T09:56:41Z</time>
                <hdop>4.7</hdop>
                <extensions>
                    <osmand:speed>0.8</osmand:speed>
                </extensions>
            </trkpt>
            <trkpt lat="43.6120502" lon="20.5503359">
                <ele>252.8</ele>
                <time>2026-05-10T09:56:47Z</time>
                <hdop>4.7</hdop>
                <extensions>
                    <osmand:speed>1</osmand:speed>
                </extensions>
            </trkpt>
            <trkpt lat="43.6121098" lon="20.5502441">
                <ele>253.4</ele>
                <time>2026-05-10T09:56:57Z</time>
                <hdop>4.7</hdop>
                <extensions>
                    <osmand:speed>0.8</osmand:speed>
                </extensions>
            </trkpt>
            <trkpt lat="43.6121822" lon="20.5501518">
                <ele>254.5</ele>
                <time>2026-05-10T09:57:07Z</time>
                <hdop>4.7</hdop>
                <extensions>
                    <osmand:speed>1.1</osmand:speed>
                </extensions>
            </trkpt>
            <trkpt lat="43.6122365" lon="20.5500597">
                <ele>255.4</ele>
                <time>2026-05-10T09:57:17Z</time>
                <hdop>4.7</hdop>
                <extensions>
                    <osmand:speed>0.9</osmand:speed>
                </extensions>
            </trkpt>
            <trkpt lat="43.6123132" lon="20.5499746">
                <ele>257.4</ele>
                <time>2026-05-10T09:57:30Z</time>
                <hdop>4.7</hdop>
                <extensions>
                    <osmand:speed>1.1</osmand:speed>
                </extensions>
            </trkpt>
            <trkpt lat="43.6123685" lon="20.5498489">
                <ele>259.3</ele>
                <time>2026-05-10T09:57:40Z</time>
                <hdop>4.7</hdop>
                <extensions>
                    <osmand:speed>1.3</osmand:speed>
                </extensions>
            </trkpt>
            <trkpt lat="43.612456" lon="20.5497755">
                <ele>259.3</ele>
                <time>2026-05-10T09:57:51Z</time>
                <hdop>4.7</hdop>
                <extensions>
                    <osmand:speed>1.1</osmand:speed>
                </extensions>
            </trkpt>
            <trkpt lat="43.6125305" lon="20.5496922">
                <ele>260.7</ele>
                <time>2026-05-10T09:58:00Z</time>
                <hdop>4.7</hdop>
                <extensions>
                    <osmand:speed>1.2</osmand:speed>
                </extensions>
            </trkpt>
            <trkpt lat="43.6126018" lon="20.5495968">
                <ele>261.8</ele>
                <time>2026-05-10T09:58:09Z</time>
                <hdop>4.7</hdop>
                <extensions>
                    <osmand:speed>1</osmand:speed>
                </extensions>
            </trkpt>
            <trkpt lat="43.6126867" lon="20.5495352">
                <ele>262.7</ele>
                <time>2026-05-10T09:58:19Z</time>
                <hdop>4.7</hdop>
                <extensions>
                    <osmand:speed>1.2</osmand:speed>
                </extensions>
            </trkpt>
            <trkpt lat="43.6127357" lon="20.5494195">
                <ele>262.7</ele>
                <time>2026-05-10T09:58:30Z</time>
                <hdop>4.7</hdop>
                <extensions>
                    <osmand:speed>0.7</osmand:speed>
                </extensions>
            </trkpt>
            <trkpt lat="43.6128125" lon="20.5493317">
                <ele>263.4</ele>
                <time>2026-05-10T09:58:39Z</time>
                <hdop>4.7</hdop>
                <extensions>
                    <osmand:speed>1.5</osmand:speed>
                </extensions>
            </trkpt>
            <trkpt lat="43.612879" lon="20.5493058">
                <ele>264.8</ele>
                <time>2026-05-10T09:58:49Z</time>
                <hdop>4.7</hdop>
                <extensions>
                    <osmand:speed>0.5</osmand:speed>
                </extensions>
            </trkpt>
            <trkpt lat="43.6129232" lon="20.5494284">
                <ele>265.7</ele>
                <time>2026-05-10T09:59:09Z</time>
                <hdop>4.7</hdop>
                <extensions>
                    <osmand:speed>0.5</osmand:speed>
                </extensions>
            </trkpt>
            <trkpt lat="43.6129387" lon="20.5494968">
                <ele>267.5</ele>
                <time>2026-05-10T09:59:23Z</time>
                <hdop>4.7</hdop>
                <extensions>
                    <osmand:speed>1.3</osmand:speed>
                </extensions>
            </trkpt>
            <trkpt lat="43.6129792" lon="20.5496356">
                <ele>270.8</ele>
                <time>2026-05-10T09:59:34Z</time>
                <hdop>4.7</hdop>
                <extensions>
                    <osmand:speed>1.1</osmand:speed>
                </extensions>
            </trkpt>
            <trkpt lat="43.6130144" lon="20.5497699">
                <ele>272</ele>
                <time>2026-05-10T09:59:44Z</time>
                <hdop>4.7</hdop>
                <extensions>
                    <osmand:speed>1.4</osmand:speed>
                </extensions>
            </trkpt>
            <trkpt lat="43.6129985" lon="20.5498322">
                <ele>273.5</ele>
                <time>2026-05-10T09:59:56Z</time>
                <hdop>4.7</hdop>
                <extensions>
                    <osmand:speed>0.9</osmand:speed>
                </extensions>
            </trkpt>
            <trkpt lat="43.6129207" lon="20.5499271">
                <ele>277</ele>
                <time>2026-05-10T10:00:06Z</time>
                <hdop>4.7</hdop>
                <extensions>
                    <osmand:speed>1.1</osmand:speed>
                </extensions>
            </trkpt>
            <trkpt lat="43.6128918" lon="20.5500025">
                <ele>277.4</ele>
                <time>2026-05-10T10:00:12Z</time>
                <hdop>4.7</hdop>
                <extensions>
                    <osmand:speed>0.9</osmand:speed>
                </extensions>
            </trkpt>
            <trkpt lat="43.612856" lon="20.5500617">
                <ele>278.5</ele>
                <time>2026-05-10T10:00:18Z</time>
                <hdop>4.7</hdop>
                <extensions>
                    <osmand:speed>1.1</osmand:speed>
                </extensions>
            </trkpt>
            <trkpt lat="43.6128502" lon="20.5501317">
                <ele>281.1</ele>
                <time>2026-05-10T10:00:24Z</time>
                <hdop>4.7</hdop>
                <extensions>
                    <osmand:speed>0.9</osmand:speed>
                </extensions>
            </trkpt>
            <trkpt lat="43.6129071" lon="20.5501325">
                <ele>283.1</ele>
                <time>2026-05-10T10:00:30Z</time>
                <hdop>4.7</hdop>
                <extensions>
                    <osmand:speed>1.1</osmand:speed>
                </extensions>
            </trkpt>
            <trkpt lat="43.6129706" lon="20.5501475">
                <ele>283.3</ele>
                <time>2026-05-10T10:00:36Z</time>
                <hdop>4.7</hdop>
                <extensions>
                    <osmand:speed>0.8</osmand:speed>
                </extensions>
            </trkpt>
            <trkpt lat="43.6130414" lon="20.5501595">
                <ele>284.1</ele>
                <time>2026-05-10T10:00:42Z</time>
                <hdop>4.7</hdop>
                <extensions>
                    <osmand:speed>1.3</osmand:speed>
                </extensions>
            </trkpt>
            <trkpt lat="43.6130987" lon="20.5501929">
                <ele>285.3</ele>
                <time>2026-05-10T10:00:48Z</time>
                <hdop>4.7</hdop>
                <extensions>
                    <osmand:speed>0.7</osmand:speed>
                </extensions>
            </trkpt>
            <trkpt lat="43.6130419" lon="20.550222">
                <ele>287.1</ele>
                <time>2026-05-10T10:00:54Z</time>
                <hdop>4.7</hdop>
                <extensions>
                    <osmand:speed>0.9</osmand:speed>
                </extensions>
            </trkpt>
            <trkpt lat="43.6129871" lon="20.5502444">
                <ele>287.5</ele>
                <time>2026-05-10T10:01:00Z</time>
                <hdop>4.7</hdop>
                <extensions>
                    <osmand:speed>1.3</osmand:speed>
                </extensions>
            </trkpt>
            <trkpt lat="43.6129373" lon="20.5502986">
                <ele>287.9</ele>
                <time>2026-05-10T10:01:06Z</time>
                <hdop>4.7</hdop>
                <extensions>
                    <osmand:speed>1.1</osmand:speed>
                </extensions>
            </trkpt>
            <trkpt lat="43.6128807" lon="20.5503585">
                <ele>288.3</ele>
                <time>2026-05-10T10:01:12Z</time>
                <hdop>4.7</hdop>
                <extensions>
                    <osmand:speed>1.3</osmand:speed>
                </extensions>
            </trkpt>
            <trkpt lat="43.6128372" lon="20.550426">
                <ele>289.5</ele>
                <time>2026-05-10T10:01:18Z</time>
                <hdop>4.7</hdop>
                <extensions>
                    <osmand:speed>1.1</osmand:speed>
                </extensions>
            </trkpt>
            <trkpt lat="43.6128166" lon="20.5505076">
                <ele>290.2</ele>
                <time>2026-05-10T10:01:24Z</time>
                <hdop>4.7</hdop>
                <extensions>
                    <osmand:speed>0.4</osmand:speed>
                </extensions>
            </trkpt>
            <trkpt lat="43.6127885" lon="20.5505297">
                <ele>291.8</ele>
                <time>2026-05-10T10:01:30Z</time>
                <hdop>4.7</hdop>
                <extensions>
                    <osmand:speed>0.3</osmand:speed>
                </extensions>
            </trkpt>
            <trkpt lat="43.6128296" lon="20.5505335">
                <ele>292.9</ele>
                <time>2026-05-10T10:01:36Z</time>
                <hdop>4.7</hdop>
                <extensions>
                    <osmand:speed>0.6</osmand:speed>
                </extensions>
            </trkpt>
            <trkpt lat="43.6128607" lon="20.5505175">
                <ele>293.6</ele>
                <time>2026-05-10T10:01:42Z</time>
                <hdop>4.7</hdop>
                <extensions>
                    <osmand:speed>0.3</osmand:speed>
                </extensions>
            </trkpt>
            <trkpt lat="43.6129087" lon="20.5505269">
                <ele>295.1</ele>
                <time>2026-05-10T10:01:48Z</time>
                <hdop>4.7</hdop>
                <extensions>
                    <osmand:speed>0.6</osmand:speed>
                </extensions>
            </trkpt>
            <trkpt lat="43.6129913" lon="20.550516">
                <ele>297.2</ele>
                <time>2026-05-10T10:01:54Z</time>
                <hdop>4.7</hdop>
                <extensions>
                    <osmand:speed>1.7</osmand:speed>
                </extensions>
            </trkpt>
            <trkpt lat="43.6130652" lon="20.5505358">
                <ele>298.3</ele>
                <time>2026-05-10T10:02:00Z</time>
                <hdop>4.7</hdop>
                <extensions>
                    <osmand:speed>1.7</osmand:speed>
                </extensions>
            </trkpt>
            <trkpt lat="43.6131081" lon="20.5505371">
                <ele>299.8</ele>
                <time>2026-05-10T10:02:06Z</time>
                <hdop>4.7</hdop>
                <extensions>
                    <osmand:speed>0.6</osmand:speed>
                </extensions>
            </trkpt>
            <trkpt lat="43.6130532" lon="20.5505673">
                <ele>301.6</ele>
                <time>2026-05-10T10:02:12Z</time>
                <hdop>4.7</hdop>
                <extensions>
                    <osmand:speed>1</osmand:speed>
                </extensions>
            </trkpt>
            <trkpt lat="43.6130044" lon="20.5506102">
                <ele>302</ele>
                <time>2026-05-10T10:02:18Z</time>
                <hdop>4.7</hdop>
                <extensions>
                    <osmand:speed>1.2</osmand:speed>
                </extensions>
            </trkpt>
            <trkpt lat="43.6129564" lon="20.5506707">
                <ele>304</ele>
                <time>2026-05-10T10:02:24Z</time>
                <hdop>4.7</hdop>
                <extensions>
                    <osmand:speed>1.3</osmand:speed>
                </extensions>
            </trkpt>
            <trkpt lat="43.6129075" lon="20.5507487">
                <ele>305.1</ele>
                <time>2026-05-10T10:02:30Z</time>
                <hdop>4.7</hdop>
                <extensions>
                    <osmand:speed>1.2</osmand:speed>
                </extensions>
            </trkpt>
            <trkpt lat="43.6128585" lon="20.5508235">
                <ele>306</ele>
                <time>2026-05-10T10:02:36Z</time>
                <hdop>4.7</hdop>
                <extensions>
                    <osmand:speed>1.3</osmand:speed>
                </extensions>
            </trkpt>
            <trkpt lat="43.6128249" lon="20.5509126">
                <ele>306.6</ele>
                <time>2026-05-10T10:02:42Z</time>
                <hdop>4.7</hdop>
                <extensions>
                    <osmand:speed>1.2</osmand:speed>
                </extensions>
            </trkpt>
            <trkpt lat="43.6127798" lon="20.5509933">
                <ele>307.6</ele>
                <time>2026-05-10T10:02:48Z</time>
                <hdop>4.7</hdop>
                <extensions>
                    <osmand:speed>1.2</osmand:speed>
                </extensions>
            </trkpt>
            <trkpt lat="43.6127379" lon="20.5510731">
                <ele>308.8</ele>
                <time>2026-05-10T10:02:54Z</time>
                <hdop>4.7</hdop>
                <extensions>
                    <osmand:speed>0.9</osmand:speed>
                </extensions>
            </trkpt>
            <trkpt lat="43.6126933" lon="20.5511551">
                <ele>310.4</ele>
                <time>2026-05-10T10:03:00Z</time>
                <hdop>4.7</hdop>
                <extensions>
                    <osmand:speed>1.3</osmand:speed>
                </extensions>
            </trkpt>
            <trkpt lat="43.612681" lon="20.551215">
                <ele>310.7</ele>
                <time>2026-05-10T10:03:06Z</time>
                <hdop>4.7</hdop>
                <extensions>
                    <osmand:speed>0</osmand:speed>
                </extensions>
            </trkpt>
            <trkpt lat="43.6126825" lon="20.5512163">
                <ele>311.5</ele>
                <time>2026-05-10T10:03:12Z</time>
                <hdop>4.7</hdop>
            </trkpt>
            <trkpt lat="43.6126851" lon="20.5512086">
                <ele>312.4</ele>
                <time>2026-05-10T10:03:18Z</time>
                <hdop>4.7</hdop>
            </trkpt>
            <trkpt lat="43.6126826" lon="20.5512143">
                <ele>312.3</ele>
                <time>2026-05-10T10:03:24Z</time>
                <hdop>4.7</hdop>
                <extensions>
                    <osmand:speed>0</osmand:speed>
                </extensions>
            </trkpt>
            <trkpt lat="43.6126851" lon="20.5512153">
                <ele>312.8</ele>
                <time>2026-05-10T10:03:30Z</time>
                <hdop>4.7</hdop>
                <extensions>
                    <osmand:speed>0.1</osmand:speed>
                </extensions>
            </trkpt>
            <trkpt lat="43.6126814" lon="20.5512173">
                <ele>312.9</ele>
                <time>2026-05-10T10:03:36Z</time>
                <hdop>4.7</hdop>
                <extensions>
                    <osmand:speed>0</osmand:speed>
                </extensions>
            </trkpt>
            <trkpt lat="43.6126781" lon="20.5512223">
                <ele>313.5</ele>
                <time>2026-05-10T10:04:17Z</time>
                <hdop>4.7</hdop>
            </trkpt>
            <trkpt lat="43.6126849" lon="20.5512233">
                <ele>313.2</ele>
                <time>2026-05-10T10:04:23Z</time>
                <hdop>4.7</hdop>
                <extensions>
                    <osmand:speed>0.3</osmand:speed>
                </extensions>
            </trkpt>
            <trkpt lat="43.6126856" lon="20.5512202">
                <ele>313.3</ele>
                <time>2026-05-10T10:04:29Z</time>
                <hdop>4.7</hdop>
            </trkpt>
            <trkpt lat="43.6126891" lon="20.5512218">
                <ele>313.2</ele>
                <time>2026-05-10T10:04:35Z</time>
                <hdop>4.7</hdop>
            </trkpt>
            <trkpt lat="43.6126887" lon="20.5512201">
                <ele>313.2</ele>
                <time>2026-05-10T10:04:41Z</time>
                <hdop>4.7</hdop>
                <extensions>
                    <osmand:speed>0</osmand:speed>
                </extensions>
            </trkpt>
            <trkpt lat="43.6126886" lon="20.5512209">
                <ele>312.3</ele>
                <time>2026-05-10T10:04:47Z</time>
                <hdop>4.7</hdop>
                <extensions>
                    <osmand:speed>0</osmand:speed>
                </extensions>
            </trkpt>
            <trkpt lat="43.612688" lon="20.5512233">
                <ele>312.4</ele>
                <time>2026-05-10T10:04:53Z</time>
                <hdop>4.7</hdop>
            </trkpt>
            <trkpt lat="43.612688" lon="20.5512233">
                <ele>312.4</ele>
                <time>2026-05-10T10:04:59Z</time>
                <hdop>4.7</hdop>
            </trkpt>
            <trkpt lat="43.6126869" lon="20.5512266">
                <ele>312.8</ele>
                <time>2026-05-10T10:05:05Z</time>
                <hdop>4.7</hdop>
            </trkpt>
            <trkpt lat="43.6126865" lon="20.5512246">
                <ele>312.9</ele>
                <time>2026-05-10T10:05:11Z</time>
                <hdop>4.7</hdop>
                <extensions>
                    <osmand:speed>0.1</osmand:speed>
                </extensions>
            </trkpt>
            <trkpt lat="43.6126846" lon="20.5512229">
                <ele>313</ele>
                <time>2026-05-10T10:05:17Z</time>
                <hdop>4.7</hdop>
            </trkpt>
            <trkpt lat="43.612686" lon="20.5512249">
                <ele>313</ele>
                <time>2026-05-10T10:05:23Z</time>
                <hdop>4.7</hdop>
                <extensions>
                    <osmand:speed>0.1</osmand:speed>
                </extensions>
            </trkpt>
            <trkpt lat="43.6126859" lon="20.5512297">
                <ele>313</ele>
                <time>2026-05-10T10:05:29Z</time>
                <hdop>4.7</hdop>
                <extensions>
                    <osmand:speed>0.1</osmand:speed>
                </extensions>
            </trkpt>
            <trkpt lat="43.6126694" lon="20.5512254">
                <ele>312.9</ele>
                <time>2026-05-10T10:05:35Z</time>
                <hdop>4.7</hdop>
                <extensions>
                    <osmand:speed>0</osmand:speed>
                </extensions>
            </trkpt>
            <trkpt lat="43.612672" lon="20.5512242">
                <ele>312.6</ele>
                <time>2026-05-10T10:05:41Z</time>
                <hdop>4.7</hdop>
                <extensions>
                    <osmand:speed>0.1</osmand:speed>
                </extensions>
            </trkpt>
            <trkpt lat="43.6126716" lon="20.5512221">
                <ele>312.8</ele>
                <time>2026-05-10T10:05:47Z</time>
                <hdop>4.7</hdop>
                <extensions>
                    <osmand:speed>0</osmand:speed>
                </extensions>
            </trkpt>
            <trkpt lat="43.6126759" lon="20.5512216">
                <ele>312.1</ele>
                <time>2026-05-10T10:05:53Z</time>
                <hdop>4.7</hdop>
                <extensions>
                    <osmand:speed>0.2</osmand:speed>
                </extensions>
            </trkpt>
            <trkpt lat="43.6126784" lon="20.5512216">
                <ele>311.9</ele>
                <time>2026-05-10T10:05:59Z</time>
                <hdop>4.7</hdop>
                <extensions>
                    <osmand:speed>0.2</osmand:speed>
                </extensions>
            </trkpt>
            <trkpt lat="43.6126806" lon="20.5512227">
                <ele>312.7</ele>
                <time>2026-05-10T10:06:05Z</time>
                <hdop>4.7</hdop>
                <extensions>
                    <osmand:speed>0</osmand:speed>
                </extensions>
            </trkpt>
            <trkpt lat="43.6126803" lon="20.5512208">
                <ele>312.7</ele>
                <time>2026-05-10T10:06:11Z</time>
                <hdop>4.7</hdop>
                <extensions>
                    <osmand:speed>0.1</osmand:speed>
                </extensions>
            </trkpt>
            <trkpt lat="43.6126787" lon="20.5512223">
                <ele>312.8</ele>
                <time>2026-05-10T10:06:17Z</time>
                <hdop>4.7</hdop>
            </trkpt>
            <trkpt lat="43.612679" lon="20.5512247">
                <ele>313.4</ele>
                <time>2026-05-10T10:06:23Z</time>
                <hdop>4.7</hdop>
                <extensions>
                    <osmand:speed>0</osmand:speed>
                </extensions>
            </trkpt>
            <trkpt lat="43.6126759" lon="20.5512256">
                <ele>313.1</ele>
                <time>2026-05-10T10:06:29Z</time>
                <hdop>4.7</hdop>
            </trkpt>
            <trkpt lat="43.6126752" lon="20.5512246">
                <ele>313.6</ele>
                <time>2026-05-10T10:06:35Z</time>
                <hdop>4.7</hdop>
                <extensions>
                    <osmand:speed>0.3</osmand:speed>
                </extensions>
            </trkpt>
            <trkpt lat="43.6126855" lon="20.5512227">
                <ele>313.2</ele>
                <time>2026-05-10T10:06:41Z</time>
                <hdop>4.7</hdop>
                <extensions>
                    <osmand:speed>0.2</osmand:speed>
                </extensions>
            </trkpt>
            <trkpt lat="43.6126858" lon="20.5512216">
                <ele>313</ele>
                <time>2026-05-10T10:06:47Z</time>
                <hdop>4.7</hdop>
            </trkpt>
            <trkpt lat="43.6126872" lon="20.5512225">
                <ele>313.3</ele>
                <time>2026-05-10T10:06:53Z</time>
                <hdop>4.7</hdop>
            </trkpt>
            <trkpt lat="43.6126814" lon="20.5512243">
                <ele>313.2</ele>
                <time>2026-05-10T10:06:59Z</time>
                <hdop>4.7</hdop>
                <extensions>
                    <osmand:speed>0.1</osmand:speed>
                </extensions>
            </trkpt>
            <trkpt lat="43.6126849" lon="20.5512263">
                <ele>312.8</ele>
                <time>2026-05-10T10:07:05Z</time>
                <hdop>4.7</hdop>
                <extensions>
                    <osmand:speed>0.1</osmand:speed>
                </extensions>
            </trkpt>
            <trkpt lat="43.6126842" lon="20.551217">
                <ele>313.5</ele>
                <time>2026-05-10T10:07:11Z</time>
                <hdop>4.7</hdop>
                <extensions>
                    <osmand:speed>0.1</osmand:speed>
                </extensions>
            </trkpt>
            <trkpt lat="43.612683" lon="20.5512183">
                <ele>313.8</ele>
                <time>2026-05-10T10:07:17Z</time>
                <hdop>4.7</hdop>
                <extensions>
                    <osmand:speed>0</osmand:speed>
                </extensions>
            </trkpt>
            <trkpt lat="43.6126818" lon="20.5512182">
                <ele>314</ele>
                <time>2026-05-10T10:07:23Z</time>
                <hdop>4.7</hdop>
                <extensions>
                    <osmand:speed>0.1</osmand:speed>
                </extensions>
            </trkpt>
            <trkpt lat="43.612682" lon="20.5512233">
                <ele>314.1</ele>
                <time>2026-05-10T10:07:29Z</time>
                <hdop>4.7</hdop>
                <extensions>
                    <osmand:speed>0.2</osmand:speed>
                </extensions>
            </trkpt>
            <trkpt lat="43.6126799" lon="20.5512219">
                <ele>314.3</ele>
                <time>2026-05-10T10:07:35Z</time>
                <hdop>4.7</hdop>
                <extensions>
                    <osmand:speed>0</osmand:speed>
                </extensions>
            </trkpt>
            <trkpt lat="43.6126784" lon="20.5512214">
                <ele>314.7</ele>
                <time>2026-05-10T10:07:41Z</time>
                <hdop>4.7</hdop>
                <extensions>
                    <osmand:speed>0</osmand:speed>
                </extensions>
            </trkpt>
            <trkpt lat="43.612678" lon="20.551219">
                <ele>315.2</ele>
                <time>2026-05-10T10:07:47Z</time>
                <hdop>4.7</hdop>
                <extensions>
                    <osmand:speed>0</osmand:speed>
                </extensions>
            </trkpt>
            <trkpt lat="43.6126998" lon="20.5511937">
                <ele>315.1</ele>
                <time>2026-05-10T10:07:53Z</time>
                <hdop>4.7</hdop>
                <extensions>
                    <osmand:speed>0.5</osmand:speed>
                </extensions>
            </trkpt>
            <trkpt lat="43.612706" lon="20.5511881">
                <ele>315.2</ele>
                <time>2026-05-10T10:07:59Z</time>
                <hdop>4.7</hdop>
                <extensions>
                    <osmand:speed>0.3</osmand:speed>
                </extensions>
            </trkpt>
            <trkpt lat="43.612726" lon="20.5511778">
                <ele>315.2</ele>
                <time>2026-05-10T10:08:05Z</time>
                <hdop>4.7</hdop>
                <extensions>
                    <osmand:speed>0.3</osmand:speed>
                </extensions>
            </trkpt>
            <trkpt lat="43.6127759" lon="20.5511704">
                <ele>316.4</ele>
                <time>2026-05-10T10:08:11Z</time>
                <hdop>4.7</hdop>
                <extensions>
                    <osmand:speed>0.3</osmand:speed>
                </extensions>
            </trkpt>
            <trkpt lat="43.6128384" lon="20.5511447">
                <ele>317.7</ele>
                <time>2026-05-10T10:08:17Z</time>
                <hdop>4.7</hdop>
                <extensions>
                    <osmand:speed>1.1</osmand:speed>
                </extensions>
            </trkpt>
            <trkpt lat="43.6128985" lon="20.5511307">
                <ele>319.6</ele>
                <time>2026-05-10T10:08:23Z</time>
                <hdop>4.7</hdop>
                <extensions>
                    <osmand:speed>1.1</osmand:speed>
                </extensions>
            </trkpt>
            <trkpt lat="43.6129538" lon="20.5511233">
                <ele>320.5</ele>
                <time>2026-05-10T10:08:29Z</time>
                <hdop>4.7</hdop>
                <extensions>
                    <osmand:speed>0.9</osmand:speed>
                </extensions>
            </trkpt>
            <trkpt lat="43.6130073" lon="20.5510972">
                <ele>321.8</ele>
                <time>2026-05-10T10:08:35Z</time>
                <hdop>4.7</hdop>
                <extensions>
                    <osmand:speed>1</osmand:speed>
                </extensions>
            </trkpt>
            <trkpt lat="43.6130615" lon="20.5510846">
                <ele>323.4</ele>
                <time>2026-05-10T10:08:41Z</time>
                <hdop>4.7</hdop>
                <extensions>
                    <osmand:speed>0.9</osmand:speed>
                </extensions>
            </trkpt>
            <trkpt lat="43.613124" lon="20.5510859">
                <ele>325.1</ele>
                <time>2026-05-10T10:08:47Z</time>
                <hdop>4.7</hdop>
                <extensions>
                    <osmand:speed>1.2</osmand:speed>
                </extensions>
            </trkpt>
            <trkpt lat="43.6131808" lon="20.5510887">
                <ele>326.5</ele>
                <time>2026-05-10T10:08:53Z</time>
                <hdop>4.7</hdop>
                <extensions>
                    <osmand:speed>0.8</osmand:speed>
                </extensions>
            </trkpt>
            <trkpt lat="43.6132376" lon="20.5510932">
                <ele>328.1</ele>
                <time>2026-05-10T10:08:59Z</time>
                <hdop>4.7</hdop>
                <extensions>
                    <osmand:speed>1.1</osmand:speed>
                </extensions>
            </trkpt>
            <trkpt lat="43.6132849" lon="20.551122">
                <ele>329.4</ele>
                <time>2026-05-10T10:09:05Z</time>
                <hdop>4.7</hdop>
                <extensions>
                    <osmand:speed>0.9</osmand:speed>
                </extensions>
            </trkpt>
            <trkpt lat="43.6133228" lon="20.5511506">
                <ele>331</ele>
                <time>2026-05-10T10:09:11Z</time>
                <hdop>4.7</hdop>
                <extensions>
                    <osmand:speed>0.8</osmand:speed>
                </extensions>
            </trkpt>
            <trkpt lat="43.6133751" lon="20.5511822">
                <ele>331.8</ele>
                <time>2026-05-10T10:09:17Z</time>
                <hdop>4.7</hdop>
                <extensions>
                    <osmand:speed>1</osmand:speed>
                </extensions>
            </trkpt>
            <trkpt lat="43.6134299" lon="20.5511985">
                <ele>332.9</ele>
                <time>2026-05-10T10:09:23Z</time>
                <hdop>4.7</hdop>
                <extensions>
                    <osmand:speed>0.9</osmand:speed>
                </extensions>
            </trkpt>
            <trkpt lat="43.6134816" lon="20.5512109">
                <ele>334.5</ele>
                <time>2026-05-10T10:09:29Z</time>
                <hdop>4.7</hdop>
                <extensions>
                    <osmand:speed>1.2</osmand:speed>
                </extensions>
            </trkpt>
            <trkpt lat="43.6135382" lon="20.5512392">
                <ele>334.4</ele>
                <time>2026-05-10T10:09:35Z</time>
                <hdop>4.7</hdop>
                <extensions>
                    <osmand:speed>1.4</osmand:speed>
                </extensions>
            </trkpt>
            <trkpt lat="43.6135901" lon="20.5512975">
                <ele>335.5</ele>
                <time>2026-05-10T10:09:41Z</time>
                <hdop>4.7</hdop>
                <extensions>
                    <osmand:speed>1.1</osmand:speed>
                </extensions>
            </trkpt>
            <trkpt lat="43.6136228" lon="20.5513646">
                <ele>337.3</ele>
                <time>2026-05-10T10:09:47Z</time>
                <hdop>4.7</hdop>
                <extensions>
                    <osmand:speed>1.1</osmand:speed>
                </extensions>
            </trkpt>
            <trkpt lat="43.6136604" lon="20.5514381">
                <ele>339.6</ele>
                <time>2026-05-10T10:09:53Z</time>
                <hdop>4.7</hdop>
                <extensions>
                    <osmand:speed>1.1</osmand:speed>
                </extensions>
            </trkpt>
            <trkpt lat="43.6136854" lon="20.5515119">
                <ele>341.2</ele>
                <time>2026-05-10T10:09:59Z</time>
                <hdop>4.7</hdop>
                <extensions>
                    <osmand:speed>0.9</osmand:speed>
                </extensions>
            </trkpt>
            <trkpt lat="43.6137113" lon="20.5515903">
                <ele>343.6</ele>
                <time>2026-05-10T10:10:05Z</time>
                <hdop>4.7</hdop>
                <extensions>
                    <osmand:speed>1</osmand:speed>
                </extensions>
            </trkpt>
            <trkpt lat="43.6137193" lon="20.5516426">
                <ele>345.2</ele>
                <time>2026-05-10T10:10:11Z</time>
                <hdop>4.7</hdop>
                <extensions>
                    <osmand:speed>0.7</osmand:speed>
                </extensions>
            </trkpt>
            <trkpt lat="43.6137333" lon="20.5516975">
                <ele>346.6</ele>
                <time>2026-05-10T10:10:17Z</time>
                <hdop>4.7</hdop>
                <extensions>
                    <osmand:speed>0.8</osmand:speed>
                </extensions>
            </trkpt>
            <trkpt lat="43.6137825" lon="20.5517671">
                <ele>347.5</ele>
                <time>2026-05-10T10:10:23Z</time>
                <hdop>4.7</hdop>
                <extensions>
                    <osmand:speed>0.8</osmand:speed>
                </extensions>
            </trkpt>
            <trkpt lat="43.6138125" lon="20.5518233">
                <ele>348.7</ele>
                <time>2026-05-10T10:10:29Z</time>
                <hdop>4.7</hdop>
                <extensions>
                    <osmand:speed>0.8</osmand:speed>
                </extensions>
            </trkpt>
            <trkpt lat="43.6138501" lon="20.5518797">
                <ele>349.6</ele>
                <time>2026-05-10T10:10:35Z</time>
                <hdop>4.7</hdop>
                <extensions>
                    <osmand:speed>1</osmand:speed>
                </extensions>
            </trkpt>
            <trkpt lat="43.613937" lon="20.5519303">
                <ele>353.2</ele>
                <time>2026-05-10T10:10:45Z</time>
                <hdop>4.7</hdop>
                <extensions>
                    <osmand:speed>1.2</osmand:speed>
                </extensions>
            </trkpt>
            <trkpt lat="43.6139961" lon="20.5520315">
                <ele>354.4</ele>
                <time>2026-05-10T10:10:55Z</time>
                <hdop>4.7</hdop>
                <extensions>
                    <osmand:speed>0.8</osmand:speed>
                </extensions>
            </trkpt>
            <trkpt lat="43.6139986" lon="20.5520941">
                <ele>354.6</ele>
                <time>2026-05-10T10:11:01Z</time>
                <hdop>4.7</hdop>
                <extensions>
                    <osmand:speed>0.9</osmand:speed>
                </extensions>
            </trkpt>
            <trkpt lat="43.6140036" lon="20.5521587">
                <ele>356.3</ele>
                <time>2026-05-10T10:11:10Z</time>
                <hdop>4.7</hdop>
                <extensions>
                    <osmand:speed>0.3</osmand:speed>
                </extensions>
            </trkpt>
            <trkpt lat="43.6139949" lon="20.5522208">
                <ele>356.8</ele>
                <time>2026-05-10T10:11:17Z</time>
                <hdop>4.7</hdop>
                <extensions>
                    <osmand:speed>0.5</osmand:speed>
                </extensions>
            </trkpt>
            <trkpt lat="43.6140088" lon="20.5522544">
                <ele>358.8</ele>
                <time>2026-05-10T10:11:57Z</time>
                <hdop>4.7</hdop>
            </trkpt>
            <trkpt lat="43.6140112" lon="20.5522487">
                <ele>358.4</ele>
                <time>2026-05-10T10:12:03Z</time>
                <hdop>4.7</hdop>
            </trkpt>
            <trkpt lat="43.6139801" lon="20.552234">
                <ele>359.8</ele>
                <time>2026-05-10T10:12:10Z</time>
                <hdop>4.7</hdop>
                <extensions>
                    <osmand:speed>0.8</osmand:speed>
                </extensions>
            </trkpt>
            <trkpt lat="43.6138746" lon="20.552238">
                <ele>361.9</ele>
                <time>2026-05-10T10:12:24Z</time>
                <hdop>4.7</hdop>
                <extensions>
                    <osmand:speed>0.8</osmand:speed>
                </extensions>
            </trkpt>
            <trkpt lat="43.613833" lon="20.5522119">
                <ele>361.5</ele>
                <time>2026-05-10T10:12:30Z</time>
                <hdop>4.7</hdop>
                <extensions>
                    <osmand:speed>1</osmand:speed>
                </extensions>
            </trkpt>
            <trkpt lat="43.6137299" lon="20.5522013">
                <ele>362.5</ele>
                <time>2026-05-10T10:12:42Z</time>
                <hdop>4.7</hdop>
                <extensions>
                    <osmand:speed>1</osmand:speed>
                </extensions>
            </trkpt>
            <trkpt lat="43.6136842" lon="20.5521641">
                <ele>363</ele>
                <time>2026-05-10T10:12:52Z</time>
                <hdop>4.7</hdop>
                <extensions>
                    <osmand:speed>1</osmand:speed>
                </extensions>
            </trkpt>
            <trkpt lat="43.6136404" lon="20.5521381">
                <ele>363.2</ele>
                <time>2026-05-10T10:12:59Z</time>
                <hdop>4.7</hdop>
                <extensions>
                    <osmand:speed>0.7</osmand:speed>
                </extensions>
            </trkpt>
            <trkpt lat="43.6136022" lon="20.5521011">
                <ele>363.8</ele>
                <time>2026-05-10T10:13:10Z</time>
                <hdop>4.7</hdop>
                <extensions>
                    <osmand:speed>0.4</osmand:speed>
                </extensions>
            </trkpt>
            <trkpt lat="43.613565" lon="20.5520554">
                <ele>362.8</ele>
                <time>2026-05-10T10:13:17Z</time>
                <hdop>4.7</hdop>
                <extensions>
                    <osmand:speed>0.8</osmand:speed>
                </extensions>
            </trkpt>
        </trkseg>
    </trk>
    <trk>
        <trkseg>
            <trkpt lat="43.6135558" lon="20.5519605">
                <ele>362.8</ele>
                <time>2026-05-10T10:15:02Z</time>
                <hdop>27.6</hdop>
                <extensions>
                    <osmand:speed>1.1</osmand:speed>
                </extensions>
            </trkpt>
            <trkpt lat="43.6135038" lon="20.5520461">
                <ele>363.6</ele>
                <time>2026-05-10T10:15:08Z</time>
                <hdop>6.4</hdop>
                <extensions>
                    <osmand:speed>0.4</osmand:speed>
                </extensions>
            </trkpt>
            <trkpt lat="43.6135377" lon="20.5520628">
                <ele>363.9</ele>
                <time>2026-05-10T10:15:33Z</time>
                <hdop>13.5</hdop>
                <extensions>
                    <osmand:speed>0.7</osmand:speed>
                </extensions>
            </trkpt>
            <trkpt lat="43.6135894" lon="20.5520763">
                <ele>364.6</ele>
                <time>2026-05-10T10:15:39Z</time>
                <hdop>31.6</hdop>
                <extensions>
                    <osmand:speed>1.2</osmand:speed>
                </extensions>
            </trkpt>
            <trkpt lat="43.6134841" lon="20.5520194">
                <ele>366.8</ele>
                <time>2026-05-10T10:15:52Z</time>
                <hdop>4.7</hdop>
                <extensions>
                    <osmand:speed>1</osmand:speed>
                </extensions>
            </trkpt>
            <trkpt lat="43.6134549" lon="20.5519662">
                <ele>367</ele>
                <time>2026-05-10T10:16:00Z</time>
                <hdop>4.7</hdop>
                <extensions>
                    <osmand:speed>1</osmand:speed>
                </extensions>
            </trkpt>
            <trkpt lat="43.6134881" lon="20.5520099">
                <ele>366.6</ele>
                <time>2026-05-10T10:16:17Z</time>
                <hdop>4.7</hdop>
                <extensions>
                    <osmand:speed>0</osmand:speed>
                </extensions>
            </trkpt>
            <trkpt lat="43.6134525" lon="20.5519718">
                <ele>366.3</ele>
                <time>2026-05-10T10:17:01Z</time>
                <hdop>4.7</hdop>
                <extensions>
                    <osmand:speed>1.6</osmand:speed>
                </extensions>
            </trkpt>
            <trkpt lat="43.6133888" lon="20.5518766">
                <ele>365.8</ele>
                <time>2026-05-10T10:17:09Z</time>
                <hdop>4.7</hdop>
                <extensions>
                    <osmand:speed>1.3</osmand:speed>
                </extensions>
            </trkpt>
            <trkpt lat="43.6133563" lon="20.5518256">
                <ele>368.4</ele>
                <time>2026-05-10T10:17:15Z</time>
                <hdop>4.7</hdop>
                <extensions>
                    <osmand:speed>0.8</osmand:speed>
                </extensions>
            </trkpt>
            <trkpt lat="43.6133268" lon="20.5517693">
                <ele>367.5</ele>
                <time>2026-05-10T10:17:24Z</time>
                <hdop>4.7</hdop>
                <extensions>
                    <osmand:speed>1</osmand:speed>
                </extensions>
            </trkpt>
            <trkpt lat="43.6133589" lon="20.5518154">
                <ele>369.1</ele>
                <time>2026-05-10T10:17:31Z</time>
                <hdop>4.7</hdop>
                <extensions>
                    <osmand:speed>0.1</osmand:speed>
                </extensions>
            </trkpt>
            <trkpt lat="43.6133654" lon="20.5517503">
                <ele>369.2</ele>
                <time>2026-05-10T10:17:45Z</time>
                <hdop>4.7</hdop>
                <extensions>
                    <osmand:speed>0.7</osmand:speed>
                </extensions>
            </trkpt>
            <trkpt lat="43.6134008" lon="20.5516915">
                <ele>369</ele>
                <time>2026-05-10T10:18:01Z</time>
                <hdop>4.7</hdop>
                <extensions>
                    <osmand:speed>0.6</osmand:speed>
                </extensions>
            </trkpt>
            <trkpt lat="43.6133736" lon="20.5516395">
                <ele>369</ele>
                <time>2026-05-10T10:18:15Z</time>
                <hdop>4.7</hdop>
                <extensions>
                    <osmand:speed>0.6</osmand:speed>
                </extensions>
            </trkpt>
            <trkpt lat="43.6134212" lon="20.5516405">
                <ele>369</ele>
                <time>2026-05-10T10:18:41Z</time>
                <hdop>4.7</hdop>
                <extensions>
                    <osmand:speed>0.3</osmand:speed>
                </extensions>
            </trkpt>
            <trkpt lat="43.6134115" lon="20.5517065">
                <ele>368.6</ele>
                <time>2026-05-10T10:19:01Z</time>
                <hdop>4.7</hdop>
                <extensions>
                    <osmand:speed>0.6</osmand:speed>
                </extensions>
            </trkpt>
            <trkpt lat="43.6133716" lon="20.5517672">
                <ele>367.5</ele>
                <time>2026-05-10T10:19:10Z</time>
                <hdop>4.7</hdop>
                <extensions>
                    <osmand:speed>1</osmand:speed>
                </extensions>
            </trkpt>
            <trkpt lat="43.6133547" lon="20.5518313">
                <ele>367.9</ele>
                <time>2026-05-10T10:19:16Z</time>
                <hdop>4.7</hdop>
                <extensions>
                    <osmand:speed>0.3</osmand:speed>
                </extensions>
            </trkpt>
        </trkseg>
    </trk>
    <trk>
        <trkseg>
            <trkpt lat="43.6133066" lon="20.5518144">
                <ele>368.2</ele>
                <time>2026-05-10T10:20:17Z</time>
                <hdop>4.7</hdop>
                <extensions>
                    <osmand:speed>0.7</osmand:speed>
                </extensions>
            </trkpt>
            <trkpt lat="43.6133422" lon="20.5518532">
                <ele>367.9</ele>
                <time>2026-05-10T10:20:51Z</time>
                <hdop>4.7</hdop>
                <extensions>
                    <osmand:speed>0.1</osmand:speed>
                </extensions>
            </trkpt>
            <trkpt lat="43.6133663" lon="20.5517971">
                <ele>368</ele>
                <time>2026-05-10T10:21:06Z</time>
                <hdop>4.7</hdop>
                <extensions>
                    <osmand:speed>1.2</osmand:speed>
                </extensions>
            </trkpt>
            <trkpt lat="43.6133774" lon="20.5517169">
                <ele>367.1</ele>
                <time>2026-05-10T10:21:17Z</time>
                <hdop>4.7</hdop>
                <extensions>
                    <osmand:speed>1.1</osmand:speed>
                </extensions>
            </trkpt>
            <trkpt lat="43.6133632" lon="20.5517864">
                <ele>367.7</ele>
                <time>2026-05-10T10:21:26Z</time>
                <hdop>4.7</hdop>
                <extensions>
                    <osmand:speed>1.3</osmand:speed>
                </extensions>
            </trkpt>
            <trkpt lat="43.6133388" lon="20.5518453">
                <ele>370.1</ele>
                <time>2026-05-10T10:21:36Z</time>
                <hdop>4.7</hdop>
                <extensions>
                    <osmand:speed>0.9</osmand:speed>
                </extensions>
            </trkpt>
        </trkseg>
    </trk>
    <trk>
        <trkseg>
            <trkpt lat="43.6133553" lon="20.5518327">
                <ele>368.7</ele>
                <time>2026-05-10T10:24:40Z</time>
                <hdop>4.7</hdop>
                <extensions>
                    <osmand:speed>0.1</osmand:speed>
                </extensions>
            </trkpt>
            <trkpt lat="43.6133652" lon="20.5518307">
                <ele>369.4</ele>
                <time>2026-05-10T10:24:46Z</time>
                <hdop>4.7</hdop>
            </trkpt>
            <trkpt lat="43.6133637" lon="20.5518318">
                <ele>369.9</ele>
                <time>2026-05-10T10:24:52Z</time>
                <hdop>4.7</hdop>
                <extensions>
                    <osmand:speed>0</osmand:speed>
                </extensions>
            </trkpt>
            <trkpt lat="43.6133571" lon="20.5518296">
                <ele>369.3</ele>
                <time>2026-05-10T10:24:58Z</time>
                <hdop>4.7</hdop>
            </trkpt>
            <trkpt lat="43.6133558" lon="20.5518308">
                <ele>369.6</ele>
                <time>2026-05-10T10:25:04Z</time>
                <hdop>4.7</hdop>
            </trkpt>
            <trkpt lat="43.6133592" lon="20.551831">
                <ele>370</ele>
                <time>2026-05-10T10:25:10Z</time>
                <hdop>4.7</hdop>
            </trkpt>
            <trkpt lat="43.6133602" lon="20.5518308">
                <ele>369.8</ele>
                <time>2026-05-10T10:25:16Z</time>
                <hdop>4.7</hdop>
                <extensions>
                    <osmand:speed>0</osmand:speed>
                </extensions>
            </trkpt>
            <trkpt lat="43.6133595" lon="20.5518304">
                <ele>369.7</ele>
                <time>2026-05-10T10:25:22Z</time>
                <hdop>4.7</hdop>
                <extensions>
                    <osmand:speed>0</osmand:speed>
                </extensions>
            </trkpt>
            <trkpt lat="43.613362" lon="20.5518264">
                <ele>370</ele>
                <time>2026-05-10T10:25:28Z</time>
                <hdop>4.7</hdop>
                <extensions>
                    <osmand:speed>0</osmand:speed>
                </extensions>
            </trkpt>
            <trkpt lat="43.6133759" lon="20.5518444">
                <ele>369.1</ele>
                <time>2026-05-10T10:25:34Z</time>
                <hdop>4.7</hdop>
                <extensions>
                    <osmand:speed>0.3</osmand:speed>
                </extensions>
            </trkpt>
            <trkpt lat="43.6134094" lon="20.5518936">
                <ele>368.7</ele>
                <time>2026-05-10T10:25:42Z</time>
                <hdop>4.7</hdop>
                <extensions>
                    <osmand:speed>0.9</osmand:speed>
                </extensions>
            </trkpt>
            <trkpt lat="43.6134362" lon="20.55195">
                <ele>368.6</ele>
                <time>2026-05-10T10:25:49Z</time>
                <hdop>4.7</hdop>
                <extensions>
                    <osmand:speed>0.8</osmand:speed>
                </extensions>
            </trkpt>
            <trkpt lat="43.6135055" lon="20.5520487">
                <ele>367.1</ele>
                <time>2026-05-10T10:26:00Z</time>
                <hdop>4.7</hdop>
                <extensions>
                    <osmand:speed>0.9</osmand:speed>
                </extensions>
            </trkpt>
            <trkpt lat="43.6135265" lon="20.5520625">
                <ele>364.7</ele>
                <time>2026-05-10T10:26:18Z</time>
                <hdop>6.1</hdop>
            </trkpt>
            <trkpt lat="43.6134795" lon="20.5521057">
                <ele>363.1</ele>
                <time>2026-05-10T10:26:31Z</time>
                <hdop>7.7</hdop>
                <extensions>
                    <osmand:speed>0.1</osmand:speed>
                </extensions>
            </trkpt>
            <trkpt lat="43.6135146" lon="20.5521639">
                <ele>360.9</ele>
                <time>2026-05-10T10:26:48Z</time>
                <hdop>14.8</hdop>
                <extensions>
                    <osmand:speed>0.3</osmand:speed>
                </extensions>
            </trkpt>
            <trkpt lat="43.6135048" lon="20.552079">
                <ele>360.7</ele>
                <time>2026-05-10T10:26:55Z</time>
                <hdop>6</hdop>
            </trkpt>
            <trkpt lat="43.6134652" lon="20.5521195">
                <ele>359.4</ele>
                <time>2026-05-10T10:27:15Z</time>
                <hdop>13.7</hdop>
                <extensions>
                    <osmand:speed>0.4</osmand:speed>
                </extensions>
            </trkpt>
            <trkpt lat="43.6135061" lon="20.5521217">
                <ele>360.7</ele>
                <time>2026-05-10T10:27:47Z</time>
                <hdop>8.8</hdop>
                <extensions>
                    <osmand:speed>0.3</osmand:speed>
                </extensions>
            </trkpt>
            <trkpt lat="43.6134528" lon="20.5520948">
                <ele>359.1</ele>
                <time>2026-05-10T10:27:54Z</time>
                <hdop>24.7</hdop>
                <extensions>
                    <osmand:speed>0.6</osmand:speed>
                </extensions>
            </trkpt>
            <trkpt lat="43.6135694" lon="20.5520338">
                <ele>359.1</ele>
                <time>2026-05-10T10:28:00Z</time>
                <hdop>4.7</hdop>
                <extensions>
                    <osmand:speed>1.9</osmand:speed>
                </extensions>
            </trkpt>
            <trkpt lat="43.6135273" lon="20.5520074">
                <ele>359.9</ele>
                <time>2026-05-10T10:28:10Z</time>
                <hdop>4.7</hdop>
                <extensions>
                    <osmand:speed>0.4</osmand:speed>
                </extensions>
            </trkpt>
            <trkpt lat="43.6135775" lon="20.5520146">
                <ele>361.4</ele>
                <time>2026-05-10T10:29:11Z</time>
                <hdop>4.7</hdop>
                <extensions>
                    <osmand:speed>0.4</osmand:speed>
                </extensions>
            </trkpt>
            <trkpt lat="43.6135797" lon="20.5520804">
                <ele>362.9</ele>
                <time>2026-05-10T10:29:32Z</time>
                <hdop>4.7</hdop>
                <extensions>
                    <osmand:speed>0.1</osmand:speed>
                </extensions>
            </trkpt>
            <trkpt lat="43.6136095" lon="20.5521397">
                <ele>363.1</ele>
                <time>2026-05-10T10:29:43Z</time>
                <hdop>4.7</hdop>
                <extensions>
                    <osmand:speed>0.2</osmand:speed>
                </extensions>
            </trkpt>
            <trkpt lat="43.6137114" lon="20.5521646">
                <ele>362.7</ele>
                <time>2026-05-10T10:29:52Z</time>
                <hdop>4.7</hdop>
                <extensions>
                    <osmand:speed>1.2</osmand:speed>
                </extensions>
            </trkpt>
            <trkpt lat="43.6138091" lon="20.5522011">
                <ele>362</ele>
                <time>2026-05-10T10:30:01Z</time>
                <hdop>4.7</hdop>
                <extensions>
                    <osmand:speed>1</osmand:speed>
                </extensions>
            </trkpt>
            <trkpt lat="43.6138575" lon="20.5522057">
                <ele>361.4</ele>
                <time>2026-05-10T10:30:07Z</time>
                <hdop>4.7</hdop>
                <extensions>
                    <osmand:speed>1</osmand:speed>
                </extensions>
            </trkpt>
            <trkpt lat="43.6139618" lon="20.5522403">
                <ele>361.9</ele>
                <time>2026-05-10T10:30:17Z</time>
                <hdop>4.7</hdop>
                <extensions>
                    <osmand:speed>1.2</osmand:speed>
                </extensions>
            </trkpt>
            <trkpt lat="43.6140121" lon="20.5522452">
                <ele>360.5</ele>
                <time>2026-05-10T10:30:25Z</time>
                <hdop>4.7</hdop>
                <extensions>
                    <osmand:speed>0.7</osmand:speed>
                </extensions>
            </trkpt>
            <trkpt lat="43.6140594" lon="20.5523581">
                <ele>360.6</ele>
                <time>2026-05-10T10:30:33Z</time>
                <hdop>4.7</hdop>
                <extensions>
                    <osmand:speed>1.2</osmand:speed>
                </extensions>
            </trkpt>
            <trkpt lat="43.6140686" lon="20.5524125">
                <ele>361.6</ele>
                <time>2026-05-10T10:30:39Z</time>
                <hdop>4.7</hdop>
                <extensions>
                    <osmand:speed>0</osmand:speed>
                </extensions>
            </trkpt>
            <trkpt lat="43.6140507" lon="20.5524544">
                <ele>362.4</ele>
                <time>2026-05-10T10:30:45Z</time>
                <hdop>4.7</hdop>
                <extensions>
                    <osmand:speed>0.7</osmand:speed>
                </extensions>
            </trkpt>
            <trkpt lat="43.6140452" lon="20.5524922">
                <ele>363.9</ele>
                <time>2026-05-10T10:30:51Z</time>
                <hdop>4.7</hdop>
                <extensions>
                    <osmand:speed>0</osmand:speed>
                </extensions>
            </trkpt>
            <trkpt lat="43.6140393" lon="20.5524671">
                <ele>362.8</ele>
                <time>2026-05-10T10:30:57Z</time>
                <hdop>4.7</hdop>
                <extensions>
                    <osmand:speed>0</osmand:speed>
                </extensions>
            </trkpt>
            <trkpt lat="43.6140291" lon="20.5524496">
                <ele>361.4</ele>
                <time>2026-05-10T10:31:03Z</time>
                <hdop>4.7</hdop>
                <extensions>
                    <osmand:speed>0.1</osmand:speed>
                </extensions>
            </trkpt>
            <trkpt lat="43.6140374" lon="20.5524266">
                <ele>360.1</ele>
                <time>2026-05-10T10:31:09Z</time>
                <hdop>4.7</hdop>
                <extensions>
                    <osmand:speed>0</osmand:speed>
                </extensions>
            </trkpt>
            <trkpt lat="43.6140295" lon="20.5523877">
                <ele>358.8</ele>
                <time>2026-05-10T10:31:15Z</time>
                <hdop>4.7</hdop>
                <extensions>
                    <osmand:speed>0.1</osmand:speed>
                </extensions>
            </trkpt>
            <trkpt lat="43.6140204" lon="20.5523278">
                <ele>357.3</ele>
                <time>2026-05-10T10:31:21Z</time>
                <hdop>4.7</hdop>
                <extensions>
                    <osmand:speed>0.9</osmand:speed>
                </extensions>
            </trkpt>
            <trkpt lat="43.6140615" lon="20.5523571">
                <ele>356</ele>
                <time>2026-05-10T10:31:27Z</time>
                <hdop>4.7</hdop>
                <extensions>
                    <osmand:speed>1.5</osmand:speed>
                </extensions>
            </trkpt>
            <trkpt lat="43.6140913" lon="20.552426">
                <ele>355.3</ele>
                <time>2026-05-10T10:31:33Z</time>
                <hdop>4.7</hdop>
                <extensions>
                    <osmand:speed>1.1</osmand:speed>
                </extensions>
            </trkpt>
            <trkpt lat="43.6141433" lon="20.5524861">
                <ele>353.3</ele>
                <time>2026-05-10T10:31:39Z</time>
                <hdop>4.7</hdop>
                <extensions>
                    <osmand:speed>1.7</osmand:speed>
                </extensions>
            </trkpt>
            <trkpt lat="43.6141697" lon="20.5525821">
                <ele>351.7</ele>
                <time>2026-05-10T10:31:45Z</time>
                <hdop>4.7</hdop>
                <extensions>
                    <osmand:speed>1.4</osmand:speed>
                </extensions>
            </trkpt>
            <trkpt lat="43.6141931" lon="20.552671">
                <ele>350.7</ele>
                <time>2026-05-10T10:31:51Z</time>
                <hdop>4.7</hdop>
                <extensions>
                    <osmand:speed>1.5</osmand:speed>
                </extensions>
            </trkpt>
            <trkpt lat="43.6141901" lon="20.5527829">
                <ele>350</ele>
                <time>2026-05-10T10:31:57Z</time>
                <hdop>4.7</hdop>
                <extensions>
                    <osmand:speed>1.6</osmand:speed>
                </extensions>
            </trkpt>
            <trkpt lat="43.6141968" lon="20.552864">
                <ele>350.4</ele>
                <time>2026-05-10T10:32:03Z</time>
                <hdop>4.7</hdop>
                <extensions>
                    <osmand:speed>1.1</osmand:speed>
                </extensions>
            </trkpt>
        </trkseg>
        <trkseg/>
        <trkseg>
            <trkpt lat="43.6142037" lon="20.5528737">
                <ele>350.4</ele>
                <time>2026-05-10T10:32:04Z</time>
                <hdop>4.7</hdop>
                <extensions>
                    <osmand:speed>1</osmand:speed>
                </extensions>
            </trkpt>
            <trkpt lat="43.6142479" lon="20.5529316">
                <ele>349.4</ele>
                <time>2026-05-10T10:32:10Z</time>
                <hdop>4.7</hdop>
                <extensions>
                    <osmand:speed>1.2</osmand:speed>
                </extensions>
            </trkpt>
            <trkpt lat="43.6142976" lon="20.5529702">
                <ele>348.5</ele>
                <time>2026-05-10T10:32:16Z</time>
                <hdop>4.7</hdop>
                <extensions>
                    <osmand:speed>0.8</osmand:speed>
                </extensions>
            </trkpt>
            <trkpt lat="43.6143216" lon="20.5530213">
                <ele>346.9</ele>
                <time>2026-05-10T10:32:22Z</time>
                <hdop>4.7</hdop>
                <extensions>
                    <osmand:speed>0.8</osmand:speed>
                </extensions>
            </trkpt>
            <trkpt lat="43.6143514" lon="20.5530773">
                <ele>345</ele>
                <time>2026-05-10T10:32:28Z</time>
                <hdop>4.7</hdop>
                <extensions>
                    <osmand:speed>1</osmand:speed>
                </extensions>
            </trkpt>
            <trkpt lat="43.6143753" lon="20.5531222">
                <ele>343.6</ele>
                <time>2026-05-10T10:32:34Z</time>
                <hdop>4.7</hdop>
                <extensions>
                    <osmand:speed>0.7</osmand:speed>
                </extensions>
            </trkpt>
            <trkpt lat="43.6143824" lon="20.5531607">
                <ele>343.6</ele>
                <time>2026-05-10T10:32:40Z</time>
                <hdop>4.7</hdop>
            </trkpt>
            <trkpt lat="43.6143883" lon="20.5531735">
                <ele>343.7</ele>
                <time>2026-05-10T10:32:46Z</time>
                <hdop>4.7</hdop>
                <extensions>
                    <osmand:speed>0.1</osmand:speed>
                </extensions>
            </trkpt>
            <trkpt lat="43.6143826" lon="20.5531702">
                <ele>343.9</ele>
                <time>2026-05-10T10:32:52Z</time>
                <hdop>4.7</hdop>
                <extensions>
                    <osmand:speed>0.1</osmand:speed>
                </extensions>
            </trkpt>
            <trkpt lat="43.6143492" lon="20.5531189">
                <ele>344.8</ele>
                <time>2026-05-10T10:32:58Z</time>
                <hdop>4.7</hdop>
                <extensions>
                    <osmand:speed>0.1</osmand:speed>
                </extensions>
            </trkpt>
            <trkpt lat="43.6142833" lon="20.5529909">
                <ele>348.1</ele>
                <time>2026-05-10T10:33:04Z</time>
                <hdop>4.7</hdop>
                <extensions>
                    <osmand:speed>2.1</osmand:speed>
                </extensions>
            </trkpt>
            <trkpt lat="43.6142069" lon="20.5529245">
                <ele>349.3</ele>
                <time>2026-05-10T10:33:10Z</time>
                <hdop>4.7</hdop>
                <extensions>
                    <osmand:speed>1.4</osmand:speed>
                </extensions>
            </trkpt>
            <trkpt lat="43.6141055" lon="20.5529074">
                <ele>352</ele>
                <time>2026-05-10T10:33:16Z</time>
                <hdop>4.7</hdop>
                <extensions>
                    <osmand:speed>1.4</osmand:speed>
                </extensions>
            </trkpt>
            <trkpt lat="43.6141534" lon="20.5528762">
                <ele>351.6</ele>
                <time>2026-05-10T10:33:22Z</time>
                <hdop>4.7</hdop>
                <extensions>
                    <osmand:speed>0.1</osmand:speed>
                </extensions>
            </trkpt>
            <trkpt lat="43.6142398" lon="20.5529316">
                <ele>350.6</ele>
                <time>2026-05-10T10:33:28Z</time>
                <hdop>4.7</hdop>
                <extensions>
                    <osmand:speed>1.8</osmand:speed>
                </extensions>
            </trkpt>
            <trkpt lat="43.6142709" lon="20.5529455">
                <ele>349.3</ele>
                <time>2026-05-10T10:33:34Z</time>
                <hdop>4.7</hdop>
                <extensions>
                    <osmand:speed>0.7</osmand:speed>
                </extensions>
            </trkpt>
            <trkpt lat="43.6142778" lon="20.5530137">
                <ele>349.4</ele>
                <time>2026-05-10T10:33:40Z</time>
                <hdop>4.7</hdop>
                <extensions>
                    <osmand:speed>1.1</osmand:speed>
                </extensions>
            </trkpt>
            <trkpt lat="43.6142693" lon="20.5530506">
                <ele>351</ele>
                <time>2026-05-10T10:33:46Z</time>
                <hdop>4.7</hdop>
                <extensions>
                    <osmand:speed>0.5</osmand:speed>
                </extensions>
            </trkpt>
            <trkpt lat="43.6142661" lon="20.5531143">
                <ele>352.4</ele>
                <time>2026-05-10T10:33:52Z</time>
                <hdop>4.7</hdop>
                <extensions>
                    <osmand:speed>1.3</osmand:speed>
                </extensions>
            </trkpt>
            <trkpt lat="43.6142324" lon="20.5531413">
                <ele>353.7</ele>
                <time>2026-05-10T10:33:58Z</time>
                <hdop>4.7</hdop>
                <extensions>
                    <osmand:speed>0.8</osmand:speed>
                </extensions>
            </trkpt>
            <trkpt lat="43.6142028" lon="20.5531851">
                <ele>355</ele>
                <time>2026-05-10T10:34:04Z</time>
                <hdop>4.7</hdop>
                <extensions>
                    <osmand:speed>0.8</osmand:speed>
                </extensions>
            </trkpt>
            <trkpt lat="43.614177" lon="20.5531815">
                <ele>356.5</ele>
                <time>2026-05-10T10:34:10Z</time>
                <hdop>4.7</hdop>
                <extensions>
                    <osmand:speed>0.6</osmand:speed>
                </extensions>
            </trkpt>
            <trkpt lat="43.6141616" lon="20.5532178">
                <ele>359</ele>
                <time>2026-05-10T10:34:16Z</time>
                <hdop>4.7</hdop>
                <extensions>
                    <osmand:speed>0.4</osmand:speed>
                </extensions>
            </trkpt>
            <trkpt lat="43.6141652" lon="20.5532277">
                <ele>360.1</ele>
                <time>2026-05-10T10:34:22Z</time>
                <hdop>4.7</hdop>
                <extensions>
                    <osmand:speed>0</osmand:speed>
                </extensions>
            </trkpt>
            <trkpt lat="43.6141666" lon="20.5532337">
                <ele>360.2</ele>
                <time>2026-05-10T10:34:28Z</time>
                <hdop>4.7</hdop>
                <extensions>
                    <osmand:speed>0.2</osmand:speed>
                </extensions>
            </trkpt>
            <trkpt lat="43.6141583" lon="20.5533199">
                <ele>360.5</ele>
                <time>2026-05-10T10:34:34Z</time>
                <hdop>4.7</hdop>
                <extensions>
                    <osmand:speed>1.1</osmand:speed>
                </extensions>
            </trkpt>
            <trkpt lat="43.614163" lon="20.553351">
                <ele>360</ele>
                <time>2026-05-10T10:34:40Z</time>
                <hdop>4.7</hdop>
                <extensions>
                    <osmand:speed>0</osmand:speed>
                </extensions>
            </trkpt>
            <trkpt lat="43.6141568" lon="20.5533372">
                <ele>359.9</ele>
                <time>2026-05-10T10:34:46Z</time>
                <hdop>4.7</hdop>
            </trkpt>
            <trkpt lat="43.6141592" lon="20.5533413">
                <ele>359.8</ele>
                <time>2026-05-10T10:34:52Z</time>
                <hdop>4.7</hdop>
                <extensions>
                    <osmand:speed>0.3</osmand:speed>
                </extensions>
            </trkpt>
            <trkpt lat="43.6141627" lon="20.5533469">
                <ele>359.9</ele>
                <time>2026-05-10T10:34:58Z</time>
                <hdop>4.7</hdop>
                <extensions>
                    <osmand:speed>0.4</osmand:speed>
                </extensions>
            </trkpt>
            <trkpt lat="43.61416" lon="20.5533422">
                <ele>359.2</ele>
                <time>2026-05-10T10:35:04Z</time>
                <hdop>4.7</hdop>
                <extensions>
                    <osmand:speed>0.1</osmand:speed>
                </extensions>
            </trkpt>
            <trkpt lat="43.6141605" lon="20.5533353">
                <ele>359.8</ele>
                <time>2026-05-10T10:35:10Z</time>
                <hdop>4.7</hdop>
                <extensions>
                    <osmand:speed>0.1</osmand:speed>
                </extensions>
            </trkpt>
            <trkpt lat="43.614163" lon="20.5533383">
                <ele>359.9</ele>
                <time>2026-05-10T10:35:16Z</time>
                <hdop>4.7</hdop>
            </trkpt>
            <trkpt lat="43.6141581" lon="20.5533954">
                <ele>359.2</ele>
                <time>2026-05-10T10:35:22Z</time>
                <hdop>4.7</hdop>
                <extensions>
                    <osmand:speed>0.8</osmand:speed>
                </extensions>
            </trkpt>
            <trkpt lat="43.6141667" lon="20.5534019">
                <ele>359.2</ele>
                <time>2026-05-10T10:35:28Z</time>
                <hdop>4.7</hdop>
                <extensions>
                    <osmand:speed>0.4</osmand:speed>
                </extensions>
            </trkpt>
            <trkpt lat="43.6141769" lon="20.5534904">
                <ele>358.5</ele>
                <time>2026-05-10T10:35:34Z</time>
                <hdop>4.7</hdop>
                <extensions>
                    <osmand:speed>1.4</osmand:speed>
                </extensions>
            </trkpt>
            <trkpt lat="43.6142067" lon="20.5536389">
                <ele>357.5</ele>
                <time>2026-05-10T10:35:46Z</time>
                <hdop>4.7</hdop>
                <extensions>
                    <osmand:speed>1.4</osmand:speed>
                </extensions>
            </trkpt>
            <trkpt lat="43.6142431" lon="20.5537621">
                <ele>355.4</ele>
                <time>2026-05-10T10:35:54Z</time>
                <hdop>4.7</hdop>
                <extensions>
                    <osmand:speed>1.4</osmand:speed>
                </extensions>
            </trkpt>
            <trkpt lat="43.6142377" lon="20.5538886">
                <ele>352.1</ele>
                <time>2026-05-10T10:36:01Z</time>
                <hdop>4.7</hdop>
                <extensions>
                    <osmand:speed>1.8</osmand:speed>
                </extensions>
            </trkpt>
            <trkpt lat="43.6142462" lon="20.5540299">
                <ele>348.6</ele>
                <time>2026-05-10T10:36:08Z</time>
                <hdop>4.7</hdop>
                <extensions>
                    <osmand:speed>1.8</osmand:speed>
                </extensions>
            </trkpt>
            <trkpt lat="43.6142943" lon="20.5541651">
                <ele>347.8</ele>
                <time>2026-05-10T10:36:30Z</time>
                <hdop>4.7</hdop>
                <extensions>
                    <osmand:speed>0.2</osmand:speed>
                </extensions>
            </trkpt>
            <trkpt lat="43.6143403" lon="20.5542826">
                <ele>344.5</ele>
                <time>2026-05-10T10:36:41Z</time>
                <hdop>4.7</hdop>
                <extensions>
                    <osmand:speed>0.2</osmand:speed>
                </extensions>
            </trkpt>
            <trkpt lat="43.6143572" lon="20.5543516">
                <ele>342.2</ele>
                <time>2026-05-10T10:36:47Z</time>
                <hdop>4.7</hdop>
                <extensions>
                    <osmand:speed>0.1</osmand:speed>
                </extensions>
            </trkpt>
            <trkpt lat="43.6144044" lon="20.5544744">
                <ele>339.3</ele>
                <time>2026-05-10T10:36:56Z</time>
                <hdop>4.7</hdop>
                <extensions>
                    <osmand:speed>0.2</osmand:speed>
                </extensions>
            </trkpt>
            <trkpt lat="43.6144597" lon="20.5546063">
                <ele>339.2</ele>
                <time>2026-05-10T10:37:03Z</time>
                <hdop>4.7</hdop>
                <extensions>
                    <osmand:speed>0.1</osmand:speed>
                </extensions>
            </trkpt>
            <trkpt lat="43.6144914" lon="20.5547371">
                <ele>342.2</ele>
                <time>2026-05-10T10:37:11Z</time>
                <hdop>4.7</hdop>
                <extensions>
                    <osmand:speed>0.4</osmand:speed>
                </extensions>
            </trkpt>
            <trkpt lat="43.6145241" lon="20.5548803">
                <ele>344.3</ele>
                <time>2026-05-10T10:37:19Z</time>
                <hdop>4.7</hdop>
                <extensions>
                    <osmand:speed>0.2</osmand:speed>
                </extensions>
            </trkpt>
            <trkpt lat="43.6145428" lon="20.5550157">
                <ele>346.1</ele>
                <time>2026-05-10T10:37:28Z</time>
                <hdop>4.7</hdop>
                <extensions>
                    <osmand:speed>0.1</osmand:speed>
                </extensions>
            </trkpt>
            <trkpt lat="43.6145575" lon="20.5551547">
                <ele>348.6</ele>
                <time>2026-05-10T10:37:36Z</time>
                <hdop>4.7</hdop>
                <extensions>
                    <osmand:speed>0.2</osmand:speed>
                </extensions>
            </trkpt>
            <trkpt lat="43.614574" lon="20.5552215">
                <ele>350.1</ele>
                <time>2026-05-10T10:37:44Z</time>
                <hdop>4.7</hdop>
                <extensions>
                    <osmand:speed>0.1</osmand:speed>
                </extensions>
            </trkpt>
            <trkpt lat="43.6146062" lon="20.5553659">
                <ele>351.6</ele>
                <time>2026-05-10T10:37:52Z</time>
                <hdop>4.7</hdop>
                <extensions>
                    <osmand:speed>1.4</osmand:speed>
                </extensions>
            </trkpt>
            <trkpt lat="43.6146491" lon="20.5554945">
                <ele>352.5</ele>
                <time>2026-05-10T10:38:01Z</time>
                <hdop>4.7</hdop>
                <extensions>
                    <osmand:speed>1.4</osmand:speed>
                </extensions>
            </trkpt>
            <trkpt lat="43.6146609" lon="20.5556299">
                <ele>354.2</ele>
                <time>2026-05-10T10:38:09Z</time>
                <hdop>4.7</hdop>
                <extensions>
                    <osmand:speed>1.2</osmand:speed>
                </extensions>
            </trkpt>
            <trkpt lat="43.614685" lon="20.5557623">
                <ele>355</ele>
                <time>2026-05-10T10:39:18Z</time>
                <hdop>4.7</hdop>
                <extensions>
                    <osmand:speed>0.3</osmand:speed>
                </extensions>
            </trkpt>
            <trkpt lat="43.6147075" lon="20.5558231">
                <ele>355.2</ele>
                <time>2026-05-10T10:39:25Z</time>
                <hdop>4.7</hdop>
                <extensions>
                    <osmand:speed>1.1</osmand:speed>
                </extensions>
            </trkpt>
            <trkpt lat="43.6147318" lon="20.5559562">
                <ele>357.3</ele>
                <time>2026-05-10T10:39:33Z</time>
                <hdop>4.7</hdop>
                <extensions>
                    <osmand:speed>1.4</osmand:speed>
                </extensions>
            </trkpt>
            <trkpt lat="43.614757" lon="20.5560775">
                <ele>358.6</ele>
                <time>2026-05-10T10:39:41Z</time>
                <hdop>4.7</hdop>
                <extensions>
                    <osmand:speed>1.2</osmand:speed>
                </extensions>
            </trkpt>
            <trkpt lat="43.6147988" lon="20.5562017">
                <ele>362.5</ele>
                <time>2026-05-10T10:39:49Z</time>
                <hdop>4.7</hdop>
                <extensions>
                    <osmand:speed>1.4</osmand:speed>
                </extensions>
            </trkpt>
            <trkpt lat="43.6148719" lon="20.5563021">
                <ele>364.2</ele>
                <time>2026-05-10T10:39:58Z</time>
                <hdop>4.7</hdop>
                <extensions>
                    <osmand:speed>1.3</osmand:speed>
                </extensions>
            </trkpt>
            <trkpt lat="43.6148784" lon="20.5563756">
                <ele>365.8</ele>
                <time>2026-05-10T10:40:04Z</time>
                <hdop>4.7</hdop>
                <extensions>
                    <osmand:speed>1.1</osmand:speed>
                </extensions>
            </trkpt>
            <trkpt lat="43.6149325" lon="20.5564831">
                <ele>367.5</ele>
                <time>2026-05-10T10:40:13Z</time>
                <hdop>4.7</hdop>
                <extensions>
                    <osmand:speed>1.3</osmand:speed>
                </extensions>
            </trkpt>
            <trkpt lat="43.6149521" lon="20.5566175">
                <ele>369.7</ele>
                <time>2026-05-10T10:40:22Z</time>
                <hdop>4.7</hdop>
                <extensions>
                    <osmand:speed>1.2</osmand:speed>
                </extensions>
            </trkpt>
            <trkpt lat="43.6149314" lon="20.5566785">
                <ele>371.7</ele>
                <time>2026-05-10T10:40:59Z</time>
                <hdop>4.7</hdop>
                <extensions>
                    <osmand:speed>0.5</osmand:speed>
                </extensions>
            </trkpt>
            <trkpt lat="43.6149627" lon="20.556799">
                <ele>374</ele>
                <time>2026-05-10T10:41:08Z</time>
                <hdop>4.7</hdop>
                <extensions>
                    <osmand:speed>1.1</osmand:speed>
                </extensions>
            </trkpt>
            <trkpt lat="43.6150174" lon="20.5569223">
                <ele>376.6</ele>
                <time>2026-05-10T10:41:17Z</time>
                <hdop>4.7</hdop>
                <extensions>
                    <osmand:speed>1.4</osmand:speed>
                </extensions>
            </trkpt>
            <trkpt lat="43.6150546" lon="20.5570439">
                <ele>377.6</ele>
                <time>2026-05-10T10:41:26Z</time>
                <hdop>4.7</hdop>
                <extensions>
                    <osmand:speed>1.2</osmand:speed>
                </extensions>
            </trkpt>
            <trkpt lat="43.6150728" lon="20.5571757">
                <ele>380.4</ele>
                <time>2026-05-10T10:41:35Z</time>
                <hdop>4.7</hdop>
                <extensions>
                    <osmand:speed>0.9</osmand:speed>
                </extensions>
            </trkpt>
            <trkpt lat="43.615105" lon="20.5572276">
                <ele>381.2</ele>
                <time>2026-05-10T10:41:41Z</time>
                <hdop>4.7</hdop>
                <extensions>
                    <osmand:speed>1.2</osmand:speed>
                </extensions>
            </trkpt>
            <trkpt lat="43.6151468" lon="20.5572721">
                <ele>383.3</ele>
                <time>2026-05-10T10:41:48Z</time>
                <hdop>4.7</hdop>
                <extensions>
                    <osmand:speed>1</osmand:speed>
                </extensions>
            </trkpt>
            <trkpt lat="43.6151656" lon="20.5573317">
                <ele>385.4</ele>
                <time>2026-05-10T10:41:54Z</time>
                <hdop>4.7</hdop>
                <extensions>
                    <osmand:speed>0.8</osmand:speed>
                </extensions>
            </trkpt>
            <trkpt lat="43.6151611" lon="20.5573355">
                <ele>384.4</ele>
                <time>2026-05-10T10:42:02Z</time>
                <hdop>4.7</hdop>
                <extensions>
                    <osmand:speed>0.1</osmand:speed>
                </extensions>
            </trkpt>
            <trkpt lat="43.6151598" lon="20.5573458">
                <ele>384.5</ele>
                <time>2026-05-10T10:42:08Z</time>
                <hdop>4.7</hdop>
            </trkpt>
            <trkpt lat="43.6151578" lon="20.5573456">
                <ele>384.9</ele>
                <time>2026-05-10T10:42:14Z</time>
                <hdop>4.7</hdop>
                <extensions>
                    <osmand:speed>0</osmand:speed>
                </extensions>
            </trkpt>
        </trkseg>
    </trk>
    <trk>
        <trkseg>
            <trkpt lat="43.6151679" lon="20.5573247">
                <ele>383.8</ele>
                <time>2026-05-10T10:46:42Z</time>
                <hdop>4.7</hdop>
                <extensions>
                    <osmand:speed>0.2</osmand:speed>
                </extensions>
            </trkpt>
            <trkpt lat="43.6151607" lon="20.5573347">
                <ele>385.1</ele>
                <time>2026-05-10T10:46:48Z</time>
                <hdop>4.7</hdop>
                <extensions>
                    <osmand:speed>0</osmand:speed>
                </extensions>
            </trkpt>
            <trkpt lat="43.6151557" lon="20.5574019">
                <ele>386.2</ele>
                <time>2026-05-10T10:46:54Z</time>
                <hdop>4.7</hdop>
                <extensions>
                    <osmand:speed>1</osmand:speed>
                </extensions>
            </trkpt>
            <trkpt lat="43.6151493" lon="20.5574475">
                <ele>386.9</ele>
                <time>2026-05-10T10:47:00Z</time>
                <hdop>4.7</hdop>
                <extensions>
                    <osmand:speed>1</osmand:speed>
                </extensions>
            </trkpt>
            <trkpt lat="43.6151346" lon="20.5575315">
                <ele>387.3</ele>
                <time>2026-05-10T10:47:06Z</time>
                <hdop>4.7</hdop>
                <extensions>
                    <osmand:speed>1.2</osmand:speed>
                </extensions>
            </trkpt>
            <trkpt lat="43.6151392" lon="20.5575654">
                <ele>388.5</ele>
                <time>2026-05-10T10:47:12Z</time>
                <hdop>4.7</hdop>
                <extensions>
                    <osmand:speed>0</osmand:speed>
                </extensions>
            </trkpt>
            <trkpt lat="43.6151391" lon="20.5575621">
                <ele>387.8</ele>
                <time>2026-05-10T10:47:18Z</time>
                <hdop>4.7</hdop>
                <extensions>
                    <osmand:speed>0</osmand:speed>
                </extensions>
            </trkpt>
            <trkpt lat="43.6151389" lon="20.5575235">
                <ele>386.9</ele>
                <time>2026-05-10T10:47:24Z</time>
                <hdop>4.7</hdop>
                <extensions>
                    <osmand:speed>0</osmand:speed>
                </extensions>
            </trkpt>
            <trkpt lat="43.6151847" lon="20.5574899">
                <ele>389.6</ele>
                <time>2026-05-10T10:47:30Z</time>
                <hdop>4.7</hdop>
                <extensions>
                    <osmand:speed>1.3</osmand:speed>
                </extensions>
            </trkpt>
            <trkpt lat="43.6152309" lon="20.5574856">
                <ele>391.6</ele>
                <time>2026-05-10T10:47:36Z</time>
                <hdop>4.7</hdop>
                <extensions>
                    <osmand:speed>0.8</osmand:speed>
                </extensions>
            </trkpt>
            <trkpt lat="43.6152512" lon="20.5575051">
                <ele>392.6</ele>
                <time>2026-05-10T10:47:42Z</time>
                <hdop>4.7</hdop>
                <extensions>
                    <osmand:speed>0.1</osmand:speed>
                </extensions>
            </trkpt>
            <trkpt lat="43.6152842" lon="20.5575502">
                <ele>393.8</ele>
                <time>2026-05-10T10:47:48Z</time>
                <hdop>4.7</hdop>
                <extensions>
                    <osmand:speed>1.1</osmand:speed>
                </extensions>
            </trkpt>
            <trkpt lat="43.61534" lon="20.5576094">
                <ele>395.9</ele>
                <time>2026-05-10T10:47:54Z</time>
                <hdop>4.7</hdop>
                <extensions>
                    <osmand:speed>0.7</osmand:speed>
                </extensions>
            </trkpt>
            <trkpt lat="43.6153076" lon="20.5576151">
                <ele>396.8</ele>
                <time>2026-05-10T10:48:01Z</time>
                <hdop>4.7</hdop>
                <extensions>
                    <osmand:speed>0</osmand:speed>
                </extensions>
            </trkpt>
            <trkpt lat="43.6152566" lon="20.5576287">
                <ele>398.9</ele>
                <time>2026-05-10T10:48:07Z</time>
                <hdop>4.7</hdop>
                <extensions>
                    <osmand:speed>0.3</osmand:speed>
                </extensions>
            </trkpt>
            <trkpt lat="43.6152149" lon="20.5576773">
                <ele>400</ele>
                <time>2026-05-10T10:48:13Z</time>
                <hdop>4.7</hdop>
                <extensions>
                    <osmand:speed>0.7</osmand:speed>
                </extensions>
            </trkpt>
            <trkpt lat="43.6151963" lon="20.557742">
                <ele>399.3</ele>
                <time>2026-05-10T10:48:19Z</time>
                <hdop>4.7</hdop>
                <extensions>
                    <osmand:speed>1</osmand:speed>
                </extensions>
            </trkpt>
            <trkpt lat="43.615183" lon="20.5578178">
                <ele>400.3</ele>
                <time>2026-05-10T10:48:25Z</time>
                <hdop>4.7</hdop>
                <extensions>
                    <osmand:speed>1.1</osmand:speed>
                </extensions>
            </trkpt>
            <trkpt lat="43.61518" lon="20.5578525">
                <ele>400.6</ele>
                <time>2026-05-10T10:48:31Z</time>
                <hdop>4.7</hdop>
                <extensions>
                    <osmand:speed>0.8</osmand:speed>
                </extensions>
            </trkpt>
            <trkpt lat="43.6151814" lon="20.5578866">
                <ele>401.1</ele>
                <time>2026-05-10T10:48:37Z</time>
                <hdop>4.7</hdop>
                <extensions>
                    <osmand:speed>0</osmand:speed>
                </extensions>
            </trkpt>
            <trkpt lat="43.6152255" lon="20.5578255">
                <ele>402.4</ele>
                <time>2026-05-10T10:48:43Z</time>
                <hdop>4.7</hdop>
                <extensions>
                    <osmand:speed>0.4</osmand:speed>
                </extensions>
            </trkpt>
            <trkpt lat="43.6152392" lon="20.5577855">
                <ele>403.1</ele>
                <time>2026-05-10T10:48:49Z</time>
                <hdop>4.7</hdop>
                <extensions>
                    <osmand:speed>0.2</osmand:speed>
                </extensions>
            </trkpt>
            <trkpt lat="43.6152692" lon="20.5577291">
                <ele>403.5</ele>
                <time>2026-05-10T10:48:55Z</time>
                <hdop>4.7</hdop>
                <extensions>
                    <osmand:speed>0.1</osmand:speed>
                </extensions>
            </trkpt>
            <trkpt lat="43.6152914" lon="20.5577412">
                <ele>404.6</ele>
                <time>2026-05-10T10:49:01Z</time>
                <hdop>4.7</hdop>
                <extensions>
                    <osmand:speed>0.5</osmand:speed>
                </extensions>
            </trkpt>
            <trkpt lat="43.6152953" lon="20.5577429">
                <ele>405.5</ele>
                <time>2026-05-10T10:49:07Z</time>
                <hdop>4.7</hdop>
                <extensions>
                    <osmand:speed>0</osmand:speed>
                </extensions>
            </trkpt>
            <trkpt lat="43.6153149" lon="20.5577852">
                <ele>408.4</ele>
                <time>2026-05-10T10:49:13Z</time>
                <hdop>4.7</hdop>
                <extensions>
                    <osmand:speed>0.7</osmand:speed>
                </extensions>
            </trkpt>
            <trkpt lat="43.6153103" lon="20.5578254">
                <ele>408.9</ele>
                <time>2026-05-10T10:49:19Z</time>
                <hdop>4.7</hdop>
                <extensions>
                    <osmand:speed>0.6</osmand:speed>
                </extensions>
            </trkpt>
            <trkpt lat="43.6153429" lon="20.5578661">
                <ele>410.9</ele>
                <time>2026-05-10T10:49:25Z</time>
                <hdop>4.7</hdop>
                <extensions>
                    <osmand:speed>0.6</osmand:speed>
                </extensions>
            </trkpt>
            <trkpt lat="43.6153374" lon="20.5578588">
                <ele>410.9</ele>
                <time>2026-05-10T10:49:31Z</time>
                <hdop>4.7</hdop>
                <extensions>
                    <osmand:speed>0.2</osmand:speed>
                </extensions>
            </trkpt>
            <trkpt lat="43.6153391" lon="20.5578587">
                <ele>410.7</ele>
                <time>2026-05-10T10:49:37Z</time>
                <hdop>4.7</hdop>
                <extensions>
                    <osmand:speed>0.1</osmand:speed>
                </extensions>
            </trkpt>
            <trkpt lat="43.615333" lon="20.5578604">
                <ele>410.6</ele>
                <time>2026-05-10T10:49:43Z</time>
                <hdop>4.7</hdop>
                <extensions>
                    <osmand:speed>0</osmand:speed>
                </extensions>
            </trkpt>
            <trkpt lat="43.6153344" lon="20.5578613">
                <ele>410.8</ele>
                <time>2026-05-10T10:49:49Z</time>
                <hdop>4.7</hdop>
                <extensions>
                    <osmand:speed>0.1</osmand:speed>
                </extensions>
            </trkpt>
            <trkpt lat="43.6153356" lon="20.5578609">
                <ele>411.1</ele>
                <time>2026-05-10T10:49:55Z</time>
                <hdop>4.7</hdop>
                <extensions>
                    <osmand:speed>0.2</osmand:speed>
                </extensions>
            </trkpt>
        </trkseg>
    </trk>
    <trk>
        <trkseg>
            <trkpt lat="43.616508" lon="20.5592261">
                <ele>442.6</ele>
                <time>2026-05-10T10:59:24Z</time>
                <hdop>4.7</hdop>
                <extensions>
                    <osmand:speed>0</osmand:speed>
                </extensions>
            </trkpt>
            <trkpt lat="43.6165058" lon="20.559222">
                <ele>442.5</ele>
                <time>2026-05-10T10:59:30Z</time>
                <hdop>4.7</hdop>
                <extensions>
                    <osmand:speed>0</osmand:speed>
                </extensions>
            </trkpt>
            <trkpt lat="43.6165046" lon="20.5592184">
                <ele>442.3</ele>
                <time>2026-05-10T10:59:36Z</time>
                <hdop>4.7</hdop>
            </trkpt>
            <trkpt lat="43.6165055" lon="20.5592157">
                <ele>442.6</ele>
                <time>2026-05-10T10:59:42Z</time>
                <hdop>4.7</hdop>
            </trkpt>
            <trkpt lat="43.6165079" lon="20.5592138">
                <ele>442.5</ele>
                <time>2026-05-10T10:59:48Z</time>
                <hdop>4.7</hdop>
                <extensions>
                    <osmand:speed>0</osmand:speed>
                </extensions>
            </trkpt>
            <trkpt lat="43.6165081" lon="20.559213">
                <ele>443.2</ele>
                <time>2026-05-10T10:59:54Z</time>
                <hdop>4.7</hdop>
            </trkpt>
            <trkpt lat="43.6165086" lon="20.5592146">
                <ele>443.2</ele>
                <time>2026-05-10T11:00:00Z</time>
                <hdop>4.7</hdop>
            </trkpt>
            <trkpt lat="43.6165064" lon="20.5592147">
                <ele>443.2</ele>
                <time>2026-05-10T11:00:06Z</time>
                <hdop>4.7</hdop>
            </trkpt>
            <trkpt lat="43.6165055" lon="20.5592116">
                <ele>443.4</ele>
                <time>2026-05-10T11:00:12Z</time>
                <hdop>4.7</hdop>
                <extensions>
                    <osmand:speed>0.1</osmand:speed>
                </extensions>
            </trkpt>
            <trkpt lat="43.6165086" lon="20.5592236">
                <ele>442.8</ele>
                <time>2026-05-10T11:00:18Z</time>
                <hdop>4.7</hdop>
                <extensions>
                    <osmand:speed>0.4</osmand:speed>
                </extensions>
            </trkpt>
            <trkpt lat="43.6165091" lon="20.5592279">
                <ele>443.4</ele>
                <time>2026-05-10T11:00:24Z</time>
                <hdop>4.7</hdop>
                <extensions>
                    <osmand:speed>0</osmand:speed>
                </extensions>
            </trkpt>
            <trkpt lat="43.6165065" lon="20.5592289">
                <ele>443.4</ele>
                <time>2026-05-10T11:00:30Z</time>
                <hdop>4.7</hdop>
            </trkpt>
            <trkpt lat="43.6165053" lon="20.5592337">
                <ele>443</ele>
                <time>2026-05-10T11:00:36Z</time>
                <hdop>4.7</hdop>
            </trkpt>
            <trkpt lat="43.6165066" lon="20.5592329">
                <ele>443.1</ele>
                <time>2026-05-10T11:00:42Z</time>
                <hdop>4.7</hdop>
                <extensions>
                    <osmand:speed>0</osmand:speed>
                </extensions>
            </trkpt>
            <trkpt lat="43.61651" lon="20.5592337">
                <ele>443.3</ele>
                <time>2026-05-10T11:00:48Z</time>
                <hdop>4.7</hdop>
            </trkpt>
            <trkpt lat="43.6165192" lon="20.5592234">
                <ele>443.4</ele>
                <time>2026-05-10T11:00:54Z</time>
                <hdop>4.7</hdop>
                <extensions>
                    <osmand:speed>0.2</osmand:speed>
                </extensions>
            </trkpt>
            <trkpt lat="43.6165161" lon="20.5592272">
                <ele>442.7</ele>
                <time>2026-05-10T11:01:00Z</time>
                <hdop>4.7</hdop>
                <extensions>
                    <osmand:speed>0.1</osmand:speed>
                </extensions>
            </trkpt>
            <trkpt lat="43.6165191" lon="20.5592393">
                <ele>443</ele>
                <time>2026-05-10T11:01:06Z</time>
                <hdop>4.7</hdop>
                <extensions>
                    <osmand:speed>0</osmand:speed>
                </extensions>
            </trkpt>
            <trkpt lat="43.6165244" lon="20.5592442">
                <ele>443</ele>
                <time>2026-05-10T11:01:13Z</time>
                <hdop>4.7</hdop>
                <extensions>
                    <osmand:speed>0.3</osmand:speed>
                </extensions>
            </trkpt>
            <trkpt lat="43.616558" lon="20.5592691">
                <ele>443.3</ele>
                <time>2026-05-10T11:01:19Z</time>
                <hdop>4.7</hdop>
                <extensions>
                    <osmand:speed>0.6</osmand:speed>
                </extensions>
            </trkpt>
            <trkpt lat="43.6165806" lon="20.5592796">
                <ele>444.7</ele>
                <time>2026-05-10T11:01:25Z</time>
                <hdop>4.7</hdop>
                <extensions>
                    <osmand:speed>0.6</osmand:speed>
                </extensions>
            </trkpt>
            <trkpt lat="43.6165772" lon="20.5592778">
                <ele>444.7</ele>
                <time>2026-05-10T11:01:31Z</time>
                <hdop>4.7</hdop>
                <extensions>
                    <osmand:speed>0.2</osmand:speed>
                </extensions>
            </trkpt>
            <trkpt lat="43.6166066" lon="20.5593247">
                <ele>445.7</ele>
                <time>2026-05-10T11:01:37Z</time>
                <hdop>4.7</hdop>
                <extensions>
                    <osmand:speed>0.6</osmand:speed>
                </extensions>
            </trkpt>
            <trkpt lat="43.6166211" lon="20.5593527">
                <ele>445.9</ele>
                <time>2026-05-10T11:01:43Z</time>
                <hdop>4.7</hdop>
                <extensions>
                    <osmand:speed>0.2</osmand:speed>
                </extensions>
            </trkpt>
            <trkpt lat="43.6166488" lon="20.5593928">
                <ele>446.4</ele>
                <time>2026-05-10T11:01:49Z</time>
                <hdop>4.7</hdop>
                <extensions>
                    <osmand:speed>0.5</osmand:speed>
                </extensions>
            </trkpt>
            <trkpt lat="43.616743" lon="20.5594891">
                <ele>448.2</ele>
                <time>2026-05-10T11:02:06Z</time>
                <hdop>4.7</hdop>
                <extensions>
                    <osmand:speed>1.3</osmand:speed>
                </extensions>
            </trkpt>
            <trkpt lat="43.6167837" lon="20.5595226">
                <ele>448.3</ele>
                <time>2026-05-10T11:02:12Z</time>
                <hdop>4.7</hdop>
                <extensions>
                    <osmand:speed>1</osmand:speed>
                </extensions>
            </trkpt>
            <trkpt lat="43.6168186" lon="20.5595889">
                <ele>449.1</ele>
                <time>2026-05-10T11:02:18Z</time>
                <hdop>4.7</hdop>
                <extensions>
                    <osmand:speed>1.4</osmand:speed>
                </extensions>
            </trkpt>
            <trkpt lat="43.6168641" lon="20.5596065">
                <ele>450.9</ele>
                <time>2026-05-10T11:02:24Z</time>
                <hdop>4.7</hdop>
                <extensions>
                    <osmand:speed>0.8</osmand:speed>
                </extensions>
            </trkpt>
            <trkpt lat="43.6169125" lon="20.5595734">
                <ele>453.7</ele>
                <time>2026-05-10T11:02:42Z</time>
                <hdop>4.7</hdop>
                <extensions>
                    <osmand:speed>0.7</osmand:speed>
                </extensions>
            </trkpt>
            <trkpt lat="43.6169555" lon="20.5595989">
                <ele>457.4</ele>
                <time>2026-05-10T11:03:11Z</time>
                <hdop>4.7</hdop>
                <extensions>
                    <osmand:speed>0</osmand:speed>
                </extensions>
            </trkpt>
            <trkpt lat="43.6169899" lon="20.5595585">
                <ele>460</ele>
                <time>2026-05-10T11:03:25Z</time>
                <hdop>4.7</hdop>
                <extensions>
                    <osmand:speed>0.2</osmand:speed>
                </extensions>
            </trkpt>
            <trkpt lat="43.6170244" lon="20.5595989">
                <ele>462.1</ele>
                <time>2026-05-10T11:03:50Z</time>
                <hdop>4.7</hdop>
                <extensions>
                    <osmand:speed>0.1</osmand:speed>
                </extensions>
            </trkpt>
            <trkpt lat="43.6170698" lon="20.5595841">
                <ele>466.2</ele>
                <time>2026-05-10T11:04:06Z</time>
                <hdop>4.7</hdop>
                <extensions>
                    <osmand:speed>0.6</osmand:speed>
                </extensions>
            </trkpt>
            <trkpt lat="43.617093" lon="20.5595523">
                <ele>468.2</ele>
                <time>2026-05-10T11:04:16Z</time>
                <hdop>4.7</hdop>
                <extensions>
                    <osmand:speed>0.1</osmand:speed>
                </extensions>
            </trkpt>
            <trkpt lat="43.617105" lon="20.5595379">
                <ele>468.9</ele>
                <time>2026-05-10T11:04:22Z</time>
                <hdop>4.7</hdop>
                <extensions>
                    <osmand:speed>0.4</osmand:speed>
                </extensions>
            </trkpt>
            <trkpt lat="43.617082" lon="20.5595729">
                <ele>466.5</ele>
                <time>2026-05-10T11:04:51Z</time>
                <hdop>4.7</hdop>
                <extensions>
                    <osmand:speed>0.6</osmand:speed>
                </extensions>
            </trkpt>
            <trkpt lat="43.6171208" lon="20.5595298">
                <ele>468.9</ele>
                <time>2026-05-10T11:06:01Z</time>
                <hdop>4.7</hdop>
                <extensions>
                    <osmand:speed>0.3</osmand:speed>
                </extensions>
            </trkpt>
            <trkpt lat="43.6171745" lon="20.5595287">
                <ele>470.3</ele>
                <time>2026-05-10T11:06:12Z</time>
                <hdop>4.7</hdop>
                <extensions>
                    <osmand:speed>1.1</osmand:speed>
                </extensions>
            </trkpt>
            <trkpt lat="43.6171907" lon="20.5595719">
                <ele>479.2</ele>
                <time>2026-05-10T11:07:17Z</time>
                <hdop>4.7</hdop>
                <extensions>
                    <osmand:speed>0.2</osmand:speed>
                </extensions>
            </trkpt>
            <trkpt lat="43.6171935" lon="20.5595663">
                <ele>478.4</ele>
                <time>2026-05-10T11:07:23Z</time>
                <hdop>4.7</hdop>
            </trkpt>
            <trkpt lat="43.6171918" lon="20.5595647">
                <ele>478</ele>
                <time>2026-05-10T11:07:29Z</time>
                <hdop>4.7</hdop>
                <extensions>
                    <osmand:speed>0</osmand:speed>
                </extensions>
            </trkpt>
            <trkpt lat="43.6171976" lon="20.5595678">
                <ele>477.7</ele>
                <time>2026-05-10T11:07:35Z</time>
                <hdop>4.7</hdop>
                <extensions>
                    <osmand:speed>0.1</osmand:speed>
                </extensions>
            </trkpt>
            <trkpt lat="43.6172026" lon="20.5595624">
                <ele>477.2</ele>
                <time>2026-05-10T11:07:41Z</time>
                <hdop>4.7</hdop>
                <extensions>
                    <osmand:speed>0.2</osmand:speed>
                </extensions>
            </trkpt>
            <trkpt lat="43.6172019" lon="20.5595614">
                <ele>477.2</ele>
                <time>2026-05-10T11:07:47Z</time>
                <hdop>4.7</hdop>
            </trkpt>
            <trkpt lat="43.6172019" lon="20.5595614">
                <ele>477.2</ele>
                <time>2026-05-10T11:07:53Z</time>
                <hdop>4.7</hdop>
            </trkpt>
            <trkpt lat="43.6172019" lon="20.5595614">
                <ele>477.2</ele>
                <time>2026-05-10T11:07:59Z</time>
                <hdop>4.7</hdop>
            </trkpt>
            <trkpt lat="43.6172019" lon="20.5595614">
                <ele>477.2</ele>
                <time>2026-05-10T11:08:05Z</time>
                <hdop>4.7</hdop>
            </trkpt>
            <trkpt lat="43.6172019" lon="20.5595614">
                <ele>477.2</ele>
                <time>2026-05-10T11:08:11Z</time>
                <hdop>4.7</hdop>
            </trkpt>
            <trkpt lat="43.6172019" lon="20.5595614">
                <ele>477.2</ele>
                <time>2026-05-10T11:08:17Z</time>
                <hdop>4.7</hdop>
            </trkpt>
            <trkpt lat="43.6172019" lon="20.5595614">
                <ele>477.2</ele>
                <time>2026-05-10T11:08:23Z</time>
                <hdop>4.7</hdop>
            </trkpt>
            <trkpt lat="43.6172008" lon="20.5595636">
                <ele>478.7</ele>
                <time>2026-05-10T11:08:29Z</time>
                <hdop>4.7</hdop>
            </trkpt>
            <trkpt lat="43.6172008" lon="20.5595636">
                <ele>478.7</ele>
                <time>2026-05-10T11:08:35Z</time>
                <hdop>4.7</hdop>
            </trkpt>
            <trkpt lat="43.6172008" lon="20.5595636">
                <ele>478.7</ele>
                <time>2026-05-10T11:08:41Z</time>
                <hdop>4.7</hdop>
            </trkpt>
            <trkpt lat="43.6172008" lon="20.5595636">
                <ele>478.7</ele>
                <time>2026-05-10T11:08:47Z</time>
                <hdop>4.7</hdop>
            </trkpt>
            <trkpt lat="43.6172031" lon="20.559574">
                <ele>478.4</ele>
                <time>2026-05-10T11:08:53Z</time>
                <hdop>4.7</hdop>
                <extensions>
                    <osmand:speed>0.2</osmand:speed>
                </extensions>
            </trkpt>
            <trkpt lat="43.6172026" lon="20.5595725">
                <ele>478.4</ele>
                <time>2026-05-10T11:08:59Z</time>
                <hdop>4.7</hdop>
            </trkpt>
            <trkpt lat="43.6172026" lon="20.5595725">
                <ele>478.4</ele>
                <time>2026-05-10T11:09:05Z</time>
                <hdop>4.7</hdop>
            </trkpt>
            <trkpt lat="43.6172026" lon="20.5595725">
                <ele>478.4</ele>
                <time>2026-05-10T11:09:11Z</time>
                <hdop>4.7</hdop>
            </trkpt>
            <trkpt lat="43.6172026" lon="20.5595725">
                <ele>478.4</ele>
                <time>2026-05-10T11:09:17Z</time>
                <hdop>4.7</hdop>
            </trkpt>
            <trkpt lat="43.6172026" lon="20.5595725">
                <ele>478.4</ele>
                <time>2026-05-10T11:09:23Z</time>
                <hdop>4.7</hdop>
            </trkpt>
            <trkpt lat="43.6171844" lon="20.5595728">
                <ele>476.4</ele>
                <time>2026-05-10T11:09:29Z</time>
                <hdop>4.7</hdop>
            </trkpt>
            <trkpt lat="43.6171844" lon="20.5595728">
                <ele>476.4</ele>
                <time>2026-05-10T11:09:35Z</time>
                <hdop>4.7</hdop>
            </trkpt>
            <trkpt lat="43.6171844" lon="20.5595728">
                <ele>476.4</ele>
                <time>2026-05-10T11:09:41Z</time>
                <hdop>4.7</hdop>
            </trkpt>
            <trkpt lat="43.6171844" lon="20.5595728">
                <ele>476.4</ele>
                <time>2026-05-10T11:09:47Z</time>
                <hdop>4.7</hdop>
            </trkpt>
            <trkpt lat="43.6171844" lon="20.5595728">
                <ele>476.4</ele>
                <time>2026-05-10T11:09:53Z</time>
                <hdop>4.7</hdop>
            </trkpt>
            <trkpt lat="43.6171844" lon="20.5595728">
                <ele>476.4</ele>
                <time>2026-05-10T11:09:59Z</time>
                <hdop>4.7</hdop>
            </trkpt>
            <trkpt lat="43.6171844" lon="20.5595728">
                <ele>476.4</ele>
                <time>2026-05-10T11:10:05Z</time>
                <hdop>4.7</hdop>
            </trkpt>
            <trkpt lat="43.6171831" lon="20.5595669">
                <ele>476</ele>
                <time>2026-05-10T11:10:11Z</time>
                <hdop>4.7</hdop>
                <extensions>
                    <osmand:speed>0.1</osmand:speed>
                </extensions>
            </trkpt>
            <trkpt lat="43.6171923" lon="20.5595657">
                <ele>476.3</ele>
                <time>2026-05-10T11:10:17Z</time>
                <hdop>4.7</hdop>
                <extensions>
                    <osmand:speed>0.4</osmand:speed>
                </extensions>
            </trkpt>
            <trkpt lat="43.6172112" lon="20.5595675">
                <ele>476.8</ele>
                <time>2026-05-10T11:10:23Z</time>
                <hdop>4.7</hdop>
                <extensions>
                    <osmand:speed>0.2</osmand:speed>
                </extensions>
            </trkpt>
            <trkpt lat="43.617209" lon="20.5595632">
                <ele>477.1</ele>
                <time>2026-05-10T11:10:29Z</time>
                <hdop>4.7</hdop>
                <extensions>
                    <osmand:speed>0</osmand:speed>
                </extensions>
            </trkpt>
            <trkpt lat="43.6172238" lon="20.5595709">
                <ele>477.3</ele>
                <time>2026-05-10T11:10:35Z</time>
                <hdop>4.7</hdop>
                <extensions>
                    <osmand:speed>0.5</osmand:speed>
                </extensions>
            </trkpt>
            <trkpt lat="43.6172356" lon="20.5595742">
                <ele>479.4</ele>
                <time>2026-05-10T11:10:41Z</time>
                <hdop>4.7</hdop>
                <extensions>
                    <osmand:speed>0.4</osmand:speed>
                </extensions>
            </trkpt>
            <trkpt lat="43.617251" lon="20.5595874">
                <ele>480</ele>
                <time>2026-05-10T11:10:47Z</time>
                <hdop>4.7</hdop>
                <extensions>
                    <osmand:speed>0.1</osmand:speed>
                </extensions>
            </trkpt>
            <trkpt lat="43.6172719" lon="20.559598">
                <ele>481.3</ele>
                <time>2026-05-10T11:10:53Z</time>
                <hdop>4.7</hdop>
                <extensions>
                    <osmand:speed>0.5</osmand:speed>
                </extensions>
            </trkpt>
            <trkpt lat="43.6172834" lon="20.5595987">
                <ele>481.6</ele>
                <time>2026-05-10T11:10:59Z</time>
                <hdop>4.7</hdop>
                <extensions>
                    <osmand:speed>0.2</osmand:speed>
                </extensions>
            </trkpt>
            <trkpt lat="43.6172989" lon="20.5596211">
                <ele>483.5</ele>
                <time>2026-05-10T11:11:05Z</time>
                <hdop>4.7</hdop>
                <extensions>
                    <osmand:speed>0.5</osmand:speed>
                </extensions>
            </trkpt>
            <trkpt lat="43.617302" lon="20.5596496">
                <ele>484.2</ele>
                <time>2026-05-10T11:11:11Z</time>
                <hdop>4.7</hdop>
                <extensions>
                    <osmand:speed>0.5</osmand:speed>
                </extensions>
            </trkpt>
            <trkpt lat="43.6173245" lon="20.5596508">
                <ele>484.8</ele>
                <time>2026-05-10T11:11:17Z</time>
                <hdop>4.7</hdop>
                <extensions>
                    <osmand:speed>0.7</osmand:speed>
                </extensions>
            </trkpt>
            <trkpt lat="43.6173421" lon="20.5596684">
                <ele>485.4</ele>
                <time>2026-05-10T11:11:23Z</time>
                <hdop>4.7</hdop>
                <extensions>
                    <osmand:speed>0.3</osmand:speed>
                </extensions>
            </trkpt>
            <trkpt lat="43.6173606" lon="20.5596808">
                <ele>485.7</ele>
                <time>2026-05-10T11:11:29Z</time>
                <hdop>4.7</hdop>
                <extensions>
                    <osmand:speed>0.7</osmand:speed>
                </extensions>
            </trkpt>
            <trkpt lat="43.6173827" lon="20.5596932">
                <ele>486.6</ele>
                <time>2026-05-10T11:11:35Z</time>
                <hdop>4.7</hdop>
                <extensions>
                    <osmand:speed>0.3</osmand:speed>
                </extensions>
            </trkpt>
            <trkpt lat="43.6174026" lon="20.5596932">
                <ele>487.8</ele>
                <time>2026-05-10T11:11:41Z</time>
                <hdop>4.7</hdop>
                <extensions>
                    <osmand:speed>0.5</osmand:speed>
                </extensions>
            </trkpt>
            <trkpt lat="43.6174326" lon="20.5597198">
                <ele>489.1</ele>
                <time>2026-05-10T11:11:47Z</time>
                <hdop>4.7</hdop>
                <extensions>
                    <osmand:speed>0.6</osmand:speed>
                </extensions>
            </trkpt>
            <trkpt lat="43.6174692" lon="20.5597405">
                <ele>489</ele>
                <time>2026-05-10T11:11:53Z</time>
                <hdop>4.7</hdop>
                <extensions>
                    <osmand:speed>0.9</osmand:speed>
                </extensions>
            </trkpt>
            <trkpt lat="43.6174899" lon="20.5597337">
                <ele>489.8</ele>
                <time>2026-05-10T11:11:59Z</time>
                <hdop>4.7</hdop>
                <extensions>
                    <osmand:speed>0.4</osmand:speed>
                </extensions>
            </trkpt>
            <trkpt lat="43.6175051" lon="20.5597035">
                <ele>492.4</ele>
                <time>2026-05-10T11:12:05Z</time>
                <hdop>4.7</hdop>
                <extensions>
                    <osmand:speed>0.8</osmand:speed>
                </extensions>
            </trkpt>
            <trkpt lat="43.6175186" lon="20.5596929">
                <ele>493.3</ele>
                <time>2026-05-10T11:12:11Z</time>
                <hdop>4.7</hdop>
                <extensions>
                    <osmand:speed>0.1</osmand:speed>
                </extensions>
            </trkpt>
            <trkpt lat="43.617544" lon="20.5597018">
                <ele>495.1</ele>
                <time>2026-05-10T11:12:17Z</time>
                <hdop>4.7</hdop>
                <extensions>
                    <osmand:speed>0.1</osmand:speed>
                </extensions>
            </trkpt>
            <trkpt lat="43.6175736" lon="20.5597008">
                <ele>497</ele>
                <time>2026-05-10T11:12:23Z</time>
                <hdop>4.7</hdop>
                <extensions>
                    <osmand:speed>0.8</osmand:speed>
                </extensions>
            </trkpt>
            <trkpt lat="43.6175994" lon="20.5597078">
                <ele>497.4</ele>
                <time>2026-05-10T11:12:29Z</time>
                <hdop>4.7</hdop>
                <extensions>
                    <osmand:speed>0.2</osmand:speed>
                </extensions>
            </trkpt>
            <trkpt lat="43.6176452" lon="20.5597271">
                <ele>499.5</ele>
                <time>2026-05-10T11:12:35Z</time>
                <hdop>4.7</hdop>
                <extensions>
                    <osmand:speed>0.8</osmand:speed>
                </extensions>
            </trkpt>
            <trkpt lat="43.6176576" lon="20.5597333">
                <ele>499.9</ele>
                <time>2026-05-10T11:12:41Z</time>
                <hdop>4.7</hdop>
                <extensions>
                    <osmand:speed>0.1</osmand:speed>
                </extensions>
            </trkpt>
            <trkpt lat="43.61768" lon="20.5597414">
                <ele>501.4</ele>
                <time>2026-05-10T11:12:47Z</time>
                <hdop>4.7</hdop>
                <extensions>
                    <osmand:speed>0.6</osmand:speed>
                </extensions>
            </trkpt>
            <trkpt lat="43.6177089" lon="20.5597415">
                <ele>503</ele>
                <time>2026-05-10T11:12:53Z</time>
                <hdop>4.7</hdop>
                <extensions>
                    <osmand:speed>0.5</osmand:speed>
                </extensions>
            </trkpt>
            <trkpt lat="43.61774" lon="20.5597418">
                <ele>505.1</ele>
                <time>2026-05-10T11:12:59Z</time>
                <hdop>4.7</hdop>
                <extensions>
                    <osmand:speed>0.6</osmand:speed>
                </extensions>
            </trkpt>
            <trkpt lat="43.6177959" lon="20.5597496">
                <ele>507.3</ele>
                <time>2026-05-10T11:13:05Z</time>
                <hdop>4.7</hdop>
                <extensions>
                    <osmand:speed>1.4</osmand:speed>
                </extensions>
            </trkpt>
            <trkpt lat="43.6177985" lon="20.559798">
                <ele>507.2</ele>
                <time>2026-05-10T11:13:11Z</time>
                <hdop>4.7</hdop>
                <extensions>
                    <osmand:speed>0.6</osmand:speed>
                </extensions>
            </trkpt>
            <trkpt lat="43.6178195" lon="20.5598373">
                <ele>507.1</ele>
                <time>2026-05-10T11:13:17Z</time>
                <hdop>4.7</hdop>
                <extensions>
                    <osmand:speed>0.9</osmand:speed>
                </extensions>
            </trkpt>
            <trkpt lat="43.6178457" lon="20.5598938">
                <ele>509.1</ele>
                <time>2026-05-10T11:13:23Z</time>
                <hdop>4.7</hdop>
                <extensions>
                    <osmand:speed>0.7</osmand:speed>
                </extensions>
            </trkpt>
            <trkpt lat="43.617869" lon="20.559936">
                <ele>510.2</ele>
                <time>2026-05-10T11:13:29Z</time>
                <hdop>4.7</hdop>
                <extensions>
                    <osmand:speed>0.7</osmand:speed>
                </extensions>
            </trkpt>
            <trkpt lat="43.6179094" lon="20.5599613">
                <ele>509.2</ele>
                <time>2026-05-10T11:13:35Z</time>
                <hdop>4.7</hdop>
                <extensions>
                    <osmand:speed>1</osmand:speed>
                </extensions>
            </trkpt>
            <trkpt lat="43.617927" lon="20.5600119">
                <ele>510.1</ele>
                <time>2026-05-10T11:13:41Z</time>
                <hdop>4.7</hdop>
                <extensions>
                    <osmand:speed>0.9</osmand:speed>
                </extensions>
            </trkpt>
            <trkpt lat="43.6179287" lon="20.560039">
                <ele>511.3</ele>
                <time>2026-05-10T11:13:47Z</time>
                <hdop>4.7</hdop>
                <extensions>
                    <osmand:speed>0</osmand:speed>
                </extensions>
            </trkpt>
            <trkpt lat="43.6179406" lon="20.560041">
                <ele>510.9</ele>
                <time>2026-05-10T11:13:53Z</time>
                <hdop>4.7</hdop>
                <extensions>
                    <osmand:speed>0</osmand:speed>
                </extensions>
            </trkpt>
            <trkpt lat="43.6179768" lon="20.5600682">
                <ele>510</ele>
                <time>2026-05-10T11:13:59Z</time>
                <hdop>4.7</hdop>
                <extensions>
                    <osmand:speed>1.2</osmand:speed>
                </extensions>
            </trkpt>
            <trkpt lat="43.6180044" lon="20.5601174">
                <ele>511.3</ele>
                <time>2026-05-10T11:14:05Z</time>
                <hdop>4.7</hdop>
                <extensions>
                    <osmand:speed>0.8</osmand:speed>
                </extensions>
            </trkpt>
            <trkpt lat="43.6180389" lon="20.5601408">
                <ele>511.4</ele>
                <time>2026-05-10T11:14:11Z</time>
                <hdop>4.7</hdop>
                <extensions>
                    <osmand:speed>0.4</osmand:speed>
                </extensions>
            </trkpt>
            <trkpt lat="43.6180384" lon="20.5601313">
                <ele>510.9</ele>
                <time>2026-05-10T11:14:17Z</time>
                <hdop>4.7</hdop>
                <extensions>
                    <osmand:speed>0.1</osmand:speed>
                </extensions>
            </trkpt>
            <trkpt lat="43.6180346" lon="20.5601262">
                <ele>511.9</ele>
                <time>2026-05-10T11:14:23Z</time>
                <hdop>4.7</hdop>
                <extensions>
                    <osmand:speed>0.1</osmand:speed>
                </extensions>
            </trkpt>
        </trkseg>
    </trk>
    <trk>
        <trkseg>
            <trkpt lat="43.6186061" lon="20.5605494">
                <ele>527.6</ele>
                <time>2026-05-10T11:24:04Z</time>
                <hdop>3.5</hdop>
            </trkpt>
            <trkpt lat="43.6186673" lon="20.5606103">
                <ele>527.7</ele>
                <time>2026-05-10T11:24:10Z</time>
                <hdop>3.6</hdop>
            </trkpt>
            <trkpt lat="43.6186832" lon="20.5606197">
                <ele>527.4</ele>
                <time>2026-05-10T11:24:16Z</time>
                <hdop>4.7</hdop>
                <extensions>
                    <osmand:speed>0.4</osmand:speed>
                </extensions>
            </trkpt>
            <trkpt lat="43.6187233" lon="20.5606926">
                <ele>528.3</ele>
                <time>2026-05-10T11:24:22Z</time>
                <hdop>4.7</hdop>
                <extensions>
                    <osmand:speed>1</osmand:speed>
                </extensions>
            </trkpt>
            <trkpt lat="43.6187509" lon="20.5607164">
                <ele>529.4</ele>
                <time>2026-05-10T11:24:28Z</time>
                <hdop>4.7</hdop>
                <extensions>
                    <osmand:speed>0.6</osmand:speed>
                </extensions>
            </trkpt>
            <trkpt lat="43.618753" lon="20.560744">
                <ele>531.6</ele>
                <time>2026-05-10T11:24:34Z</time>
                <hdop>4.7</hdop>
                <extensions>
                    <osmand:speed>0.3</osmand:speed>
                </extensions>
            </trkpt>
            <trkpt lat="43.6187651" lon="20.5607774">
                <ele>531.1</ele>
                <time>2026-05-10T11:24:40Z</time>
                <hdop>4.7</hdop>
                <extensions>
                    <osmand:speed>0.7</osmand:speed>
                </extensions>
            </trkpt>
            <trkpt lat="43.6187901" lon="20.5607831">
                <ele>530.6</ele>
                <time>2026-05-10T11:24:46Z</time>
                <hdop>4.7</hdop>
                <extensions>
                    <osmand:speed>0.9</osmand:speed>
                </extensions>
            </trkpt>
            <trkpt lat="43.6187974" lon="20.5608096">
                <ele>529.6</ele>
                <time>2026-05-10T11:24:52Z</time>
                <hdop>4.7</hdop>
                <extensions>
                    <osmand:speed>1</osmand:speed>
                </extensions>
            </trkpt>
            <trkpt lat="43.6188434" lon="20.5608812">
                <ele>530.1</ele>
                <time>2026-05-10T11:24:58Z</time>
                <hdop>4.7</hdop>
                <extensions>
                    <osmand:speed>1.2</osmand:speed>
                </extensions>
            </trkpt>
            <trkpt lat="43.6188875" lon="20.5609486">
                <ele>531.3</ele>
                <time>2026-05-10T11:25:04Z</time>
                <hdop>4.7</hdop>
                <extensions>
                    <osmand:speed>1.4</osmand:speed>
                </extensions>
            </trkpt>
            <trkpt lat="43.6189249" lon="20.5609922">
                <ele>532.4</ele>
                <time>2026-05-10T11:25:10Z</time>
                <hdop>4.7</hdop>
                <extensions>
                    <osmand:speed>1</osmand:speed>
                </extensions>
            </trkpt>
            <trkpt lat="43.6189419" lon="20.561009">
                <ele>532.7</ele>
                <time>2026-05-10T11:25:16Z</time>
                <hdop>4.7</hdop>
                <extensions>
                    <osmand:speed>0.2</osmand:speed>
                </extensions>
            </trkpt>
            <trkpt lat="43.6189599" lon="20.5610277">
                <ele>531.2</ele>
                <time>2026-05-10T11:25:22Z</time>
                <hdop>4.7</hdop>
                <extensions>
                    <osmand:speed>0.6</osmand:speed>
                </extensions>
            </trkpt>
            <trkpt lat="43.6190063" lon="20.5610339">
                <ele>529.8</ele>
                <time>2026-05-10T11:25:28Z</time>
                <hdop>4.7</hdop>
                <extensions>
                    <osmand:speed>0.8</osmand:speed>
                </extensions>
            </trkpt>
            <trkpt lat="43.619029" lon="20.561042">
                <ele>530</ele>
                <time>2026-05-10T11:25:34Z</time>
                <hdop>4.7</hdop>
                <extensions>
                    <osmand:speed>0.4</osmand:speed>
                </extensions>
            </trkpt>
            <trkpt lat="43.6190464" lon="20.5610779">
                <ele>529.3</ele>
                <time>2026-05-10T11:25:40Z</time>
                <hdop>4.7</hdop>
                <extensions>
                    <osmand:speed>1</osmand:speed>
                </extensions>
            </trkpt>
            <trkpt lat="43.6190986" lon="20.561098">
                <ele>529.5</ele>
                <time>2026-05-10T11:25:46Z</time>
                <hdop>4.7</hdop>
                <extensions>
                    <osmand:speed>0.9</osmand:speed>
                </extensions>
            </trkpt>
            <trkpt lat="43.6191426" lon="20.5611174">
                <ele>529.7</ele>
                <time>2026-05-10T11:25:52Z</time>
                <hdop>4.7</hdop>
                <extensions>
                    <osmand:speed>0.9</osmand:speed>
                </extensions>
            </trkpt>
            <trkpt lat="43.6191928" lon="20.5611212">
                <ele>530.6</ele>
                <time>2026-05-10T11:25:58Z</time>
                <hdop>4.7</hdop>
                <extensions>
                    <osmand:speed>0.8</osmand:speed>
                </extensions>
            </trkpt>
            <trkpt lat="43.6192164" lon="20.5611481">
                <ele>529.7</ele>
                <time>2026-05-10T11:26:04Z</time>
                <hdop>4.7</hdop>
                <extensions>
                    <osmand:speed>0.9</osmand:speed>
                </extensions>
            </trkpt>
            <trkpt lat="43.6192719" lon="20.5611446">
                <ele>529.5</ele>
                <time>2026-05-10T11:26:10Z</time>
                <hdop>4.7</hdop>
                <extensions>
                    <osmand:speed>0.9</osmand:speed>
                </extensions>
            </trkpt>
            <trkpt lat="43.6193248" lon="20.5611324">
                <ele>530.2</ele>
                <time>2026-05-10T11:26:16Z</time>
                <hdop>4.7</hdop>
                <extensions>
                    <osmand:speed>0.8</osmand:speed>
                </extensions>
            </trkpt>
            <trkpt lat="43.6193482" lon="20.5611039">
                <ele>530.7</ele>
                <time>2026-05-10T11:26:22Z</time>
                <hdop>4.7</hdop>
                <extensions>
                    <osmand:speed>0</osmand:speed>
                </extensions>
            </trkpt>
            <trkpt lat="43.6193505" lon="20.5611076">
                <ele>530.8</ele>
                <time>2026-05-10T11:26:28Z</time>
                <hdop>4.7</hdop>
            </trkpt>
            <trkpt lat="43.6193505" lon="20.5611076">
                <ele>530.8</ele>
                <time>2026-05-10T11:26:34Z</time>
                <hdop>4.7</hdop>
            </trkpt>
            <trkpt lat="43.6193585" lon="20.5611119">
                <ele>531.1</ele>
                <time>2026-05-10T11:26:40Z</time>
                <hdop>4.7</hdop>
                <extensions>
                    <osmand:speed>0.2</osmand:speed>
                </extensions>
            </trkpt>
            <trkpt lat="43.6194011" lon="20.5611452">
                <ele>533.5</ele>
                <time>2026-05-10T11:26:48Z</time>
                <hdop>4.7</hdop>
                <extensions>
                    <osmand:speed>0.9</osmand:speed>
                </extensions>
            </trkpt>
            <trkpt lat="43.6194478" lon="20.5611258">
                <ele>535.9</ele>
                <time>2026-05-10T11:27:00Z</time>
                <hdop>4.7</hdop>
                <extensions>
                    <osmand:speed>0.8</osmand:speed>
                </extensions>
            </trkpt>
            <trkpt lat="43.6194694" lon="20.5610678">
                <ele>539</ele>
                <time>2026-05-10T11:27:09Z</time>
                <hdop>4.7</hdop>
                <extensions>
                    <osmand:speed>0.6</osmand:speed>
                </extensions>
            </trkpt>
            <trkpt lat="43.6195071" lon="20.5610256">
                <ele>541.2</ele>
                <time>2026-05-10T11:27:23Z</time>
                <hdop>4.7</hdop>
                <extensions>
                    <osmand:speed>0.5</osmand:speed>
                </extensions>
            </trkpt>
            <trkpt lat="43.6195377" lon="20.5609763">
                <ele>544.1</ele>
                <time>2026-05-10T11:27:29Z</time>
                <hdop>4.7</hdop>
                <extensions>
                    <osmand:speed>1</osmand:speed>
                </extensions>
            </trkpt>
            <trkpt lat="43.6195525" lon="20.5609165">
                <ele>546.9</ele>
                <time>2026-05-10T11:27:40Z</time>
                <hdop>4.7</hdop>
                <extensions>
                    <osmand:speed>1.4</osmand:speed>
                </extensions>
            </trkpt>
            <trkpt lat="43.6195987" lon="20.5609283">
                <ele>549.2</ele>
                <time>2026-05-10T11:27:47Z</time>
                <hdop>4.7</hdop>
                <extensions>
                    <osmand:speed>0.6</osmand:speed>
                </extensions>
            </trkpt>
            <trkpt lat="43.6196817" lon="20.5610005">
                <ele>553.5</ele>
                <time>2026-05-10T11:27:57Z</time>
                <hdop>4.7</hdop>
                <extensions>
                    <osmand:speed>1.5</osmand:speed>
                </extensions>
            </trkpt>
            <trkpt lat="43.6197338" lon="20.5610112">
                <ele>556.6</ele>
                <time>2026-05-10T11:28:12Z</time>
                <hdop>4.7</hdop>
                <extensions>
                    <osmand:speed>1</osmand:speed>
                </extensions>
            </trkpt>
        </trkseg>
    </trk>
    <trk>
        <trkseg>
            <trkpt lat="43.6197792" lon="20.5610199">
                <ele>557.3</ele>
                <time>2026-05-10T11:30:55Z</time>
                <hdop>4.7</hdop>
                <extensions>
                    <osmand:speed>1.1</osmand:speed>
                </extensions>
            </trkpt>
            <trkpt lat="43.6198255" lon="20.5610269">
                <ele>556.6</ele>
                <time>2026-05-10T11:31:03Z</time>
                <hdop>4.7</hdop>
                <extensions>
                    <osmand:speed>1</osmand:speed>
                </extensions>
            </trkpt>
            <trkpt lat="43.6199162" lon="20.5610244">
                <ele>559.4</ele>
                <time>2026-05-10T11:31:25Z</time>
                <hdop>4.7</hdop>
                <extensions>
                    <osmand:speed>0.7</osmand:speed>
                </extensions>
            </trkpt>
            <trkpt lat="43.6199611" lon="20.5610431">
                <ele>560.1</ele>
                <time>2026-05-10T11:31:31Z</time>
                <hdop>4.7</hdop>
                <extensions>
                    <osmand:speed>0.9</osmand:speed>
                </extensions>
            </trkpt>
            <trkpt lat="43.6200579" lon="20.5610799">
                <ele>560.6</ele>
                <time>2026-05-10T11:31:40Z</time>
                <hdop>4.7</hdop>
                <extensions>
                    <osmand:speed>1.3</osmand:speed>
                </extensions>
            </trkpt>
            <trkpt lat="43.6201577" lon="20.5610831">
                <ele>563</ele>
                <time>2026-05-10T11:31:49Z</time>
                <hdop>4.7</hdop>
                <extensions>
                    <osmand:speed>1.2</osmand:speed>
                </extensions>
            </trkpt>
            <trkpt lat="43.6202455" lon="20.561068">
                <ele>564.7</ele>
                <time>2026-05-10T11:31:58Z</time>
                <hdop>4.7</hdop>
                <extensions>
                    <osmand:speed>0.8</osmand:speed>
                </extensions>
            </trkpt>
            <trkpt lat="43.6203402" lon="20.5611093">
                <ele>568.2</ele>
                <time>2026-05-10T11:32:09Z</time>
                <hdop>4.7</hdop>
                <extensions>
                    <osmand:speed>1.1</osmand:speed>
                </extensions>
            </trkpt>
            <trkpt lat="43.6204376" lon="20.5611261">
                <ele>569.3</ele>
                <time>2026-05-10T11:32:19Z</time>
                <hdop>4.7</hdop>
                <extensions>
                    <osmand:speed>1</osmand:speed>
                </extensions>
            </trkpt>
            <trkpt lat="43.620492" lon="20.5611414">
                <ele>570.3</ele>
                <time>2026-05-10T11:32:25Z</time>
                <hdop>4.7</hdop>
                <extensions>
                    <osmand:speed>1.1</osmand:speed>
                </extensions>
            </trkpt>
            <trkpt lat="43.6205728" lon="20.5611865">
                <ele>573</ele>
                <time>2026-05-10T11:32:39Z</time>
                <hdop>4.7</hdop>
                <extensions>
                    <osmand:speed>0.6</osmand:speed>
                </extensions>
            </trkpt>
            <trkpt lat="43.620678" lon="20.561208">
                <ele>575.7</ele>
                <time>2026-05-10T11:32:49Z</time>
                <hdop>4.7</hdop>
                <extensions>
                    <osmand:speed>1.1</osmand:speed>
                </extensions>
            </trkpt>
            <trkpt lat="43.6207573" lon="20.5612739">
                <ele>578.1</ele>
                <time>2026-05-10T11:32:59Z</time>
                <hdop>4.7</hdop>
                <extensions>
                    <osmand:speed>1</osmand:speed>
                </extensions>
            </trkpt>
            <trkpt lat="43.6208064" lon="20.5612982">
                <ele>579.1</ele>
                <time>2026-05-10T11:33:05Z</time>
                <hdop>4.7</hdop>
                <extensions>
                    <osmand:speed>0.9</osmand:speed>
                </extensions>
            </trkpt>
            <trkpt lat="43.6208998" lon="20.5613282">
                <ele>584.4</ele>
                <time>2026-05-10T11:33:26Z</time>
                <hdop>4.7</hdop>
                <extensions>
                    <osmand:speed>1.2</osmand:speed>
                </extensions>
            </trkpt>
            <trkpt lat="43.6209549" lon="20.5613163">
                <ele>586.6</ele>
                <time>2026-05-10T11:33:50Z</time>
                <hdop>4.7</hdop>
                <extensions>
                    <osmand:speed>0.2</osmand:speed>
                </extensions>
            </trkpt>
            <trkpt lat="43.6210029" lon="20.5613275">
                <ele>588.7</ele>
                <time>2026-05-10T11:33:57Z</time>
                <hdop>4.7</hdop>
                <extensions>
                    <osmand:speed>0.9</osmand:speed>
                </extensions>
            </trkpt>
            <trkpt lat="43.6210331" lon="20.5613778">
                <ele>591</ele>
                <time>2026-05-10T11:34:04Z</time>
                <hdop>4.7</hdop>
                <extensions>
                    <osmand:speed>1.2</osmand:speed>
                </extensions>
            </trkpt>
            <trkpt lat="43.6210549" lon="20.5614424">
                <ele>593</ele>
                <time>2026-05-10T11:34:12Z</time>
                <hdop>4.7</hdop>
                <extensions>
                    <osmand:speed>0.8</osmand:speed>
                </extensions>
            </trkpt>
            <trkpt lat="43.6211089" lon="20.5614359">
                <ele>596.8</ele>
                <time>2026-05-10T11:34:26Z</time>
                <hdop>4.7</hdop>
                <extensions>
                    <osmand:speed>0.8</osmand:speed>
                </extensions>
            </trkpt>
        </trkseg>
    </trk>
    <trk>
        <trkseg>
            <trkpt lat="43.6211029" lon="20.5614518">
                <ele>595.7</ele>
                <time>2026-05-10T11:39:52Z</time>
                <hdop>4.7</hdop>
                <extensions>
                    <osmand:speed>0.1</osmand:speed>
                </extensions>
            </trkpt>
            <trkpt lat="43.6211063" lon="20.5614487">
                <ele>596.2</ele>
                <time>2026-05-10T11:39:58Z</time>
                <hdop>4.7</hdop>
                <extensions>
                    <osmand:speed>0</osmand:speed>
                </extensions>
            </trkpt>
            <trkpt lat="43.621107" lon="20.5614482">
                <ele>596</ele>
                <time>2026-05-10T11:40:04Z</time>
                <hdop>4.7</hdop>
            </trkpt>
            <trkpt lat="43.6211099" lon="20.5614492">
                <ele>595.9</ele>
                <time>2026-05-10T11:40:10Z</time>
                <hdop>4.7</hdop>
                <extensions>
                    <osmand:speed>0</osmand:speed>
                </extensions>
            </trkpt>
            <trkpt lat="43.6211124" lon="20.5614502">
                <ele>596.2</ele>
                <time>2026-05-10T11:40:16Z</time>
                <hdop>4.7</hdop>
                <extensions>
                    <osmand:speed>0.2</osmand:speed>
                </extensions>
            </trkpt>
            <trkpt lat="43.6211095" lon="20.5614489">
                <ele>596.6</ele>
                <time>2026-05-10T11:40:22Z</time>
                <hdop>4.7</hdop>
            </trkpt>
            <trkpt lat="43.6211105" lon="20.5614481">
                <ele>596.4</ele>
                <time>2026-05-10T11:40:28Z</time>
                <hdop>4.7</hdop>
            </trkpt>
            <trkpt lat="43.6211138" lon="20.5614454">
                <ele>596.1</ele>
                <time>2026-05-10T11:40:34Z</time>
                <hdop>4.7</hdop>
            </trkpt>
            <trkpt lat="43.6211119" lon="20.5614482">
                <ele>596.7</ele>
                <time>2026-05-10T11:40:40Z</time>
                <hdop>4.7</hdop>
            </trkpt>
            <trkpt lat="43.6211121" lon="20.5614465">
                <ele>596.4</ele>
                <time>2026-05-10T11:40:46Z</time>
                <hdop>4.7</hdop>
            </trkpt>
            <trkpt lat="43.6211172" lon="20.5614481">
                <ele>595.9</ele>
                <time>2026-05-10T11:40:52Z</time>
                <hdop>4.7</hdop>
            </trkpt>
            <trkpt lat="43.6211122" lon="20.5614485">
                <ele>596.4</ele>
                <time>2026-05-10T11:41:04Z</time>
                <hdop>4.7</hdop>
                <extensions>
                    <osmand:speed>0</osmand:speed>
                </extensions>
            </trkpt>
            <trkpt lat="43.6211121" lon="20.5614478">
                <ele>596.2</ele>
                <time>2026-05-10T11:41:10Z</time>
                <hdop>4.7</hdop>
            </trkpt>
            <trkpt lat="43.6211121" lon="20.5614491">
                <ele>596.1</ele>
                <time>2026-05-10T11:41:16Z</time>
                <hdop>4.7</hdop>
            </trkpt>
            <trkpt lat="43.6211112" lon="20.5614591">
                <ele>596.5</ele>
                <time>2026-05-10T11:41:22Z</time>
                <hdop>4.7</hdop>
            </trkpt>
            <trkpt lat="43.6211088" lon="20.5614584">
                <ele>596.7</ele>
                <time>2026-05-10T11:41:28Z</time>
                <hdop>4.7</hdop>
                <extensions>
                    <osmand:speed>0</osmand:speed>
                </extensions>
            </trkpt>
            <trkpt lat="43.6211128" lon="20.561456">
                <ele>596.8</ele>
                <time>2026-05-10T11:41:34Z</time>
                <hdop>4.7</hdop>
            </trkpt>
            <trkpt lat="43.6211111" lon="20.5614562">
                <ele>596.9</ele>
                <time>2026-05-10T11:41:40Z</time>
                <hdop>4.7</hdop>
                <extensions>
                    <osmand:speed>0</osmand:speed>
                </extensions>
            </trkpt>
            <trkpt lat="43.6211117" lon="20.5614537">
                <ele>596.8</ele>
                <time>2026-05-10T11:41:46Z</time>
                <hdop>4.7</hdop>
                <extensions>
                    <osmand:speed>0.1</osmand:speed>
                </extensions>
            </trkpt>
            <trkpt lat="43.6211162" lon="20.5614476">
                <ele>596.7</ele>
                <time>2026-05-10T11:41:52Z</time>
                <hdop>4.7</hdop>
                <extensions>
                    <osmand:speed>0.1</osmand:speed>
                </extensions>
            </trkpt>
            <trkpt lat="43.6211084" lon="20.5614483">
                <ele>596.9</ele>
                <time>2026-05-10T11:41:58Z</time>
                <hdop>4.7</hdop>
                <extensions>
                    <osmand:speed>0.1</osmand:speed>
                </extensions>
            </trkpt>
            <trkpt lat="43.621109" lon="20.5614537">
                <ele>597.4</ele>
                <time>2026-05-10T11:42:04Z</time>
                <hdop>4.7</hdop>
            </trkpt>
            <trkpt lat="43.6211092" lon="20.5614516">
                <ele>597.6</ele>
                <time>2026-05-10T11:42:10Z</time>
                <hdop>4.7</hdop>
            </trkpt>
            <trkpt lat="43.6211074" lon="20.5614551">
                <ele>597.8</ele>
                <time>2026-05-10T11:42:16Z</time>
                <hdop>4.7</hdop>
            </trkpt>
            <trkpt lat="43.6211074" lon="20.5614551">
                <ele>597.8</ele>
                <time>2026-05-10T11:42:22Z</time>
                <hdop>4.7</hdop>
            </trkpt>
            <trkpt lat="43.6211074" lon="20.5614551">
                <ele>597.8</ele>
                <time>2026-05-10T11:42:28Z</time>
                <hdop>4.7</hdop>
            </trkpt>
            <trkpt lat="43.6211046" lon="20.5614587">
                <ele>597.8</ele>
                <time>2026-05-10T11:42:34Z</time>
                <hdop>4.7</hdop>
                <extensions>
                    <osmand:speed>0.1</osmand:speed>
                </extensions>
            </trkpt>
            <trkpt lat="43.6211078" lon="20.5614572">
                <ele>597.4</ele>
                <time>2026-05-10T11:42:40Z</time>
                <hdop>4.7</hdop>
                <extensions>
                    <osmand:speed>0.1</osmand:speed>
                </extensions>
            </trkpt>
            <trkpt lat="43.62111" lon="20.5614569">
                <ele>596.9</ele>
                <time>2026-05-10T11:42:46Z</time>
                <hdop>4.7</hdop>
                <extensions>
                    <osmand:speed>0</osmand:speed>
                </extensions>
            </trkpt>
        </trkseg>
    </trk>
    <trk>
        <trkseg>
            <trkpt lat="43.6211561" lon="20.5614747">
                <ele>600.4</ele>
                <time>2026-05-10T11:45:23Z</time>
                <hdop>4.7</hdop>
                <extensions>
                    <osmand:speed>0.6</osmand:speed>
                </extensions>
            </trkpt>
            <trkpt lat="43.6212027" lon="20.5614869">
                <ele>602.6</ele>
                <time>2026-05-10T11:45:29Z</time>
                <hdop>4.7</hdop>
                <extensions>
                    <osmand:speed>0.8</osmand:speed>
                </extensions>
            </trkpt>
            <trkpt lat="43.6212335" lon="20.5615322">
                <ele>605.5</ele>
                <time>2026-05-10T11:45:36Z</time>
                <hdop>4.7</hdop>
                <extensions>
                    <osmand:speed>0.8</osmand:speed>
                </extensions>
            </trkpt>
            <trkpt lat="43.621281" lon="20.5615708">
                <ele>608.4</ele>
                <time>2026-05-10T11:45:44Z</time>
                <hdop>4.7</hdop>
                <extensions>
                    <osmand:speed>1</osmand:speed>
                </extensions>
            </trkpt>
            <trkpt lat="43.6213199" lon="20.561611">
                <ele>612.2</ele>
                <time>2026-05-10T11:45:55Z</time>
                <hdop>4.7</hdop>
                <extensions>
                    <osmand:speed>0.5</osmand:speed>
                </extensions>
            </trkpt>
            <trkpt lat="43.6213552" lon="20.5616672">
                <ele>614.7</ele>
                <time>2026-05-10T11:46:05Z</time>
                <hdop>4.7</hdop>
                <extensions>
                    <osmand:speed>0.8</osmand:speed>
                </extensions>
            </trkpt>
            <trkpt lat="43.6214079" lon="20.5616659">
                <ele>617.5</ele>
                <time>2026-05-10T11:46:13Z</time>
                <hdop>4.7</hdop>
                <extensions>
                    <osmand:speed>0.7</osmand:speed>
                </extensions>
            </trkpt>
            <trkpt lat="43.6214438" lon="20.5617048">
                <ele>622</ele>
                <time>2026-05-10T11:46:28Z</time>
                <hdop>4.7</hdop>
                <extensions>
                    <osmand:speed>0.7</osmand:speed>
                </extensions>
            </trkpt>
            <trkpt lat="43.6214698" lon="20.5617584">
                <ele>623.9</ele>
                <time>2026-05-10T11:46:54Z</time>
                <hdop>4.7</hdop>
                <extensions>
                    <osmand:speed>0.6</osmand:speed>
                </extensions>
            </trkpt>
            <trkpt lat="43.6215119" lon="20.5617837">
                <ele>626.1</ele>
                <time>2026-05-10T11:47:01Z</time>
                <hdop>4.7</hdop>
                <extensions>
                    <osmand:speed>0.7</osmand:speed>
                </extensions>
            </trkpt>
            <trkpt lat="43.621543" lon="20.5618375">
                <ele>628.2</ele>
                <time>2026-05-10T11:47:08Z</time>
                <hdop>4.7</hdop>
                <extensions>
                    <osmand:speed>0.9</osmand:speed>
                </extensions>
            </trkpt>
            <trkpt lat="43.6215789" lon="20.5618891">
                <ele>631.3</ele>
                <time>2026-05-10T11:47:17Z</time>
                <hdop>4.7</hdop>
                <extensions>
                    <osmand:speed>0.7</osmand:speed>
                </extensions>
            </trkpt>
            <trkpt lat="43.6216012" lon="20.5619467">
                <ele>631.4</ele>
                <time>2026-05-10T11:47:35Z</time>
                <hdop>4.7</hdop>
                <extensions>
                    <osmand:speed>1.4</osmand:speed>
                </extensions>
            </trkpt>
            <trkpt lat="43.6216391" lon="20.5619879">
                <ele>633</ele>
                <time>2026-05-10T11:47:41Z</time>
                <hdop>4.7</hdop>
                <extensions>
                    <osmand:speed>1</osmand:speed>
                </extensions>
            </trkpt>
            <trkpt lat="43.6217035" lon="20.5620914">
                <ele>635.9</ele>
                <time>2026-05-10T11:47:51Z</time>
                <hdop>4.7</hdop>
                <extensions>
                    <osmand:speed>0.9</osmand:speed>
                </extensions>
            </trkpt>
            <trkpt lat="43.6217525" lon="20.5621015">
                <ele>638.4</ele>
                <time>2026-05-10T11:47:57Z</time>
                <hdop>4.7</hdop>
                <extensions>
                    <osmand:speed>0.7</osmand:speed>
                </extensions>
            </trkpt>
            <trkpt lat="43.6217437" lon="20.5621126">
                <ele>638.6</ele>
                <time>2026-05-10T11:48:03Z</time>
                <hdop>4.7</hdop>
                <extensions>
                    <osmand:speed>0</osmand:speed>
                </extensions>
            </trkpt>
        </trkseg>
    </trk>
    <trk>
        <trkseg>
            <trkpt lat="43.6217501" lon="20.5621503">
                <ele>641.8</ele>
                <time>2026-05-10T11:52:30Z</time>
                <hdop>4.7</hdop>
                <extensions>
                    <osmand:speed>0.1</osmand:speed>
                </extensions>
            </trkpt>
            <trkpt lat="43.6217556" lon="20.5621606">
                <ele>642.6</ele>
                <time>2026-05-10T12:07:27Z</time>
                <hdop>4.7</hdop>
                <extensions>
                    <osmand:speed>0</osmand:speed>
                </extensions>
            </trkpt>
            <trkpt lat="43.62179" lon="20.562116">
                <ele>641.8</ele>
                <time>2026-05-10T12:12:20Z</time>
                <hdop>4.7</hdop>
                <extensions>
                    <osmand:speed>0.2</osmand:speed>
                </extensions>
            </trkpt>
            <trkpt lat="43.6218455" lon="20.5621129">
                <ele>642.4</ele>
                <time>2026-05-10T12:12:34Z</time>
                <hdop>4.7</hdop>
                <extensions>
                    <osmand:speed>0.5</osmand:speed>
                </extensions>
            </trkpt>
            <trkpt lat="43.6218884" lon="20.5621321">
                <ele>644.2</ele>
                <time>2026-05-10T12:12:45Z</time>
                <hdop>4.7</hdop>
                <extensions>
                    <osmand:speed>0.4</osmand:speed>
                </extensions>
            </trkpt>
            <trkpt lat="43.6219411" lon="20.5621328">
                <ele>645.7</ele>
                <time>2026-05-10T12:12:53Z</time>
                <hdop>4.7</hdop>
                <extensions>
                    <osmand:speed>0.8</osmand:speed>
                </extensions>
            </trkpt>
            <trkpt lat="43.6219826" lon="20.5621584">
                <ele>645.7</ele>
                <time>2026-05-10T12:12:59Z</time>
                <hdop>4.7</hdop>
                <extensions>
                    <osmand:speed>0.4</osmand:speed>
                </extensions>
            </trkpt>
            <trkpt lat="43.6220275" lon="20.562167">
                <ele>647.3</ele>
                <time>2026-05-10T12:13:11Z</time>
                <hdop>4.7</hdop>
                <extensions>
                    <osmand:speed>0.1</osmand:speed>
                </extensions>
            </trkpt>
            <trkpt lat="43.6220761" lon="20.5621719">
                <ele>648.8</ele>
                <time>2026-05-10T12:14:08Z</time>
                <hdop>4.7</hdop>
                <extensions>
                    <osmand:speed>1.1</osmand:speed>
                </extensions>
            </trkpt>
            <trkpt lat="43.6221764" lon="20.5622316">
                <ele>650</ele>
                <time>2026-05-10T12:14:25Z</time>
                <hdop>4.7</hdop>
                <extensions>
                    <osmand:speed>0.2</osmand:speed>
                </extensions>
            </trkpt>
            <trkpt lat="43.6222324" lon="20.5622691">
                <ele>650.3</ele>
                <time>2026-05-10T12:14:33Z</time>
                <hdop>4.7</hdop>
                <extensions>
                    <osmand:speed>1.4</osmand:speed>
                </extensions>
            </trkpt>
            <trkpt lat="43.622314" lon="20.5623579">
                <ele>651.6</ele>
                <time>2026-05-10T12:14:42Z</time>
                <hdop>4.7</hdop>
                <extensions>
                    <osmand:speed>1.2</osmand:speed>
                </extensions>
            </trkpt>
            <trkpt lat="43.6223657" lon="20.5623807">
                <ele>653.3</ele>
                <time>2026-05-10T12:14:50Z</time>
                <hdop>4.7</hdop>
                <extensions>
                    <osmand:speed>0.8</osmand:speed>
                </extensions>
            </trkpt>
            <trkpt lat="43.6224106" lon="20.5624061">
                <ele>654.4</ele>
                <time>2026-05-10T12:15:00Z</time>
                <hdop>4.7</hdop>
                <extensions>
                    <osmand:speed>0.6</osmand:speed>
                </extensions>
            </trkpt>
            <trkpt lat="43.6224593" lon="20.5624168">
                <ele>656.2</ele>
                <time>2026-05-10T12:15:08Z</time>
                <hdop>4.7</hdop>
                <extensions>
                    <osmand:speed>0.6</osmand:speed>
                </extensions>
            </trkpt>
            <trkpt lat="43.6225037" lon="20.5624406">
                <ele>657.4</ele>
                <time>2026-05-10T12:15:15Z</time>
                <hdop>4.7</hdop>
                <extensions>
                    <osmand:speed>0.6</osmand:speed>
                </extensions>
            </trkpt>
            <trkpt lat="43.6225376" lon="20.5624836">
                <ele>658.2</ele>
                <time>2026-05-10T12:15:23Z</time>
                <hdop>4.7</hdop>
                <extensions>
                    <osmand:speed>0.6</osmand:speed>
                </extensions>
            </trkpt>
            <trkpt lat="43.6225842" lon="20.5625096">
                <ele>658.7</ele>
                <time>2026-05-10T12:15:31Z</time>
                <hdop>4.7</hdop>
                <extensions>
                    <osmand:speed>0.7</osmand:speed>
                </extensions>
            </trkpt>
            <trkpt lat="43.6226611" lon="20.5626104">
                <ele>661.7</ele>
                <time>2026-05-10T12:15:39Z</time>
                <hdop>4.7</hdop>
                <extensions>
                    <osmand:speed>1.5</osmand:speed>
                </extensions>
            </trkpt>
            <trkpt lat="43.6227533" lon="20.5625716">
                <ele>665.2</ele>
                <time>2026-05-10T12:15:48Z</time>
                <hdop>4.7</hdop>
                <extensions>
                    <osmand:speed>1</osmand:speed>
                </extensions>
            </trkpt>
            <trkpt lat="43.6228436" lon="20.5626165">
                <ele>667.7</ele>
                <time>2026-05-10T12:15:58Z</time>
                <hdop>4.7</hdop>
                <extensions>
                    <osmand:speed>0.8</osmand:speed>
                </extensions>
            </trkpt>
            <trkpt lat="43.6229336" lon="20.5626502">
                <ele>670.7</ele>
                <time>2026-05-10T12:16:07Z</time>
                <hdop>4.7</hdop>
                <extensions>
                    <osmand:speed>1</osmand:speed>
                </extensions>
            </trkpt>
            <trkpt lat="43.6229896" lon="20.5627699">
                <ele>672.9</ele>
                <time>2026-05-10T12:16:16Z</time>
                <hdop>4.7</hdop>
                <extensions>
                    <osmand:speed>1.2</osmand:speed>
                </extensions>
            </trkpt>
            <trkpt lat="43.6230388" lon="20.5628019">
                <ele>674.9</ele>
                <time>2026-05-10T12:16:22Z</time>
                <hdop>4.7</hdop>
                <extensions>
                    <osmand:speed>1.1</osmand:speed>
                </extensions>
            </trkpt>
            <trkpt lat="43.623131" lon="20.5628664">
                <ele>678.6</ele>
                <time>2026-05-10T12:16:34Z</time>
                <hdop>4.7</hdop>
                <extensions>
                    <osmand:speed>0.8</osmand:speed>
                </extensions>
            </trkpt>
            <trkpt lat="43.6231781" lon="20.5628612">
                <ele>679</ele>
                <time>2026-05-10T12:16:40Z</time>
                <hdop>4.7</hdop>
                <extensions>
                    <osmand:speed>0.8</osmand:speed>
                </extensions>
            </trkpt>
            <trkpt lat="43.6232259" lon="20.5628611">
                <ele>681.1</ele>
                <time>2026-05-10T12:16:46Z</time>
                <hdop>4.7</hdop>
                <extensions>
                    <osmand:speed>0.7</osmand:speed>
                </extensions>
            </trkpt>
            <trkpt lat="43.6232601" lon="20.5628737">
                <ele>684.1</ele>
                <time>2026-05-10T12:17:00Z</time>
                <hdop>4.7</hdop>
                <extensions>
                    <osmand:speed>0.1</osmand:speed>
                </extensions>
            </trkpt>
            <trkpt lat="43.6232618" lon="20.5628792">
                <ele>684.2</ele>
                <time>2026-05-10T12:17:06Z</time>
                <hdop>4.7</hdop>
            </trkpt>
            <trkpt lat="43.6232586" lon="20.5628821">
                <ele>685.2</ele>
                <time>2026-05-10T12:17:12Z</time>
                <hdop>4.7</hdop>
                <extensions>
                    <osmand:speed>0</osmand:speed>
                </extensions>
            </trkpt>
            <trkpt lat="43.623259" lon="20.5628831">
                <ele>684.4</ele>
                <time>2026-05-10T12:17:18Z</time>
                <hdop>4.7</hdop>
                <extensions>
                    <osmand:speed>0.1</osmand:speed>
                </extensions>
            </trkpt>
            <trkpt lat="43.623254" lon="20.5628961">
                <ele>684.1</ele>
                <time>2026-05-10T12:17:24Z</time>
                <hdop>4.7</hdop>
                <extensions>
                    <osmand:speed>0.1</osmand:speed>
                </extensions>
            </trkpt>
            <trkpt lat="43.6232577" lon="20.5628855">
                <ele>683.8</ele>
                <time>2026-05-10T12:17:30Z</time>
                <hdop>4.7</hdop>
                <extensions>
                    <osmand:speed>0</osmand:speed>
                </extensions>
            </trkpt>
            <trkpt lat="43.6232595" lon="20.562867">
                <ele>683.4</ele>
                <time>2026-05-10T12:17:36Z</time>
                <hdop>4.7</hdop>
            </trkpt>
            <trkpt lat="43.6232609" lon="20.5628586">
                <ele>683.2</ele>
                <time>2026-05-10T12:17:42Z</time>
                <hdop>4.7</hdop>
            </trkpt>
            <trkpt lat="43.6232603" lon="20.5628542">
                <ele>683.3</ele>
                <time>2026-05-10T12:17:48Z</time>
                <hdop>4.7</hdop>
                <extensions>
                    <osmand:speed>0.1</osmand:speed>
                </extensions>
            </trkpt>
            <trkpt lat="43.6232605" lon="20.5628557">
                <ele>683.3</ele>
                <time>2026-05-10T12:17:54Z</time>
                <hdop>4.7</hdop>
            </trkpt>
            <trkpt lat="43.6232596" lon="20.5628565">
                <ele>683</ele>
                <time>2026-05-10T12:18:00Z</time>
                <hdop>4.7</hdop>
                <extensions>
                    <osmand:speed>0</osmand:speed>
                </extensions>
            </trkpt>
            <trkpt lat="43.6232586" lon="20.5628668">
                <ele>683.5</ele>
                <time>2026-05-10T12:18:06Z</time>
                <hdop>4.7</hdop>
            </trkpt>
            <trkpt lat="43.6232665" lon="20.5628697">
                <ele>683.9</ele>
                <time>2026-05-10T12:18:12Z</time>
                <hdop>4.7</hdop>
                <extensions>
                    <osmand:speed>0.1</osmand:speed>
                </extensions>
            </trkpt>
            <trkpt lat="43.6232685" lon="20.5628683">
                <ele>684.1</ele>
                <time>2026-05-10T12:18:18Z</time>
                <hdop>4.7</hdop>
                <extensions>
                    <osmand:speed>0</osmand:speed>
                </extensions>
            </trkpt>
            <trkpt lat="43.6232696" lon="20.5628683">
                <ele>684.4</ele>
                <time>2026-05-10T12:18:24Z</time>
                <hdop>4.7</hdop>
            </trkpt>
            <trkpt lat="43.6232329" lon="20.5628767">
                <ele>683.2</ele>
                <time>2026-05-10T12:18:30Z</time>
                <hdop>4.7</hdop>
                <extensions>
                    <osmand:speed>0.2</osmand:speed>
                </extensions>
            </trkpt>
            <trkpt lat="43.6232065" lon="20.5628834">
                <ele>682.2</ele>
                <time>2026-05-10T12:18:36Z</time>
                <hdop>4.7</hdop>
                <extensions>
                    <osmand:speed>0</osmand:speed>
                </extensions>
            </trkpt>
            <trkpt lat="43.6231932" lon="20.5628847">
                <ele>683.1</ele>
                <time>2026-05-10T12:18:42Z</time>
                <hdop>4.7</hdop>
                <extensions>
                    <osmand:speed>0.1</osmand:speed>
                </extensions>
            </trkpt>
            <trkpt lat="43.6231929" lon="20.5628672">
                <ele>683.1</ele>
                <time>2026-05-10T12:18:48Z</time>
                <hdop>4.7</hdop>
                <extensions>
                    <osmand:speed>0.1</osmand:speed>
                </extensions>
            </trkpt>
            <trkpt lat="43.6232429" lon="20.562844">
                <ele>683.4</ele>
                <time>2026-05-10T12:19:19Z</time>
                <hdop>4.7</hdop>
                <extensions>
                    <osmand:speed>0.6</osmand:speed>
                </extensions>
            </trkpt>
            <trkpt lat="43.6232892" lon="20.5628688">
                <ele>683.6</ele>
                <time>2026-05-10T12:19:27Z</time>
                <hdop>4.7</hdop>
                <extensions>
                    <osmand:speed>0.6</osmand:speed>
                </extensions>
            </trkpt>
            <trkpt lat="43.6233363" lon="20.5628772">
                <ele>684.8</ele>
                <time>2026-05-10T12:19:36Z</time>
                <hdop>4.7</hdop>
                <extensions>
                    <osmand:speed>0.4</osmand:speed>
                </extensions>
            </trkpt>
            <trkpt lat="43.6233828" lon="20.5628655">
                <ele>687.3</ele>
                <time>2026-05-10T12:19:48Z</time>
                <hdop>4.7</hdop>
                <extensions>
                    <osmand:speed>0.4</osmand:speed>
                </extensions>
            </trkpt>
            <trkpt lat="43.623421" lon="20.5629139">
                <ele>689.5</ele>
                <time>2026-05-10T12:19:56Z</time>
                <hdop>4.7</hdop>
                <extensions>
                    <osmand:speed>0.9</osmand:speed>
                </extensions>
            </trkpt>
            <trkpt lat="43.623455" lon="20.5629624">
                <ele>690.8</ele>
                <time>2026-05-10T12:20:02Z</time>
                <hdop>4.7</hdop>
                <extensions>
                    <osmand:speed>0.8</osmand:speed>
                </extensions>
            </trkpt>
            <trkpt lat="43.6235008" lon="20.562975">
                <ele>692.8</ele>
                <time>2026-05-10T12:20:11Z</time>
                <hdop>4.7</hdop>
                <extensions>
                    <osmand:speed>0.7</osmand:speed>
                </extensions>
            </trkpt>
            <trkpt lat="43.6235716" lon="20.5628839">
                <ele>696.6</ele>
                <time>2026-05-10T12:20:34Z</time>
                <hdop>4.7</hdop>
                <extensions>
                    <osmand:speed>1</osmand:speed>
                </extensions>
            </trkpt>
            <trkpt lat="43.6236215" lon="20.5628617">
                <ele>698.7</ele>
                <time>2026-05-10T12:20:41Z</time>
                <hdop>4.7</hdop>
                <extensions>
                    <osmand:speed>1.2</osmand:speed>
                </extensions>
            </trkpt>
            <trkpt lat="43.623689" lon="20.5629531">
                <ele>702.9</ele>
                <time>2026-05-10T12:21:00Z</time>
                <hdop>4.7</hdop>
                <extensions>
                    <osmand:speed>0.7</osmand:speed>
                </extensions>
            </trkpt>
            <trkpt lat="43.6237346" lon="20.5629668">
                <ele>705</ele>
                <time>2026-05-10T12:21:14Z</time>
                <hdop>4.7</hdop>
                <extensions>
                    <osmand:speed>0.5</osmand:speed>
                </extensions>
            </trkpt>
            <trkpt lat="43.6237794" lon="20.5629979">
                <ele>706.6</ele>
                <time>2026-05-10T12:21:22Z</time>
                <hdop>4.7</hdop>
                <extensions>
                    <osmand:speed>0.7</osmand:speed>
                </extensions>
            </trkpt>
            <trkpt lat="43.6238217" lon="20.5630193">
                <ele>709.5</ele>
                <time>2026-05-10T12:21:29Z</time>
                <hdop>4.7</hdop>
                <extensions>
                    <osmand:speed>0.8</osmand:speed>
                </extensions>
            </trkpt>
            <trkpt lat="43.6238603" lon="20.5629778">
                <ele>713</ele>
                <time>2026-05-10T12:21:35Z</time>
                <hdop>4.7</hdop>
                <extensions>
                    <osmand:speed>1.1</osmand:speed>
                </extensions>
            </trkpt>
        </trkseg>
    </trk>
    <trk>
        <trkseg>
            <trkpt lat="43.6239191" lon="20.5629237">
                <ele>718.8</ele>
                <time>2026-05-10T12:22:48Z</time>
                <hdop>4.7</hdop>
                <extensions>
                    <osmand:speed>0.1</osmand:speed>
                </extensions>
            </trkpt>
            <trkpt lat="43.6239202" lon="20.5629216">
                <ele>718.5</ele>
                <time>2026-05-10T12:22:54Z</time>
                <hdop>4.7</hdop>
            </trkpt>
            <trkpt lat="43.6239184" lon="20.5629229">
                <ele>718</ele>
                <time>2026-05-10T12:23:00Z</time>
                <hdop>4.7</hdop>
            </trkpt>
            <trkpt lat="43.6239181" lon="20.5629227">
                <ele>717.8</ele>
                <time>2026-05-10T12:23:06Z</time>
                <hdop>4.7</hdop>
            </trkpt>
            <trkpt lat="43.6239203" lon="20.5629227">
                <ele>718.1</ele>
                <time>2026-05-10T12:23:12Z</time>
                <hdop>4.7</hdop>
                <extensions>
                    <osmand:speed>0</osmand:speed>
                </extensions>
            </trkpt>
            <trkpt lat="43.6239222" lon="20.562922">
                <ele>718.4</ele>
                <time>2026-05-10T12:23:18Z</time>
                <hdop>4.7</hdop>
            </trkpt>
            <trkpt lat="43.6239222" lon="20.562922">
                <ele>718.4</ele>
                <time>2026-05-10T12:23:24Z</time>
                <hdop>4.7</hdop>
            </trkpt>
            <trkpt lat="43.6239222" lon="20.562922">
                <ele>718.4</ele>
                <time>2026-05-10T12:23:30Z</time>
                <hdop>4.7</hdop>
            </trkpt>
            <trkpt lat="43.6239222" lon="20.562922">
                <ele>718.4</ele>
                <time>2026-05-10T12:23:36Z</time>
                <hdop>4.7</hdop>
            </trkpt>
            <trkpt lat="43.6239222" lon="20.562922">
                <ele>718.4</ele>
                <time>2026-05-10T12:23:42Z</time>
                <hdop>4.7</hdop>
            </trkpt>
            <trkpt lat="43.6239222" lon="20.562922">
                <ele>718.4</ele>
                <time>2026-05-10T12:23:48Z</time>
                <hdop>4.7</hdop>
            </trkpt>
            <trkpt lat="43.6239222" lon="20.562922">
                <ele>718.4</ele>
                <time>2026-05-10T12:23:54Z</time>
                <hdop>4.7</hdop>
            </trkpt>
            <trkpt lat="43.6239222" lon="20.562922">
                <ele>718.4</ele>
                <time>2026-05-10T12:24:00Z</time>
                <hdop>4.7</hdop>
            </trkpt>
            <trkpt lat="43.6239242" lon="20.5629276">
                <ele>718.4</ele>
                <time>2026-05-10T12:24:06Z</time>
                <hdop>4.7</hdop>
            </trkpt>
            <trkpt lat="43.6239279" lon="20.5629309">
                <ele>718.2</ele>
                <time>2026-05-10T12:24:12Z</time>
                <hdop>4.7</hdop>
                <extensions>
                    <osmand:speed>0</osmand:speed>
                </extensions>
            </trkpt>
            <trkpt lat="43.6239296" lon="20.5629322">
                <ele>718.4</ele>
                <time>2026-05-10T12:24:18Z</time>
                <hdop>4.7</hdop>
                <extensions>
                    <osmand:speed>0.2</osmand:speed>
                </extensions>
            </trkpt>
            <trkpt lat="43.6239689" lon="20.5628932">
                <ele>720.4</ele>
                <time>2026-05-10T12:24:24Z</time>
                <hdop>4.7</hdop>
                <extensions>
                    <osmand:speed>0.8</osmand:speed>
                </extensions>
            </trkpt>
            <trkpt lat="43.6240067" lon="20.5629318">
                <ele>722.2</ele>
                <time>2026-05-10T12:24:30Z</time>
                <hdop>4.7</hdop>
                <extensions>
                    <osmand:speed>0.9</osmand:speed>
                </extensions>
            </trkpt>
            <trkpt lat="43.6240496" lon="20.5629163">
                <ele>724.8</ele>
                <time>2026-05-10T12:24:36Z</time>
                <hdop>4.7</hdop>
                <extensions>
                    <osmand:speed>0.7</osmand:speed>
                </extensions>
            </trkpt>
            <trkpt lat="43.6240724" lon="20.5629725">
                <ele>725.9</ele>
                <time>2026-05-10T12:24:42Z</time>
                <hdop>4.7</hdop>
                <extensions>
                    <osmand:speed>0.6</osmand:speed>
                </extensions>
            </trkpt>
            <trkpt lat="43.624102" lon="20.5629682">
                <ele>727.4</ele>
                <time>2026-05-10T12:24:48Z</time>
                <hdop>4.7</hdop>
                <extensions>
                    <osmand:speed>0.3</osmand:speed>
                </extensions>
            </trkpt>
            <trkpt lat="43.6241463" lon="20.5629776">
                <ele>729.2</ele>
                <time>2026-05-10T12:24:54Z</time>
                <hdop>4.7</hdop>
                <extensions>
                    <osmand:speed>0.7</osmand:speed>
                </extensions>
            </trkpt>
            <trkpt lat="43.6241579" lon="20.5629863">
                <ele>730.8</ele>
                <time>2026-05-10T12:25:00Z</time>
                <hdop>4.7</hdop>
            </trkpt>
            <trkpt lat="43.6241589" lon="20.5629894">
                <ele>731.3</ele>
                <time>2026-05-10T12:25:06Z</time>
                <hdop>4.7</hdop>
                <extensions>
                    <osmand:speed>0.1</osmand:speed>
                </extensions>
            </trkpt>
            <trkpt lat="43.6241621" lon="20.562985">
                <ele>730.5</ele>
                <time>2026-05-10T12:25:12Z</time>
                <hdop>4.7</hdop>
                <extensions>
                    <osmand:speed>0</osmand:speed>
                </extensions>
            </trkpt>
            <trkpt lat="43.6241929" lon="20.5629935">
                <ele>732.2</ele>
                <time>2026-05-10T12:25:18Z</time>
                <hdop>4.7</hdop>
                <extensions>
                    <osmand:speed>0.8</osmand:speed>
                </extensions>
            </trkpt>
            <trkpt lat="43.624216" lon="20.5629992">
                <ele>734.9</ele>
                <time>2026-05-10T12:25:24Z</time>
                <hdop>4.7</hdop>
                <extensions>
                    <osmand:speed>0.4</osmand:speed>
                </extensions>
            </trkpt>
            <trkpt lat="43.624248" lon="20.5630206">
                <ele>736.8</ele>
                <time>2026-05-10T12:25:30Z</time>
                <hdop>4.7</hdop>
                <extensions>
                    <osmand:speed>0.6</osmand:speed>
                </extensions>
            </trkpt>
            <trkpt lat="43.6242496" lon="20.5630288">
                <ele>736.7</ele>
                <time>2026-05-10T12:25:36Z</time>
                <hdop>4.7</hdop>
                <extensions>
                    <osmand:speed>0.1</osmand:speed>
                </extensions>
            </trkpt>
            <trkpt lat="43.6242489" lon="20.5630403">
                <ele>737.3</ele>
                <time>2026-05-10T12:25:42Z</time>
                <hdop>4.7</hdop>
                <extensions>
                    <osmand:speed>0</osmand:speed>
                </extensions>
            </trkpt>
            <trkpt lat="43.624248" lon="20.5630418">
                <ele>737.5</ele>
                <time>2026-05-10T12:25:48Z</time>
                <hdop>4.7</hdop>
                <extensions>
                    <osmand:speed>0</osmand:speed>
                </extensions>
            </trkpt>
            <trkpt lat="43.6242463" lon="20.5630446">
                <ele>737.8</ele>
                <time>2026-05-10T12:25:54Z</time>
                <hdop>4.7</hdop>
                <extensions>
                    <osmand:speed>0</osmand:speed>
                </extensions>
            </trkpt>
            <trkpt lat="43.6242441" lon="20.5630404">
                <ele>737.8</ele>
                <time>2026-05-10T12:26:00Z</time>
                <hdop>4.7</hdop>
            </trkpt>
            <trkpt lat="43.6242457" lon="20.5630504">
                <ele>738.7</ele>
                <time>2026-05-10T12:26:06Z</time>
                <hdop>4.7</hdop>
                <extensions>
                    <osmand:speed>0.2</osmand:speed>
                </extensions>
            </trkpt>
            <trkpt lat="43.6242508" lon="20.5630341">
                <ele>738.9</ele>
                <time>2026-05-10T12:26:12Z</time>
                <hdop>4.7</hdop>
                <extensions>
                    <osmand:speed>0.1</osmand:speed>
                </extensions>
            </trkpt>
            <trkpt lat="43.6242527" lon="20.5630339">
                <ele>738.8</ele>
                <time>2026-05-10T12:26:18Z</time>
                <hdop>4.7</hdop>
                <extensions>
                    <osmand:speed>0</osmand:speed>
                </extensions>
            </trkpt>
            <trkpt lat="43.6242509" lon="20.5629908">
                <ele>738.8</ele>
                <time>2026-05-10T12:26:24Z</time>
                <hdop>4.7</hdop>
                <extensions>
                    <osmand:speed>0.1</osmand:speed>
                </extensions>
            </trkpt>
            <trkpt lat="43.6242513" lon="20.5629626">
                <ele>739</ele>
                <time>2026-05-10T12:26:30Z</time>
                <hdop>4.7</hdop>
                <extensions>
                    <osmand:speed>0.2</osmand:speed>
                </extensions>
            </trkpt>
            <trkpt lat="43.6242694" lon="20.5629123">
                <ele>740</ele>
                <time>2026-05-10T12:26:36Z</time>
                <hdop>4.7</hdop>
                <extensions>
                    <osmand:speed>0.3</osmand:speed>
                </extensions>
            </trkpt>
            <trkpt lat="43.6242979" lon="20.5629214">
                <ele>741.5</ele>
                <time>2026-05-10T12:26:42Z</time>
                <hdop>4.7</hdop>
                <extensions>
                    <osmand:speed>0.9</osmand:speed>
                </extensions>
            </trkpt>
            <trkpt lat="43.6243342" lon="20.5628903">
                <ele>742.6</ele>
                <time>2026-05-10T12:26:48Z</time>
                <hdop>4.7</hdop>
                <extensions>
                    <osmand:speed>0.9</osmand:speed>
                </extensions>
            </trkpt>
            <trkpt lat="43.624384" lon="20.5628811">
                <ele>745</ele>
                <time>2026-05-10T12:26:54Z</time>
                <hdop>4.7</hdop>
                <extensions>
                    <osmand:speed>1</osmand:speed>
                </extensions>
            </trkpt>
            <trkpt lat="43.6244248" lon="20.5628442">
                <ele>747.3</ele>
                <time>2026-05-10T12:27:00Z</time>
                <hdop>4.7</hdop>
                <extensions>
                    <osmand:speed>1</osmand:speed>
                </extensions>
            </trkpt>
            <trkpt lat="43.6244741" lon="20.5627938">
                <ele>749.4</ele>
                <time>2026-05-10T12:27:06Z</time>
                <hdop>4.7</hdop>
                <extensions>
                    <osmand:speed>1.1</osmand:speed>
                </extensions>
            </trkpt>
            <trkpt lat="43.6245283" lon="20.562762">
                <ele>751.1</ele>
                <time>2026-05-10T12:27:12Z</time>
                <hdop>4.7</hdop>
                <extensions>
                    <osmand:speed>1.2</osmand:speed>
                </extensions>
            </trkpt>
            <trkpt lat="43.6245945" lon="20.5627238">
                <ele>752.3</ele>
                <time>2026-05-10T12:27:18Z</time>
                <hdop>4.7</hdop>
                <extensions>
                    <osmand:speed>1.4</osmand:speed>
                </extensions>
            </trkpt>
            <trkpt lat="43.6246336" lon="20.5626874">
                <ele>754.3</ele>
                <time>2026-05-10T12:27:24Z</time>
                <hdop>4.7</hdop>
                <extensions>
                    <osmand:speed>1.1</osmand:speed>
                </extensions>
            </trkpt>
            <trkpt lat="43.6246806" lon="20.5626643">
                <ele>755.3</ele>
                <time>2026-05-10T12:27:30Z</time>
                <hdop>4.7</hdop>
                <extensions>
                    <osmand:speed>0.6</osmand:speed>
                </extensions>
            </trkpt>
            <trkpt lat="43.6247004" lon="20.5626648">
                <ele>755.7</ele>
                <time>2026-05-10T12:27:36Z</time>
                <hdop>4.7</hdop>
                <extensions>
                    <osmand:speed>0.5</osmand:speed>
                </extensions>
            </trkpt>
            <trkpt lat="43.6246934" lon="20.5626726">
                <ele>755.3</ele>
                <time>2026-05-10T12:27:42Z</time>
                <hdop>4.7</hdop>
            </trkpt>
            <trkpt lat="43.6246934" lon="20.5626726">
                <ele>755.3</ele>
                <time>2026-05-10T12:27:48Z</time>
                <hdop>4.7</hdop>
            </trkpt>
            <trkpt lat="43.6246934" lon="20.5626726">
                <ele>755.3</ele>
                <time>2026-05-10T12:27:54Z</time>
                <hdop>4.7</hdop>
            </trkpt>
            <trkpt lat="43.6247052" lon="20.5626803">
                <ele>756.9</ele>
                <time>2026-05-10T12:28:00Z</time>
                <hdop>4.7</hdop>
            </trkpt>
            <trkpt lat="43.6247052" lon="20.5626803">
                <ele>756.9</ele>
                <time>2026-05-10T12:28:06Z</time>
                <hdop>4.7</hdop>
            </trkpt>
            <trkpt lat="43.6247031" lon="20.5626831">
                <ele>757.8</ele>
                <time>2026-05-10T12:28:12Z</time>
                <hdop>4.7</hdop>
                <extensions>
                    <osmand:speed>0</osmand:speed>
                </extensions>
            </trkpt>
            <trkpt lat="43.624701" lon="20.5626866">
                <ele>757.4</ele>
                <time>2026-05-10T12:28:18Z</time>
                <hdop>4.7</hdop>
                <extensions>
                    <osmand:speed>0.1</osmand:speed>
                </extensions>
            </trkpt>
            <trkpt lat="43.6247015" lon="20.5626868">
                <ele>756.7</ele>
                <time>2026-05-10T12:28:24Z</time>
                <hdop>4.7</hdop>
                <extensions>
                    <osmand:speed>0.1</osmand:speed>
                </extensions>
            </trkpt>
            <trkpt lat="43.6247022" lon="20.5626845">
                <ele>756.3</ele>
                <time>2026-05-10T12:28:30Z</time>
                <hdop>4.7</hdop>
            </trkpt>
            <trkpt lat="43.6246998" lon="20.5626834">
                <ele>756.4</ele>
                <time>2026-05-10T12:28:36Z</time>
                <hdop>4.7</hdop>
                <extensions>
                    <osmand:speed>0</osmand:speed>
                </extensions>
            </trkpt>
            <trkpt lat="43.6247005" lon="20.5626829">
                <ele>756.6</ele>
                <time>2026-05-10T12:28:42Z</time>
                <hdop>4.7</hdop>
            </trkpt>
        </trkseg>
    </trk>
    <trk>
        <trkseg>
            <trkpt lat="43.6246972" lon="20.5626853">
                <ele>754.4</ele>
                <time>2026-05-10T12:32:13Z</time>
                <hdop>4.7</hdop>
                <extensions>
                    <osmand:speed>0.1</osmand:speed>
                </extensions>
            </trkpt>
            <trkpt lat="43.6246995" lon="20.5626868">
                <ele>755.9</ele>
                <time>2026-05-10T12:32:19Z</time>
                <hdop>4.7</hdop>
                <extensions>
                    <osmand:speed>0.1</osmand:speed>
                </extensions>
            </trkpt>
            <trkpt lat="43.624699" lon="20.5626871">
                <ele>756.1</ele>
                <time>2026-05-10T12:32:25Z</time>
                <hdop>4.7</hdop>
            </trkpt>
            <trkpt lat="43.624699" lon="20.5626871">
                <ele>756.1</ele>
                <time>2026-05-10T12:32:31Z</time>
                <hdop>4.7</hdop>
            </trkpt>
            <trkpt lat="43.624699" lon="20.5626871">
                <ele>756.1</ele>
                <time>2026-05-10T12:32:37Z</time>
                <hdop>4.7</hdop>
            </trkpt>
            <trkpt lat="43.6247012" lon="20.5626957">
                <ele>756.2</ele>
                <time>2026-05-10T12:32:43Z</time>
                <hdop>4.7</hdop>
                <extensions>
                    <osmand:speed>0</osmand:speed>
                </extensions>
            </trkpt>
            <trkpt lat="43.6247041" lon="20.5626869">
                <ele>755.9</ele>
                <time>2026-05-10T12:32:49Z</time>
                <hdop>4.7</hdop>
                <extensions>
                    <osmand:speed>0.1</osmand:speed>
                </extensions>
            </trkpt>
            <trkpt lat="43.6247008" lon="20.5626866">
                <ele>756.4</ele>
                <time>2026-05-10T12:32:55Z</time>
                <hdop>4.7</hdop>
            </trkpt>
            <trkpt lat="43.6247009" lon="20.5626867">
                <ele>756.7</ele>
                <time>2026-05-10T12:33:01Z</time>
                <hdop>4.7</hdop>
                <extensions>
                    <osmand:speed>0</osmand:speed>
                </extensions>
            </trkpt>
            <trkpt lat="43.6246981" lon="20.5626881">
                <ele>756.9</ele>
                <time>2026-05-10T12:33:07Z</time>
                <hdop>4.7</hdop>
            </trkpt>
        </trkseg>
    </trk>
    <trk>
        <trkseg>
            <trkpt lat="43.6247081" lon="20.5626904">
                <ele>757.5</ele>
                <time>2026-05-10T12:39:23Z</time>
                <hdop>4.7</hdop>
                <extensions>
                    <osmand:speed>0.2</osmand:speed>
                </extensions>
            </trkpt>
            <trkpt lat="43.6247051" lon="20.5626913">
                <ele>757.3</ele>
                <time>2026-05-10T12:39:29Z</time>
                <hdop>4.7</hdop>
                <extensions>
                    <osmand:speed>0.1</osmand:speed>
                </extensions>
            </trkpt>
            <trkpt lat="43.6247048" lon="20.5626922">
                <ele>758.1</ele>
                <time>2026-05-10T12:39:35Z</time>
                <hdop>4.7</hdop>
                <extensions>
                    <osmand:speed>0.1</osmand:speed>
                </extensions>
            </trkpt>
            <trkpt lat="43.6247047" lon="20.5626951">
                <ele>758.3</ele>
                <time>2026-05-10T12:39:41Z</time>
                <hdop>4.7</hdop>
            </trkpt>
            <trkpt lat="43.6247052" lon="20.5626959">
                <ele>758.2</ele>
                <time>2026-05-10T12:39:47Z</time>
                <hdop>4.7</hdop>
                <extensions>
                    <osmand:speed>0</osmand:speed>
                </extensions>
            </trkpt>
            <trkpt lat="43.6247035" lon="20.5626986">
                <ele>758.1</ele>
                <time>2026-05-10T12:39:53Z</time>
                <hdop>4.7</hdop>
            </trkpt>
            <trkpt lat="43.6247035" lon="20.5626986">
                <ele>758.1</ele>
                <time>2026-05-10T12:39:59Z</time>
                <hdop>4.7</hdop>
            </trkpt>
            <trkpt lat="43.6247035" lon="20.5626986">
                <ele>758.1</ele>
                <time>2026-05-10T12:40:05Z</time>
                <hdop>4.7</hdop>
            </trkpt>
            <trkpt lat="43.6247042" lon="20.5626982">
                <ele>758.3</ele>
                <time>2026-05-10T12:40:11Z</time>
                <hdop>4.7</hdop>
            </trkpt>
            <trkpt lat="43.6247055" lon="20.5626984">
                <ele>758</ele>
                <time>2026-05-10T12:40:17Z</time>
                <hdop>4.7</hdop>
            </trkpt>
            <trkpt lat="43.6247043" lon="20.5626956">
                <ele>757.9</ele>
                <time>2026-05-10T12:40:23Z</time>
                <hdop>4.7</hdop>
                <extensions>
                    <osmand:speed>0</osmand:speed>
                </extensions>
            </trkpt>
            <trkpt lat="43.6247045" lon="20.5626945">
                <ele>757.9</ele>
                <time>2026-05-10T12:40:29Z</time>
                <hdop>4.7</hdop>
            </trkpt>
            <trkpt lat="43.6247045" lon="20.5626945">
                <ele>757.9</ele>
                <time>2026-05-10T12:40:35Z</time>
                <hdop>4.7</hdop>
            </trkpt>
            <trkpt lat="43.6247039" lon="20.5626922">
                <ele>758</ele>
                <time>2026-05-10T12:40:41Z</time>
                <hdop>4.7</hdop>
            </trkpt>
            <trkpt lat="43.6247047" lon="20.5626864">
                <ele>758</ele>
                <time>2026-05-10T12:40:47Z</time>
                <hdop>4.7</hdop>
            </trkpt>
            <trkpt lat="43.6247051" lon="20.5626862">
                <ele>758</ele>
                <time>2026-05-10T12:40:53Z</time>
                <hdop>4.7</hdop>
            </trkpt>
            <trkpt lat="43.6247067" lon="20.5626855">
                <ele>758.1</ele>
                <time>2026-05-10T12:40:59Z</time>
                <hdop>4.7</hdop>
            </trkpt>
            <trkpt lat="43.6247067" lon="20.5626855">
                <ele>758.1</ele>
                <time>2026-05-10T12:41:05Z</time>
                <hdop>4.7</hdop>
            </trkpt>
            <trkpt lat="43.6247064" lon="20.5626859">
                <ele>757.8</ele>
                <time>2026-05-10T12:41:11Z</time>
                <hdop>4.7</hdop>
            </trkpt>
            <trkpt lat="43.6247078" lon="20.5626847">
                <ele>757.9</ele>
                <time>2026-05-10T12:41:17Z</time>
                <hdop>4.7</hdop>
                <extensions>
                    <osmand:speed>0</osmand:speed>
                </extensions>
            </trkpt>
            <trkpt lat="43.6247075" lon="20.562685">
                <ele>757.9</ele>
                <time>2026-05-10T12:41:23Z</time>
                <hdop>4.7</hdop>
            </trkpt>
            <trkpt lat="43.6247059" lon="20.562686">
                <ele>757.8</ele>
                <time>2026-05-10T12:41:29Z</time>
                <hdop>4.7</hdop>
            </trkpt>
            <trkpt lat="43.6247054" lon="20.5626863">
                <ele>757.6</ele>
                <time>2026-05-10T12:41:35Z</time>
                <hdop>4.7</hdop>
            </trkpt>
            <trkpt lat="43.6247054" lon="20.5626863">
                <ele>757.6</ele>
                <time>2026-05-10T12:41:41Z</time>
                <hdop>4.7</hdop>
            </trkpt>
        </trkseg>
    </trk>
    <trk>
        <trkseg>
            <trkpt lat="43.6247518" lon="20.5626768">
                <ele>756.4</ele>
                <time>2026-05-10T12:45:42Z</time>
                <hdop>4.7</hdop>
                <extensions>
                    <osmand:speed>1.1</osmand:speed>
                </extensions>
            </trkpt>
            <trkpt lat="43.6247974" lon="20.5626745">
                <ele>756.7</ele>
                <time>2026-05-10T12:45:48Z</time>
                <hdop>4.7</hdop>
                <extensions>
                    <osmand:speed>0.6</osmand:speed>
                </extensions>
            </trkpt>
            <trkpt lat="43.6248329" lon="20.5626756">
                <ele>757.1</ele>
                <time>2026-05-10T12:45:55Z</time>
                <hdop>4.7</hdop>
                <extensions>
                    <osmand:speed>0.9</osmand:speed>
                </extensions>
            </trkpt>
            <trkpt lat="43.6248787" lon="20.5626852">
                <ele>756.9</ele>
                <time>2026-05-10T12:46:01Z</time>
                <hdop>4.7</hdop>
                <extensions>
                    <osmand:speed>0.7</osmand:speed>
                </extensions>
            </trkpt>
            <trkpt lat="43.6249211" lon="20.5627245">
                <ele>756</ele>
                <time>2026-05-10T12:46:15Z</time>
                <hdop>4.7</hdop>
                <extensions>
                    <osmand:speed>0.8</osmand:speed>
                </extensions>
            </trkpt>
            <trkpt lat="43.62497" lon="20.5626952">
                <ele>756.8</ele>
                <time>2026-05-10T12:46:23Z</time>
                <hdop>4.7</hdop>
                <extensions>
                    <osmand:speed>0.9</osmand:speed>
                </extensions>
            </trkpt>
            <trkpt lat="43.6250633" lon="20.5627378">
                <ele>757.2</ele>
                <time>2026-05-10T12:46:34Z</time>
                <hdop>4.7</hdop>
                <extensions>
                    <osmand:speed>1</osmand:speed>
                </extensions>
            </trkpt>
            <trkpt lat="43.6251167" lon="20.5627471">
                <ele>757.9</ele>
                <time>2026-05-10T12:46:40Z</time>
                <hdop>4.7</hdop>
                <extensions>
                    <osmand:speed>1</osmand:speed>
                </extensions>
            </trkpt>
            <trkpt lat="43.6251636" lon="20.5627193">
                <ele>759.1</ele>
                <time>2026-05-10T12:46:46Z</time>
                <hdop>4.7</hdop>
                <extensions>
                    <osmand:speed>1.1</osmand:speed>
                </extensions>
            </trkpt>
            <trkpt lat="43.6252491" lon="20.5627542">
                <ele>759.9</ele>
                <time>2026-05-10T12:46:56Z</time>
                <hdop>4.7</hdop>
                <extensions>
                    <osmand:speed>1.1</osmand:speed>
                </extensions>
            </trkpt>
            <trkpt lat="43.6253469" lon="20.5627857">
                <ele>761.1</ele>
                <time>2026-05-10T12:47:07Z</time>
                <hdop>4.7</hdop>
                <extensions>
                    <osmand:speed>1</osmand:speed>
                </extensions>
            </trkpt>
            <trkpt lat="43.6253961" lon="20.5628088">
                <ele>761.2</ele>
                <time>2026-05-10T12:47:13Z</time>
                <hdop>4.7</hdop>
                <extensions>
                    <osmand:speed>1.1</osmand:speed>
                </extensions>
            </trkpt>
            <trkpt lat="43.6254901" lon="20.5628429">
                <ele>762.3</ele>
                <time>2026-05-10T12:47:23Z</time>
                <hdop>4.7</hdop>
                <extensions>
                    <osmand:speed>1</osmand:speed>
                </extensions>
            </trkpt>
            <trkpt lat="43.6255854" lon="20.5628899">
                <ele>763</ele>
                <time>2026-05-10T12:47:33Z</time>
                <hdop>4.7</hdop>
                <extensions>
                    <osmand:speed>1</osmand:speed>
                </extensions>
            </trkpt>
            <trkpt lat="43.6256284" lon="20.5629141">
                <ele>763.2</ele>
                <time>2026-05-10T12:47:40Z</time>
                <hdop>4.7</hdop>
                <extensions>
                    <osmand:speed>0.9</osmand:speed>
                </extensions>
            </trkpt>
            <trkpt lat="43.6256738" lon="20.5629425">
                <ele>764.8</ele>
                <time>2026-05-10T12:47:46Z</time>
                <hdop>4.7</hdop>
                <extensions>
                    <osmand:speed>0.9</osmand:speed>
                </extensions>
            </trkpt>
            <trkpt lat="43.6257648" lon="20.5629937">
                <ele>765.9</ele>
                <time>2026-05-10T12:47:57Z</time>
                <hdop>4.7</hdop>
                <extensions>
                    <osmand:speed>0.7</osmand:speed>
                </extensions>
            </trkpt>
            <trkpt lat="43.6258146" lon="20.5630182">
                <ele>769.8</ele>
                <time>2026-05-10T12:48:06Z</time>
                <hdop>4.7</hdop>
                <extensions>
                    <osmand:speed>0.8</osmand:speed>
                </extensions>
            </trkpt>
            <trkpt lat="43.6258627" lon="20.5630299">
                <ele>770.4</ele>
                <time>2026-05-10T12:48:13Z</time>
                <hdop>4.7</hdop>
                <extensions>
                    <osmand:speed>0.7</osmand:speed>
                </extensions>
            </trkpt>
            <trkpt lat="43.6259119" lon="20.5630356">
                <ele>770.9</ele>
                <time>2026-05-10T12:48:20Z</time>
                <hdop>4.7</hdop>
                <extensions>
                    <osmand:speed>0.5</osmand:speed>
                </extensions>
            </trkpt>
            <trkpt lat="43.6259561" lon="20.5630132">
                <ele>772.5</ele>
                <time>2026-05-10T12:48:27Z</time>
                <hdop>4.7</hdop>
                <extensions>
                    <osmand:speed>0.7</osmand:speed>
                </extensions>
            </trkpt>
            <trkpt lat="43.6260437" lon="20.563003">
                <ele>773.9</ele>
                <time>2026-05-10T12:48:39Z</time>
                <hdop>4.7</hdop>
                <extensions>
                    <osmand:speed>0.7</osmand:speed>
                </extensions>
            </trkpt>
            <trkpt lat="43.6260875" lon="20.5630194">
                <ele>775.1</ele>
                <time>2026-05-10T12:48:49Z</time>
                <hdop>4.7</hdop>
                <extensions>
                    <osmand:speed>0.2</osmand:speed>
                </extensions>
            </trkpt>
            <trkpt lat="43.6261337" lon="20.5630431">
                <ele>777</ele>
                <time>2026-05-10T12:48:56Z</time>
                <hdop>4.7</hdop>
                <extensions>
                    <osmand:speed>0.7</osmand:speed>
                </extensions>
            </trkpt>
            <trkpt lat="43.6261825" lon="20.56303">
                <ele>780.3</ele>
                <time>2026-05-10T12:49:06Z</time>
                <hdop>4.7</hdop>
                <extensions>
                    <osmand:speed>0.5</osmand:speed>
                </extensions>
            </trkpt>
            <trkpt lat="43.6262276" lon="20.5630359">
                <ele>781.7</ele>
                <time>2026-05-10T12:49:15Z</time>
                <hdop>4.7</hdop>
                <extensions>
                    <osmand:speed>0.6</osmand:speed>
                </extensions>
            </trkpt>
            <trkpt lat="43.626276" lon="20.5630532">
                <ele>783.9</ele>
                <time>2026-05-10T12:49:23Z</time>
                <hdop>4.7</hdop>
                <extensions>
                    <osmand:speed>0.9</osmand:speed>
                </extensions>
            </trkpt>
            <trkpt lat="43.6263211" lon="20.5630582">
                <ele>785.4</ele>
                <time>2026-05-10T12:49:29Z</time>
                <hdop>4.7</hdop>
                <extensions>
                    <osmand:speed>1</osmand:speed>
                </extensions>
            </trkpt>
            <trkpt lat="43.6263675" lon="20.5630498">
                <ele>788.5</ele>
                <time>2026-05-10T12:49:48Z</time>
                <hdop>4.7</hdop>
                <extensions>
                    <osmand:speed>0.7</osmand:speed>
                </extensions>
            </trkpt>
            <trkpt lat="43.6264126" lon="20.5630697">
                <ele>791.5</ele>
                <time>2026-05-10T12:50:02Z</time>
                <hdop>4.7</hdop>
                <extensions>
                    <osmand:speed>0.8</osmand:speed>
                </extensions>
            </trkpt>
            <trkpt lat="43.6264561" lon="20.5630915">
                <ele>793.2</ele>
                <time>2026-05-10T12:50:08Z</time>
                <hdop>4.7</hdop>
                <extensions>
                    <osmand:speed>0.5</osmand:speed>
                </extensions>
            </trkpt>
            <trkpt lat="43.6265094" lon="20.5630832">
                <ele>796</ele>
                <time>2026-05-10T12:50:15Z</time>
                <hdop>4.7</hdop>
                <extensions>
                    <osmand:speed>0.9</osmand:speed>
                </extensions>
            </trkpt>
            <trkpt lat="43.626546" lon="20.5631247">
                <ele>797.3</ele>
                <time>2026-05-10T12:50:29Z</time>
                <hdop>4.7</hdop>
                <extensions>
                    <osmand:speed>1</osmand:speed>
                </extensions>
            </trkpt>
            <trkpt lat="43.6265995" lon="20.5631255">
                <ele>799.2</ele>
                <time>2026-05-10T12:50:36Z</time>
                <hdop>4.7</hdop>
                <extensions>
                    <osmand:speed>0.8</osmand:speed>
                </extensions>
            </trkpt>
            <trkpt lat="43.6266464" lon="20.5631322">
                <ele>801.7</ele>
                <time>2026-05-10T12:50:44Z</time>
                <hdop>4.7</hdop>
                <extensions>
                    <osmand:speed>0.7</osmand:speed>
                </extensions>
            </trkpt>
            <trkpt lat="43.626697" lon="20.563123">
                <ele>803.4</ele>
                <time>2026-05-10T12:50:51Z</time>
                <hdop>4.7</hdop>
                <extensions>
                    <osmand:speed>0.8</osmand:speed>
                </extensions>
            </trkpt>
            <trkpt lat="43.6267819" lon="20.5631896">
                <ele>808.3</ele>
                <time>2026-05-10T12:51:15Z</time>
                <hdop>4.7</hdop>
                <extensions>
                    <osmand:speed>0.8</osmand:speed>
                </extensions>
            </trkpt>
            <trkpt lat="43.6268252" lon="20.563231">
                <ele>809.1</ele>
                <time>2026-05-10T12:51:21Z</time>
                <hdop>4.7</hdop>
                <extensions>
                    <osmand:speed>0.9</osmand:speed>
                </extensions>
            </trkpt>
            <trkpt lat="43.6268786" lon="20.5632482">
                <ele>810.7</ele>
                <time>2026-05-10T12:51:27Z</time>
                <hdop>4.7</hdop>
                <extensions>
                    <osmand:speed>1.1</osmand:speed>
                </extensions>
            </trkpt>
            <trkpt lat="43.6269255" lon="20.5632692">
                <ele>812</ele>
                <time>2026-05-10T12:51:33Z</time>
                <hdop>4.7</hdop>
                <extensions>
                    <osmand:speed>1</osmand:speed>
                </extensions>
            </trkpt>
            <trkpt lat="43.6269794" lon="20.5632843">
                <ele>815.1</ele>
                <time>2026-05-10T12:51:41Z</time>
                <hdop>4.7</hdop>
                <extensions>
                    <osmand:speed>0.9</osmand:speed>
                </extensions>
            </trkpt>
            <trkpt lat="43.6270156" lon="20.5633309">
                <ele>814.6</ele>
                <time>2026-05-10T12:51:55Z</time>
                <hdop>4.7</hdop>
                <extensions>
                    <osmand:speed>1.2</osmand:speed>
                </extensions>
            </trkpt>
            <trkpt lat="43.6270639" lon="20.5633538">
                <ele>814.5</ele>
                <time>2026-05-10T12:52:12Z</time>
                <hdop>4.7</hdop>
                <extensions>
                    <osmand:speed>1.3</osmand:speed>
                </extensions>
            </trkpt>
            <trkpt lat="43.6271062" lon="20.5633871">
                <ele>813.7</ele>
                <time>2026-05-10T12:52:22Z</time>
                <hdop>4.7</hdop>
                <extensions>
                    <osmand:speed>0.8</osmand:speed>
                </extensions>
            </trkpt>
            <trkpt lat="43.6271575" lon="20.563392">
                <ele>814.5</ele>
                <time>2026-05-10T12:52:34Z</time>
                <hdop>4.7</hdop>
                <extensions>
                    <osmand:speed>0.9</osmand:speed>
                </extensions>
            </trkpt>
            <trkpt lat="43.627203" lon="20.5633877">
                <ele>814.4</ele>
                <time>2026-05-10T12:52:40Z</time>
                <hdop>4.7</hdop>
                <extensions>
                    <osmand:speed>0.6</osmand:speed>
                </extensions>
            </trkpt>
        </trkseg>
    </trk>
    <trk>
        <trkseg>
            <trkpt lat="43.6272404" lon="20.5634362">
                <ele>812.9</ele>
                <time>2026-05-10T12:56:19Z</time>
                <hdop>4.7</hdop>
                <extensions>
                    <osmand:speed>0.4</osmand:speed>
                </extensions>
            </trkpt>
            <trkpt lat="43.6272802" lon="20.5634773">
                <ele>812.2</ele>
                <time>2026-05-10T12:56:30Z</time>
                <hdop>4.7</hdop>
                <extensions>
                    <osmand:speed>0.7</osmand:speed>
                </extensions>
            </trkpt>
        </trkseg>
    </trk>
    <trk>
        <trkseg>
            <trkpt lat="43.627333" lon="20.5635136">
                <ele>813.5</ele>
                <time>2026-05-10T12:58:22Z</time>
                <hdop>4.7</hdop>
                <extensions>
                    <osmand:speed>1.1</osmand:speed>
                </extensions>
            </trkpt>
            <trkpt lat="43.6273821" lon="20.5635357">
                <ele>813.7</ele>
                <time>2026-05-10T12:58:28Z</time>
                <hdop>4.7</hdop>
                <extensions>
                    <osmand:speed>1</osmand:speed>
                </extensions>
            </trkpt>
            <trkpt lat="43.6274321" lon="20.5635364">
                <ele>814.8</ele>
                <time>2026-05-10T12:58:34Z</time>
                <hdop>4.7</hdop>
                <extensions>
                    <osmand:speed>1.3</osmand:speed>
                </extensions>
            </trkpt>
            <trkpt lat="43.6274879" lon="20.5635631">
                <ele>814.2</ele>
                <time>2026-05-10T12:58:42Z</time>
                <hdop>4.7</hdop>
                <extensions>
                    <osmand:speed>1.3</osmand:speed>
                </extensions>
            </trkpt>
            <trkpt lat="43.6275118" lon="20.5636198">
                <ele>813.4</ele>
                <time>2026-05-10T12:58:48Z</time>
                <hdop>4.7</hdop>
                <extensions>
                    <osmand:speed>0.8</osmand:speed>
                </extensions>
            </trkpt>
            <trkpt lat="43.6275563" lon="20.5636442">
                <ele>812.5</ele>
                <time>2026-05-10T12:58:56Z</time>
                <hdop>4.7</hdop>
                <extensions>
                    <osmand:speed>0.8</osmand:speed>
                </extensions>
            </trkpt>
            <trkpt lat="43.627645" lon="20.5637049">
                <ele>812.5</ele>
                <time>2026-05-10T12:59:05Z</time>
                <hdop>4.7</hdop>
                <extensions>
                    <osmand:speed>0.9</osmand:speed>
                </extensions>
            </trkpt>
            <trkpt lat="43.6277297" lon="20.5637747">
                <ele>813.1</ele>
                <time>2026-05-10T12:59:15Z</time>
                <hdop>4.7</hdop>
                <extensions>
                    <osmand:speed>1.2</osmand:speed>
                </extensions>
            </trkpt>
            <trkpt lat="43.6278226" lon="20.5638308">
                <ele>813.9</ele>
                <time>2026-05-10T12:59:23Z</time>
                <hdop>4.7</hdop>
                <extensions>
                    <osmand:speed>1.7</osmand:speed>
                </extensions>
            </trkpt>
            <trkpt lat="43.6279041" lon="20.5639359">
                <ele>813.9</ele>
                <time>2026-05-10T12:59:32Z</time>
                <hdop>4.7</hdop>
                <extensions>
                    <osmand:speed>1.4</osmand:speed>
                </extensions>
            </trkpt>
            <trkpt lat="43.628003" lon="20.5640021">
                <ele>814.1</ele>
                <time>2026-05-10T12:59:43Z</time>
                <hdop>4.7</hdop>
                <extensions>
                    <osmand:speed>1.1</osmand:speed>
                </extensions>
            </trkpt>
            <trkpt lat="43.6280851" lon="20.5640772">
                <ele>815</ele>
                <time>2026-05-10T12:59:53Z</time>
                <hdop>4.7</hdop>
                <extensions>
                    <osmand:speed>1.3</osmand:speed>
                </extensions>
            </trkpt>
            <trkpt lat="43.628136" lon="20.5640981">
                <ele>814.9</ele>
                <time>2026-05-10T12:59:59Z</time>
                <hdop>4.7</hdop>
                <extensions>
                    <osmand:speed>1</osmand:speed>
                </extensions>
            </trkpt>
            <trkpt lat="43.6281456" lon="20.5641256">
                <ele>815</ele>
                <time>2026-05-10T13:00:05Z</time>
                <hdop>4.7</hdop>
                <extensions>
                    <osmand:speed>0</osmand:speed>
                </extensions>
            </trkpt>
            <trkpt lat="43.6281454" lon="20.5641321">
                <ele>814.7</ele>
                <time>2026-05-10T13:00:11Z</time>
                <hdop>4.7</hdop>
                <extensions>
                    <osmand:speed>0</osmand:speed>
                </extensions>
            </trkpt>
            <trkpt lat="43.6281749" lon="20.5641664">
                <ele>812.9</ele>
                <time>2026-05-10T13:00:17Z</time>
                <hdop>4.7</hdop>
                <extensions>
                    <osmand:speed>0.7</osmand:speed>
                </extensions>
            </trkpt>
            <trkpt lat="43.6281952" lon="20.5641985">
                <ele>811.3</ele>
                <time>2026-05-10T13:00:23Z</time>
                <hdop>4.7</hdop>
                <extensions>
                    <osmand:speed>0.2</osmand:speed>
                </extensions>
            </trkpt>
            <trkpt lat="43.6282342" lon="20.5641973">
                <ele>810.9</ele>
                <time>2026-05-10T13:00:29Z</time>
                <hdop>4.7</hdop>
                <extensions>
                    <osmand:speed>0.7</osmand:speed>
                </extensions>
            </trkpt>
            <trkpt lat="43.6282758" lon="20.5642445">
                <ele>809.8</ele>
                <time>2026-05-10T13:00:35Z</time>
                <hdop>4.7</hdop>
                <extensions>
                    <osmand:speed>0.7</osmand:speed>
                </extensions>
            </trkpt>
            <trkpt lat="43.6283186" lon="20.5642645">
                <ele>808.6</ele>
                <time>2026-05-10T13:00:41Z</time>
                <hdop>4.7</hdop>
                <extensions>
                    <osmand:speed>0.9</osmand:speed>
                </extensions>
            </trkpt>
            <trkpt lat="43.6283314" lon="20.564301">
                <ele>807</ele>
                <time>2026-05-10T13:00:47Z</time>
                <hdop>4.7</hdop>
                <extensions>
                    <osmand:speed>0.3</osmand:speed>
                </extensions>
            </trkpt>
            <trkpt lat="43.62838" lon="20.5643275">
                <ele>804.9</ele>
                <time>2026-05-10T13:00:53Z</time>
                <hdop>4.7</hdop>
                <extensions>
                    <osmand:speed>0.5</osmand:speed>
                </extensions>
            </trkpt>
            <trkpt lat="43.6284386" lon="20.5643882">
                <ele>805.2</ele>
                <time>2026-05-10T13:00:59Z</time>
                <hdop>4.7</hdop>
                <extensions>
                    <osmand:speed>1</osmand:speed>
                </extensions>
            </trkpt>
            <trkpt lat="43.6285033" lon="20.5644321">
                <ele>805.7</ele>
                <time>2026-05-10T13:01:05Z</time>
                <hdop>4.7</hdop>
                <extensions>
                    <osmand:speed>1.1</osmand:speed>
                </extensions>
            </trkpt>
            <trkpt lat="43.6285721" lon="20.5644952">
                <ele>805.7</ele>
                <time>2026-05-10T13:01:11Z</time>
                <hdop>4.7</hdop>
                <extensions>
                    <osmand:speed>1.4</osmand:speed>
                </extensions>
            </trkpt>
            <trkpt lat="43.6286456" lon="20.5645625">
                <ele>806</ele>
                <time>2026-05-10T13:01:17Z</time>
                <hdop>4.7</hdop>
                <extensions>
                    <osmand:speed>1.4</osmand:speed>
                </extensions>
            </trkpt>
            <trkpt lat="43.6287252" lon="20.5645971">
                <ele>807.7</ele>
                <time>2026-05-10T13:01:23Z</time>
                <hdop>4.7</hdop>
                <extensions>
                    <osmand:speed>1.6</osmand:speed>
                </extensions>
            </trkpt>
            <trkpt lat="43.6287744" lon="20.564664">
                <ele>808.6</ele>
                <time>2026-05-10T13:01:29Z</time>
                <hdop>4.7</hdop>
                <extensions>
                    <osmand:speed>1.3</osmand:speed>
                </extensions>
            </trkpt>
            <trkpt lat="43.6288366" lon="20.5647221">
                <ele>810.6</ele>
                <time>2026-05-10T13:01:35Z</time>
                <hdop>4.7</hdop>
                <extensions>
                    <osmand:speed>1.4</osmand:speed>
                </extensions>
            </trkpt>
            <trkpt lat="43.6288967" lon="20.5647786">
                <ele>811.3</ele>
                <time>2026-05-10T13:01:41Z</time>
                <hdop>4.7</hdop>
                <extensions>
                    <osmand:speed>1.2</osmand:speed>
                </extensions>
            </trkpt>
            <trkpt lat="43.6289584" lon="20.5648114">
                <ele>812.8</ele>
                <time>2026-05-10T13:01:47Z</time>
                <hdop>4.7</hdop>
                <extensions>
                    <osmand:speed>1.1</osmand:speed>
                </extensions>
            </trkpt>
            <trkpt lat="43.6290102" lon="20.5648554">
                <ele>813.9</ele>
                <time>2026-05-10T13:01:53Z</time>
                <hdop>4.7</hdop>
                <extensions>
                    <osmand:speed>1.1</osmand:speed>
                </extensions>
            </trkpt>
            <trkpt lat="43.6290692" lon="20.5649061">
                <ele>815.2</ele>
                <time>2026-05-10T13:01:59Z</time>
                <hdop>4.7</hdop>
                <extensions>
                    <osmand:speed>1.4</osmand:speed>
                </extensions>
            </trkpt>
            <trkpt lat="43.6290908" lon="20.5649667">
                <ele>815.5</ele>
                <time>2026-05-10T13:02:05Z</time>
                <hdop>4.7</hdop>
                <extensions>
                    <osmand:speed>0.7</osmand:speed>
                </extensions>
            </trkpt>
            <trkpt lat="43.6291257" lon="20.5649801">
                <ele>816.3</ele>
                <time>2026-05-10T13:02:11Z</time>
                <hdop>4.7</hdop>
                <extensions>
                    <osmand:speed>0.5</osmand:speed>
                </extensions>
            </trkpt>
            <trkpt lat="43.6291611" lon="20.5649931">
                <ele>817.1</ele>
                <time>2026-05-10T13:02:17Z</time>
                <hdop>4.7</hdop>
                <extensions>
                    <osmand:speed>0.9</osmand:speed>
                </extensions>
            </trkpt>
            <trkpt lat="43.6292067" lon="20.5650635">
                <ele>817.6</ele>
                <time>2026-05-10T13:02:23Z</time>
                <hdop>4.7</hdop>
                <extensions>
                    <osmand:speed>1.6</osmand:speed>
                </extensions>
            </trkpt>
            <trkpt lat="43.6292514" lon="20.5650952">
                <ele>819.6</ele>
                <time>2026-05-10T13:02:29Z</time>
                <hdop>4.7</hdop>
                <extensions>
                    <osmand:speed>0.8</osmand:speed>
                </extensions>
            </trkpt>
            <trkpt lat="43.6292597" lon="20.5651107">
                <ele>820.4</ele>
                <time>2026-05-10T13:02:35Z</time>
                <hdop>4.7</hdop>
                <extensions>
                    <osmand:speed>0</osmand:speed>
                </extensions>
            </trkpt>
            <trkpt lat="43.629262" lon="20.5651111">
                <ele>820.1</ele>
                <time>2026-05-10T13:02:41Z</time>
                <hdop>4.7</hdop>
                <extensions>
                    <osmand:speed>0.5</osmand:speed>
                </extensions>
            </trkpt>
            <trkpt lat="43.6292557" lon="20.5651194">
                <ele>820.5</ele>
                <time>2026-05-10T13:02:47Z</time>
                <hdop>4.7</hdop>
                <extensions>
                    <osmand:speed>0</osmand:speed>
                </extensions>
            </trkpt>
            <trkpt lat="43.6292539" lon="20.5651222">
                <ele>820.6</ele>
                <time>2026-05-10T13:02:53Z</time>
                <hdop>4.7</hdop>
                <extensions>
                    <osmand:speed>0.1</osmand:speed>
                </extensions>
            </trkpt>
            <trkpt lat="43.6292505" lon="20.5651252">
                <ele>819.9</ele>
                <time>2026-05-10T13:02:59Z</time>
                <hdop>4.7</hdop>
                <extensions>
                    <osmand:speed>0.1</osmand:speed>
                </extensions>
            </trkpt>
            <trkpt lat="43.6292515" lon="20.5651266">
                <ele>819.9</ele>
                <time>2026-05-10T13:03:05Z</time>
                <hdop>4.7</hdop>
                <extensions>
                    <osmand:speed>0</osmand:speed>
                </extensions>
            </trkpt>
            <trkpt lat="43.6292513" lon="20.5651253">
                <ele>819.5</ele>
                <time>2026-05-10T13:03:11Z</time>
                <hdop>4.7</hdop>
            </trkpt>
            <trkpt lat="43.6292538" lon="20.5651268">
                <ele>819.4</ele>
                <time>2026-05-10T13:03:17Z</time>
                <hdop>4.7</hdop>
                <extensions>
                    <osmand:speed>0</osmand:speed>
                </extensions>
            </trkpt>
            <trkpt lat="43.6292557" lon="20.5651299">
                <ele>819.3</ele>
                <time>2026-05-10T13:03:23Z</time>
                <hdop>4.7</hdop>
                <extensions>
                    <osmand:speed>0</osmand:speed>
                </extensions>
            </trkpt>
            <trkpt lat="43.6292541" lon="20.5651334">
                <ele>819.3</ele>
                <time>2026-05-10T13:03:29Z</time>
                <hdop>4.7</hdop>
                <extensions>
                    <osmand:speed>0</osmand:speed>
                </extensions>
            </trkpt>
            <trkpt lat="43.6292552" lon="20.565135">
                <ele>819</ele>
                <time>2026-05-10T13:03:35Z</time>
                <hdop>4.7</hdop>
                <extensions>
                    <osmand:speed>0.1</osmand:speed>
                </extensions>
            </trkpt>
            <trkpt lat="43.629256" lon="20.5651287">
                <ele>819</ele>
                <time>2026-05-10T13:03:41Z</time>
                <hdop>4.7</hdop>
                <extensions>
                    <osmand:speed>0.1</osmand:speed>
                </extensions>
            </trkpt>
            <trkpt lat="43.6292564" lon="20.5651248">
                <ele>819.2</ele>
                <time>2026-05-10T13:03:47Z</time>
                <hdop>4.7</hdop>
                <extensions>
                    <osmand:speed>0.1</osmand:speed>
                </extensions>
            </trkpt>
            <trkpt lat="43.6292858" lon="20.5651553">
                <ele>820.3</ele>
                <time>2026-05-10T13:03:53Z</time>
                <hdop>4.7</hdop>
                <extensions>
                    <osmand:speed>0.9</osmand:speed>
                </extensions>
            </trkpt>
            <trkpt lat="43.6293329" lon="20.5652224">
                <ele>820.7</ele>
                <time>2026-05-10T13:03:59Z</time>
                <hdop>4.7</hdop>
                <extensions>
                    <osmand:speed>1.2</osmand:speed>
                </extensions>
            </trkpt>
            <trkpt lat="43.6293675" lon="20.5652939">
                <ele>821.3</ele>
                <time>2026-05-10T13:04:05Z</time>
                <hdop>4.7</hdop>
                <extensions>
                    <osmand:speed>1.1</osmand:speed>
                </extensions>
            </trkpt>
            <trkpt lat="43.6293914" lon="20.5653422">
                <ele>821.2</ele>
                <time>2026-05-10T13:04:11Z</time>
                <hdop>4.7</hdop>
                <extensions>
                    <osmand:speed>0.4</osmand:speed>
                </extensions>
            </trkpt>
            <trkpt lat="43.6294223" lon="20.5654164">
                <ele>821.5</ele>
                <time>2026-05-10T13:04:17Z</time>
                <hdop>4.7</hdop>
                <extensions>
                    <osmand:speed>1.4</osmand:speed>
                </extensions>
            </trkpt>
            <trkpt lat="43.6294675" lon="20.5654928">
                <ele>822.1</ele>
                <time>2026-05-10T13:04:23Z</time>
                <hdop>4.7</hdop>
                <extensions>
                    <osmand:speed>1.1</osmand:speed>
                </extensions>
            </trkpt>
            <trkpt lat="43.6294827" lon="20.5655112">
                <ele>823.1</ele>
                <time>2026-05-10T13:04:29Z</time>
                <hdop>4.7</hdop>
                <extensions>
                    <osmand:speed>0.1</osmand:speed>
                </extensions>
            </trkpt>
            <trkpt lat="43.6295169" lon="20.5655563">
                <ele>824.1</ele>
                <time>2026-05-10T13:04:35Z</time>
                <hdop>4.7</hdop>
                <extensions>
                    <osmand:speed>1</osmand:speed>
                </extensions>
            </trkpt>
            <trkpt lat="43.6295533" lon="20.5655959">
                <ele>823.2</ele>
                <time>2026-05-10T13:04:41Z</time>
                <hdop>4.7</hdop>
                <extensions>
                    <osmand:speed>1.2</osmand:speed>
                </extensions>
            </trkpt>
            <trkpt lat="43.6295749" lon="20.5656791">
                <ele>825.1</ele>
                <time>2026-05-10T13:04:47Z</time>
                <hdop>4.7</hdop>
                <extensions>
                    <osmand:speed>1.2</osmand:speed>
                </extensions>
            </trkpt>
            <trkpt lat="43.6295705" lon="20.5657903">
                <ele>824.5</ele>
                <time>2026-05-10T13:04:53Z</time>
                <hdop>4.7</hdop>
                <extensions>
                    <osmand:speed>1.6</osmand:speed>
                </extensions>
            </trkpt>
            <trkpt lat="43.6295968" lon="20.5658739">
                <ele>825.6</ele>
                <time>2026-05-10T13:04:59Z</time>
                <hdop>4.7</hdop>
                <extensions>
                    <osmand:speed>1.2</osmand:speed>
                </extensions>
            </trkpt>
            <trkpt lat="43.6296361" lon="20.5659472">
                <ele>827.3</ele>
                <time>2026-05-10T13:05:05Z</time>
                <hdop>4.7</hdop>
                <extensions>
                    <osmand:speed>1</osmand:speed>
                </extensions>
            </trkpt>
            <trkpt lat="43.6296502" lon="20.5660238">
                <ele>826.7</ele>
                <time>2026-05-10T13:05:11Z</time>
                <hdop>4.7</hdop>
                <extensions>
                    <osmand:speed>1.3</osmand:speed>
                </extensions>
            </trkpt>
            <trkpt lat="43.6296893" lon="20.5660897">
                <ele>826.1</ele>
                <time>2026-05-10T13:05:17Z</time>
                <hdop>4.7</hdop>
                <extensions>
                    <osmand:speed>1.1</osmand:speed>
                </extensions>
            </trkpt>
            <trkpt lat="43.6297479" lon="20.5661586">
                <ele>826.4</ele>
                <time>2026-05-10T13:05:23Z</time>
                <hdop>4.7</hdop>
                <extensions>
                    <osmand:speed>1.4</osmand:speed>
                </extensions>
            </trkpt>
            <trkpt lat="43.6297444" lon="20.5661618">
                <ele>827.4</ele>
                <time>2026-05-10T13:05:29Z</time>
                <hdop>4.7</hdop>
                <extensions>
                    <osmand:speed>0.1</osmand:speed>
                </extensions>
            </trkpt>
            <trkpt lat="43.6298077" lon="20.5661941">
                <ele>829</ele>
                <time>2026-05-10T13:05:35Z</time>
                <hdop>4.7</hdop>
                <extensions>
                    <osmand:speed>1.2</osmand:speed>
                </extensions>
            </trkpt>
            <trkpt lat="43.6298577" lon="20.5662531">
                <ele>829.6</ele>
                <time>2026-05-10T13:05:41Z</time>
                <hdop>4.7</hdop>
                <extensions>
                    <osmand:speed>1.4</osmand:speed>
                </extensions>
            </trkpt>
            <trkpt lat="43.6299084" lon="20.5663057">
                <ele>829.6</ele>
                <time>2026-05-10T13:05:47Z</time>
                <hdop>4.7</hdop>
                <extensions>
                    <osmand:speed>1.1</osmand:speed>
                </extensions>
            </trkpt>
            <trkpt lat="43.6299507" lon="20.5663344">
                <ele>830.7</ele>
                <time>2026-05-10T13:05:53Z</time>
                <hdop>4.7</hdop>
                <extensions>
                    <osmand:speed>0.7</osmand:speed>
                </extensions>
            </trkpt>
            <trkpt lat="43.6299616" lon="20.566361">
                <ele>831.1</ele>
                <time>2026-05-10T13:05:59Z</time>
                <hdop>4.7</hdop>
                <extensions>
                    <osmand:speed>0</osmand:speed>
                </extensions>
            </trkpt>
            <trkpt lat="43.6299607" lon="20.56637">
                <ele>831.5</ele>
                <time>2026-05-10T13:06:05Z</time>
                <hdop>4.7</hdop>
                <extensions>
                    <osmand:speed>0.1</osmand:speed>
                </extensions>
            </trkpt>
            <trkpt lat="43.6299606" lon="20.5663745">
                <ele>832.1</ele>
                <time>2026-05-10T13:06:11Z</time>
                <hdop>4.7</hdop>
                <extensions>
                    <osmand:speed>0.1</osmand:speed>
                </extensions>
            </trkpt>
            <trkpt lat="43.6299595" lon="20.566381">
                <ele>832.7</ele>
                <time>2026-05-10T13:06:17Z</time>
                <hdop>4.7</hdop>
            </trkpt>
            <trkpt lat="43.6299616" lon="20.566381">
                <ele>832.9</ele>
                <time>2026-05-10T13:06:23Z</time>
                <hdop>4.7</hdop>
            </trkpt>
            <trkpt lat="43.629958" lon="20.5663784">
                <ele>832.2</ele>
                <time>2026-05-10T13:06:29Z</time>
                <hdop>4.7</hdop>
                <extensions>
                    <osmand:speed>0.1</osmand:speed>
                </extensions>
            </trkpt>
            <trkpt lat="43.6299565" lon="20.5663781">
                <ele>832.2</ele>
                <time>2026-05-10T13:06:35Z</time>
                <hdop>4.7</hdop>
                <extensions>
                    <osmand:speed>0.1</osmand:speed>
                </extensions>
            </trkpt>
            <trkpt lat="43.6299575" lon="20.5663716">
                <ele>832</ele>
                <time>2026-05-10T13:06:41Z</time>
                <hdop>4.7</hdop>
                <extensions>
                    <osmand:speed>0.1</osmand:speed>
                </extensions>
            </trkpt>
            <trkpt lat="43.6299563" lon="20.5663715">
                <ele>832.3</ele>
                <time>2026-05-10T13:06:47Z</time>
                <hdop>4.7</hdop>
            </trkpt>
            <trkpt lat="43.6299555" lon="20.5663674">
                <ele>833</ele>
                <time>2026-05-10T13:06:53Z</time>
                <hdop>4.7</hdop>
            </trkpt>
            <trkpt lat="43.6299563" lon="20.5663691">
                <ele>833.5</ele>
                <time>2026-05-10T13:06:59Z</time>
                <hdop>4.7</hdop>
            </trkpt>
            <trkpt lat="43.6299563" lon="20.5663691">
                <ele>833.5</ele>
                <time>2026-05-10T13:07:05Z</time>
                <hdop>4.7</hdop>
            </trkpt>
            <trkpt lat="43.6299546" lon="20.5663679">
                <ele>834.2</ele>
                <time>2026-05-10T13:07:11Z</time>
                <hdop>4.7</hdop>
            </trkpt>
            <trkpt lat="43.6299538" lon="20.5663695">
                <ele>834.3</ele>
                <time>2026-05-10T13:07:17Z</time>
                <hdop>4.7</hdop>
            </trkpt>
            <trkpt lat="43.6299538" lon="20.5663639">
                <ele>833.2</ele>
                <time>2026-05-10T13:07:23Z</time>
                <hdop>4.7</hdop>
            </trkpt>
            <trkpt lat="43.6299875" lon="20.5664216">
                <ele>832.8</ele>
                <time>2026-05-10T13:08:20Z</time>
                <hdop>4.7</hdop>
                <extensions>
                    <osmand:speed>1.3</osmand:speed>
                </extensions>
            </trkpt>
            <trkpt lat="43.6300492" lon="20.5665151">
                <ele>833.5</ele>
                <time>2026-05-10T13:08:30Z</time>
                <hdop>4.7</hdop>
                <extensions>
                    <osmand:speed>0.7</osmand:speed>
                </extensions>
            </trkpt>
            <trkpt lat="43.6300799" lon="20.5665705">
                <ele>834.4</ele>
                <time>2026-05-10T13:08:37Z</time>
                <hdop>4.7</hdop>
                <extensions>
                    <osmand:speed>1</osmand:speed>
                </extensions>
            </trkpt>
            <trkpt lat="43.6301009" lon="20.5666254">
                <ele>834.2</ele>
                <time>2026-05-10T13:08:45Z</time>
                <hdop>4.7</hdop>
                <extensions>
                    <osmand:speed>0.7</osmand:speed>
                </extensions>
            </trkpt>
            <trkpt lat="43.6301216" lon="20.5666861">
                <ele>834.2</ele>
                <time>2026-05-10T13:08:52Z</time>
                <hdop>4.7</hdop>
                <extensions>
                    <osmand:speed>0.8</osmand:speed>
                </extensions>
            </trkpt>
            <trkpt lat="43.6301446" lon="20.5667435">
                <ele>834.4</ele>
                <time>2026-05-10T13:09:01Z</time>
                <hdop>4.7</hdop>
                <extensions>
                    <osmand:speed>0.6</osmand:speed>
                </extensions>
            </trkpt>
            <trkpt lat="43.6301708" lon="20.5668133">
                <ele>835.5</ele>
                <time>2026-05-10T13:09:11Z</time>
                <hdop>4.7</hdop>
                <extensions>
                    <osmand:speed>1</osmand:speed>
                </extensions>
            </trkpt>
            <trkpt lat="43.6301942" lon="20.5668747">
                <ele>835</ele>
                <time>2026-05-10T13:09:19Z</time>
                <hdop>4.7</hdop>
                <extensions>
                    <osmand:speed>0.6</osmand:speed>
                </extensions>
            </trkpt>
            <trkpt lat="43.6302174" lon="20.5669308">
                <ele>835.5</ele>
                <time>2026-05-10T13:09:28Z</time>
                <hdop>4.7</hdop>
                <extensions>
                    <osmand:speed>0.8</osmand:speed>
                </extensions>
            </trkpt>
            <trkpt lat="43.6302397" lon="20.5669883">
                <ele>835.4</ele>
                <time>2026-05-10T13:09:34Z</time>
                <hdop>4.7</hdop>
                <extensions>
                    <osmand:speed>0.5</osmand:speed>
                </extensions>
            </trkpt>
            <trkpt lat="43.6302577" lon="20.5670476">
                <ele>835.9</ele>
                <time>2026-05-10T13:09:43Z</time>
                <hdop>4.7</hdop>
                <extensions>
                    <osmand:speed>0.7</osmand:speed>
                </extensions>
            </trkpt>
            <trkpt lat="43.6302686" lon="20.567112">
                <ele>835.7</ele>
                <time>2026-05-10T13:09:51Z</time>
                <hdop>4.7</hdop>
                <extensions>
                    <osmand:speed>0.6</osmand:speed>
                </extensions>
            </trkpt>
            <trkpt lat="43.6303134" lon="20.5672302">
                <ele>836.6</ele>
                <time>2026-05-10T13:10:05Z</time>
                <hdop>4.7</hdop>
                <extensions>
                    <osmand:speed>0.7</osmand:speed>
                </extensions>
            </trkpt>
            <trkpt lat="43.6303285" lon="20.5672891">
                <ele>837</ele>
                <time>2026-05-10T13:10:12Z</time>
                <hdop>4.7</hdop>
                <extensions>
                    <osmand:speed>0.7</osmand:speed>
                </extensions>
            </trkpt>
            <trkpt lat="43.6303623" lon="20.5673533">
                <ele>838.4</ele>
                <time>2026-05-10T13:10:21Z</time>
                <hdop>4.7</hdop>
                <extensions>
                    <osmand:speed>1.1</osmand:speed>
                </extensions>
            </trkpt>
            <trkpt lat="43.630409" lon="20.5674591">
                <ele>838.2</ele>
                <time>2026-05-10T13:10:28Z</time>
                <hdop>4.7</hdop>
                <extensions>
                    <osmand:speed>1.7</osmand:speed>
                </extensions>
            </trkpt>
            <trkpt lat="43.6304462" lon="20.5674971">
                <ele>839.5</ele>
                <time>2026-05-10T13:10:38Z</time>
                <hdop>4.7</hdop>
                <extensions>
                    <osmand:speed>0.4</osmand:speed>
                </extensions>
            </trkpt>
            <trkpt lat="43.6304615" lon="20.5675557">
                <ele>839.5</ele>
                <time>2026-05-10T13:10:54Z</time>
                <hdop>4.7</hdop>
                <extensions>
                    <osmand:speed>0.1</osmand:speed>
                </extensions>
            </trkpt>
            <trkpt lat="43.630493" lon="20.5676025">
                <ele>840.2</ele>
                <time>2026-05-10T13:11:10Z</time>
                <hdop>4.7</hdop>
                <extensions>
                    <osmand:speed>0.4</osmand:speed>
                </extensions>
            </trkpt>
            <trkpt lat="43.6305064" lon="20.5676672">
                <ele>837.7</ele>
                <time>2026-05-10T13:11:24Z</time>
                <hdop>4.7</hdop>
                <extensions>
                    <osmand:speed>0.2</osmand:speed>
                </extensions>
            </trkpt>
            <trkpt lat="43.6305269" lon="20.5677233">
                <ele>838.8</ele>
                <time>2026-05-10T13:11:32Z</time>
                <hdop>4.7</hdop>
                <extensions>
                    <osmand:speed>0.8</osmand:speed>
                </extensions>
            </trkpt>
            <trkpt lat="43.6305416" lon="20.5677868">
                <ele>838.1</ele>
                <time>2026-05-10T13:11:41Z</time>
                <hdop>4.7</hdop>
                <extensions>
                    <osmand:speed>0.6</osmand:speed>
                </extensions>
            </trkpt>
            <trkpt lat="43.6305635" lon="20.5678462">
                <ele>837.5</ele>
                <time>2026-05-10T13:11:51Z</time>
                <hdop>4.7</hdop>
                <extensions>
                    <osmand:speed>1</osmand:speed>
                </extensions>
            </trkpt>
            <trkpt lat="43.6306049" lon="20.5678812">
                <ele>837.8</ele>
                <time>2026-05-10T13:11:58Z</time>
                <hdop>4.7</hdop>
                <extensions>
                    <osmand:speed>0.6</osmand:speed>
                </extensions>
            </trkpt>
            <trkpt lat="43.6306212" lon="20.5679495">
                <ele>837</ele>
                <time>2026-05-10T13:12:05Z</time>
                <hdop>4.7</hdop>
                <extensions>
                    <osmand:speed>0.7</osmand:speed>
                </extensions>
            </trkpt>
            <trkpt lat="43.6306633" lon="20.5679808">
                <ele>837.8</ele>
                <time>2026-05-10T13:12:11Z</time>
                <hdop>4.7</hdop>
                <extensions>
                    <osmand:speed>0.6</osmand:speed>
                </extensions>
            </trkpt>
            <trkpt lat="43.630698" lon="20.5680259">
                <ele>837.7</ele>
                <time>2026-05-10T13:12:18Z</time>
                <hdop>4.7</hdop>
                <extensions>
                    <osmand:speed>0.8</osmand:speed>
                </extensions>
            </trkpt>
            <trkpt lat="43.6307367" lon="20.5680655">
                <ele>837</ele>
                <time>2026-05-10T13:12:26Z</time>
                <hdop>4.7</hdop>
                <extensions>
                    <osmand:speed>0.6</osmand:speed>
                </extensions>
            </trkpt>
            <trkpt lat="43.6307871" lon="20.5680886">
                <ele>837.3</ele>
                <time>2026-05-10T13:12:36Z</time>
                <hdop>4.7</hdop>
                <extensions>
                    <osmand:speed>0.6</osmand:speed>
                </extensions>
            </trkpt>
            <trkpt lat="43.6308155" lon="20.5681446">
                <ele>837.2</ele>
                <time>2026-05-10T13:12:42Z</time>
                <hdop>4.7</hdop>
                <extensions>
                    <osmand:speed>0.8</osmand:speed>
                </extensions>
            </trkpt>
            <trkpt lat="43.6308503" lon="20.5681943">
                <ele>838.1</ele>
                <time>2026-05-10T13:12:49Z</time>
                <hdop>4.7</hdop>
                <extensions>
                    <osmand:speed>0.7</osmand:speed>
                </extensions>
            </trkpt>
            <trkpt lat="43.6308873" lon="20.5682351">
                <ele>839.9</ele>
                <time>2026-05-10T13:12:58Z</time>
                <hdop>4.7</hdop>
                <extensions>
                    <osmand:speed>0.7</osmand:speed>
                </extensions>
            </trkpt>
            <trkpt lat="43.630923" lon="20.5682783">
                <ele>839.9</ele>
                <time>2026-05-10T13:13:05Z</time>
                <hdop>4.7</hdop>
                <extensions>
                    <osmand:speed>0.4</osmand:speed>
                </extensions>
            </trkpt>
            <trkpt lat="43.6309604" lon="20.5683256">
                <ele>840.3</ele>
                <time>2026-05-10T13:13:14Z</time>
                <hdop>4.7</hdop>
                <extensions>
                    <osmand:speed>0.8</osmand:speed>
                </extensions>
            </trkpt>
            <trkpt lat="43.6309978" lon="20.56837">
                <ele>840.5</ele>
                <time>2026-05-10T13:13:21Z</time>
                <hdop>4.7</hdop>
                <extensions>
                    <osmand:speed>0.9</osmand:speed>
                </extensions>
            </trkpt>
            <trkpt lat="43.6310362" lon="20.5684129">
                <ele>841.1</ele>
                <time>2026-05-10T13:13:28Z</time>
                <hdop>4.7</hdop>
                <extensions>
                    <osmand:speed>0.8</osmand:speed>
                </extensions>
            </trkpt>
            <trkpt lat="43.6310744" lon="20.5684481">
                <ele>841.7</ele>
                <time>2026-05-10T13:13:34Z</time>
                <hdop>4.7</hdop>
                <extensions>
                    <osmand:speed>0.6</osmand:speed>
                </extensions>
            </trkpt>
            <trkpt lat="43.6311542" lon="20.5685242">
                <ele>841.2</ele>
                <time>2026-05-10T13:13:44Z</time>
                <hdop>4.7</hdop>
                <extensions>
                    <osmand:speed>1.1</osmand:speed>
                </extensions>
            </trkpt>
            <trkpt lat="43.6311879" lon="20.5685786">
                <ele>840.8</ele>
                <time>2026-05-10T13:13:50Z</time>
                <hdop>4.7</hdop>
                <extensions>
                    <osmand:speed>1</osmand:speed>
                </extensions>
            </trkpt>
            <trkpt lat="43.6312607" lon="20.5686769">
                <ele>839.9</ele>
                <time>2026-05-10T13:14:00Z</time>
                <hdop>4.7</hdop>
                <extensions>
                    <osmand:speed>0.7</osmand:speed>
                </extensions>
            </trkpt>
            <trkpt lat="43.6312943" lon="20.5687264">
                <ele>838.7</ele>
                <time>2026-05-10T13:14:07Z</time>
                <hdop>4.7</hdop>
                <extensions>
                    <osmand:speed>1.2</osmand:speed>
                </extensions>
            </trkpt>
            <trkpt lat="43.6313639" lon="20.5688234">
                <ele>838.9</ele>
                <time>2026-05-10T13:14:16Z</time>
                <hdop>4.7</hdop>
                <extensions>
                    <osmand:speed>1</osmand:speed>
                </extensions>
            </trkpt>
            <trkpt lat="43.6314269" lon="20.568918">
                <ele>839.4</ele>
                <time>2026-05-10T13:14:25Z</time>
                <hdop>4.7</hdop>
                <extensions>
                    <osmand:speed>0.9</osmand:speed>
                </extensions>
            </trkpt>
            <trkpt lat="43.6314871" lon="20.5690086">
                <ele>840</ele>
                <time>2026-05-10T13:14:34Z</time>
                <hdop>4.7</hdop>
                <extensions>
                    <osmand:speed>1.3</osmand:speed>
                </extensions>
            </trkpt>
            <trkpt lat="43.6315397" lon="20.5691265">
                <ele>839.2</ele>
                <time>2026-05-10T13:14:44Z</time>
                <hdop>4.7</hdop>
                <extensions>
                    <osmand:speed>1.2</osmand:speed>
                </extensions>
            </trkpt>
            <trkpt lat="43.6315617" lon="20.5691819">
                <ele>839.3</ele>
                <time>2026-05-10T13:14:51Z</time>
                <hdop>4.7</hdop>
                <extensions>
                    <osmand:speed>0.5</osmand:speed>
                </extensions>
            </trkpt>
            <trkpt lat="43.6315617" lon="20.5693174">
                <ele>837.2</ele>
                <time>2026-05-10T13:15:03Z</time>
                <hdop>4.7</hdop>
                <extensions>
                    <osmand:speed>0.8</osmand:speed>
                </extensions>
            </trkpt>
            <trkpt lat="43.6315837" lon="20.5694393">
                <ele>837</ele>
                <time>2026-05-10T13:15:13Z</time>
                <hdop>4.7</hdop>
                <extensions>
                    <osmand:speed>0.9</osmand:speed>
                </extensions>
            </trkpt>
            <trkpt lat="43.6315846" lon="20.5695133">
                <ele>837.2</ele>
                <time>2026-05-10T13:15:19Z</time>
                <hdop>4.7</hdop>
                <extensions>
                    <osmand:speed>1</osmand:speed>
                </extensions>
            </trkpt>
            <trkpt lat="43.6316007" lon="20.5696497">
                <ele>837.4</ele>
                <time>2026-05-10T13:15:29Z</time>
                <hdop>4.7</hdop>
                <extensions>
                    <osmand:speed>1.3</osmand:speed>
                </extensions>
            </trkpt>
            <trkpt lat="43.6315999" lon="20.5697745">
                <ele>837.7</ele>
                <time>2026-05-10T13:15:39Z</time>
                <hdop>4.7</hdop>
                <extensions>
                    <osmand:speed>1.1</osmand:speed>
                </extensions>
            </trkpt>
            <trkpt lat="43.6316039" lon="20.5699004">
                <ele>839.2</ele>
                <time>2026-05-10T13:15:47Z</time>
                <hdop>4.7</hdop>
                <extensions>
                    <osmand:speed>1.4</osmand:speed>
                </extensions>
            </trkpt>
            <trkpt lat="43.6315904" lon="20.5700335">
                <ele>838.8</ele>
                <time>2026-05-10T13:15:56Z</time>
                <hdop>4.7</hdop>
                <extensions>
                    <osmand:speed>1.1</osmand:speed>
                </extensions>
            </trkpt>
            <trkpt lat="43.6315791" lon="20.5701783">
                <ele>839.5</ele>
                <time>2026-05-10T13:16:05Z</time>
                <hdop>4.7</hdop>
                <extensions>
                    <osmand:speed>1.3</osmand:speed>
                </extensions>
            </trkpt>
            <trkpt lat="43.6315562" lon="20.5703242">
                <ele>838.9</ele>
                <time>2026-05-10T13:16:17Z</time>
                <hdop>4.7</hdop>
                <extensions>
                    <osmand:speed>1.7</osmand:speed>
                </extensions>
            </trkpt>
            <trkpt lat="43.6315267" lon="20.5704604">
                <ele>838.6</ele>
                <time>2026-05-10T13:16:26Z</time>
                <hdop>4.7</hdop>
                <extensions>
                    <osmand:speed>1.3</osmand:speed>
                </extensions>
            </trkpt>
            <trkpt lat="43.631487" lon="20.5705925">
                <ele>838.5</ele>
                <time>2026-05-10T13:16:36Z</time>
                <hdop>4.7</hdop>
                <extensions>
                    <osmand:speed>0.8</osmand:speed>
                </extensions>
            </trkpt>
            <trkpt lat="43.6314649" lon="20.5707364">
                <ele>838.5</ele>
                <time>2026-05-10T13:16:45Z</time>
                <hdop>4.7</hdop>
                <extensions>
                    <osmand:speed>1.5</osmand:speed>
                </extensions>
            </trkpt>
            <trkpt lat="43.6314413" lon="20.5708651">
                <ele>838.4</ele>
                <time>2026-05-10T13:16:54Z</time>
                <hdop>4.7</hdop>
                <extensions>
                    <osmand:speed>1.1</osmand:speed>
                </extensions>
            </trkpt>
            <trkpt lat="43.6314104" lon="20.570998">
                <ele>838.2</ele>
                <time>2026-05-10T13:17:03Z</time>
                <hdop>4.7</hdop>
                <extensions>
                    <osmand:speed>1.3</osmand:speed>
                </extensions>
            </trkpt>
            <trkpt lat="43.6313994" lon="20.5711466">
                <ele>838.2</ele>
                <time>2026-05-10T13:17:14Z</time>
                <hdop>4.7</hdop>
                <extensions>
                    <osmand:speed>1.3</osmand:speed>
                </extensions>
            </trkpt>
            <trkpt lat="43.6314035" lon="20.5712894">
                <ele>837.1</ele>
                <time>2026-05-10T13:17:28Z</time>
                <hdop>4.7</hdop>
                <extensions>
                    <osmand:speed>1.7</osmand:speed>
                </extensions>
            </trkpt>
            <trkpt lat="43.6313746" lon="20.5714273">
                <ele>835.4</ele>
                <time>2026-05-10T13:17:35Z</time>
                <hdop>4.7</hdop>
                <extensions>
                    <osmand:speed>1.6</osmand:speed>
                </extensions>
            </trkpt>
            <trkpt lat="43.6313221" lon="20.5715369">
                <ele>835.3</ele>
                <time>2026-05-10T13:17:42Z</time>
                <hdop>4.7</hdop>
                <extensions>
                    <osmand:speed>1.3</osmand:speed>
                </extensions>
            </trkpt>
            <trkpt lat="43.6313029" lon="20.5715951">
                <ele>834.8</ele>
                <time>2026-05-10T13:17:50Z</time>
                <hdop>4.7</hdop>
                <extensions>
                    <osmand:speed>0.2</osmand:speed>
                </extensions>
            </trkpt>
            <trkpt lat="43.6313073" lon="20.571588">
                <ele>834.9</ele>
                <time>2026-05-10T13:17:56Z</time>
                <hdop>4.7</hdop>
            </trkpt>
            <trkpt lat="43.6313234" lon="20.5716085">
                <ele>833.8</ele>
                <time>2026-05-10T13:18:02Z</time>
                <hdop>4.7</hdop>
                <extensions>
                    <osmand:speed>0.8</osmand:speed>
                </extensions>
            </trkpt>
            <trkpt lat="43.6312528" lon="20.571654">
                <ele>833</ele>
                <time>2026-05-10T13:18:08Z</time>
                <hdop>4.7</hdop>
                <extensions>
                    <osmand:speed>1.5</osmand:speed>
                </extensions>
            </trkpt>
            <trkpt lat="43.6312065" lon="20.5717194">
                <ele>831.7</ele>
                <time>2026-05-10T13:18:14Z</time>
                <hdop>4.7</hdop>
                <extensions>
                    <osmand:speed>1.1</osmand:speed>
                </extensions>
            </trkpt>
            <trkpt lat="43.6311965" lon="20.5717259">
                <ele>830.7</ele>
                <time>2026-05-10T13:18:20Z</time>
                <hdop>4.7</hdop>
                <extensions>
                    <osmand:speed>0.2</osmand:speed>
                </extensions>
            </trkpt>
            <trkpt lat="43.6311963" lon="20.5717264">
                <ele>831.4</ele>
                <time>2026-05-10T13:18:26Z</time>
                <hdop>4.7</hdop>
                <extensions>
                    <osmand:speed>0</osmand:speed>
                </extensions>
            </trkpt>
            <trkpt lat="43.6311986" lon="20.5717569">
                <ele>831.7</ele>
                <time>2026-05-10T13:18:32Z</time>
                <hdop>4.7</hdop>
                <extensions>
                    <osmand:speed>0.2</osmand:speed>
                </extensions>
            </trkpt>
            <trkpt lat="43.6311995" lon="20.5717546">
                <ele>831.2</ele>
                <time>2026-05-10T13:18:38Z</time>
                <hdop>4.7</hdop>
                <extensions>
                    <osmand:speed>0.1</osmand:speed>
                </extensions>
            </trkpt>
            <trkpt lat="43.6312008" lon="20.5717516">
                <ele>831.2</ele>
                <time>2026-05-10T13:18:44Z</time>
                <hdop>4.7</hdop>
            </trkpt>
            <trkpt lat="43.631193" lon="20.5717534">
                <ele>831.2</ele>
                <time>2026-05-10T13:18:50Z</time>
                <hdop>4.7</hdop>
            </trkpt>
            <trkpt lat="43.631193" lon="20.5717534">
                <ele>831.2</ele>
                <time>2026-05-10T13:18:56Z</time>
                <hdop>4.7</hdop>
            </trkpt>
            <trkpt lat="43.6311911" lon="20.5717597">
                <ele>831.6</ele>
                <time>2026-05-10T13:19:02Z</time>
                <hdop>4.7</hdop>
                <extensions>
                    <osmand:speed>0.1</osmand:speed>
                </extensions>
            </trkpt>
            <trkpt lat="43.6311932" lon="20.5717569">
                <ele>831.7</ele>
                <time>2026-05-10T13:19:08Z</time>
                <hdop>4.7</hdop>
            </trkpt>
            <trkpt lat="43.631223" lon="20.5717091">
                <ele>832.3</ele>
                <time>2026-05-10T13:19:14Z</time>
                <hdop>4.7</hdop>
                <extensions>
                    <osmand:speed>0.1</osmand:speed>
                </extensions>
            </trkpt>
            <trkpt lat="43.6313055" lon="20.5715496">
                <ele>835.6</ele>
                <time>2026-05-10T13:19:20Z</time>
                <hdop>4.7</hdop>
                <extensions>
                    <osmand:speed>1.9</osmand:speed>
                </extensions>
            </trkpt>
            <trkpt lat="43.6313537" lon="20.57148">
                <ele>835.6</ele>
                <time>2026-05-10T13:19:26Z</time>
                <hdop>4.7</hdop>
                <extensions>
                    <osmand:speed>1.3</osmand:speed>
                </extensions>
            </trkpt>
            <trkpt lat="43.631359" lon="20.5714121">
                <ele>836.2</ele>
                <time>2026-05-10T13:19:32Z</time>
                <hdop>4.7</hdop>
                <extensions>
                    <osmand:speed>0.4</osmand:speed>
                </extensions>
            </trkpt>
            <trkpt lat="43.6313885" lon="20.5713634">
                <ele>836.8</ele>
                <time>2026-05-10T13:19:38Z</time>
                <hdop>4.7</hdop>
                <extensions>
                    <osmand:speed>2</osmand:speed>
                </extensions>
            </trkpt>
            <trkpt lat="43.6313927" lon="20.5712005">
                <ele>837.1</ele>
                <time>2026-05-10T13:19:44Z</time>
                <hdop>4.7</hdop>
                <extensions>
                    <osmand:speed>1.7</osmand:speed>
                </extensions>
            </trkpt>
            <trkpt lat="43.6313959" lon="20.5710926">
                <ele>837.6</ele>
                <time>2026-05-10T13:19:50Z</time>
                <hdop>4.7</hdop>
                <extensions>
                    <osmand:speed>1.3</osmand:speed>
                </extensions>
            </trkpt>
            <trkpt lat="43.6314032" lon="20.5711253">
                <ele>837.5</ele>
                <time>2026-05-10T13:19:56Z</time>
                <hdop>4.7</hdop>
                <extensions>
                    <osmand:speed>0.1</osmand:speed>
                </extensions>
            </trkpt>
            <trkpt lat="43.631401" lon="20.5712302">
                <ele>836.9</ele>
                <time>2026-05-10T13:20:02Z</time>
                <hdop>4.7</hdop>
                <extensions>
                    <osmand:speed>0.2</osmand:speed>
                </extensions>
            </trkpt>
            <trkpt lat="43.6314012" lon="20.5713481">
                <ele>836.8</ele>
                <time>2026-05-10T13:20:08Z</time>
                <hdop>4.7</hdop>
                <extensions>
                    <osmand:speed>0.2</osmand:speed>
                </extensions>
            </trkpt>
            <trkpt lat="43.6313608" lon="20.571453">
                <ele>836.3</ele>
                <time>2026-05-10T13:20:14Z</time>
                <hdop>4.7</hdop>
                <extensions>
                    <osmand:speed>0.2</osmand:speed>
                </extensions>
            </trkpt>
            <trkpt lat="43.631313" lon="20.5715442">
                <ele>835.5</ele>
                <time>2026-05-10T13:20:21Z</time>
                <hdop>4.7</hdop>
                <extensions>
                    <osmand:speed>0.2</osmand:speed>
                </extensions>
            </trkpt>
            <trkpt lat="43.6312674" lon="20.5716248">
                <ele>834.5</ele>
                <time>2026-05-10T13:20:27Z</time>
                <hdop>4.7</hdop>
                <extensions>
                    <osmand:speed>0.2</osmand:speed>
                </extensions>
            </trkpt>
            <trkpt lat="43.6312198" lon="20.5717108">
                <ele>833.1</ele>
                <time>2026-05-10T13:20:33Z</time>
                <hdop>4.7</hdop>
                <extensions>
                    <osmand:speed>0.3</osmand:speed>
                </extensions>
            </trkpt>
            <trkpt lat="43.631161" lon="20.5717698">
                <ele>831.4</ele>
                <time>2026-05-10T13:20:39Z</time>
                <hdop>4.7</hdop>
                <extensions>
                    <osmand:speed>0.2</osmand:speed>
                </extensions>
            </trkpt>
            <trkpt lat="43.631148" lon="20.5718025">
                <ele>831.7</ele>
                <time>2026-05-10T13:20:45Z</time>
                <hdop>4.7</hdop>
                <extensions>
                    <osmand:speed>0</osmand:speed>
                </extensions>
            </trkpt>
            <trkpt lat="43.6311328" lon="20.5718381">
                <ele>831</ele>
                <time>2026-05-10T13:20:51Z</time>
                <hdop>4.7</hdop>
                <extensions>
                    <osmand:speed>0.1</osmand:speed>
                </extensions>
            </trkpt>
            <trkpt lat="43.6311437" lon="20.5718716">
                <ele>830.9</ele>
                <time>2026-05-10T13:20:57Z</time>
                <hdop>4.7</hdop>
                <extensions>
                    <osmand:speed>0</osmand:speed>
                </extensions>
            </trkpt>
            <trkpt lat="43.6311454" lon="20.5718692">
                <ele>830.7</ele>
                <time>2026-05-10T13:21:03Z</time>
                <hdop>4.7</hdop>
                <extensions>
                    <osmand:speed>0.1</osmand:speed>
                </extensions>
            </trkpt>
            <trkpt lat="43.6311402" lon="20.5718715">
                <ele>830.8</ele>
                <time>2026-05-10T13:21:34Z</time>
                <hdop>4.7</hdop>
                <extensions>
                    <osmand:speed>0.1</osmand:speed>
                </extensions>
            </trkpt>
            <trkpt lat="43.6311369" lon="20.571886">
                <ele>833</ele>
                <time>2026-05-10T13:25:20Z</time>
                <hdop>4.7</hdop>
            </trkpt>
            <trkpt lat="43.6311384" lon="20.5718862">
                <ele>832.1</ele>
                <time>2026-05-10T13:25:26Z</time>
                <hdop>4.7</hdop>
                <extensions>
                    <osmand:speed>0.1</osmand:speed>
                </extensions>
            </trkpt>
            <trkpt lat="43.6311372" lon="20.5718906">
                <ele>832</ele>
                <time>2026-05-10T13:25:32Z</time>
                <hdop>4.7</hdop>
                <extensions>
                    <osmand:speed>0</osmand:speed>
                </extensions>
            </trkpt>
            <trkpt lat="43.6311357" lon="20.5718938">
                <ele>831.6</ele>
                <time>2026-05-10T13:25:38Z</time>
                <hdop>4.7</hdop>
                <extensions>
                    <osmand:speed>0</osmand:speed>
                </extensions>
            </trkpt>
            <trkpt lat="43.6311384" lon="20.571893">
                <ele>831</ele>
                <time>2026-05-10T13:25:44Z</time>
                <hdop>4.7</hdop>
                <extensions>
                    <osmand:speed>0.1</osmand:speed>
                </extensions>
            </trkpt>
            <trkpt lat="43.6311356" lon="20.5718925">
                <ele>831.1</ele>
                <time>2026-05-10T13:25:50Z</time>
                <hdop>4.7</hdop>
            </trkpt>
            <trkpt lat="43.6311343" lon="20.5718872">
                <ele>830.8</ele>
                <time>2026-05-10T13:25:56Z</time>
                <hdop>4.7</hdop>
                <extensions>
                    <osmand:speed>0</osmand:speed>
                </extensions>
            </trkpt>
            <trkpt lat="43.6311333" lon="20.5718915">
                <ele>831.2</ele>
                <time>2026-05-10T13:26:02Z</time>
                <hdop>4.7</hdop>
            </trkpt>
            <trkpt lat="43.6311333" lon="20.5718915">
                <ele>831.2</ele>
                <time>2026-05-10T13:26:08Z</time>
                <hdop>4.7</hdop>
            </trkpt>
            <trkpt lat="43.6311333" lon="20.5718915">
                <ele>831.2</ele>
                <time>2026-05-10T13:26:14Z</time>
                <hdop>4.7</hdop>
            </trkpt>
            <trkpt lat="43.6311333" lon="20.5718915">
                <ele>831.2</ele>
                <time>2026-05-10T13:26:20Z</time>
                <hdop>4.7</hdop>
            </trkpt>
            <trkpt lat="43.6311334" lon="20.5719015">
                <ele>830.7</ele>
                <time>2026-05-10T13:26:26Z</time>
                <hdop>4.7</hdop>
                <extensions>
                    <osmand:speed>0.1</osmand:speed>
                </extensions>
            </trkpt>
            <trkpt lat="43.6311411" lon="20.571887">
                <ele>830.1</ele>
                <time>2026-05-10T13:26:32Z</time>
                <hdop>4.7</hdop>
                <extensions>
                    <osmand:speed>0.1</osmand:speed>
                </extensions>
            </trkpt>
            <trkpt lat="43.6311423" lon="20.5718842">
                <ele>830.2</ele>
                <time>2026-05-10T13:26:38Z</time>
                <hdop>4.7</hdop>
                <extensions>
                    <osmand:speed>0.2</osmand:speed>
                </extensions>
            </trkpt>
            <trkpt lat="43.6311436" lon="20.5718814">
                <ele>830.4</ele>
                <time>2026-05-10T13:26:44Z</time>
                <hdop>4.7</hdop>
                <extensions>
                    <osmand:speed>0</osmand:speed>
                </extensions>
            </trkpt>
            <trkpt lat="43.6311445" lon="20.5718854">
                <ele>830.6</ele>
                <time>2026-05-10T13:26:50Z</time>
                <hdop>4.7</hdop>
                <extensions>
                    <osmand:speed>0</osmand:speed>
                </extensions>
            </trkpt>
            <trkpt lat="43.6311422" lon="20.5718838">
                <ele>831.3</ele>
                <time>2026-05-10T13:26:56Z</time>
                <hdop>4.7</hdop>
                <extensions>
                    <osmand:speed>0.1</osmand:speed>
                </extensions>
            </trkpt>
            <trkpt lat="43.6311451" lon="20.5718892">
                <ele>831.3</ele>
                <time>2026-05-10T13:27:02Z</time>
                <hdop>4.7</hdop>
            </trkpt>
            <trkpt lat="43.631143" lon="20.5718974">
                <ele>831.7</ele>
                <time>2026-05-10T13:27:08Z</time>
                <hdop>4.7</hdop>
            </trkpt>
            <trkpt lat="43.6311429" lon="20.5718903">
                <ele>831.4</ele>
                <time>2026-05-10T13:27:14Z</time>
                <hdop>4.7</hdop>
            </trkpt>
            <trkpt lat="43.6311438" lon="20.5718825">
                <ele>831.3</ele>
                <time>2026-05-10T13:27:20Z</time>
                <hdop>4.7</hdop>
                <extensions>
                    <osmand:speed>0.1</osmand:speed>
                </extensions>
            </trkpt>
            <trkpt lat="43.6311217" lon="20.5719489">
                <ele>830.3</ele>
                <time>2026-05-10T13:27:50Z</time>
                <hdop>4.7</hdop>
                <extensions>
                    <osmand:speed>0.7</osmand:speed>
                </extensions>
            </trkpt>
            <trkpt lat="43.6310818" lon="20.5720861">
                <ele>829.3</ele>
                <time>2026-05-10T13:27:58Z</time>
                <hdop>4.7</hdop>
                <extensions>
                    <osmand:speed>1.4</osmand:speed>
                </extensions>
            </trkpt>
            <trkpt lat="43.6310294" lon="20.5721933">
                <ele>829.1</ele>
                <time>2026-05-10T13:28:05Z</time>
                <hdop>4.7</hdop>
                <extensions>
                    <osmand:speed>1.4</osmand:speed>
                </extensions>
            </trkpt>
            <trkpt lat="43.6309845" lon="20.5723312">
                <ele>828</ele>
                <time>2026-05-10T13:28:14Z</time>
                <hdop>4.7</hdop>
                <extensions>
                    <osmand:speed>1.1</osmand:speed>
                </extensions>
            </trkpt>
            <trkpt lat="43.6309508" lon="20.5724575">
                <ele>826.4</ele>
                <time>2026-05-10T13:28:22Z</time>
                <hdop>4.7</hdop>
                <extensions>
                    <osmand:speed>1.4</osmand:speed>
                </extensions>
            </trkpt>
            <trkpt lat="43.6309124" lon="20.5725932">
                <ele>826.4</ele>
                <time>2026-05-10T13:28:31Z</time>
                <hdop>4.7</hdop>
                <extensions>
                    <osmand:speed>1.3</osmand:speed>
                </extensions>
            </trkpt>
            <trkpt lat="43.6308696" lon="20.5727256">
                <ele>825.7</ele>
                <time>2026-05-10T13:28:39Z</time>
                <hdop>4.7</hdop>
                <extensions>
                    <osmand:speed>1.3</osmand:speed>
                </extensions>
            </trkpt>
            <trkpt lat="43.6308166" lon="20.5728458">
                <ele>824.9</ele>
                <time>2026-05-10T13:28:47Z</time>
                <hdop>4.7</hdop>
                <extensions>
                    <osmand:speed>1.5</osmand:speed>
                </extensions>
            </trkpt>
            <trkpt lat="43.6307636" lon="20.5729757">
                <ele>826.1</ele>
                <time>2026-05-10T13:28:56Z</time>
                <hdop>4.7</hdop>
                <extensions>
                    <osmand:speed>1.3</osmand:speed>
                </extensions>
            </trkpt>
            <trkpt lat="43.6307576" lon="20.5730993">
                <ele>825.5</ele>
                <time>2026-05-10T13:29:04Z</time>
                <hdop>4.7</hdop>
                <extensions>
                    <osmand:speed>1</osmand:speed>
                </extensions>
            </trkpt>
            <trkpt lat="43.6307757" lon="20.5731973">
                <ele>827.2</ele>
                <time>2026-05-10T13:29:10Z</time>
                <hdop>4.7</hdop>
                <extensions>
                    <osmand:speed>1.1</osmand:speed>
                </extensions>
            </trkpt>
            <trkpt lat="43.6307872" lon="20.573303">
                <ele>827.6</ele>
                <time>2026-05-10T13:29:16Z</time>
                <hdop>4.7</hdop>
                <extensions>
                    <osmand:speed>1.3</osmand:speed>
                </extensions>
            </trkpt>
            <trkpt lat="43.6307808" lon="20.5733952">
                <ele>826.8</ele>
                <time>2026-05-10T13:29:22Z</time>
                <hdop>4.7</hdop>
                <extensions>
                    <osmand:speed>1</osmand:speed>
                </extensions>
            </trkpt>
            <trkpt lat="43.6307724" lon="20.5734913">
                <ele>827</ele>
                <time>2026-05-10T13:29:28Z</time>
                <hdop>4.7</hdop>
                <extensions>
                    <osmand:speed>1.2</osmand:speed>
                </extensions>
            </trkpt>
            <trkpt lat="43.630759" lon="20.5735904">
                <ele>826.7</ele>
                <time>2026-05-10T13:29:34Z</time>
                <hdop>4.7</hdop>
                <extensions>
                    <osmand:speed>1.3</osmand:speed>
                </extensions>
            </trkpt>
            <trkpt lat="43.6307455" lon="20.5736799">
                <ele>827.1</ele>
                <time>2026-05-10T13:29:40Z</time>
                <hdop>4.7</hdop>
                <extensions>
                    <osmand:speed>0.5</osmand:speed>
                </extensions>
            </trkpt>
            <trkpt lat="43.6307337" lon="20.5736027">
                <ele>826.4</ele>
                <time>2026-05-10T13:29:46Z</time>
                <hdop>4.7</hdop>
                <extensions>
                    <osmand:speed>0.3</osmand:speed>
                </extensions>
            </trkpt>
            <trkpt lat="43.6307464" lon="20.5734775">
                <ele>826.5</ele>
                <time>2026-05-10T13:29:52Z</time>
                <hdop>4.7</hdop>
                <extensions>
                    <osmand:speed>1.1</osmand:speed>
                </extensions>
            </trkpt>
            <trkpt lat="43.6307526" lon="20.5733356">
                <ele>827.9</ele>
                <time>2026-05-10T13:29:58Z</time>
                <hdop>4.7</hdop>
                <extensions>
                    <osmand:speed>1.7</osmand:speed>
                </extensions>
            </trkpt>
            <trkpt lat="43.6307548" lon="20.5732153">
                <ele>826.8</ele>
                <time>2026-05-10T13:30:04Z</time>
                <hdop>4.7</hdop>
                <extensions>
                    <osmand:speed>1.3</osmand:speed>
                </extensions>
            </trkpt>
            <trkpt lat="43.6307331" lon="20.5730642">
                <ele>826.9</ele>
                <time>2026-05-10T13:30:10Z</time>
                <hdop>4.7</hdop>
                <extensions>
                    <osmand:speed>1.8</osmand:speed>
                </extensions>
            </trkpt>
            <trkpt lat="43.6307161" lon="20.5729653">
                <ele>826.4</ele>
                <time>2026-05-10T13:30:16Z</time>
                <hdop>4.7</hdop>
                <extensions>
                    <osmand:speed>0.9</osmand:speed>
                </extensions>
            </trkpt>
            <trkpt lat="43.6306893" lon="20.5730111">
                <ele>827</ele>
                <time>2026-05-10T13:30:22Z</time>
                <hdop>4.7</hdop>
                <extensions>
                    <osmand:speed>0.8</osmand:speed>
                </extensions>
            </trkpt>
            <trkpt lat="43.6306789" lon="20.5730561">
                <ele>826.7</ele>
                <time>2026-05-10T13:30:28Z</time>
                <hdop>4.7</hdop>
                <extensions>
                    <osmand:speed>0.9</osmand:speed>
                </extensions>
            </trkpt>
            <trkpt lat="43.6306361" lon="20.5731178">
                <ele>828.5</ele>
                <time>2026-05-10T13:30:34Z</time>
                <hdop>4.7</hdop>
                <extensions>
                    <osmand:speed>1</osmand:speed>
                </extensions>
            </trkpt>
            <trkpt lat="43.6306142" lon="20.573195">
                <ele>830.6</ele>
                <time>2026-05-10T13:30:40Z</time>
                <hdop>4.7</hdop>
                <extensions>
                    <osmand:speed>0.9</osmand:speed>
                </extensions>
            </trkpt>
            <trkpt lat="43.6305956" lon="20.5732419">
                <ele>833.3</ele>
                <time>2026-05-10T13:30:46Z</time>
                <hdop>4.7</hdop>
                <extensions>
                    <osmand:speed>0.7</osmand:speed>
                </extensions>
            </trkpt>
            <trkpt lat="43.6305551" lon="20.5732994">
                <ele>835.5</ele>
                <time>2026-05-10T13:30:52Z</time>
                <hdop>4.7</hdop>
                <extensions>
                    <osmand:speed>1</osmand:speed>
                </extensions>
            </trkpt>
            <trkpt lat="43.6305294" lon="20.5733389">
                <ele>836.5</ele>
                <time>2026-05-10T13:30:58Z</time>
                <hdop>4.7</hdop>
                <extensions>
                    <osmand:speed>0.6</osmand:speed>
                </extensions>
            </trkpt>
            <trkpt lat="43.6305133" lon="20.5733786">
                <ele>838</ele>
                <time>2026-05-10T13:31:04Z</time>
                <hdop>4.7</hdop>
                <extensions>
                    <osmand:speed>0.6</osmand:speed>
                </extensions>
            </trkpt>
            <trkpt lat="43.6305035" lon="20.5734443">
                <ele>839.1</ele>
                <time>2026-05-10T13:31:10Z</time>
                <hdop>4.7</hdop>
                <extensions>
                    <osmand:speed>0.8</osmand:speed>
                </extensions>
            </trkpt>
            <trkpt lat="43.6304676" lon="20.5734925">
                <ele>841.3</ele>
                <time>2026-05-10T13:31:16Z</time>
                <hdop>4.7</hdop>
                <extensions>
                    <osmand:speed>1</osmand:speed>
                </extensions>
            </trkpt>
            <trkpt lat="43.6304512" lon="20.5735003">
                <ele>841.9</ele>
                <time>2026-05-10T13:31:22Z</time>
                <hdop>4.7</hdop>
                <extensions>
                    <osmand:speed>0.5</osmand:speed>
                </extensions>
            </trkpt>
            <trkpt lat="43.6304393" lon="20.573545">
                <ele>842.9</ele>
                <time>2026-05-10T13:31:28Z</time>
                <hdop>4.7</hdop>
                <extensions>
                    <osmand:speed>0.7</osmand:speed>
                </extensions>
            </trkpt>
            <trkpt lat="43.6304348" lon="20.5735202">
                <ele>843.2</ele>
                <time>2026-05-10T13:31:34Z</time>
                <hdop>4.7</hdop>
                <extensions>
                    <osmand:speed>0.2</osmand:speed>
                </extensions>
            </trkpt>
            <trkpt lat="43.6304313" lon="20.5735154">
                <ele>843.4</ele>
                <time>2026-05-10T13:31:40Z</time>
                <hdop>4.7</hdop>
            </trkpt>
            <trkpt lat="43.6304288" lon="20.5735121">
                <ele>844.3</ele>
                <time>2026-05-10T13:31:46Z</time>
                <hdop>4.7</hdop>
            </trkpt>
            <trkpt lat="43.6304348" lon="20.5735283">
                <ele>845</ele>
                <time>2026-05-10T13:31:52Z</time>
                <hdop>4.7</hdop>
                <extensions>
                    <osmand:speed>0.8</osmand:speed>
                </extensions>
            </trkpt>
            <trkpt lat="43.6304052" lon="20.5736014">
                <ele>845.9</ele>
                <time>2026-05-10T13:31:58Z</time>
                <hdop>4.7</hdop>
                <extensions>
                    <osmand:speed>0.6</osmand:speed>
                </extensions>
            </trkpt>
            <trkpt lat="43.6303598" lon="20.573659">
                <ele>848.4</ele>
                <time>2026-05-10T13:32:04Z</time>
                <hdop>4.7</hdop>
                <extensions>
                    <osmand:speed>0.9</osmand:speed>
                </extensions>
            </trkpt>
            <trkpt lat="43.6303161" lon="20.5737142">
                <ele>850</ele>
                <time>2026-05-10T13:32:10Z</time>
                <hdop>4.7</hdop>
                <extensions>
                    <osmand:speed>0.8</osmand:speed>
                </extensions>
            </trkpt>
            <trkpt lat="43.6302878" lon="20.5737834">
                <ele>851.1</ele>
                <time>2026-05-10T13:32:16Z</time>
                <hdop>4.7</hdop>
                <extensions>
                    <osmand:speed>1</osmand:speed>
                </extensions>
            </trkpt>
            <trkpt lat="43.6302226" lon="20.5738778">
                <ele>851.7</ele>
                <time>2026-05-10T13:32:25Z</time>
                <hdop>4.7</hdop>
                <extensions>
                    <osmand:speed>1.2</osmand:speed>
                </extensions>
            </trkpt>
            <trkpt lat="43.6301842" lon="20.5739158">
                <ele>852.8</ele>
                <time>2026-05-10T13:32:39Z</time>
                <hdop>4.7</hdop>
                <extensions>
                    <osmand:speed>0.4</osmand:speed>
                </extensions>
            </trkpt>
            <trkpt lat="43.6301557" lon="20.5739733">
                <ele>850.9</ele>
                <time>2026-05-10T13:32:49Z</time>
                <hdop>4.7</hdop>
                <extensions>
                    <osmand:speed>1</osmand:speed>
                </extensions>
            </trkpt>
            <trkpt lat="43.6300857" lon="20.5740868">
                <ele>852.1</ele>
                <time>2026-05-10T13:32:59Z</time>
                <hdop>4.7</hdop>
                <extensions>
                    <osmand:speed>1.2</osmand:speed>
                </extensions>
            </trkpt>
            <trkpt lat="43.6300424" lon="20.5741944">
                <ele>853.8</ele>
                <time>2026-05-10T13:33:08Z</time>
                <hdop>4.7</hdop>
                <extensions>
                    <osmand:speed>1.2</osmand:speed>
                </extensions>
            </trkpt>
            <trkpt lat="43.6300401" lon="20.5743123">
                <ele>855.6</ele>
                <time>2026-05-10T13:33:19Z</time>
                <hdop>4.7</hdop>
                <extensions>
                    <osmand:speed>1</osmand:speed>
                </extensions>
            </trkpt>
            <trkpt lat="43.6300382" lon="20.5744516">
                <ele>857</ele>
                <time>2026-05-10T13:33:30Z</time>
                <hdop>4.7</hdop>
                <extensions>
                    <osmand:speed>0.9</osmand:speed>
                </extensions>
            </trkpt>
            <trkpt lat="43.6300184" lon="20.5745131">
                <ele>858</ele>
                <time>2026-05-10T13:33:39Z</time>
                <hdop>4.7</hdop>
                <extensions>
                    <osmand:speed>0.6</osmand:speed>
                </extensions>
            </trkpt>
            <trkpt lat="43.6300009" lon="20.5745752">
                <ele>859.7</ele>
                <time>2026-05-10T13:33:48Z</time>
                <hdop>4.7</hdop>
                <extensions>
                    <osmand:speed>0.8</osmand:speed>
                </extensions>
            </trkpt>
            <trkpt lat="43.6299903" lon="20.574642">
                <ele>861</ele>
                <time>2026-05-10T13:33:55Z</time>
                <hdop>4.7</hdop>
                <extensions>
                    <osmand:speed>0.8</osmand:speed>
                </extensions>
            </trkpt>
            <trkpt lat="43.6299617" lon="20.5746977">
                <ele>862.7</ele>
                <time>2026-05-10T13:34:02Z</time>
                <hdop>4.7</hdop>
                <extensions>
                    <osmand:speed>0.5</osmand:speed>
                </extensions>
            </trkpt>
            <trkpt lat="43.6299498" lon="20.5747647">
                <ele>864.3</ele>
                <time>2026-05-10T13:34:08Z</time>
                <hdop>4.7</hdop>
                <extensions>
                    <osmand:speed>0.8</osmand:speed>
                </extensions>
            </trkpt>
            <trkpt lat="43.6299409" lon="20.5748301">
                <ele>864.5</ele>
                <time>2026-05-10T13:34:15Z</time>
                <hdop>4.7</hdop>
                <extensions>
                    <osmand:speed>0.7</osmand:speed>
                </extensions>
            </trkpt>
            <trkpt lat="43.6299129" lon="20.5749043">
                <ele>866.4</ele>
                <time>2026-05-10T13:34:24Z</time>
                <hdop>4.7</hdop>
            </trkpt>
            <trkpt lat="43.6299061" lon="20.5749124">
                <ele>866.3</ele>
                <time>2026-05-10T13:34:30Z</time>
                <hdop>4.7</hdop>
            </trkpt>
            <trkpt lat="43.6299073" lon="20.574894">
                <ele>866.3</ele>
                <time>2026-05-10T13:34:36Z</time>
                <hdop>4.7</hdop>
                <extensions>
                    <osmand:speed>0.1</osmand:speed>
                </extensions>
            </trkpt>
            <trkpt lat="43.6298599" lon="20.5749177">
                <ele>869</ele>
                <time>2026-05-10T13:35:27Z</time>
                <hdop>4.7</hdop>
                <extensions>
                    <osmand:speed>1.2</osmand:speed>
                </extensions>
            </trkpt>
            <trkpt lat="43.6298558" lon="20.574985">
                <ele>871.4</ele>
                <time>2026-05-10T13:35:39Z</time>
                <hdop>4.7</hdop>
                <extensions>
                    <osmand:speed>0.6</osmand:speed>
                </extensions>
            </trkpt>
            <trkpt lat="43.6298222" lon="20.5750322">
                <ele>872.1</ele>
                <time>2026-05-10T13:35:46Z</time>
                <hdop>4.7</hdop>
                <extensions>
                    <osmand:speed>0.9</osmand:speed>
                </extensions>
            </trkpt>
            <trkpt lat="43.6298003" lon="20.5750869">
                <ele>873.8</ele>
                <time>2026-05-10T13:35:53Z</time>
                <hdop>4.7</hdop>
                <extensions>
                    <osmand:speed>0.6</osmand:speed>
                </extensions>
            </trkpt>
            <trkpt lat="43.6298038" lon="20.5751524">
                <ele>875.8</ele>
                <time>2026-05-10T13:36:00Z</time>
                <hdop>4.7</hdop>
                <extensions>
                    <osmand:speed>1.1</osmand:speed>
                </extensions>
            </trkpt>
            <trkpt lat="43.6297958" lon="20.5752223">
                <ele>877.7</ele>
                <time>2026-05-10T13:36:06Z</time>
                <hdop>4.7</hdop>
                <extensions>
                    <osmand:speed>1.2</osmand:speed>
                </extensions>
            </trkpt>
            <trkpt lat="43.6297874" lon="20.5752842">
                <ele>879</ele>
                <time>2026-05-10T13:36:12Z</time>
                <hdop>4.7</hdop>
                <extensions>
                    <osmand:speed>0.8</osmand:speed>
                </extensions>
            </trkpt>
            <trkpt lat="43.6297728" lon="20.5753072">
                <ele>880.9</ele>
                <time>2026-05-10T13:36:26Z</time>
                <hdop>4.7</hdop>
                <extensions>
                    <osmand:speed>0</osmand:speed>
                </extensions>
            </trkpt>
            <trkpt lat="43.6297683" lon="20.5753058">
                <ele>881.1</ele>
                <time>2026-05-10T13:36:32Z</time>
                <hdop>4.7</hdop>
            </trkpt>
            <trkpt lat="43.6297664" lon="20.5753243">
                <ele>880</ele>
                <time>2026-05-10T13:36:38Z</time>
                <hdop>4.7</hdop>
                <extensions>
                    <osmand:speed>0</osmand:speed>
                </extensions>
            </trkpt>
        </trkseg>
    </trk>
    <trk>
        <trkseg>
            <trkpt lat="43.6297357" lon="20.5753967">
                <ele>882.2</ele>
                <time>2026-05-10T13:41:30Z</time>
                <hdop>4.7</hdop>
                <extensions>
                    <osmand:speed>1</osmand:speed>
                </extensions>
            </trkpt>
            <trkpt lat="43.629728" lon="20.5754596">
                <ele>883.8</ele>
                <time>2026-05-10T13:41:36Z</time>
                <hdop>4.7</hdop>
                <extensions>
                    <osmand:speed>0.5</osmand:speed>
                </extensions>
            </trkpt>
            <trkpt lat="43.6297145" lon="20.5755291">
                <ele>885.5</ele>
                <time>2026-05-10T13:41:43Z</time>
                <hdop>4.7</hdop>
                <extensions>
                    <osmand:speed>0.9</osmand:speed>
                </extensions>
            </trkpt>
            <trkpt lat="43.6297059" lon="20.5755943">
                <ele>887.5</ele>
                <time>2026-05-10T13:41:49Z</time>
                <hdop>4.7</hdop>
                <extensions>
                    <osmand:speed>0.9</osmand:speed>
                </extensions>
            </trkpt>
            <trkpt lat="43.6296318" lon="20.5756735">
                <ele>889.2</ele>
                <time>2026-05-10T13:42:00Z</time>
                <hdop>4.7</hdop>
                <extensions>
                    <osmand:speed>0.6</osmand:speed>
                </extensions>
            </trkpt>
            <trkpt lat="43.6296263" lon="20.5757402">
                <ele>890.5</ele>
                <time>2026-05-10T13:42:10Z</time>
                <hdop>4.7</hdop>
                <extensions>
                    <osmand:speed>0.7</osmand:speed>
                </extensions>
            </trkpt>
        </trkseg>
    </trk>
    <trk>
        <trkseg>
            <trkpt lat="43.629617" lon="20.5757768">
                <ele>894.4</ele>
                <time>2026-05-10T13:50:40Z</time>
                <hdop>4.7</hdop>
            </trkpt>
            <trkpt lat="43.629617" lon="20.5757768">
                <ele>894.4</ele>
                <time>2026-05-10T13:50:46Z</time>
                <hdop>4.7</hdop>
            </trkpt>
            <trkpt lat="43.6296234" lon="20.5757881">
                <ele>893.3</ele>
                <time>2026-05-10T13:50:52Z</time>
                <hdop>4.7</hdop>
            </trkpt>
        </trkseg>
    </trk>
    <trk>
        <trkseg>
            <trkpt lat="43.6296203" lon="20.5757811">
                <ele>896.3</ele>
                <time>2026-05-10T13:54:50Z</time>
                <hdop>4.7</hdop>
                <extensions>
                    <osmand:speed>0</osmand:speed>
                </extensions>
            </trkpt>
            <trkpt lat="43.6296172" lon="20.5757769">
                <ele>897.1</ele>
                <time>2026-05-10T13:54:56Z</time>
                <hdop>4.7</hdop>
                <extensions>
                    <osmand:speed>0</osmand:speed>
                </extensions>
            </trkpt>
            <trkpt lat="43.6296159" lon="20.5757742">
                <ele>897.2</ele>
                <time>2026-05-10T13:55:02Z</time>
                <hdop>4.7</hdop>
            </trkpt>
            <trkpt lat="43.6296198" lon="20.5757808">
                <ele>896.2</ele>
                <time>2026-05-10T13:55:08Z</time>
                <hdop>4.7</hdop>
            </trkpt>
            <trkpt lat="43.6296198" lon="20.5757808">
                <ele>896.2</ele>
                <time>2026-05-10T13:55:14Z</time>
                <hdop>4.7</hdop>
            </trkpt>
            <trkpt lat="43.6296216" lon="20.5757868">
                <ele>895.7</ele>
                <time>2026-05-10T13:55:20Z</time>
                <hdop>4.7</hdop>
            </trkpt>
            <trkpt lat="43.6296185" lon="20.575784">
                <ele>896.1</ele>
                <time>2026-05-10T13:55:26Z</time>
                <hdop>4.7</hdop>
            </trkpt>
            <trkpt lat="43.6296158" lon="20.5757847">
                <ele>896</ele>
                <time>2026-05-10T13:55:32Z</time>
                <hdop>4.7</hdop>
            </trkpt>
            <trkpt lat="43.6296151" lon="20.5757853">
                <ele>895.8</ele>
                <time>2026-05-10T13:55:38Z</time>
                <hdop>4.7</hdop>
                <extensions>
                    <osmand:speed>0</osmand:speed>
                </extensions>
            </trkpt>
            <trkpt lat="43.6296153" lon="20.5757905">
                <ele>895.4</ele>
                <time>2026-05-10T13:55:44Z</time>
                <hdop>4.7</hdop>
            </trkpt>
            <trkpt lat="43.6296174" lon="20.5757887">
                <ele>894.9</ele>
                <time>2026-05-10T13:55:50Z</time>
                <hdop>4.7</hdop>
                <extensions>
                    <osmand:speed>0</osmand:speed>
                </extensions>
            </trkpt>
            <trkpt lat="43.6296175" lon="20.5757905">
                <ele>894.8</ele>
                <time>2026-05-10T13:55:56Z</time>
                <hdop>4.7</hdop>
            </trkpt>
        </trkseg>
    </trk>
    <trk>
        <trkseg>
            <trkpt lat="43.6296404" lon="20.5757276">
                <ele>892.1</ele>
                <time>2026-05-10T14:00:27Z</time>
                <hdop>4.7</hdop>
                <extensions>
                    <osmand:speed>0.1</osmand:speed>
                </extensions>
            </trkpt>
            <trkpt lat="43.629647" lon="20.5756602">
                <ele>892</ele>
                <time>2026-05-10T14:00:36Z</time>
                <hdop>4.7</hdop>
                <extensions>
                    <osmand:speed>0</osmand:speed>
                </extensions>
            </trkpt>
            <trkpt lat="43.6296689" lon="20.575602">
                <ele>891.1</ele>
                <time>2026-05-10T14:00:45Z</time>
                <hdop>4.7</hdop>
                <extensions>
                    <osmand:speed>0.1</osmand:speed>
                </extensions>
            </trkpt>
            <trkpt lat="43.6297093" lon="20.5755635">
                <ele>889.5</ele>
                <time>2026-05-10T14:00:55Z</time>
                <hdop>4.7</hdop>
                <extensions>
                    <osmand:speed>0.1</osmand:speed>
                </extensions>
            </trkpt>
            <trkpt lat="43.6297178" lon="20.5755002">
                <ele>887.1</ele>
                <time>2026-05-10T14:01:03Z</time>
                <hdop>4.7</hdop>
                <extensions>
                    <osmand:speed>0.1</osmand:speed>
                </extensions>
            </trkpt>
            <trkpt lat="43.6297384" lon="20.5754441">
                <ele>885.1</ele>
                <time>2026-05-10T14:01:09Z</time>
                <hdop>4.7</hdop>
                <extensions>
                    <osmand:speed>0.1</osmand:speed>
                </extensions>
            </trkpt>
            <trkpt lat="43.6297571" lon="20.5753768">
                <ele>882.8</ele>
                <time>2026-05-10T14:01:17Z</time>
                <hdop>4.7</hdop>
                <extensions>
                    <osmand:speed>0.2</osmand:speed>
                </extensions>
            </trkpt>
            <trkpt lat="43.6297857" lon="20.5753158">
                <ele>880.6</ele>
                <time>2026-05-10T14:01:23Z</time>
                <hdop>4.7</hdop>
                <extensions>
                    <osmand:speed>0.1</osmand:speed>
                </extensions>
            </trkpt>
            <trkpt lat="43.6297759" lon="20.5752458">
                <ele>879.9</ele>
                <time>2026-05-10T14:01:31Z</time>
                <hdop>4.7</hdop>
                <extensions>
                    <osmand:speed>0.2</osmand:speed>
                </extensions>
            </trkpt>
            <trkpt lat="43.6298007" lon="20.5751157">
                <ele>877.5</ele>
                <time>2026-05-10T14:01:41Z</time>
                <hdop>4.7</hdop>
                <extensions>
                    <osmand:speed>0.1</osmand:speed>
                </extensions>
            </trkpt>
            <trkpt lat="43.6297967" lon="20.5750531">
                <ele>876.3</ele>
                <time>2026-05-10T14:01:48Z</time>
                <hdop>4.7</hdop>
                <extensions>
                    <osmand:speed>0.1</osmand:speed>
                </extensions>
            </trkpt>
            <trkpt lat="43.6298282" lon="20.5749997">
                <ele>874.7</ele>
                <time>2026-05-10T14:01:55Z</time>
                <hdop>4.7</hdop>
                <extensions>
                    <osmand:speed>0.1</osmand:speed>
                </extensions>
            </trkpt>
            <trkpt lat="43.6298112" lon="20.5749348">
                <ele>871.9</ele>
                <time>2026-05-10T14:02:07Z</time>
                <hdop>4.7</hdop>
                <extensions>
                    <osmand:speed>0.6</osmand:speed>
                </extensions>
            </trkpt>
            <trkpt lat="43.6298501" lon="20.5748997">
                <ele>870.1</ele>
                <time>2026-05-10T14:02:25Z</time>
                <hdop>4.7</hdop>
                <extensions>
                    <osmand:speed>0.1</osmand:speed>
                </extensions>
            </trkpt>
            <trkpt lat="43.6298991" lon="20.5748718">
                <ele>868.8</ele>
                <time>2026-05-10T14:02:36Z</time>
                <hdop>4.7</hdop>
                <extensions>
                    <osmand:speed>0.1</osmand:speed>
                </extensions>
            </trkpt>
            <trkpt lat="43.6299415" lon="20.5748183">
                <ele>866.6</ele>
                <time>2026-05-10T14:03:00Z</time>
                <hdop>4.7</hdop>
                <extensions>
                    <osmand:speed>0.9</osmand:speed>
                </extensions>
            </trkpt>
            <trkpt lat="43.6299681" lon="20.5746897">
                <ele>863.2</ele>
                <time>2026-05-10T14:03:08Z</time>
                <hdop>4.7</hdop>
                <extensions>
                    <osmand:speed>1.4</osmand:speed>
                </extensions>
            </trkpt>
            <trkpt lat="43.6299798" lon="20.5745573">
                <ele>861.2</ele>
                <time>2026-05-10T14:03:16Z</time>
                <hdop>4.7</hdop>
                <extensions>
                    <osmand:speed>1.4</osmand:speed>
                </extensions>
            </trkpt>
            <trkpt lat="43.6300129" lon="20.5745084">
                <ele>860.9</ele>
                <time>2026-05-10T14:03:24Z</time>
                <hdop>4.7</hdop>
                <extensions>
                    <osmand:speed>0.4</osmand:speed>
                </extensions>
            </trkpt>
            <trkpt lat="43.6300244" lon="20.5744353">
                <ele>860.3</ele>
                <time>2026-05-10T14:03:31Z</time>
                <hdop>4.7</hdop>
                <extensions>
                    <osmand:speed>0.9</osmand:speed>
                </extensions>
            </trkpt>
            <trkpt lat="43.630036" lon="20.5743703">
                <ele>860.5</ele>
                <time>2026-05-10T14:03:37Z</time>
                <hdop>4.7</hdop>
                <extensions>
                    <osmand:speed>0.8</osmand:speed>
                </extensions>
            </trkpt>
            <trkpt lat="43.6300302" lon="20.5742999">
                <ele>860.6</ele>
                <time>2026-05-10T14:03:44Z</time>
                <hdop>4.7</hdop>
                <extensions>
                    <osmand:speed>0.7</osmand:speed>
                </extensions>
            </trkpt>
            <trkpt lat="43.630014" lon="20.5742388">
                <ele>859</ele>
                <time>2026-05-10T14:03:52Z</time>
                <hdop>4.7</hdop>
                <extensions>
                    <osmand:speed>0.9</osmand:speed>
                </extensions>
            </trkpt>
            <trkpt lat="43.6300318" lon="20.5741717">
                <ele>857.8</ele>
                <time>2026-05-10T14:03:58Z</time>
                <hdop>4.7</hdop>
                <extensions>
                    <osmand:speed>1</osmand:speed>
                </extensions>
            </trkpt>
            <trkpt lat="43.6300493" lon="20.5741107">
                <ele>855.7</ele>
                <time>2026-05-10T14:04:11Z</time>
                <hdop>4.7</hdop>
                <extensions>
                    <osmand:speed>0.5</osmand:speed>
                </extensions>
            </trkpt>
            <trkpt lat="43.6300895" lon="20.5740756">
                <ele>854.1</ele>
                <time>2026-05-10T14:04:18Z</time>
                <hdop>4.7</hdop>
                <extensions>
                    <osmand:speed>0.9</osmand:speed>
                </extensions>
            </trkpt>
            <trkpt lat="43.6301181" lon="20.5740224">
                <ele>854.9</ele>
                <time>2026-05-10T14:04:24Z</time>
                <hdop>4.7</hdop>
                <extensions>
                    <osmand:speed>0.9</osmand:speed>
                </extensions>
            </trkpt>
            <trkpt lat="43.630147" lon="20.5739748">
                <ele>853.7</ele>
                <time>2026-05-10T14:04:33Z</time>
                <hdop>4.7</hdop>
                <extensions>
                    <osmand:speed>0.5</osmand:speed>
                </extensions>
            </trkpt>
            <trkpt lat="43.6301778" lon="20.5739271">
                <ele>854.2</ele>
                <time>2026-05-10T14:04:41Z</time>
                <hdop>4.7</hdop>
                <extensions>
                    <osmand:speed>0.7</osmand:speed>
                </extensions>
            </trkpt>
            <trkpt lat="43.630209" lon="20.5738754">
                <ele>853.4</ele>
                <time>2026-05-10T14:04:47Z</time>
                <hdop>4.7</hdop>
                <extensions>
                    <osmand:speed>1.1</osmand:speed>
                </extensions>
            </trkpt>
            <trkpt lat="43.630257" lon="20.5738397">
                <ele>853.2</ele>
                <time>2026-05-10T14:04:53Z</time>
                <hdop>4.7</hdop>
                <extensions>
                    <osmand:speed>1.2</osmand:speed>
                </extensions>
            </trkpt>
            <trkpt lat="43.6302827" lon="20.5737782">
                <ele>853.5</ele>
                <time>2026-05-10T14:04:59Z</time>
                <hdop>4.7</hdop>
                <extensions>
                    <osmand:speed>1.1</osmand:speed>
                </extensions>
            </trkpt>
            <trkpt lat="43.630302" lon="20.5737156">
                <ele>852.4</ele>
                <time>2026-05-10T14:05:06Z</time>
                <hdop>4.7</hdop>
                <extensions>
                    <osmand:speed>0.6</osmand:speed>
                </extensions>
            </trkpt>
            <trkpt lat="43.6303494" lon="20.5736866">
                <ele>850.9</ele>
                <time>2026-05-10T14:05:15Z</time>
                <hdop>4.7</hdop>
                <extensions>
                    <osmand:speed>0.7</osmand:speed>
                </extensions>
            </trkpt>
            <trkpt lat="43.6303724" lon="20.5736216">
                <ele>848.1</ele>
                <time>2026-05-10T14:05:24Z</time>
                <hdop>4.7</hdop>
                <extensions>
                    <osmand:speed>0.7</osmand:speed>
                </extensions>
            </trkpt>
            <trkpt lat="43.6304137" lon="20.573595">
                <ele>846.6</ele>
                <time>2026-05-10T14:05:32Z</time>
                <hdop>4.7</hdop>
                <extensions>
                    <osmand:speed>0.7</osmand:speed>
                </extensions>
            </trkpt>
            <trkpt lat="43.6304285" lon="20.5735361">
                <ele>845.4</ele>
                <time>2026-05-10T14:05:40Z</time>
                <hdop>4.7</hdop>
                <extensions>
                    <osmand:speed>0.5</osmand:speed>
                </extensions>
            </trkpt>
            <trkpt lat="43.6304515" lon="20.5734726">
                <ele>844.8</ele>
                <time>2026-05-10T14:05:51Z</time>
                <hdop>4.7</hdop>
                <extensions>
                    <osmand:speed>0.7</osmand:speed>
                </extensions>
            </trkpt>
            <trkpt lat="43.6304897" lon="20.5734372">
                <ele>842.4</ele>
                <time>2026-05-10T14:05:59Z</time>
                <hdop>4.7</hdop>
                <extensions>
                    <osmand:speed>0.6</osmand:speed>
                </extensions>
            </trkpt>
            <trkpt lat="43.6304938" lon="20.57337">
                <ele>840.5</ele>
                <time>2026-05-10T14:06:14Z</time>
                <hdop>4.7</hdop>
                <extensions>
                    <osmand:speed>0.4</osmand:speed>
                </extensions>
            </trkpt>
            <trkpt lat="43.6305191" lon="20.5733101">
                <ele>838.9</ele>
                <time>2026-05-10T14:06:27Z</time>
                <hdop>4.7</hdop>
                <extensions>
                    <osmand:speed>0.6</osmand:speed>
                </extensions>
            </trkpt>
            <trkpt lat="43.6305591" lon="20.5732738">
                <ele>836.9</ele>
                <time>2026-05-10T14:06:39Z</time>
                <hdop>4.7</hdop>
                <extensions>
                    <osmand:speed>0.4</osmand:speed>
                </extensions>
            </trkpt>
            <trkpt lat="43.6305847" lon="20.5732176">
                <ele>835.1</ele>
                <time>2026-05-10T14:06:47Z</time>
                <hdop>4.7</hdop>
                <extensions>
                    <osmand:speed>0.6</osmand:speed>
                </extensions>
            </trkpt>
            <trkpt lat="43.6306085" lon="20.5731592">
                <ele>832.9</ele>
                <time>2026-05-10T14:06:57Z</time>
                <hdop>4.7</hdop>
                <extensions>
                    <osmand:speed>0.4</osmand:speed>
                </extensions>
            </trkpt>
            <trkpt lat="43.6306385" lon="20.5731121">
                <ele>831.8</ele>
                <time>2026-05-10T14:07:06Z</time>
                <hdop>4.7</hdop>
                <extensions>
                    <osmand:speed>0.5</osmand:speed>
                </extensions>
            </trkpt>
            <trkpt lat="43.6306677" lon="20.5730603">
                <ele>830.7</ele>
                <time>2026-05-10T14:07:15Z</time>
                <hdop>4.7</hdop>
                <extensions>
                    <osmand:speed>0.6</osmand:speed>
                </extensions>
            </trkpt>
            <trkpt lat="43.6306956" lon="20.5730085">
                <ele>828.2</ele>
                <time>2026-05-10T14:07:26Z</time>
                <hdop>4.7</hdop>
                <extensions>
                    <osmand:speed>0.3</osmand:speed>
                </extensions>
            </trkpt>
            <trkpt lat="43.6307642" lon="20.5729175">
                <ele>826.7</ele>
                <time>2026-05-10T14:07:37Z</time>
                <hdop>4.7</hdop>
                <extensions>
                    <osmand:speed>1</osmand:speed>
                </extensions>
            </trkpt>
            <trkpt lat="43.6308152" lon="20.5728058">
                <ele>826.7</ele>
                <time>2026-05-10T14:07:46Z</time>
                <hdop>4.7</hdop>
                <extensions>
                    <osmand:speed>1.5</osmand:speed>
                </extensions>
            </trkpt>
            <trkpt lat="43.6308678" lon="20.5726771">
                <ele>826.3</ele>
                <time>2026-05-10T14:07:55Z</time>
                <hdop>4.7</hdop>
                <extensions>
                    <osmand:speed>1.1</osmand:speed>
                </extensions>
            </trkpt>
            <trkpt lat="43.630917" lon="20.5725632">
                <ele>826.7</ele>
                <time>2026-05-10T14:08:03Z</time>
                <hdop>4.7</hdop>
                <extensions>
                    <osmand:speed>1.4</osmand:speed>
                </extensions>
            </trkpt>
            <trkpt lat="43.6309574" lon="20.5724328">
                <ele>827.8</ele>
                <time>2026-05-10T14:08:13Z</time>
                <hdop>4.7</hdop>
                <extensions>
                    <osmand:speed>1.1</osmand:speed>
                </extensions>
            </trkpt>
            <trkpt lat="43.6309971" lon="20.5723136">
                <ele>829.8</ele>
                <time>2026-05-10T14:08:23Z</time>
                <hdop>4.7</hdop>
                <extensions>
                    <osmand:speed>1.3</osmand:speed>
                </extensions>
            </trkpt>
            <trkpt lat="43.6310357" lon="20.5721846">
                <ele>830</ele>
                <time>2026-05-10T14:08:33Z</time>
                <hdop>4.7</hdop>
                <extensions>
                    <osmand:speed>1</osmand:speed>
                </extensions>
            </trkpt>
            <trkpt lat="43.6310805" lon="20.572065">
                <ele>830.5</ele>
                <time>2026-05-10T14:09:43Z</time>
                <hdop>4.7</hdop>
                <extensions>
                    <osmand:speed>1.4</osmand:speed>
                </extensions>
            </trkpt>
            <trkpt lat="43.6311045" lon="20.5719861">
                <ele>831</ele>
                <time>2026-05-10T14:09:49Z</time>
                <hdop>4.7</hdop>
                <extensions>
                    <osmand:speed>1.2</osmand:speed>
                </extensions>
            </trkpt>
            <trkpt lat="43.6311238" lon="20.5718448">
                <ele>833.1</ele>
                <time>2026-05-10T14:09:58Z</time>
                <hdop>4.7</hdop>
                <extensions>
                    <osmand:speed>1.3</osmand:speed>
                </extensions>
            </trkpt>
            <trkpt lat="43.6311764" lon="20.5717407">
                <ele>834.6</ele>
                <time>2026-05-10T14:10:07Z</time>
                <hdop>4.7</hdop>
                <extensions>
                    <osmand:speed>0.8</osmand:speed>
                </extensions>
            </trkpt>
            <trkpt lat="43.6312404" lon="20.5716545">
                <ele>836</ele>
                <time>2026-05-10T14:10:15Z</time>
                <hdop>4.7</hdop>
                <extensions>
                    <osmand:speed>1.3</osmand:speed>
                </extensions>
            </trkpt>
            <trkpt lat="43.6313055" lon="20.571561">
                <ele>836</ele>
                <time>2026-05-10T14:10:24Z</time>
                <hdop>4.7</hdop>
                <extensions>
                    <osmand:speed>1.5</osmand:speed>
                </extensions>
            </trkpt>
            <trkpt lat="43.6313637" lon="20.5714426">
                <ele>836.6</ele>
                <time>2026-05-10T14:10:33Z</time>
                <hdop>4.7</hdop>
                <extensions>
                    <osmand:speed>1.3</osmand:speed>
                </extensions>
            </trkpt>
            <trkpt lat="43.6313979" lon="20.5713075">
                <ele>838.3</ele>
                <time>2026-05-10T14:10:42Z</time>
                <hdop>4.7</hdop>
                <extensions>
                    <osmand:speed>1.3</osmand:speed>
                </extensions>
            </trkpt>
            <trkpt lat="43.6313831" lon="20.5711688">
                <ele>839.1</ele>
                <time>2026-05-10T14:10:51Z</time>
                <hdop>4.7</hdop>
                <extensions>
                    <osmand:speed>1.3</osmand:speed>
                </extensions>
            </trkpt>
            <trkpt lat="43.6313945" lon="20.5710374">
                <ele>839.8</ele>
                <time>2026-05-10T14:11:14Z</time>
                <hdop>4.7</hdop>
                <extensions>
                    <osmand:speed>1</osmand:speed>
                </extensions>
            </trkpt>
            <trkpt lat="43.6314292" lon="20.5709022">
                <ele>840.5</ele>
                <time>2026-05-10T14:11:26Z</time>
                <hdop>4.7</hdop>
                <extensions>
                    <osmand:speed>1.2</osmand:speed>
                </extensions>
            </trkpt>
            <trkpt lat="43.6314399" lon="20.5708373">
                <ele>840.3</ele>
                <time>2026-05-10T14:11:33Z</time>
                <hdop>4.7</hdop>
                <extensions>
                    <osmand:speed>1.3</osmand:speed>
                </extensions>
            </trkpt>
            <trkpt lat="43.6314659" lon="20.5707152">
                <ele>839.9</ele>
                <time>2026-05-10T14:11:41Z</time>
                <hdop>4.7</hdop>
                <extensions>
                    <osmand:speed>1.3</osmand:speed>
                </extensions>
            </trkpt>
            <trkpt lat="43.6314882" lon="20.5705858">
                <ele>840.3</ele>
                <time>2026-05-10T14:11:50Z</time>
                <hdop>4.7</hdop>
                <extensions>
                    <osmand:speed>1.4</osmand:speed>
                </extensions>
            </trkpt>
            <trkpt lat="43.6315274" lon="20.5704445">
                <ele>839.3</ele>
                <time>2026-05-10T14:12:02Z</time>
                <hdop>4.7</hdop>
                <extensions>
                    <osmand:speed>1.5</osmand:speed>
                </extensions>
            </trkpt>
            <trkpt lat="43.6315508" lon="20.5703116">
                <ele>840.2</ele>
                <time>2026-05-10T14:12:10Z</time>
                <hdop>4.7</hdop>
                <extensions>
                    <osmand:speed>1.3</osmand:speed>
                </extensions>
            </trkpt>
            <trkpt lat="43.6315722" lon="20.5701752">
                <ele>840.5</ele>
                <time>2026-05-10T14:12:20Z</time>
                <hdop>4.7</hdop>
                <extensions>
                    <osmand:speed>1.2</osmand:speed>
                </extensions>
            </trkpt>
            <trkpt lat="43.6315844" lon="20.5700394">
                <ele>839.3</ele>
                <time>2026-05-10T14:12:28Z</time>
                <hdop>4.7</hdop>
                <extensions>
                    <osmand:speed>1.1</osmand:speed>
                </extensions>
            </trkpt>
            <trkpt lat="43.6315948" lon="20.5698915">
                <ele>839.8</ele>
                <time>2026-05-10T14:12:36Z</time>
                <hdop>4.7</hdop>
                <extensions>
                    <osmand:speed>1.4</osmand:speed>
                </extensions>
            </trkpt>
            <trkpt lat="43.6315915" lon="20.5697624">
                <ele>838.2</ele>
                <time>2026-05-10T14:12:43Z</time>
                <hdop>4.7</hdop>
                <extensions>
                    <osmand:speed>1.5</osmand:speed>
                </extensions>
            </trkpt>
            <trkpt lat="43.631583" lon="20.5696348">
                <ele>838.6</ele>
                <time>2026-05-10T14:12:51Z</time>
                <hdop>4.7</hdop>
                <extensions>
                    <osmand:speed>1.4</osmand:speed>
                </extensions>
            </trkpt>
            <trkpt lat="43.6315728" lon="20.5695704">
                <ele>839.5</ele>
                <time>2026-05-10T14:13:06Z</time>
                <hdop>4.7</hdop>
                <extensions>
                    <osmand:speed>0.3</osmand:speed>
                </extensions>
            </trkpt>
            <trkpt lat="43.6315552" lon="20.5694248">
                <ele>839</ele>
                <time>2026-05-10T14:13:16Z</time>
                <hdop>4.7</hdop>
                <extensions>
                    <osmand:speed>1.3</osmand:speed>
                </extensions>
            </trkpt>
            <trkpt lat="43.6315541" lon="20.5692804">
                <ele>840.5</ele>
                <time>2026-05-10T14:13:26Z</time>
                <hdop>4.7</hdop>
                <extensions>
                    <osmand:speed>1</osmand:speed>
                </extensions>
            </trkpt>
            <trkpt lat="43.6315448" lon="20.569205">
                <ele>841.5</ele>
                <time>2026-05-10T14:13:33Z</time>
                <hdop>4.7</hdop>
                <extensions>
                    <osmand:speed>1.3</osmand:speed>
                </extensions>
            </trkpt>
            <trkpt lat="43.6314897" lon="20.5690904">
                <ele>841.4</ele>
                <time>2026-05-10T14:13:42Z</time>
                <hdop>4.7</hdop>
                <extensions>
                    <osmand:speed>1.4</osmand:speed>
                </extensions>
            </trkpt>
            <trkpt lat="43.6314433" lon="20.5689679">
                <ele>842.6</ele>
                <time>2026-05-10T14:13:51Z</time>
                <hdop>4.7</hdop>
                <extensions>
                    <osmand:speed>1.2</osmand:speed>
                </extensions>
            </trkpt>
            <trkpt lat="43.6313651" lon="20.5688764">
                <ele>841.6</ele>
                <time>2026-05-10T14:13:59Z</time>
                <hdop>4.7</hdop>
                <extensions>
                    <osmand:speed>1.6</osmand:speed>
                </extensions>
            </trkpt>
            <trkpt lat="43.6312855" lon="20.5687762">
                <ele>841.8</ele>
                <time>2026-05-10T14:14:08Z</time>
                <hdop>4.7</hdop>
                <extensions>
                    <osmand:speed>1.6</osmand:speed>
                </extensions>
            </trkpt>
            <trkpt lat="43.6312157" lon="20.5686888">
                <ele>842.7</ele>
                <time>2026-05-10T14:14:16Z</time>
                <hdop>4.7</hdop>
                <extensions>
                    <osmand:speed>1.1</osmand:speed>
                </extensions>
            </trkpt>
            <trkpt lat="43.6311445" lon="20.568581">
                <ele>844.3</ele>
                <time>2026-05-10T14:14:25Z</time>
                <hdop>4.7</hdop>
                <extensions>
                    <osmand:speed>1.1</osmand:speed>
                </extensions>
            </trkpt>
            <trkpt lat="43.6310633" lon="20.56849">
                <ele>844.2</ele>
                <time>2026-05-10T14:14:35Z</time>
                <hdop>4.7</hdop>
                <extensions>
                    <osmand:speed>1.2</osmand:speed>
                </extensions>
            </trkpt>
            <trkpt lat="43.6309757" lon="20.5684257">
                <ele>844.5</ele>
                <time>2026-05-10T14:14:45Z</time>
                <hdop>4.7</hdop>
                <extensions>
                    <osmand:speed>1.4</osmand:speed>
                </extensions>
            </trkpt>
            <trkpt lat="43.6309474" lon="20.5683642">
                <ele>843.8</ele>
                <time>2026-05-10T14:14:51Z</time>
                <hdop>4.7</hdop>
                <extensions>
                    <osmand:speed>1.2</osmand:speed>
                </extensions>
            </trkpt>
            <trkpt lat="43.630866" lon="20.5682788">
                <ele>844.2</ele>
                <time>2026-05-10T14:15:03Z</time>
                <hdop>4.7</hdop>
                <extensions>
                    <osmand:speed>1.3</osmand:speed>
                </extensions>
            </trkpt>
            <trkpt lat="43.6308217" lon="20.5682427">
                <ele>843.8</ele>
                <time>2026-05-10T14:15:10Z</time>
                <hdop>4.7</hdop>
                <extensions>
                    <osmand:speed>1</osmand:speed>
                </extensions>
            </trkpt>
            <trkpt lat="43.6307617" lon="20.5681413">
                <ele>843.2</ele>
                <time>2026-05-10T14:15:20Z</time>
                <hdop>4.7</hdop>
                <extensions>
                    <osmand:speed>0.9</osmand:speed>
                </extensions>
            </trkpt>
            <trkpt lat="43.6307272" lon="20.5680978">
                <ele>843.4</ele>
                <time>2026-05-10T14:15:26Z</time>
                <hdop>4.7</hdop>
                <extensions>
                    <osmand:speed>0.6</osmand:speed>
                </extensions>
            </trkpt>
            <trkpt lat="43.6306471" lon="20.5680061">
                <ele>842.2</ele>
                <time>2026-05-10T14:15:37Z</time>
                <hdop>4.7</hdop>
                <extensions>
                    <osmand:speed>0.6</osmand:speed>
                </extensions>
            </trkpt>
            <trkpt lat="43.6305692" lon="20.5679199">
                <ele>843.8</ele>
                <time>2026-05-10T14:15:48Z</time>
                <hdop>4.7</hdop>
                <extensions>
                    <osmand:speed>1.2</osmand:speed>
                </extensions>
            </trkpt>
            <trkpt lat="43.6305326" lon="20.5678754">
                <ele>843.2</ele>
                <time>2026-05-10T14:15:56Z</time>
                <hdop>4.7</hdop>
                <extensions>
                    <osmand:speed>0.7</osmand:speed>
                </extensions>
            </trkpt>
            <trkpt lat="43.6305112" lon="20.5677434">
                <ele>843.4</ele>
                <time>2026-05-10T14:16:06Z</time>
                <hdop>4.7</hdop>
                <extensions>
                    <osmand:speed>1.1</osmand:speed>
                </extensions>
            </trkpt>
            <trkpt lat="43.6304758" lon="20.567695">
                <ele>843</ele>
                <time>2026-05-10T14:16:19Z</time>
                <hdop>4.7</hdop>
                <extensions>
                    <osmand:speed>0.6</osmand:speed>
                </extensions>
            </trkpt>
            <trkpt lat="43.6304225" lon="20.5675942">
                <ele>842.8</ele>
                <time>2026-05-10T14:16:33Z</time>
                <hdop>4.7</hdop>
                <extensions>
                    <osmand:speed>0.8</osmand:speed>
                </extensions>
            </trkpt>
            <trkpt lat="43.6304224" lon="20.5675446">
                <ele>844.4</ele>
                <time>2026-05-10T14:16:41Z</time>
                <hdop>4.7</hdop>
            </trkpt>
            <trkpt lat="43.630415" lon="20.5675211">
                <ele>844.9</ele>
                <time>2026-05-10T14:16:47Z</time>
                <hdop>4.7</hdop>
                <extensions>
                    <osmand:speed>0.5</osmand:speed>
                </extensions>
            </trkpt>
            <trkpt lat="43.6303809" lon="20.5674764">
                <ele>844.5</ele>
                <time>2026-05-10T14:16:53Z</time>
                <hdop>4.7</hdop>
                <extensions>
                    <osmand:speed>0.8</osmand:speed>
                </extensions>
            </trkpt>
            <trkpt lat="43.630338" lon="20.5674186">
                <ele>843.7</ele>
                <time>2026-05-10T14:16:59Z</time>
                <hdop>4.7</hdop>
                <extensions>
                    <osmand:speed>1.2</osmand:speed>
                </extensions>
            </trkpt>
            <trkpt lat="43.6303291" lon="20.5673552">
                <ele>844.2</ele>
                <time>2026-05-10T14:17:05Z</time>
                <hdop>4.7</hdop>
                <extensions>
                    <osmand:speed>0.7</osmand:speed>
                </extensions>
            </trkpt>
            <trkpt lat="43.630302" lon="20.5672957">
                <ele>843.7</ele>
                <time>2026-05-10T14:17:11Z</time>
                <hdop>4.7</hdop>
                <extensions>
                    <osmand:speed>0.7</osmand:speed>
                </extensions>
            </trkpt>
            <trkpt lat="43.6302847" lon="20.5672236">
                <ele>843.9</ele>
                <time>2026-05-10T14:17:17Z</time>
                <hdop>4.7</hdop>
                <extensions>
                    <osmand:speed>0.8</osmand:speed>
                </extensions>
            </trkpt>
            <trkpt lat="43.6302458" lon="20.5671496">
                <ele>842.6</ele>
                <time>2026-05-10T14:17:23Z</time>
                <hdop>4.7</hdop>
                <extensions>
                    <osmand:speed>1.2</osmand:speed>
                </extensions>
            </trkpt>
            <trkpt lat="43.6302479" lon="20.5671086">
                <ele>842.9</ele>
                <time>2026-05-10T14:17:29Z</time>
                <hdop>4.7</hdop>
                <extensions>
                    <osmand:speed>0</osmand:speed>
                </extensions>
            </trkpt>
            <trkpt lat="43.6302323" lon="20.567044">
                <ele>842.6</ele>
                <time>2026-05-10T14:17:35Z</time>
                <hdop>4.7</hdop>
                <extensions>
                    <osmand:speed>1</osmand:speed>
                </extensions>
            </trkpt>
            <trkpt lat="43.6302052" lon="20.5669615">
                <ele>841.6</ele>
                <time>2026-05-10T14:17:41Z</time>
                <hdop>4.7</hdop>
                <extensions>
                    <osmand:speed>1.6</osmand:speed>
                </extensions>
            </trkpt>
            <trkpt lat="43.6301848" lon="20.5669075">
                <ele>840.6</ele>
                <time>2026-05-10T14:17:47Z</time>
                <hdop>4.7</hdop>
                <extensions>
                    <osmand:speed>0.4</osmand:speed>
                </extensions>
            </trkpt>
            <trkpt lat="43.6301864" lon="20.5669135">
                <ele>841</ele>
                <time>2026-05-10T14:17:53Z</time>
                <hdop>4.7</hdop>
                <extensions>
                    <osmand:speed>0</osmand:speed>
                </extensions>
            </trkpt>
            <trkpt lat="43.6301882" lon="20.5669131">
                <ele>841.1</ele>
                <time>2026-05-10T14:17:59Z</time>
                <hdop>4.7</hdop>
            </trkpt>
        </trkseg>
    </trk>
    <trk>
        <trkseg>
            <trkpt lat="43.6301672" lon="20.5668543">
                <ele>839.8</ele>
                <time>2026-05-10T14:19:40Z</time>
                <hdop>4.7</hdop>
                <extensions>
                    <osmand:speed>0.8</osmand:speed>
                </extensions>
            </trkpt>
            <trkpt lat="43.6301464" lon="20.5667903">
                <ele>839.1</ele>
                <time>2026-05-10T14:19:47Z</time>
                <hdop>4.7</hdop>
                <extensions>
                    <osmand:speed>0.8</osmand:speed>
                </extensions>
            </trkpt>
            <trkpt lat="43.6300941" lon="20.5666732">
                <ele>836.6</ele>
                <time>2026-05-10T14:19:55Z</time>
                <hdop>4.7</hdop>
                <extensions>
                    <osmand:speed>1.6</osmand:speed>
                </extensions>
            </trkpt>
            <trkpt lat="43.6300522" lon="20.5665531">
                <ele>836.2</ele>
                <time>2026-05-10T14:20:06Z</time>
                <hdop>4.7</hdop>
                <extensions>
                    <osmand:speed>1</osmand:speed>
                </extensions>
            </trkpt>
            <trkpt lat="43.6299894" lon="20.5664263">
                <ele>836.5</ele>
                <time>2026-05-10T14:20:15Z</time>
                <hdop>4.7</hdop>
                <extensions>
                    <osmand:speed>1.6</osmand:speed>
                </extensions>
            </trkpt>
            <trkpt lat="43.6299177" lon="20.5663423">
                <ele>838.3</ele>
                <time>2026-05-10T14:20:25Z</time>
                <hdop>4.7</hdop>
                <extensions>
                    <osmand:speed>0.6</osmand:speed>
                </extensions>
            </trkpt>
            <trkpt lat="43.6298667" lon="20.5663034">
                <ele>835.2</ele>
                <time>2026-05-10T14:20:31Z</time>
                <hdop>4.7</hdop>
                <extensions>
                    <osmand:speed>1.4</osmand:speed>
                </extensions>
            </trkpt>
            <trkpt lat="43.6298022" lon="20.5662014">
                <ele>835.1</ele>
                <time>2026-05-10T14:20:44Z</time>
                <hdop>4.7</hdop>
                <extensions>
                    <osmand:speed>1.1</osmand:speed>
                </extensions>
            </trkpt>
            <trkpt lat="43.6297579" lon="20.5661733">
                <ele>833</ele>
                <time>2026-05-10T14:20:50Z</time>
                <hdop>4.7</hdop>
                <extensions>
                    <osmand:speed>0.8</osmand:speed>
                </extensions>
            </trkpt>
            <trkpt lat="43.6296793" lon="20.5660872">
                <ele>830.5</ele>
                <time>2026-05-10T14:21:00Z</time>
                <hdop>4.7</hdop>
                <extensions>
                    <osmand:speed>1.4</osmand:speed>
                </extensions>
            </trkpt>
            <trkpt lat="43.6296135" lon="20.565981">
                <ele>831.3</ele>
                <time>2026-05-10T14:21:09Z</time>
                <hdop>4.7</hdop>
                <extensions>
                    <osmand:speed>1.4</osmand:speed>
                </extensions>
            </trkpt>
            <trkpt lat="43.6295737" lon="20.5658511">
                <ele>830.5</ele>
                <time>2026-05-10T14:21:19Z</time>
                <hdop>4.7</hdop>
                <extensions>
                    <osmand:speed>1.2</osmand:speed>
                </extensions>
            </trkpt>
            <trkpt lat="43.6295645" lon="20.5657316">
                <ele>830.3</ele>
                <time>2026-05-10T14:21:27Z</time>
                <hdop>4.7</hdop>
                <extensions>
                    <osmand:speed>1.4</osmand:speed>
                </extensions>
            </trkpt>
            <trkpt lat="43.6295215" lon="20.5656028">
                <ele>828.9</ele>
                <time>2026-05-10T14:21:37Z</time>
                <hdop>4.7</hdop>
                <extensions>
                    <osmand:speed>1</osmand:speed>
                </extensions>
            </trkpt>
            <trkpt lat="43.6294905" lon="20.5655574">
                <ele>827.8</ele>
                <time>2026-05-10T14:21:44Z</time>
                <hdop>4.7</hdop>
                <extensions>
                    <osmand:speed>0.9</osmand:speed>
                </extensions>
            </trkpt>
            <trkpt lat="43.6294504" lon="20.5654998">
                <ele>826.5</ele>
                <time>2026-05-10T14:21:50Z</time>
                <hdop>4.7</hdop>
                <extensions>
                    <osmand:speed>1.8</osmand:speed>
                </extensions>
            </trkpt>
            <trkpt lat="43.6293988" lon="20.5653802">
                <ele>825.2</ele>
                <time>2026-05-10T14:22:01Z</time>
                <hdop>4.7</hdop>
                <extensions>
                    <osmand:speed>1.2</osmand:speed>
                </extensions>
            </trkpt>
            <trkpt lat="43.6293314" lon="20.5652631">
                <ele>825.9</ele>
                <time>2026-05-10T14:22:09Z</time>
                <hdop>4.7</hdop>
                <extensions>
                    <osmand:speed>1.6</osmand:speed>
                </extensions>
            </trkpt>
            <trkpt lat="43.6292805" lon="20.5651477">
                <ele>823.6</ele>
                <time>2026-05-10T14:22:17Z</time>
                <hdop>4.7</hdop>
                <extensions>
                    <osmand:speed>1.6</osmand:speed>
                </extensions>
            </trkpt>
            <trkpt lat="43.629207" lon="20.5650687">
                <ele>821.2</ele>
                <time>2026-05-10T14:22:26Z</time>
                <hdop>4.7</hdop>
                <extensions>
                    <osmand:speed>1.2</osmand:speed>
                </extensions>
            </trkpt>
            <trkpt lat="43.6291784" lon="20.5650046">
                <ele>820.3</ele>
                <time>2026-05-10T14:22:34Z</time>
                <hdop>4.7</hdop>
                <extensions>
                    <osmand:speed>0.9</osmand:speed>
                </extensions>
            </trkpt>
            <trkpt lat="43.6291215" lon="20.5650072">
                <ele>819.1</ele>
                <time>2026-05-10T14:22:41Z</time>
                <hdop>4.7</hdop>
                <extensions>
                    <osmand:speed>1.1</osmand:speed>
                </extensions>
            </trkpt>
            <trkpt lat="43.6290766" lon="20.5649603">
                <ele>818.9</ele>
                <time>2026-05-10T14:22:48Z</time>
                <hdop>4.7</hdop>
                <extensions>
                    <osmand:speed>1.2</osmand:speed>
                </extensions>
            </trkpt>
            <trkpt lat="43.6290173" lon="20.5648602">
                <ele>815.4</ele>
                <time>2026-05-10T14:23:01Z</time>
                <hdop>4.7</hdop>
                <extensions>
                    <osmand:speed>0.6</osmand:speed>
                </extensions>
            </trkpt>
            <trkpt lat="43.628974" lon="20.5648213">
                <ele>814.7</ele>
                <time>2026-05-10T14:23:07Z</time>
                <hdop>4.7</hdop>
                <extensions>
                    <osmand:speed>0.8</osmand:speed>
                </extensions>
            </trkpt>
            <trkpt lat="43.6289281" lon="20.5647888">
                <ele>814.7</ele>
                <time>2026-05-10T14:23:13Z</time>
                <hdop>4.7</hdop>
                <extensions>
                    <osmand:speed>1</osmand:speed>
                </extensions>
            </trkpt>
            <trkpt lat="43.6288833" lon="20.5647676">
                <ele>813.5</ele>
                <time>2026-05-10T14:23:21Z</time>
                <hdop>4.7</hdop>
                <extensions>
                    <osmand:speed>0.7</osmand:speed>
                </extensions>
            </trkpt>
            <trkpt lat="43.6287955" lon="20.5647057">
                <ele>811.9</ele>
                <time>2026-05-10T14:23:30Z</time>
                <hdop>4.7</hdop>
                <extensions>
                    <osmand:speed>1.4</osmand:speed>
                </extensions>
            </trkpt>
            <trkpt lat="43.6287175" lon="20.564619">
                <ele>810</ele>
                <time>2026-05-10T14:23:40Z</time>
                <hdop>4.7</hdop>
                <extensions>
                    <osmand:speed>1.1</osmand:speed>
                </extensions>
            </trkpt>
            <trkpt lat="43.6286129" lon="20.5645558">
                <ele>807.7</ele>
                <time>2026-05-10T14:23:49Z</time>
                <hdop>4.7</hdop>
                <extensions>
                    <osmand:speed>1.6</osmand:speed>
                </extensions>
            </trkpt>
            <trkpt lat="43.6285725" lon="20.5645165">
                <ele>807</ele>
                <time>2026-05-10T14:24:06Z</time>
                <hdop>4.7</hdop>
                <extensions>
                    <osmand:speed>0.6</osmand:speed>
                </extensions>
            </trkpt>
            <trkpt lat="43.6285337" lon="20.5644814">
                <ele>808</ele>
                <time>2026-05-10T14:24:48Z</time>
                <hdop>4.7</hdop>
                <extensions>
                    <osmand:speed>1.2</osmand:speed>
                </extensions>
            </trkpt>
            <trkpt lat="43.6284787" lon="20.5644527">
                <ele>806.7</ele>
                <time>2026-05-10T14:24:54Z</time>
                <hdop>4.7</hdop>
                <extensions>
                    <osmand:speed>1</osmand:speed>
                </extensions>
            </trkpt>
            <trkpt lat="43.6284313" lon="20.5644134">
                <ele>805.9</ele>
                <time>2026-05-10T14:25:00Z</time>
                <hdop>4.7</hdop>
                <extensions>
                    <osmand:speed>1.1</osmand:speed>
                </extensions>
            </trkpt>
            <trkpt lat="43.6283782" lon="20.5643664">
                <ele>805</ele>
                <time>2026-05-10T14:25:06Z</time>
                <hdop>4.7</hdop>
                <extensions>
                    <osmand:speed>1</osmand:speed>
                </extensions>
            </trkpt>
            <trkpt lat="43.6283271" lon="20.5643312">
                <ele>806.8</ele>
                <time>2026-05-10T14:25:12Z</time>
                <hdop>4.7</hdop>
                <extensions>
                    <osmand:speed>0.8</osmand:speed>
                </extensions>
            </trkpt>
            <trkpt lat="43.6282825" lon="20.5642698">
                <ele>807.9</ele>
                <time>2026-05-10T14:25:18Z</time>
                <hdop>4.7</hdop>
                <extensions>
                    <osmand:speed>1.2</osmand:speed>
                </extensions>
            </trkpt>
            <trkpt lat="43.6282375" lon="20.5642252">
                <ele>809.4</ele>
                <time>2026-05-10T14:25:24Z</time>
                <hdop>4.7</hdop>
                <extensions>
                    <osmand:speed>0.8</osmand:speed>
                </extensions>
            </trkpt>
            <trkpt lat="43.6281868" lon="20.564212">
                <ele>809.5</ele>
                <time>2026-05-10T14:25:30Z</time>
                <hdop>4.7</hdop>
                <extensions>
                    <osmand:speed>0.9</osmand:speed>
                </extensions>
            </trkpt>
            <trkpt lat="43.6281593" lon="20.5641843">
                <ele>811.5</ele>
                <time>2026-05-10T14:25:36Z</time>
                <hdop>4.7</hdop>
                <extensions>
                    <osmand:speed>0.5</osmand:speed>
                </extensions>
            </trkpt>
            <trkpt lat="43.6281176" lon="20.5641317">
                <ele>812.5</ele>
                <time>2026-05-10T14:25:42Z</time>
                <hdop>4.7</hdop>
                <extensions>
                    <osmand:speed>0.9</osmand:speed>
                </extensions>
            </trkpt>
            <trkpt lat="43.6280505" lon="20.5640984">
                <ele>815.2</ele>
                <time>2026-05-10T14:25:48Z</time>
                <hdop>4.7</hdop>
                <extensions>
                    <osmand:speed>1.4</osmand:speed>
                </extensions>
            </trkpt>
            <trkpt lat="43.6280064" lon="20.5640347">
                <ele>814.9</ele>
                <time>2026-05-10T14:25:54Z</time>
                <hdop>4.7</hdop>
                <extensions>
                    <osmand:speed>1</osmand:speed>
                </extensions>
            </trkpt>
            <trkpt lat="43.6279566" lon="20.5639893">
                <ele>814.9</ele>
                <time>2026-05-10T14:26:00Z</time>
                <hdop>4.7</hdop>
                <extensions>
                    <osmand:speed>1.2</osmand:speed>
                </extensions>
            </trkpt>
            <trkpt lat="43.6278964" lon="20.5639704">
                <ele>814.2</ele>
                <time>2026-05-10T14:26:16Z</time>
                <hdop>4.7</hdop>
                <extensions>
                    <osmand:speed>1.1</osmand:speed>
                </extensions>
            </trkpt>
            <trkpt lat="43.6278157" lon="20.56388">
                <ele>814.5</ele>
                <time>2026-05-10T14:26:26Z</time>
                <hdop>4.7</hdop>
                <extensions>
                    <osmand:speed>1</osmand:speed>
                </extensions>
            </trkpt>
            <trkpt lat="43.6277716" lon="20.563849">
                <ele>812.6</ele>
                <time>2026-05-10T14:26:33Z</time>
                <hdop>4.7</hdop>
                <extensions>
                    <osmand:speed>0.6</osmand:speed>
                </extensions>
            </trkpt>
            <trkpt lat="43.6276768" lon="20.5637802">
                <ele>813.9</ele>
                <time>2026-05-10T14:26:45Z</time>
                <hdop>4.7</hdop>
                <extensions>
                    <osmand:speed>0.8</osmand:speed>
                </extensions>
            </trkpt>
            <trkpt lat="43.6275946" lon="20.563724">
                <ele>812.7</ele>
                <time>2026-05-10T14:26:53Z</time>
                <hdop>4.7</hdop>
                <extensions>
                    <osmand:speed>0.7</osmand:speed>
                </extensions>
            </trkpt>
            <trkpt lat="43.6275155" lon="20.5636447">
                <ele>814.6</ele>
                <time>2026-05-10T14:27:03Z</time>
                <hdop>4.7</hdop>
                <extensions>
                    <osmand:speed>0.7</osmand:speed>
                </extensions>
            </trkpt>
            <trkpt lat="43.627482" lon="20.5635956">
                <ele>814.8</ele>
                <time>2026-05-10T14:27:10Z</time>
                <hdop>4.7</hdop>
                <extensions>
                    <osmand:speed>0.7</osmand:speed>
                </extensions>
            </trkpt>
            <trkpt lat="43.62738" lon="20.5635594">
                <ele>814.8</ele>
                <time>2026-05-10T14:27:21Z</time>
                <hdop>4.7</hdop>
                <extensions>
                    <osmand:speed>0.9</osmand:speed>
                </extensions>
            </trkpt>
            <trkpt lat="43.6273279" lon="20.5635424">
                <ele>813.8</ele>
                <time>2026-05-10T14:27:27Z</time>
                <hdop>4.7</hdop>
                <extensions>
                    <osmand:speed>1.2</osmand:speed>
                </extensions>
            </trkpt>
            <trkpt lat="43.6272842" lon="20.563505">
                <ele>814</ele>
                <time>2026-05-10T14:27:33Z</time>
                <hdop>4.7</hdop>
                <extensions>
                    <osmand:speed>0.9</osmand:speed>
                </extensions>
            </trkpt>
            <trkpt lat="43.6272112" lon="20.5634163">
                <ele>815.8</ele>
                <time>2026-05-10T14:27:44Z</time>
                <hdop>4.7</hdop>
                <extensions>
                    <osmand:speed>0.7</osmand:speed>
                </extensions>
            </trkpt>
            <trkpt lat="43.6271547" lon="20.563407">
                <ele>816.2</ele>
                <time>2026-05-10T14:27:50Z</time>
                <hdop>4.7</hdop>
                <extensions>
                    <osmand:speed>1.2</osmand:speed>
                </extensions>
            </trkpt>
            <trkpt lat="43.6270638" lon="20.5633822">
                <ele>816.2</ele>
                <time>2026-05-10T14:28:01Z</time>
                <hdop>4.7</hdop>
                <extensions>
                    <osmand:speed>1</osmand:speed>
                </extensions>
            </trkpt>
            <trkpt lat="43.6270184" lon="20.5633487">
                <ele>815.5</ele>
                <time>2026-05-10T14:28:08Z</time>
                <hdop>4.7</hdop>
                <extensions>
                    <osmand:speed>1.4</osmand:speed>
                </extensions>
            </trkpt>
            <trkpt lat="43.6269409" lon="20.5632789">
                <ele>814.9</ele>
                <time>2026-05-10T14:28:20Z</time>
                <hdop>4.7</hdop>
                <extensions>
                    <osmand:speed>0.9</osmand:speed>
                </extensions>
            </trkpt>
            <trkpt lat="43.6268839" lon="20.5632709">
                <ele>812</ele>
                <time>2026-05-10T14:28:26Z</time>
                <hdop>4.7</hdop>
                <extensions>
                    <osmand:speed>1.4</osmand:speed>
                </extensions>
            </trkpt>
            <trkpt lat="43.6268391" lon="20.5632543">
                <ele>812.4</ele>
                <time>2026-05-10T14:28:42Z</time>
                <hdop>4.7</hdop>
                <extensions>
                    <osmand:speed>0.7</osmand:speed>
                </extensions>
            </trkpt>
            <trkpt lat="43.6267921" lon="20.5632416">
                <ele>811.5</ele>
                <time>2026-05-10T14:29:40Z</time>
                <hdop>4.7</hdop>
                <extensions>
                    <osmand:speed>0.4</osmand:speed>
                </extensions>
            </trkpt>
            <trkpt lat="43.6267585" lon="20.5631922">
                <ele>809.2</ele>
                <time>2026-05-10T14:29:46Z</time>
                <hdop>4.7</hdop>
                <extensions>
                    <osmand:speed>0.6</osmand:speed>
                </extensions>
            </trkpt>
            <trkpt lat="43.6267097" lon="20.5631726">
                <ele>806.5</ele>
                <time>2026-05-10T14:29:53Z</time>
                <hdop>4.7</hdop>
                <extensions>
                    <osmand:speed>0.7</osmand:speed>
                </extensions>
            </trkpt>
            <trkpt lat="43.6266674" lon="20.563141">
                <ele>804.5</ele>
                <time>2026-05-10T14:29:59Z</time>
                <hdop>4.7</hdop>
                <extensions>
                    <osmand:speed>0.6</osmand:speed>
                </extensions>
            </trkpt>
            <trkpt lat="43.6266204" lon="20.5631256">
                <ele>802.9</ele>
                <time>2026-05-10T14:30:05Z</time>
                <hdop>4.7</hdop>
                <extensions>
                    <osmand:speed>1.3</osmand:speed>
                </extensions>
            </trkpt>
            <trkpt lat="43.6265745" lon="20.5631418">
                <ele>801.2</ele>
                <time>2026-05-10T14:30:11Z</time>
                <hdop>4.7</hdop>
                <extensions>
                    <osmand:speed>0.9</osmand:speed>
                </extensions>
            </trkpt>
            <trkpt lat="43.626488" lon="20.5630999">
                <ele>798.1</ele>
                <time>2026-05-10T14:30:21Z</time>
                <hdop>4.7</hdop>
                <extensions>
                    <osmand:speed>1</osmand:speed>
                </extensions>
            </trkpt>
            <trkpt lat="43.626436" lon="20.563095">
                <ele>795.5</ele>
                <time>2026-05-10T14:30:27Z</time>
                <hdop>4.7</hdop>
                <extensions>
                    <osmand:speed>1</osmand:speed>
                </extensions>
            </trkpt>
            <trkpt lat="43.6263868" lon="20.5630859">
                <ele>793</ele>
                <time>2026-05-10T14:30:38Z</time>
                <hdop>4.7</hdop>
                <extensions>
                    <osmand:speed>0.9</osmand:speed>
                </extensions>
            </trkpt>
            <trkpt lat="43.6263438" lon="20.5630655">
                <ele>791</ele>
                <time>2026-05-10T14:30:44Z</time>
                <hdop>4.7</hdop>
                <extensions>
                    <osmand:speed>0.8</osmand:speed>
                </extensions>
            </trkpt>
            <trkpt lat="43.6262914" lon="20.5630655">
                <ele>786.9</ele>
                <time>2026-05-10T14:30:54Z</time>
                <hdop>4.7</hdop>
                <extensions>
                    <osmand:speed>0.8</osmand:speed>
                </extensions>
            </trkpt>
            <trkpt lat="43.6261883" lon="20.563041">
                <ele>782.7</ele>
                <time>2026-05-10T14:31:03Z</time>
                <hdop>4.7</hdop>
                <extensions>
                    <osmand:speed>1.3</osmand:speed>
                </extensions>
            </trkpt>
            <trkpt lat="43.6261425" lon="20.5630502">
                <ele>780.2</ele>
                <time>2026-05-10T14:31:10Z</time>
                <hdop>4.7</hdop>
                <extensions>
                    <osmand:speed>0.8</osmand:speed>
                </extensions>
            </trkpt>
            <trkpt lat="43.6260968" lon="20.5630326">
                <ele>777.4</ele>
                <time>2026-05-10T14:31:17Z</time>
                <hdop>4.7</hdop>
                <extensions>
                    <osmand:speed>0.9</osmand:speed>
                </extensions>
            </trkpt>
            <trkpt lat="43.6260525" lon="20.5630063">
                <ele>775.1</ele>
                <time>2026-05-10T14:31:24Z</time>
                <hdop>4.7</hdop>
                <extensions>
                    <osmand:speed>1.3</osmand:speed>
                </extensions>
            </trkpt>
            <trkpt lat="43.6259569" lon="20.5629961">
                <ele>773.4</ele>
                <time>2026-05-10T14:31:35Z</time>
                <hdop>4.7</hdop>
                <extensions>
                    <osmand:speed>1.4</osmand:speed>
                </extensions>
            </trkpt>
            <trkpt lat="43.6258688" lon="20.5630311">
                <ele>770.3</ele>
                <time>2026-05-10T14:31:46Z</time>
                <hdop>4.7</hdop>
                <extensions>
                    <osmand:speed>0.9</osmand:speed>
                </extensions>
            </trkpt>
            <trkpt lat="43.6258264" lon="20.5630015">
                <ele>769.3</ele>
                <time>2026-05-10T14:31:56Z</time>
                <hdop>4.7</hdop>
                <extensions>
                    <osmand:speed>0.8</osmand:speed>
                </extensions>
            </trkpt>
            <trkpt lat="43.6257764" lon="20.5630092">
                <ele>766.6</ele>
                <time>2026-05-10T14:32:03Z</time>
                <hdop>4.7</hdop>
                <extensions>
                    <osmand:speed>0.8</osmand:speed>
                </extensions>
            </trkpt>
            <trkpt lat="43.6257281" lon="20.5629736">
                <ele>765.7</ele>
                <time>2026-05-10T14:32:09Z</time>
                <hdop>4.7</hdop>
                <extensions>
                    <osmand:speed>1.1</osmand:speed>
                </extensions>
            </trkpt>
            <trkpt lat="43.6256292" lon="20.5629307">
                <ele>765.8</ele>
                <time>2026-05-10T14:32:18Z</time>
                <hdop>4.7</hdop>
                <extensions>
                    <osmand:speed>1.1</osmand:speed>
                </extensions>
            </trkpt>
            <trkpt lat="43.6255764" lon="20.5629186">
                <ele>765.5</ele>
                <time>2026-05-10T14:32:24Z</time>
                <hdop>4.7</hdop>
                <extensions>
                    <osmand:speed>1</osmand:speed>
                </extensions>
            </trkpt>
            <trkpt lat="43.6254918" lon="20.5628521">
                <ele>764.8</ele>
                <time>2026-05-10T14:32:32Z</time>
                <hdop>4.7</hdop>
                <extensions>
                    <osmand:speed>1.4</osmand:speed>
                </extensions>
            </trkpt>
            <trkpt lat="43.6253892" lon="20.5628245">
                <ele>763.4</ele>
                <time>2026-05-10T14:32:40Z</time>
                <hdop>4.7</hdop>
                <extensions>
                    <osmand:speed>1.4</osmand:speed>
                </extensions>
            </trkpt>
            <trkpt lat="43.6252948" lon="20.5627896">
                <ele>763.4</ele>
                <time>2026-05-10T14:32:48Z</time>
                <hdop>4.7</hdop>
                <extensions>
                    <osmand:speed>1.1</osmand:speed>
                </extensions>
            </trkpt>
            <trkpt lat="43.6251939" lon="20.5627318">
                <ele>762.5</ele>
                <time>2026-05-10T14:32:57Z</time>
                <hdop>4.7</hdop>
                <extensions>
                    <osmand:speed>1.6</osmand:speed>
                </extensions>
            </trkpt>
            <trkpt lat="43.6250984" lon="20.5627583">
                <ele>760.6</ele>
                <time>2026-05-10T14:33:07Z</time>
                <hdop>4.7</hdop>
                <extensions>
                    <osmand:speed>1</osmand:speed>
                </extensions>
            </trkpt>
            <trkpt lat="43.6250083" lon="20.5627257">
                <ele>760.6</ele>
                <time>2026-05-10T14:33:17Z</time>
                <hdop>4.7</hdop>
                <extensions>
                    <osmand:speed>0.9</osmand:speed>
                </extensions>
            </trkpt>
            <trkpt lat="43.6249579" lon="20.5627123">
                <ele>760</ele>
                <time>2026-05-10T14:33:23Z</time>
                <hdop>4.7</hdop>
                <extensions>
                    <osmand:speed>1</osmand:speed>
                </extensions>
            </trkpt>
            <trkpt lat="43.6249098" lon="20.5627271">
                <ele>758.7</ele>
                <time>2026-05-10T14:33:48Z</time>
                <hdop>4.7</hdop>
                <extensions>
                    <osmand:speed>0.9</osmand:speed>
                </extensions>
            </trkpt>
            <trkpt lat="43.6248623" lon="20.5627012">
                <ele>757.9</ele>
                <time>2026-05-10T14:33:54Z</time>
                <hdop>4.7</hdop>
                <extensions>
                    <osmand:speed>1</osmand:speed>
                </extensions>
            </trkpt>
            <trkpt lat="43.6247693" lon="20.5626893">
                <ele>756.6</ele>
                <time>2026-05-10T14:34:04Z</time>
                <hdop>4.7</hdop>
                <extensions>
                    <osmand:speed>0.6</osmand:speed>
                </extensions>
            </trkpt>
            <trkpt lat="43.624673" lon="20.5626869">
                <ele>755</ele>
                <time>2026-05-10T14:34:12Z</time>
                <hdop>4.7</hdop>
                <extensions>
                    <osmand:speed>1.4</osmand:speed>
                </extensions>
            </trkpt>
            <trkpt lat="43.6245816" lon="20.5627449">
                <ele>753.4</ele>
                <time>2026-05-10T14:34:19Z</time>
                <hdop>4.7</hdop>
                <extensions>
                    <osmand:speed>2</osmand:speed>
                </extensions>
            </trkpt>
            <trkpt lat="43.6244407" lon="20.5628263">
                <ele>749.9</ele>
                <time>2026-05-10T14:34:28Z</time>
                <hdop>4.7</hdop>
                <extensions>
                    <osmand:speed>1</osmand:speed>
                </extensions>
            </trkpt>
            <trkpt lat="43.6243556" lon="20.5629004">
                <ele>744.6</ele>
                <time>2026-05-10T14:34:49Z</time>
                <hdop>4.7</hdop>
                <extensions>
                    <osmand:speed>1.2</osmand:speed>
                </extensions>
            </trkpt>
            <trkpt lat="43.6242802" lon="20.5629673">
                <ele>739.9</ele>
                <time>2026-05-10T14:35:00Z</time>
                <hdop>4.7</hdop>
                <extensions>
                    <osmand:speed>1.2</osmand:speed>
                </extensions>
            </trkpt>
            <trkpt lat="43.6242491" lon="20.563023">
                <ele>737.1</ele>
                <time>2026-05-10T14:35:09Z</time>
                <hdop>4.7</hdop>
                <extensions>
                    <osmand:speed>0.8</osmand:speed>
                </extensions>
            </trkpt>
            <trkpt lat="43.6242003" lon="20.5630181">
                <ele>734.8</ele>
                <time>2026-05-10T14:35:16Z</time>
                <hdop>4.7</hdop>
                <extensions>
                    <osmand:speed>0.8</osmand:speed>
                </extensions>
            </trkpt>
            <trkpt lat="43.6241556" lon="20.5629988">
                <ele>731.8</ele>
                <time>2026-05-10T14:35:25Z</time>
                <hdop>4.7</hdop>
                <extensions>
                    <osmand:speed>0.5</osmand:speed>
                </extensions>
            </trkpt>
            <trkpt lat="43.6241113" lon="20.5629868">
                <ele>729.2</ele>
                <time>2026-05-10T14:35:31Z</time>
                <hdop>4.7</hdop>
                <extensions>
                    <osmand:speed>0.8</osmand:speed>
                </extensions>
            </trkpt>
            <trkpt lat="43.6240608" lon="20.5630062">
                <ele>726.1</ele>
                <time>2026-05-10T14:35:43Z</time>
                <hdop>4.7</hdop>
                <extensions>
                    <osmand:speed>0.9</osmand:speed>
                </extensions>
            </trkpt>
            <trkpt lat="43.6239677" lon="20.5629363">
                <ele>721.2</ele>
                <time>2026-05-10T14:35:56Z</time>
                <hdop>4.7</hdop>
                <extensions>
                    <osmand:speed>0.9</osmand:speed>
                </extensions>
            </trkpt>
            <trkpt lat="43.6239204" lon="20.5629254">
                <ele>718</ele>
                <time>2026-05-10T14:36:03Z</time>
                <hdop>4.7</hdop>
                <extensions>
                    <osmand:speed>1</osmand:speed>
                </extensions>
            </trkpt>
            <trkpt lat="43.6238729" lon="20.5629521">
                <ele>715.2</ele>
                <time>2026-05-10T14:36:09Z</time>
                <hdop>4.7</hdop>
                <extensions>
                    <osmand:speed>1</osmand:speed>
                </extensions>
            </trkpt>
            <trkpt lat="43.6238021" lon="20.5630407">
                <ele>710.8</ele>
                <time>2026-05-10T14:36:19Z</time>
                <hdop>4.7</hdop>
                <extensions>
                    <osmand:speed>0.8</osmand:speed>
                </extensions>
            </trkpt>
            <trkpt lat="43.6237117" lon="20.5630063">
                <ele>706.7</ele>
                <time>2026-05-10T14:36:29Z</time>
                <hdop>4.7</hdop>
                <extensions>
                    <osmand:speed>1</osmand:speed>
                </extensions>
            </trkpt>
            <trkpt lat="43.6236704" lon="20.5629617">
                <ele>704.1</ele>
                <time>2026-05-10T14:36:36Z</time>
                <hdop>4.7</hdop>
                <extensions>
                    <osmand:speed>0.8</osmand:speed>
                </extensions>
            </trkpt>
            <trkpt lat="43.6235947" lon="20.5628847">
                <ele>698.5</ele>
                <time>2026-05-10T14:36:46Z</time>
                <hdop>4.7</hdop>
                <extensions>
                    <osmand:speed>1.1</osmand:speed>
                </extensions>
            </trkpt>
            <trkpt lat="43.6235074" lon="20.5629219">
                <ele>694.3</ele>
                <time>2026-05-10T14:36:54Z</time>
                <hdop>4.7</hdop>
                <extensions>
                    <osmand:speed>1.6</osmand:speed>
                </extensions>
            </trkpt>
            <trkpt lat="43.623434" lon="20.5629837">
                <ele>690.4</ele>
                <time>2026-05-10T14:37:01Z</time>
                <hdop>4.7</hdop>
                <extensions>
                    <osmand:speed>1.5</osmand:speed>
                </extensions>
            </trkpt>
            <trkpt lat="43.6233734" lon="20.5628773">
                <ele>687.6</ele>
                <time>2026-05-10T14:37:07Z</time>
                <hdop>4.7</hdop>
                <extensions>
                    <osmand:speed>1.3</osmand:speed>
                </extensions>
            </trkpt>
            <trkpt lat="43.6232663" lon="20.562885">
                <ele>683</ele>
                <time>2026-05-10T14:37:14Z</time>
                <hdop>4.7</hdop>
                <extensions>
                    <osmand:speed>1.7</osmand:speed>
                </extensions>
            </trkpt>
            <trkpt lat="43.6231689" lon="20.5628877">
                <ele>679.4</ele>
                <time>2026-05-10T14:37:20Z</time>
                <hdop>4.7</hdop>
                <extensions>
                    <osmand:speed>1.3</osmand:speed>
                </extensions>
            </trkpt>
            <trkpt lat="43.6230722" lon="20.5628599">
                <ele>675.7</ele>
                <time>2026-05-10T14:37:28Z</time>
                <hdop>4.7</hdop>
                <extensions>
                    <osmand:speed>1.4</osmand:speed>
                </extensions>
            </trkpt>
            <trkpt lat="43.6229788" lon="20.5628158">
                <ele>673.2</ele>
                <time>2026-05-10T14:37:36Z</time>
                <hdop>4.7</hdop>
                <extensions>
                    <osmand:speed>1.4</osmand:speed>
                </extensions>
            </trkpt>
            <trkpt lat="43.6229186" lon="20.5626884">
                <ele>670.1</ele>
                <time>2026-05-10T14:37:45Z</time>
                <hdop>4.7</hdop>
                <extensions>
                    <osmand:speed>1.2</osmand:speed>
                </extensions>
            </trkpt>
            <trkpt lat="43.6228202" lon="20.5626501">
                <ele>667.2</ele>
                <time>2026-05-10T14:37:51Z</time>
                <hdop>4.7</hdop>
                <extensions>
                    <osmand:speed>1.8</osmand:speed>
                </extensions>
            </trkpt>
            <trkpt lat="43.6227097" lon="20.5626098">
                <ele>663.7</ele>
                <time>2026-05-10T14:37:58Z</time>
                <hdop>4.7</hdop>
                <extensions>
                    <osmand:speed>1.7</osmand:speed>
                </extensions>
            </trkpt>
            <trkpt lat="43.6226279" lon="20.5626116">
                <ele>660.6</ele>
                <time>2026-05-10T14:38:04Z</time>
                <hdop>4.7</hdop>
                <extensions>
                    <osmand:speed>1.7</osmand:speed>
                </extensions>
            </trkpt>
            <trkpt lat="43.6225644" lon="20.5625343">
                <ele>658.8</ele>
                <time>2026-05-10T14:38:11Z</time>
                <hdop>4.7</hdop>
                <extensions>
                    <osmand:speed>1.6</osmand:speed>
                </extensions>
            </trkpt>
            <trkpt lat="43.622478" lon="20.5624415">
                <ele>655.7</ele>
                <time>2026-05-10T14:38:19Z</time>
                <hdop>4.7</hdop>
                <extensions>
                    <osmand:speed>1.5</osmand:speed>
                </extensions>
            </trkpt>
            <trkpt lat="43.6224413" lon="20.5624135">
                <ele>657.8</ele>
                <time>2026-05-10T14:39:26Z</time>
                <hdop>4.7</hdop>
                <extensions>
                    <osmand:speed>0.1</osmand:speed>
                </extensions>
            </trkpt>
            <trkpt lat="43.6224422" lon="20.5624086">
                <ele>658.1</ele>
                <time>2026-05-10T14:39:32Z</time>
                <hdop>4.7</hdop>
                <extensions>
                    <osmand:speed>0</osmand:speed>
                </extensions>
            </trkpt>
            <trkpt lat="43.6224478" lon="20.562406">
                <ele>658.5</ele>
                <time>2026-05-10T14:39:38Z</time>
                <hdop>4.7</hdop>
                <extensions>
                    <osmand:speed>0.1</osmand:speed>
                </extensions>
            </trkpt>
            <trkpt lat="43.6224653" lon="20.5624065">
                <ele>658.2</ele>
                <time>2026-05-10T14:39:44Z</time>
                <hdop>4.7</hdop>
                <extensions>
                    <osmand:speed>0.1</osmand:speed>
                </extensions>
            </trkpt>
        </trkseg>
    </trk>
    <trk>
        <trkseg>
            <trkpt lat="43.622464" lon="20.5624022">
                <ele>656.5</ele>
                <time>2026-05-10T14:42:45Z</time>
                <hdop>4.7</hdop>
                <extensions>
                    <osmand:speed>0</osmand:speed>
                </extensions>
            </trkpt>
            <trkpt lat="43.6224659" lon="20.5624026">
                <ele>656.3</ele>
                <time>2026-05-10T14:42:51Z</time>
                <hdop>4.7</hdop>
                <extensions>
                    <osmand:speed>0</osmand:speed>
                </extensions>
            </trkpt>
            <trkpt lat="43.622467" lon="20.5624045">
                <ele>656.6</ele>
                <time>2026-05-10T14:42:57Z</time>
                <hdop>4.7</hdop>
            </trkpt>
            <trkpt lat="43.622467" lon="20.5624045">
                <ele>656.6</ele>
                <time>2026-05-10T14:43:03Z</time>
                <hdop>4.7</hdop>
            </trkpt>
            <trkpt lat="43.622473" lon="20.5624053">
                <ele>656.6</ele>
                <time>2026-05-10T14:43:09Z</time>
                <hdop>4.7</hdop>
            </trkpt>
            <trkpt lat="43.6224718" lon="20.5624073">
                <ele>656.5</ele>
                <time>2026-05-10T14:43:15Z</time>
                <hdop>4.7</hdop>
                <extensions>
                    <osmand:speed>0.1</osmand:speed>
                </extensions>
            </trkpt>
            <trkpt lat="43.6224708" lon="20.5624065">
                <ele>656.4</ele>
                <time>2026-05-10T14:43:21Z</time>
                <hdop>4.7</hdop>
            </trkpt>
            <trkpt lat="43.6224689" lon="20.5624017">
                <ele>656.3</ele>
                <time>2026-05-10T14:43:27Z</time>
                <hdop>4.7</hdop>
            </trkpt>
            <trkpt lat="43.622468" lon="20.5624018">
                <ele>656.3</ele>
                <time>2026-05-10T14:43:33Z</time>
                <hdop>4.7</hdop>
            </trkpt>
            <trkpt lat="43.622468" lon="20.5624018">
                <ele>656.3</ele>
                <time>2026-05-10T14:43:39Z</time>
                <hdop>4.7</hdop>
            </trkpt>
            <trkpt lat="43.622468" lon="20.5624018">
                <ele>656.3</ele>
                <time>2026-05-10T14:43:45Z</time>
                <hdop>4.7</hdop>
            </trkpt>
            <trkpt lat="43.622468" lon="20.5624018">
                <ele>656.3</ele>
                <time>2026-05-10T14:43:51Z</time>
                <hdop>4.7</hdop>
            </trkpt>
            <trkpt lat="43.6224642" lon="20.562411">
                <ele>656</ele>
                <time>2026-05-10T14:43:57Z</time>
                <hdop>4.7</hdop>
            </trkpt>
        </trkseg>
    </trk>
    <trk>
        <trkseg>
            <trkpt lat="43.6224145" lon="20.5624076">
                <ele>655.7</ele>
                <time>2026-05-10T14:53:15Z</time>
                <hdop>4.7</hdop>
                <extensions>
                    <osmand:speed>0.1</osmand:speed>
                </extensions>
            </trkpt>
            <trkpt lat="43.6223213" lon="20.5623725">
                <ele>652.2</ele>
                <time>2026-05-10T14:53:24Z</time>
                <hdop>4.7</hdop>
                <extensions>
                    <osmand:speed>0.1</osmand:speed>
                </extensions>
            </trkpt>
            <trkpt lat="43.6222307" lon="20.5622808">
                <ele>650.6</ele>
                <time>2026-05-10T14:53:34Z</time>
                <hdop>4.7</hdop>
                <extensions>
                    <osmand:speed>0.4</osmand:speed>
                </extensions>
            </trkpt>
            <trkpt lat="43.6221401" lon="20.5622792">
                <ele>649.7</ele>
                <time>2026-05-10T14:53:46Z</time>
                <hdop>4.7</hdop>
                <extensions>
                    <osmand:speed>0.1</osmand:speed>
                </extensions>
            </trkpt>
            <trkpt lat="43.6221103" lon="20.5622311">
                <ele>649.7</ele>
                <time>2026-05-10T14:53:52Z</time>
                <hdop>4.7</hdop>
                <extensions>
                    <osmand:speed>0.1</osmand:speed>
                </extensions>
            </trkpt>
            <trkpt lat="43.6220734" lon="20.5621954">
                <ele>649</ele>
                <time>2026-05-10T14:54:08Z</time>
                <hdop>4.7</hdop>
                <extensions>
                    <osmand:speed>0.1</osmand:speed>
                </extensions>
            </trkpt>
            <trkpt lat="43.6219716" lon="20.5621552">
                <ele>647.3</ele>
                <time>2026-05-10T14:54:18Z</time>
                <hdop>4.7</hdop>
                <extensions>
                    <osmand:speed>0.1</osmand:speed>
                </extensions>
            </trkpt>
            <trkpt lat="43.6218599" lon="20.5621118">
                <ele>645.6</ele>
                <time>2026-05-10T14:54:27Z</time>
                <hdop>4.7</hdop>
                <extensions>
                    <osmand:speed>1.1</osmand:speed>
                </extensions>
            </trkpt>
            <trkpt lat="43.621766" lon="20.5621083">
                <ele>642.5</ele>
                <time>2026-05-10T14:54:36Z</time>
                <hdop>4.7</hdop>
                <extensions>
                    <osmand:speed>1.2</osmand:speed>
                </extensions>
            </trkpt>
            <trkpt lat="43.6216785" lon="20.5620194">
                <ele>638.1</ele>
                <time>2026-05-10T14:54:46Z</time>
                <hdop>4.7</hdop>
                <extensions>
                    <osmand:speed>1.7</osmand:speed>
                </extensions>
            </trkpt>
            <trkpt lat="43.6216035" lon="20.5619435">
                <ele>635.8</ele>
                <time>2026-05-10T14:54:55Z</time>
                <hdop>4.7</hdop>
                <extensions>
                    <osmand:speed>1.4</osmand:speed>
                </extensions>
            </trkpt>
            <trkpt lat="43.6215436" lon="20.5618311">
                <ele>631.9</ele>
                <time>2026-05-10T14:55:12Z</time>
                <hdop>4.7</hdop>
                <extensions>
                    <osmand:speed>1.4</osmand:speed>
                </extensions>
            </trkpt>
            <trkpt lat="43.6214593" lon="20.5617465">
                <ele>626.6</ele>
                <time>2026-05-10T14:55:29Z</time>
                <hdop>4.7</hdop>
                <extensions>
                    <osmand:speed>0.9</osmand:speed>
                </extensions>
            </trkpt>
            <trkpt lat="43.6214101" lon="20.561676">
                <ele>621.5</ele>
                <time>2026-05-10T14:55:45Z</time>
                <hdop>4.7</hdop>
                <extensions>
                    <osmand:speed>0.3</osmand:speed>
                </extensions>
            </trkpt>
            <trkpt lat="43.6213639" lon="20.5616657">
                <ele>618.3</ele>
                <time>2026-05-10T14:55:53Z</time>
                <hdop>4.7</hdop>
                <extensions>
                    <osmand:speed>0.6</osmand:speed>
                </extensions>
            </trkpt>
            <trkpt lat="43.6213434" lon="20.5616081">
                <ele>616</ele>
                <time>2026-05-10T14:56:00Z</time>
                <hdop>4.7</hdop>
                <extensions>
                    <osmand:speed>0.8</osmand:speed>
                </extensions>
            </trkpt>
            <trkpt lat="43.6213072" lon="20.561565">
                <ele>612.9</ele>
                <time>2026-05-10T14:56:11Z</time>
                <hdop>4.7</hdop>
                <extensions>
                    <osmand:speed>0.4</osmand:speed>
                </extensions>
            </trkpt>
            <trkpt lat="43.6212634" lon="20.5615388">
                <ele>610.4</ele>
                <time>2026-05-10T14:56:19Z</time>
                <hdop>4.7</hdop>
                <extensions>
                    <osmand:speed>0.7</osmand:speed>
                </extensions>
            </trkpt>
            <trkpt lat="43.6212162" lon="20.5615131">
                <ele>607.4</ele>
                <time>2026-05-10T14:56:29Z</time>
                <hdop>4.7</hdop>
                <extensions>
                    <osmand:speed>0.6</osmand:speed>
                </extensions>
            </trkpt>
            <trkpt lat="43.6211711" lon="20.5614814">
                <ele>605</ele>
                <time>2026-05-10T14:56:37Z</time>
                <hdop>4.7</hdop>
                <extensions>
                    <osmand:speed>0.9</osmand:speed>
                </extensions>
            </trkpt>
            <trkpt lat="43.6211285" lon="20.5614472">
                <ele>602.1</ele>
                <time>2026-05-10T14:56:43Z</time>
                <hdop>4.7</hdop>
                <extensions>
                    <osmand:speed>0.9</osmand:speed>
                </extensions>
            </trkpt>
            <trkpt lat="43.6210843" lon="20.5614631">
                <ele>598.9</ele>
                <time>2026-05-10T14:56:50Z</time>
                <hdop>4.7</hdop>
                <extensions>
                    <osmand:speed>0.6</osmand:speed>
                </extensions>
            </trkpt>
            <trkpt lat="43.6210319" lon="20.5613442">
                <ele>594.4</ele>
                <time>2026-05-10T14:57:01Z</time>
                <hdop>4.7</hdop>
                <extensions>
                    <osmand:speed>0.9</osmand:speed>
                </extensions>
            </trkpt>
            <trkpt lat="43.6209601" lon="20.5613162">
                <ele>590.9</ele>
                <time>2026-05-10T14:57:10Z</time>
                <hdop>4.7</hdop>
                <extensions>
                    <osmand:speed>0.6</osmand:speed>
                </extensions>
            </trkpt>
            <trkpt lat="43.6208528" lon="20.5613234">
                <ele>585.4</ele>
                <time>2026-05-10T14:57:19Z</time>
                <hdop>4.7</hdop>
                <extensions>
                    <osmand:speed>1.5</osmand:speed>
                </extensions>
            </trkpt>
            <trkpt lat="43.6207515" lon="20.5612864">
                <ele>581.7</ele>
                <time>2026-05-10T14:57:27Z</time>
                <hdop>4.7</hdop>
                <extensions>
                    <osmand:speed>1.5</osmand:speed>
                </extensions>
            </trkpt>
            <trkpt lat="43.6206658" lon="20.5612032">
                <ele>580.4</ele>
                <time>2026-05-10T14:57:35Z</time>
                <hdop>4.7</hdop>
                <extensions>
                    <osmand:speed>1.2</osmand:speed>
                </extensions>
            </trkpt>
            <trkpt lat="43.6205684" lon="20.5611972">
                <ele>576.6</ele>
                <time>2026-05-10T14:57:41Z</time>
                <hdop>4.7</hdop>
                <extensions>
                    <osmand:speed>1.8</osmand:speed>
                </extensions>
            </trkpt>
            <trkpt lat="43.6204613" lon="20.5611432">
                <ele>574.2</ele>
                <time>2026-05-10T14:57:48Z</time>
                <hdop>4.7</hdop>
                <extensions>
                    <osmand:speed>1.6</osmand:speed>
                </extensions>
            </trkpt>
            <trkpt lat="43.6203672" lon="20.5611175">
                <ele>572.4</ele>
                <time>2026-05-10T14:57:55Z</time>
                <hdop>4.7</hdop>
                <extensions>
                    <osmand:speed>1.8</osmand:speed>
                </extensions>
            </trkpt>
            <trkpt lat="43.6202623" lon="20.5610794">
                <ele>569.2</ele>
                <time>2026-05-10T14:58:06Z</time>
                <hdop>4.7</hdop>
                <extensions>
                    <osmand:speed>1</osmand:speed>
                </extensions>
            </trkpt>
            <trkpt lat="43.6201764" lon="20.5610825">
                <ele>567.3</ele>
                <time>2026-05-10T14:58:13Z</time>
                <hdop>4.7</hdop>
                <extensions>
                    <osmand:speed>1.8</osmand:speed>
                </extensions>
            </trkpt>
            <trkpt lat="43.6200712" lon="20.5611004">
                <ele>565.3</ele>
                <time>2026-05-10T14:58:20Z</time>
                <hdop>4.7</hdop>
                <extensions>
                    <osmand:speed>1.3</osmand:speed>
                </extensions>
            </trkpt>
            <trkpt lat="43.6199736" lon="20.5610636">
                <ele>565</ele>
                <time>2026-05-10T14:58:29Z</time>
                <hdop>4.7</hdop>
                <extensions>
                    <osmand:speed>1.7</osmand:speed>
                </extensions>
            </trkpt>
            <trkpt lat="43.6198705" lon="20.561047">
                <ele>561.5</ele>
                <time>2026-05-10T14:58:39Z</time>
                <hdop>4.7</hdop>
                <extensions>
                    <osmand:speed>1.2</osmand:speed>
                </extensions>
            </trkpt>
            <trkpt lat="43.6197701" lon="20.5610222">
                <ele>561.1</ele>
                <time>2026-05-10T14:58:48Z</time>
                <hdop>4.7</hdop>
                <extensions>
                    <osmand:speed>1.2</osmand:speed>
                </extensions>
            </trkpt>
            <trkpt lat="43.6197324" lon="20.5609878">
                <ele>560.2</ele>
                <time>2026-05-10T14:59:10Z</time>
                <hdop>4.7</hdop>
                <extensions>
                    <osmand:speed>0</osmand:speed>
                </extensions>
            </trkpt>
            <trkpt lat="43.6197264" lon="20.5610049">
                <ele>559.8</ele>
                <time>2026-05-10T14:59:54Z</time>
                <hdop>4.7</hdop>
                <extensions>
                    <osmand:speed>0.1</osmand:speed>
                </extensions>
            </trkpt>
            <trkpt lat="43.6197262" lon="20.5610062">
                <ele>560</ele>
                <time>2026-05-10T15:00:00Z</time>
                <hdop>4.7</hdop>
            </trkpt>
            <trkpt lat="43.6197265" lon="20.5610065">
                <ele>559.5</ele>
                <time>2026-05-10T15:00:06Z</time>
                <hdop>4.7</hdop>
            </trkpt>
            <trkpt lat="43.6197235" lon="20.5610091">
                <ele>559</ele>
                <time>2026-05-10T15:00:12Z</time>
                <hdop>4.7</hdop>
            </trkpt>
            <trkpt lat="43.6197227" lon="20.5610134">
                <ele>560</ele>
                <time>2026-05-10T15:00:18Z</time>
                <hdop>4.7</hdop>
            </trkpt>
            <trkpt lat="43.6196761" lon="20.5610225">
                <ele>556.8</ele>
                <time>2026-05-10T15:00:30Z</time>
                <hdop>4.7</hdop>
                <extensions>
                    <osmand:speed>0.7</osmand:speed>
                </extensions>
            </trkpt>
            <trkpt lat="43.6196439" lon="20.5609703">
                <ele>554.6</ele>
                <time>2026-05-10T15:00:36Z</time>
                <hdop>4.7</hdop>
                <extensions>
                    <osmand:speed>1.1</osmand:speed>
                </extensions>
            </trkpt>
            <trkpt lat="43.6196032" lon="20.5609406">
                <ele>552.6</ele>
                <time>2026-05-10T15:00:45Z</time>
                <hdop>4.7</hdop>
                <extensions>
                    <osmand:speed>0.7</osmand:speed>
                </extensions>
            </trkpt>
            <trkpt lat="43.61956" lon="20.5609117">
                <ele>549.1</ele>
                <time>2026-05-10T15:00:55Z</time>
                <hdop>4.7</hdop>
                <extensions>
                    <osmand:speed>0.7</osmand:speed>
                </extensions>
            </trkpt>
            <trkpt lat="43.6195437" lon="20.5609759">
                <ele>547</ele>
                <time>2026-05-10T15:01:03Z</time>
                <hdop>4.7</hdop>
                <extensions>
                    <osmand:speed>0.7</osmand:speed>
                </extensions>
            </trkpt>
            <trkpt lat="43.6195072" lon="20.5610254">
                <ele>543.9</ele>
                <time>2026-05-10T15:01:11Z</time>
                <hdop>4.7</hdop>
                <extensions>
                    <osmand:speed>0.6</osmand:speed>
                </extensions>
            </trkpt>
            <trkpt lat="43.6194625" lon="20.5610714">
                <ele>541</ele>
                <time>2026-05-10T15:01:23Z</time>
                <hdop>4.7</hdop>
                <extensions>
                    <osmand:speed>0.9</osmand:speed>
                </extensions>
            </trkpt>
            <trkpt lat="43.6194432" lon="20.5611372">
                <ele>536.3</ele>
                <time>2026-05-10T15:01:33Z</time>
                <hdop>4.7</hdop>
                <extensions>
                    <osmand:speed>0.8</osmand:speed>
                </extensions>
            </trkpt>
            <trkpt lat="43.6193949" lon="20.5611519">
                <ele>533.1</ele>
                <time>2026-05-10T15:01:40Z</time>
                <hdop>4.7</hdop>
                <extensions>
                    <osmand:speed>1</osmand:speed>
                </extensions>
            </trkpt>
            <trkpt lat="43.6193062" lon="20.5611299">
                <ele>529.8</ele>
                <time>2026-05-10T15:01:50Z</time>
                <hdop>4.7</hdop>
                <extensions>
                    <osmand:speed>1.6</osmand:speed>
                </extensions>
            </trkpt>
            <trkpt lat="43.6192073" lon="20.5611519">
                <ele>529.1</ele>
                <time>2026-05-10T15:02:01Z</time>
                <hdop>4.7</hdop>
                <extensions>
                    <osmand:speed>1.2</osmand:speed>
                </extensions>
            </trkpt>
            <trkpt lat="43.6191038" lon="20.5611168">
                <ele>529.7</ele>
                <time>2026-05-10T15:02:19Z</time>
                <hdop>4.7</hdop>
                <extensions>
                    <osmand:speed>1.4</osmand:speed>
                </extensions>
            </trkpt>
            <trkpt lat="43.6190124" lon="20.5610636">
                <ele>528.2</ele>
                <time>2026-05-10T15:02:28Z</time>
                <hdop>4.7</hdop>
                <extensions>
                    <osmand:speed>1.3</osmand:speed>
                </extensions>
            </trkpt>
            <trkpt lat="43.6189172" lon="20.561021">
                <ele>532.7</ele>
                <time>2026-05-10T15:02:34Z</time>
                <hdop>4.7</hdop>
                <extensions>
                    <osmand:speed>1.4</osmand:speed>
                </extensions>
            </trkpt>
            <trkpt lat="43.6188552" lon="20.5609231">
                <ele>532.5</ele>
                <time>2026-05-10T15:02:42Z</time>
                <hdop>4.7</hdop>
                <extensions>
                    <osmand:speed>1.2</osmand:speed>
                </extensions>
            </trkpt>
            <trkpt lat="43.6187864" lon="20.5608052">
                <ele>530.5</ele>
                <time>2026-05-10T15:02:52Z</time>
                <hdop>4.7</hdop>
                <extensions>
                    <osmand:speed>1.6</osmand:speed>
                </extensions>
            </trkpt>
            <trkpt lat="43.6187472" lon="20.560768">
                <ele>530.6</ele>
                <time>2026-05-10T15:03:05Z</time>
                <hdop>4.7</hdop>
                <extensions>
                    <osmand:speed>0.8</osmand:speed>
                </extensions>
            </trkpt>
            <trkpt lat="43.6187305" lon="20.5607097">
                <ele>531</ele>
                <time>2026-05-10T15:03:16Z</time>
                <hdop>4.7</hdop>
                <extensions>
                    <osmand:speed>0.3</osmand:speed>
                </extensions>
            </trkpt>
            <trkpt lat="43.6186994" lon="20.5606649">
                <ele>528.3</ele>
                <time>2026-05-10T15:03:28Z</time>
                <hdop>4.7</hdop>
                <extensions>
                    <osmand:speed>0.4</osmand:speed>
                </extensions>
            </trkpt>
            <trkpt lat="43.6186705" lon="20.5606103">
                <ele>526.7</ele>
                <time>2026-05-10T15:03:34Z</time>
                <hdop>4.7</hdop>
                <extensions>
                    <osmand:speed>0.9</osmand:speed>
                </extensions>
            </trkpt>
            <trkpt lat="43.6186241" lon="20.5605675">
                <ele>526.5</ele>
                <time>2026-05-10T15:03:40Z</time>
                <hdop>4.7</hdop>
                <extensions>
                    <osmand:speed>1.2</osmand:speed>
                </extensions>
            </trkpt>
            <trkpt lat="43.6185816" lon="20.5605337">
                <ele>527</ele>
                <time>2026-05-10T15:03:54Z</time>
                <hdop>4.7</hdop>
                <extensions>
                    <osmand:speed>0.2</osmand:speed>
                </extensions>
            </trkpt>
            <trkpt lat="43.6185559" lon="20.5604786">
                <ele>524.8</ele>
                <time>2026-05-10T15:04:03Z</time>
                <hdop>4.7</hdop>
                <extensions>
                    <osmand:speed>0.6</osmand:speed>
                </extensions>
            </trkpt>
            <trkpt lat="43.618513" lon="20.5604361">
                <ele>521.6</ele>
                <time>2026-05-10T15:04:20Z</time>
                <hdop>4.7</hdop>
                <extensions>
                    <osmand:speed>1.3</osmand:speed>
                </extensions>
            </trkpt>
            <trkpt lat="43.6184621" lon="20.5604158">
                <ele>519.9</ele>
                <time>2026-05-10T15:04:27Z</time>
                <hdop>4.7</hdop>
                <extensions>
                    <osmand:speed>1.2</osmand:speed>
                </extensions>
            </trkpt>
            <trkpt lat="43.6184039" lon="20.560327">
                <ele>518</ele>
                <time>2026-05-10T15:04:44Z</time>
                <hdop>4.7</hdop>
                <extensions>
                    <osmand:speed>0.9</osmand:speed>
                </extensions>
            </trkpt>
            <trkpt lat="43.6183126" lon="20.5602814">
                <ele>519</ele>
                <time>2026-05-10T15:04:58Z</time>
                <hdop>4.7</hdop>
                <extensions>
                    <osmand:speed>0.7</osmand:speed>
                </extensions>
            </trkpt>
            <trkpt lat="43.6182678" lon="20.5602548">
                <ele>518.3</ele>
                <time>2026-05-10T15:05:04Z</time>
                <hdop>4.7</hdop>
                <extensions>
                    <osmand:speed>1.2</osmand:speed>
                </extensions>
            </trkpt>
            <trkpt lat="43.6182322" lon="20.5601895">
                <ele>518.3</ele>
                <time>2026-05-10T15:05:10Z</time>
                <hdop>4.7</hdop>
                <extensions>
                    <osmand:speed>0.6</osmand:speed>
                </extensions>
            </trkpt>
            <trkpt lat="43.6182171" lon="20.5601881">
                <ele>518.5</ele>
                <time>2026-05-10T15:05:16Z</time>
                <hdop>4.7</hdop>
                <extensions>
                    <osmand:speed>0.2</osmand:speed>
                </extensions>
            </trkpt>
            <trkpt lat="43.6181682" lon="20.5601673">
                <ele>516.5</ele>
                <time>2026-05-10T15:05:38Z</time>
                <hdop>4.7</hdop>
                <extensions>
                    <osmand:speed>0.8</osmand:speed>
                </extensions>
            </trkpt>
            <trkpt lat="43.6181226" lon="20.560163">
                <ele>515.2</ele>
                <time>2026-05-10T15:05:49Z</time>
                <hdop>4.7</hdop>
                <extensions>
                    <osmand:speed>0.4</osmand:speed>
                </extensions>
            </trkpt>
            <trkpt lat="43.6180814" lon="20.5601961">
                <ele>511</ele>
                <time>2026-05-10T15:06:07Z</time>
                <hdop>4.7</hdop>
                <extensions>
                    <osmand:speed>0.9</osmand:speed>
                </extensions>
            </trkpt>
            <trkpt lat="43.6180187" lon="20.5601045">
                <ele>509.4</ele>
                <time>2026-05-10T15:06:32Z</time>
                <hdop>4.7</hdop>
                <extensions>
                    <osmand:speed>0.8</osmand:speed>
                </extensions>
            </trkpt>
            <trkpt lat="43.6179397" lon="20.5600319">
                <ele>508.5</ele>
                <time>2026-05-10T15:06:41Z</time>
                <hdop>4.7</hdop>
                <extensions>
                    <osmand:speed>1.2</osmand:speed>
                </extensions>
            </trkpt>
            <trkpt lat="43.6179057" lon="20.5599877">
                <ele>509</ele>
                <time>2026-05-10T15:06:47Z</time>
                <hdop>4.7</hdop>
                <extensions>
                    <osmand:speed>1.1</osmand:speed>
                </extensions>
            </trkpt>
            <trkpt lat="43.617874" lon="20.5599421">
                <ele>509</ele>
                <time>2026-05-10T15:06:59Z</time>
                <hdop>4.7</hdop>
                <extensions>
                    <osmand:speed>1</osmand:speed>
                </extensions>
            </trkpt>
            <trkpt lat="43.6178331" lon="20.5599093">
                <ele>510.1</ele>
                <time>2026-05-10T15:07:07Z</time>
                <hdop>4.7</hdop>
                <extensions>
                    <osmand:speed>0.5</osmand:speed>
                </extensions>
            </trkpt>
            <trkpt lat="43.6177712" lon="20.5597801">
                <ele>507.3</ele>
                <time>2026-05-10T15:07:18Z</time>
                <hdop>4.7</hdop>
                <extensions>
                    <osmand:speed>1.1</osmand:speed>
                </extensions>
            </trkpt>
            <trkpt lat="43.6177276" lon="20.5597436">
                <ele>505.6</ele>
                <time>2026-05-10T15:07:24Z</time>
                <hdop>4.7</hdop>
                <extensions>
                    <osmand:speed>1</osmand:speed>
                </extensions>
            </trkpt>
            <trkpt lat="43.6176811" lon="20.5597407">
                <ele>502.4</ele>
                <time>2026-05-10T15:07:33Z</time>
                <hdop>4.7</hdop>
                <extensions>
                    <osmand:speed>0.3</osmand:speed>
                </extensions>
            </trkpt>
            <trkpt lat="43.6176299" lon="20.5597226">
                <ele>499.2</ele>
                <time>2026-05-10T15:07:42Z</time>
                <hdop>4.7</hdop>
                <extensions>
                    <osmand:speed>0.7</osmand:speed>
                </extensions>
            </trkpt>
            <trkpt lat="43.6175841" lon="20.559702">
                <ele>496.1</ele>
                <time>2026-05-10T15:07:50Z</time>
                <hdop>4.7</hdop>
                <extensions>
                    <osmand:speed>0.8</osmand:speed>
                </extensions>
            </trkpt>
            <trkpt lat="43.6175356" lon="20.5597053">
                <ele>494.8</ele>
                <time>2026-05-10T15:07:56Z</time>
                <hdop>4.7</hdop>
                <extensions>
                    <osmand:speed>0.6</osmand:speed>
                </extensions>
            </trkpt>
            <trkpt lat="43.6174869" lon="20.5596878">
                <ele>492.1</ele>
                <time>2026-05-10T15:08:02Z</time>
                <hdop>4.7</hdop>
                <extensions>
                    <osmand:speed>1.2</osmand:speed>
                </extensions>
            </trkpt>
            <trkpt lat="43.6174576" lon="20.5597355">
                <ele>490.1</ele>
                <time>2026-05-10T15:08:13Z</time>
                <hdop>4.7</hdop>
                <extensions>
                    <osmand:speed>0.5</osmand:speed>
                </extensions>
            </trkpt>
            <trkpt lat="43.6173719" lon="20.5596846">
                <ele>486.9</ele>
                <time>2026-05-10T15:08:23Z</time>
                <hdop>4.7</hdop>
                <extensions>
                    <osmand:speed>0.8</osmand:speed>
                </extensions>
            </trkpt>
            <trkpt lat="43.6173231" lon="20.5596486">
                <ele>484.5</ele>
                <time>2026-05-10T15:08:29Z</time>
                <hdop>4.7</hdop>
                <extensions>
                    <osmand:speed>1.2</osmand:speed>
                </extensions>
            </trkpt>
            <trkpt lat="43.6172775" lon="20.5596274">
                <ele>482.9</ele>
                <time>2026-05-10T15:08:37Z</time>
                <hdop>4.7</hdop>
                <extensions>
                    <osmand:speed>0.6</osmand:speed>
                </extensions>
            </trkpt>
            <trkpt lat="43.6172366" lon="20.5596014">
                <ele>478.4</ele>
                <time>2026-05-10T15:08:49Z</time>
                <hdop>4.7</hdop>
                <extensions>
                    <osmand:speed>0.5</osmand:speed>
                </extensions>
            </trkpt>
            <trkpt lat="43.6171931" lon="20.5595645">
                <ele>473.8</ele>
                <time>2026-05-10T15:09:06Z</time>
                <hdop>4.7</hdop>
                <extensions>
                    <osmand:speed>0.6</osmand:speed>
                </extensions>
            </trkpt>
            <trkpt lat="43.6171529" lon="20.5595326">
                <ele>470.2</ele>
                <time>2026-05-10T15:09:39Z</time>
                <hdop>4.7</hdop>
                <extensions>
                    <osmand:speed>0.2</osmand:speed>
                </extensions>
            </trkpt>
            <trkpt lat="43.6171065" lon="20.5595233">
                <ele>467.9</ele>
                <time>2026-05-10T15:09:54Z</time>
                <hdop>4.7</hdop>
                <extensions>
                    <osmand:speed>0.3</osmand:speed>
                </extensions>
            </trkpt>
            <trkpt lat="43.6170677" lon="20.5595599">
                <ele>466</ele>
                <time>2026-05-10T15:10:05Z</time>
                <hdop>4.7</hdop>
                <extensions>
                    <osmand:speed>0.6</osmand:speed>
                </extensions>
            </trkpt>
            <trkpt lat="43.6170145" lon="20.5595665">
                <ele>462.9</ele>
                <time>2026-05-10T15:10:16Z</time>
                <hdop>4.7</hdop>
                <extensions>
                    <osmand:speed>1</osmand:speed>
                </extensions>
            </trkpt>
            <trkpt lat="43.6169742" lon="20.5595949">
                <ele>459.6</ele>
                <time>2026-05-10T15:10:41Z</time>
                <hdop>4.7</hdop>
                <extensions>
                    <osmand:speed>0.3</osmand:speed>
                </extensions>
            </trkpt>
            <trkpt lat="43.6169603" lon="20.5595329">
                <ele>457.3</ele>
                <time>2026-05-10T15:11:10Z</time>
                <hdop>4.7</hdop>
                <extensions>
                    <osmand:speed>0.2</osmand:speed>
                </extensions>
            </trkpt>
            <trkpt lat="43.6169284" lon="20.5595768">
                <ele>455.4</ele>
                <time>2026-05-10T15:11:24Z</time>
                <hdop>4.7</hdop>
                <extensions>
                    <osmand:speed>0.2</osmand:speed>
                </extensions>
            </trkpt>
            <trkpt lat="43.6168759" lon="20.5595555">
                <ele>450.2</ele>
                <time>2026-05-10T15:11:42Z</time>
                <hdop>4.7</hdop>
                <extensions>
                    <osmand:speed>1.1</osmand:speed>
                </extensions>
            </trkpt>
            <trkpt lat="43.6168381" lon="20.5595997">
                <ele>447.1</ele>
                <time>2026-05-10T15:12:01Z</time>
                <hdop>4.7</hdop>
                <extensions>
                    <osmand:speed>0.8</osmand:speed>
                </extensions>
            </trkpt>
            <trkpt lat="43.6167645" lon="20.5595131">
                <ele>445.9</ele>
                <time>2026-05-10T15:12:09Z</time>
                <hdop>4.7</hdop>
                <extensions>
                    <osmand:speed>0.8</osmand:speed>
                </extensions>
            </trkpt>
            <trkpt lat="43.6167259" lon="20.559474">
                <ele>446.3</ele>
                <time>2026-05-10T15:12:18Z</time>
                <hdop>4.7</hdop>
                <extensions>
                    <osmand:speed>1.3</osmand:speed>
                </extensions>
            </trkpt>
            <trkpt lat="43.6166359" lon="20.5594114">
                <ele>444.7</ele>
                <time>2026-05-10T15:12:26Z</time>
                <hdop>4.7</hdop>
                <extensions>
                    <osmand:speed>1.3</osmand:speed>
                </extensions>
            </trkpt>
            <trkpt lat="43.6165775" lon="20.5592985">
                <ele>444</ele>
                <time>2026-05-10T15:12:37Z</time>
                <hdop>4.7</hdop>
                <extensions>
                    <osmand:speed>0.6</osmand:speed>
                </extensions>
            </trkpt>
            <trkpt lat="43.6165396" lon="20.5592623">
                <ele>443.5</ele>
                <time>2026-05-10T15:12:44Z</time>
                <hdop>4.7</hdop>
                <extensions>
                    <osmand:speed>0.7</osmand:speed>
                </extensions>
            </trkpt>
            <trkpt lat="43.6164961" lon="20.5592222">
                <ele>441</ele>
                <time>2026-05-10T15:12:54Z</time>
                <hdop>4.7</hdop>
                <extensions>
                    <osmand:speed>0.6</osmand:speed>
                </extensions>
            </trkpt>
            <trkpt lat="43.6164631" lon="20.5591593">
                <ele>437.2</ele>
                <time>2026-05-10T15:13:10Z</time>
                <hdop>4.7</hdop>
                <extensions>
                    <osmand:speed>1</osmand:speed>
                </extensions>
            </trkpt>
            <trkpt lat="43.61642" lon="20.5591365">
                <ele>436.9</ele>
                <time>2026-05-10T15:13:16Z</time>
                <hdop>4.7</hdop>
                <extensions>
                    <osmand:speed>0.7</osmand:speed>
                </extensions>
            </trkpt>
            <trkpt lat="43.616339" lon="20.5590578">
                <ele>435.1</ele>
                <time>2026-05-10T15:13:27Z</time>
                <hdop>4.7</hdop>
                <extensions>
                    <osmand:speed>0.8</osmand:speed>
                </extensions>
            </trkpt>
            <trkpt lat="43.6163077" lon="20.5590039">
                <ele>432</ele>
                <time>2026-05-10T15:13:33Z</time>
                <hdop>4.7</hdop>
                <extensions>
                    <osmand:speed>1.4</osmand:speed>
                </extensions>
            </trkpt>
            <trkpt lat="43.6162245" lon="20.5589306">
                <ele>429.8</ele>
                <time>2026-05-10T15:13:42Z</time>
                <hdop>4.7</hdop>
                <extensions>
                    <osmand:speed>1</osmand:speed>
                </extensions>
            </trkpt>
            <trkpt lat="43.6161549" lon="20.5588389">
                <ele>429.2</ele>
                <time>2026-05-10T15:13:53Z</time>
                <hdop>4.7</hdop>
                <extensions>
                    <osmand:speed>1</osmand:speed>
                </extensions>
            </trkpt>
            <trkpt lat="43.6160693" lon="20.5587628">
                <ele>428.3</ele>
                <time>2026-05-10T15:14:03Z</time>
                <hdop>4.7</hdop>
                <extensions>
                    <osmand:speed>1.2</osmand:speed>
                </extensions>
            </trkpt>
            <trkpt lat="43.6160425" lon="20.5587028">
                <ele>425</ele>
                <time>2026-05-10T15:14:09Z</time>
                <hdop>4.7</hdop>
                <extensions>
                    <osmand:speed>1.2</osmand:speed>
                </extensions>
            </trkpt>
            <trkpt lat="43.6159598" lon="20.558641">
                <ele>424.5</ele>
                <time>2026-05-10T15:14:17Z</time>
                <hdop>4.7</hdop>
                <extensions>
                    <osmand:speed>0.9</osmand:speed>
                </extensions>
            </trkpt>
            <trkpt lat="43.6158689" lon="20.5586162">
                <ele>422.8</ele>
                <time>2026-05-10T15:14:27Z</time>
                <hdop>4.7</hdop>
                <extensions>
                    <osmand:speed>1.3</osmand:speed>
                </extensions>
            </trkpt>
            <trkpt lat="43.6157849" lon="20.5585444">
                <ele>419.8</ele>
                <time>2026-05-10T15:14:35Z</time>
                <hdop>4.7</hdop>
                <extensions>
                    <osmand:speed>1.3</osmand:speed>
                </extensions>
            </trkpt>
            <trkpt lat="43.6157176" lon="20.5584417">
                <ele>417.2</ele>
                <time>2026-05-10T15:14:44Z</time>
                <hdop>4.7</hdop>
                <extensions>
                    <osmand:speed>1.3</osmand:speed>
                </extensions>
            </trkpt>
            <trkpt lat="43.6156511" lon="20.5583433">
                <ele>416.5</ele>
                <time>2026-05-10T15:14:52Z</time>
                <hdop>4.7</hdop>
                <extensions>
                    <osmand:speed>1.3</osmand:speed>
                </extensions>
            </trkpt>
            <trkpt lat="43.6156145" lon="20.5582297">
                <ele>417</ele>
                <time>2026-05-10T15:14:59Z</time>
                <hdop>4.7</hdop>
                <extensions>
                    <osmand:speed>1.2</osmand:speed>
                </extensions>
            </trkpt>
            <trkpt lat="43.6155439" lon="20.5581347">
                <ele>416.3</ele>
                <time>2026-05-10T15:15:07Z</time>
                <hdop>4.7</hdop>
                <extensions>
                    <osmand:speed>1.2</osmand:speed>
                </extensions>
            </trkpt>
            <trkpt lat="43.6155166" lon="20.5580778">
                <ele>416.6</ele>
                <time>2026-05-10T15:15:32Z</time>
                <hdop>4.7</hdop>
                <extensions>
                    <osmand:speed>0.6</osmand:speed>
                </extensions>
            </trkpt>
            <trkpt lat="43.615478" lon="20.5580367">
                <ele>415</ele>
                <time>2026-05-10T15:15:38Z</time>
                <hdop>4.7</hdop>
                <extensions>
                    <osmand:speed>0.8</osmand:speed>
                </extensions>
            </trkpt>
            <trkpt lat="43.6153997" lon="20.557934">
                <ele>412.1</ele>
                <time>2026-05-10T15:15:47Z</time>
                <hdop>4.7</hdop>
                <extensions>
                    <osmand:speed>1.2</osmand:speed>
                </extensions>
            </trkpt>
            <trkpt lat="43.6153142" lon="20.5578694">
                <ele>409.9</ele>
                <time>2026-05-10T15:16:02Z</time>
                <hdop>4.7</hdop>
                <extensions>
                    <osmand:speed>1.2</osmand:speed>
                </extensions>
            </trkpt>
            <trkpt lat="43.6152772" lon="20.5578231">
                <ele>407.7</ele>
                <time>2026-05-10T15:16:23Z</time>
                <hdop>4.7</hdop>
                <extensions>
                    <osmand:speed>0.7</osmand:speed>
                </extensions>
            </trkpt>
            <trkpt lat="43.6152718" lon="20.5577506">
                <ele>404.5</ele>
                <time>2026-05-10T15:16:33Z</time>
                <hdop>4.7</hdop>
                <extensions>
                    <osmand:speed>0.9</osmand:speed>
                </extensions>
            </trkpt>
            <trkpt lat="43.6152391" lon="20.5576957">
                <ele>404</ele>
                <time>2026-05-10T15:16:42Z</time>
                <hdop>4.7</hdop>
                <extensions>
                    <osmand:speed>1.2</osmand:speed>
                </extensions>
            </trkpt>
            <trkpt lat="43.6152357" lon="20.5576909">
                <ele>403.4</ele>
                <time>2026-05-10T15:17:01Z</time>
                <hdop>4.7</hdop>
                <extensions>
                    <osmand:speed>0.1</osmand:speed>
                </extensions>
            </trkpt>
            <trkpt lat="43.6152384" lon="20.5576946">
                <ele>402.9</ele>
                <time>2026-05-10T15:17:07Z</time>
                <hdop>4.7</hdop>
                <extensions>
                    <osmand:speed>0</osmand:speed>
                </extensions>
            </trkpt>
            <trkpt lat="43.6152388" lon="20.5576986">
                <ele>403</ele>
                <time>2026-05-10T15:17:13Z</time>
                <hdop>4.7</hdop>
                <extensions>
                    <osmand:speed>0</osmand:speed>
                </extensions>
            </trkpt>
            <trkpt lat="43.6152395" lon="20.557698">
                <ele>402.9</ele>
                <time>2026-05-10T15:17:19Z</time>
                <hdop>4.7</hdop>
            </trkpt>
            <trkpt lat="43.615242" lon="20.5576998">
                <ele>402.2</ele>
                <time>2026-05-10T15:17:25Z</time>
                <hdop>4.7</hdop>
            </trkpt>
            <trkpt lat="43.6152434" lon="20.557701">
                <ele>402.2</ele>
                <time>2026-05-10T15:17:31Z</time>
                <hdop>4.7</hdop>
            </trkpt>
            <trkpt lat="43.6152318" lon="20.5576971">
                <ele>401.7</ele>
                <time>2026-05-10T15:17:37Z</time>
                <hdop>4.7</hdop>
                <extensions>
                    <osmand:speed>0.6</osmand:speed>
                </extensions>
            </trkpt>
            <trkpt lat="43.6152257" lon="20.5576155">
                <ele>397</ele>
                <time>2026-05-10T15:17:58Z</time>
                <hdop>4.7</hdop>
                <extensions>
                    <osmand:speed>0.7</osmand:speed>
                </extensions>
            </trkpt>
            <trkpt lat="43.6152187" lon="20.5575511">
                <ele>395</ele>
                <time>2026-05-10T15:18:10Z</time>
                <hdop>4.7</hdop>
                <extensions>
                    <osmand:speed>0.6</osmand:speed>
                </extensions>
            </trkpt>
            <trkpt lat="43.6152042" lon="20.5574897">
                <ele>392.7</ele>
                <time>2026-05-10T15:18:23Z</time>
                <hdop>4.7</hdop>
                <extensions>
                    <osmand:speed>0.9</osmand:speed>
                </extensions>
            </trkpt>
            <trkpt lat="43.6151944" lon="20.5574265">
                <ele>390.3</ele>
                <time>2026-05-10T15:18:29Z</time>
                <hdop>4.7</hdop>
                <extensions>
                    <osmand:speed>1.1</osmand:speed>
                </extensions>
            </trkpt>
            <trkpt lat="43.6151628" lon="20.5573627">
                <ele>388.8</ele>
                <time>2026-05-10T15:18:35Z</time>
                <hdop>4.7</hdop>
                <extensions>
                    <osmand:speed>1.1</osmand:speed>
                </extensions>
            </trkpt>
            <trkpt lat="43.6151222" lon="20.5573029">
                <ele>385.3</ele>
                <time>2026-05-10T15:18:43Z</time>
                <hdop>4.7</hdop>
                <extensions>
                    <osmand:speed>1</osmand:speed>
                </extensions>
            </trkpt>
            <trkpt lat="43.6150481" lon="20.5571961">
                <ele>382.5</ele>
                <time>2026-05-10T15:18:53Z</time>
                <hdop>4.7</hdop>
                <extensions>
                    <osmand:speed>1.4</osmand:speed>
                </extensions>
            </trkpt>
            <trkpt lat="43.6150426" lon="20.5571252">
                <ele>380.1</ele>
                <time>2026-05-10T15:18:59Z</time>
                <hdop>4.7</hdop>
                <extensions>
                    <osmand:speed>1.1</osmand:speed>
                </extensions>
            </trkpt>
            <trkpt lat="43.6150217" lon="20.5570395">
                <ele>378.6</ele>
                <time>2026-05-10T15:19:05Z</time>
                <hdop>4.7</hdop>
                <extensions>
                    <osmand:speed>1.4</osmand:speed>
                </extensions>
            </trkpt>
            <trkpt lat="43.6149911" lon="20.5569335">
                <ele>378</ele>
                <time>2026-05-10T15:19:11Z</time>
                <hdop>4.7</hdop>
                <extensions>
                    <osmand:speed>1.6</osmand:speed>
                </extensions>
            </trkpt>
            <trkpt lat="43.6149636" lon="20.5568831">
                <ele>377.1</ele>
                <time>2026-05-10T15:19:17Z</time>
                <hdop>4.7</hdop>
                <extensions>
                    <osmand:speed>0.9</osmand:speed>
                </extensions>
            </trkpt>
            <trkpt lat="43.6149417" lon="20.5568164">
                <ele>375.7</ele>
                <time>2026-05-10T15:19:23Z</time>
                <hdop>4.7</hdop>
                <extensions>
                    <osmand:speed>1.1</osmand:speed>
                </extensions>
            </trkpt>
            <trkpt lat="43.6149141" lon="20.5567432">
                <ele>373.7</ele>
                <time>2026-05-10T15:19:29Z</time>
                <hdop>4.7</hdop>
                <extensions>
                    <osmand:speed>1.1</osmand:speed>
                </extensions>
            </trkpt>
            <trkpt lat="43.6149115" lon="20.5566771">
                <ele>371.9</ele>
                <time>2026-05-10T15:19:35Z</time>
                <hdop>4.7</hdop>
                <extensions>
                    <osmand:speed>0.9</osmand:speed>
                </extensions>
            </trkpt>
            <trkpt lat="43.6149282" lon="20.5565823">
                <ele>370</ele>
                <time>2026-05-10T15:19:41Z</time>
                <hdop>4.7</hdop>
                <extensions>
                    <osmand:speed>1.4</osmand:speed>
                </extensions>
            </trkpt>
            <trkpt lat="43.6149003" lon="20.5564815">
                <ele>368.3</ele>
                <time>2026-05-10T15:19:47Z</time>
                <hdop>4.7</hdop>
                <extensions>
                    <osmand:speed>1.5</osmand:speed>
                </extensions>
            </trkpt>
            <trkpt lat="43.6148766" lon="20.5564473">
                <ele>367.3</ele>
                <time>2026-05-10T15:19:53Z</time>
                <hdop>4.7</hdop>
                <extensions>
                    <osmand:speed>0.9</osmand:speed>
                </extensions>
            </trkpt>
            <trkpt lat="43.6148489" lon="20.556393">
                <ele>366.8</ele>
                <time>2026-05-10T15:19:59Z</time>
                <hdop>4.7</hdop>
                <extensions>
                    <osmand:speed>0.9</osmand:speed>
                </extensions>
            </trkpt>
            <trkpt lat="43.6148457" lon="20.5563223">
                <ele>365.9</ele>
                <time>2026-05-10T15:20:05Z</time>
                <hdop>4.7</hdop>
                <extensions>
                    <osmand:speed>0.9</osmand:speed>
                </extensions>
            </trkpt>
            <trkpt lat="43.614812" lon="20.5562696">
                <ele>364.7</ele>
                <time>2026-05-10T15:20:18Z</time>
                <hdop>4.7</hdop>
                <extensions>
                    <osmand:speed>0.7</osmand:speed>
                </extensions>
            </trkpt>
            <trkpt lat="43.6147717" lon="20.5562185">
                <ele>361.6</ele>
                <time>2026-05-10T15:20:27Z</time>
                <hdop>4.7</hdop>
                <extensions>
                    <osmand:speed>1.2</osmand:speed>
                </extensions>
            </trkpt>
            <trkpt lat="43.614738" lon="20.5560781">
                <ele>358.1</ele>
                <time>2026-05-10T15:20:40Z</time>
                <hdop>4.7</hdop>
                <extensions>
                    <osmand:speed>1.2</osmand:speed>
                </extensions>
            </trkpt>
            <trkpt lat="43.6147052" lon="20.5559469">
                <ele>357.5</ele>
                <time>2026-05-10T15:20:48Z</time>
                <hdop>4.7</hdop>
                <extensions>
                    <osmand:speed>1.1</osmand:speed>
                </extensions>
            </trkpt>
            <trkpt lat="43.6146805" lon="20.5558062">
                <ele>356.1</ele>
                <time>2026-05-10T15:20:57Z</time>
                <hdop>4.7</hdop>
                <extensions>
                    <osmand:speed>1.5</osmand:speed>
                </extensions>
            </trkpt>
            <trkpt lat="43.614667" lon="20.555677">
                <ele>354.9</ele>
                <time>2026-05-10T15:21:05Z</time>
                <hdop>4.7</hdop>
                <extensions>
                    <osmand:speed>1.7</osmand:speed>
                </extensions>
            </trkpt>
            <trkpt lat="43.6146425" lon="20.5555493">
                <ele>353.2</ele>
                <time>2026-05-10T15:21:14Z</time>
                <hdop>4.7</hdop>
                <extensions>
                    <osmand:speed>1.3</osmand:speed>
                </extensions>
            </trkpt>
            <trkpt lat="43.6146091" lon="20.5554184">
                <ele>351.4</ele>
                <time>2026-05-10T15:21:21Z</time>
                <hdop>4.7</hdop>
                <extensions>
                    <osmand:speed>1.7</osmand:speed>
                </extensions>
            </trkpt>
            <trkpt lat="43.614585" lon="20.5552832">
                <ele>350.3</ele>
                <time>2026-05-10T15:21:30Z</time>
                <hdop>4.7</hdop>
                <extensions>
                    <osmand:speed>1.4</osmand:speed>
                </extensions>
            </trkpt>
            <trkpt lat="43.6145264" lon="20.5551682">
                <ele>349.7</ele>
                <time>2026-05-10T15:21:38Z</time>
                <hdop>4.7</hdop>
                <extensions>
                    <osmand:speed>1.4</osmand:speed>
                </extensions>
            </trkpt>
            <trkpt lat="43.6145186" lon="20.5550338">
                <ele>346.7</ele>
                <time>2026-05-10T15:21:48Z</time>
                <hdop>4.7</hdop>
                <extensions>
                    <osmand:speed>1.3</osmand:speed>
                </extensions>
            </trkpt>
            <trkpt lat="43.6144951" lon="20.5549056">
                <ele>344.4</ele>
                <time>2026-05-10T15:21:56Z</time>
                <hdop>4.7</hdop>
                <extensions>
                    <osmand:speed>1.3</osmand:speed>
                </extensions>
            </trkpt>
            <trkpt lat="43.6144782" lon="20.5547651">
                <ele>342.9</ele>
                <time>2026-05-10T15:22:07Z</time>
                <hdop>4.7</hdop>
                <extensions>
                    <osmand:speed>0.8</osmand:speed>
                </extensions>
            </trkpt>
            <trkpt lat="43.6144652" lon="20.55469">
                <ele>341.4</ele>
                <time>2026-05-10T15:22:13Z</time>
                <hdop>4.7</hdop>
                <extensions>
                    <osmand:speed>1.2</osmand:speed>
                </extensions>
            </trkpt>
            <trkpt lat="43.6144192" lon="20.5545719">
                <ele>339.1</ele>
                <time>2026-05-10T15:22:22Z</time>
                <hdop>4.7</hdop>
                <extensions>
                    <osmand:speed>1.2</osmand:speed>
                </extensions>
            </trkpt>
            <trkpt lat="43.6143687" lon="20.5544548">
                <ele>339.8</ele>
                <time>2026-05-10T15:22:30Z</time>
                <hdop>4.7</hdop>
                <extensions>
                    <osmand:speed>1.1</osmand:speed>
                </extensions>
            </trkpt>
            <trkpt lat="43.614326" lon="20.5543328">
                <ele>342.7</ele>
                <time>2026-05-10T15:22:39Z</time>
                <hdop>4.7</hdop>
                <extensions>
                    <osmand:speed>1.2</osmand:speed>
                </extensions>
            </trkpt>
            <trkpt lat="43.6142931" lon="20.5542077">
                <ele>346.3</ele>
                <time>2026-05-10T15:22:48Z</time>
                <hdop>4.7</hdop>
                <extensions>
                    <osmand:speed>1.3</osmand:speed>
                </extensions>
            </trkpt>
            <trkpt lat="43.6142361" lon="20.5541004">
                <ele>349.3</ele>
                <time>2026-05-10T15:22:57Z</time>
                <hdop>4.7</hdop>
                <extensions>
                    <osmand:speed>1.1</osmand:speed>
                </extensions>
            </trkpt>
            <trkpt lat="43.6142172" lon="20.5539489">
                <ele>351.2</ele>
                <time>2026-05-10T15:23:09Z</time>
                <hdop>4.7</hdop>
                <extensions>
                    <osmand:speed>1.1</osmand:speed>
                </extensions>
            </trkpt>
            <trkpt lat="43.6142102" lon="20.5538785">
                <ele>353.3</ele>
                <time>2026-05-10T15:23:16Z</time>
                <hdop>4.7</hdop>
                <extensions>
                    <osmand:speed>0.8</osmand:speed>
                </extensions>
            </trkpt>
            <trkpt lat="43.6142139" lon="20.5537398">
                <ele>355.6</ele>
                <time>2026-05-10T15:23:28Z</time>
                <hdop>4.7</hdop>
                <extensions>
                    <osmand:speed>1</osmand:speed>
                </extensions>
            </trkpt>
            <trkpt lat="43.6141868" lon="20.553686">
                <ele>356.4</ele>
                <time>2026-05-10T15:23:34Z</time>
                <hdop>4.7</hdop>
                <extensions>
                    <osmand:speed>0.9</osmand:speed>
                </extensions>
            </trkpt>
            <trkpt lat="43.6141703" lon="20.5535461">
                <ele>357.7</ele>
                <time>2026-05-10T15:23:43Z</time>
                <hdop>4.7</hdop>
                <extensions>
                    <osmand:speed>1.3</osmand:speed>
                </extensions>
            </trkpt>
            <trkpt lat="43.6141424" lon="20.5534597">
                <ele>358.7</ele>
                <time>2026-05-10T15:23:49Z</time>
                <hdop>4.7</hdop>
                <extensions>
                    <osmand:speed>1.2</osmand:speed>
                </extensions>
            </trkpt>
            <trkpt lat="43.6141438" lon="20.5533831">
                <ele>359.9</ele>
                <time>2026-05-10T15:23:55Z</time>
                <hdop>4.7</hdop>
                <extensions>
                    <osmand:speed>1.3</osmand:speed>
                </extensions>
            </trkpt>
            <trkpt lat="43.614132" lon="20.5532962">
                <ele>359.8</ele>
                <time>2026-05-10T15:24:01Z</time>
                <hdop>4.7</hdop>
                <extensions>
                    <osmand:speed>1.3</osmand:speed>
                </extensions>
            </trkpt>
            <trkpt lat="43.6141113" lon="20.5532146">
                <ele>360.3</ele>
                <time>2026-05-10T15:24:07Z</time>
                <hdop>4.7</hdop>
                <extensions>
                    <osmand:speed>1.3</osmand:speed>
                </extensions>
            </trkpt>
            <trkpt lat="43.6140931" lon="20.5531261">
                <ele>359.8</ele>
                <time>2026-05-10T15:24:13Z</time>
                <hdop>4.7</hdop>
                <extensions>
                    <osmand:speed>1.2</osmand:speed>
                </extensions>
            </trkpt>
            <trkpt lat="43.6140952" lon="20.5530782">
                <ele>361.1</ele>
                <time>2026-05-10T15:24:19Z</time>
                <hdop>4.7</hdop>
                <extensions>
                    <osmand:speed>0.1</osmand:speed>
                </extensions>
            </trkpt>
            <trkpt lat="43.6140906" lon="20.5530852">
                <ele>360.1</ele>
                <time>2026-05-10T15:24:25Z</time>
                <hdop>4.7</hdop>
                <extensions>
                    <osmand:speed>0.2</osmand:speed>
                </extensions>
            </trkpt>
            <trkpt lat="43.6140638" lon="20.553019">
                <ele>359.6</ele>
                <time>2026-05-10T15:24:31Z</time>
                <hdop>4.7</hdop>
                <extensions>
                    <osmand:speed>1.4</osmand:speed>
                </extensions>
            </trkpt>
            <trkpt lat="43.6140771" lon="20.5530422">
                <ele>361.3</ele>
                <time>2026-05-10T15:24:37Z</time>
                <hdop>4.7</hdop>
                <extensions>
                    <osmand:speed>0.2</osmand:speed>
                </extensions>
            </trkpt>
            <trkpt lat="43.6141133" lon="20.5530747">
                <ele>359.4</ele>
                <time>2026-05-10T15:24:43Z</time>
                <hdop>4.7</hdop>
                <extensions>
                    <osmand:speed>0.2</osmand:speed>
                </extensions>
            </trkpt>
            <trkpt lat="43.6141302" lon="20.5530898">
                <ele>358.8</ele>
                <time>2026-05-10T15:24:49Z</time>
                <hdop>4.7</hdop>
                <extensions>
                    <osmand:speed>0.6</osmand:speed>
                </extensions>
            </trkpt>
            <trkpt lat="43.6141566" lon="20.5530499">
                <ele>357.1</ele>
                <time>2026-05-10T15:24:55Z</time>
                <hdop>4.7</hdop>
                <extensions>
                    <osmand:speed>0.8</osmand:speed>
                </extensions>
            </trkpt>
            <trkpt lat="43.6141729" lon="20.553036">
                <ele>356.7</ele>
                <time>2026-05-10T15:25:01Z</time>
                <hdop>4.7</hdop>
                <extensions>
                    <osmand:speed>0</osmand:speed>
                </extensions>
            </trkpt>
            <trkpt lat="43.6141867" lon="20.5530152">
                <ele>355.9</ele>
                <time>2026-05-10T15:25:07Z</time>
                <hdop>4.7</hdop>
                <extensions>
                    <osmand:speed>0.5</osmand:speed>
                </extensions>
            </trkpt>
            <trkpt lat="43.6142118" lon="20.552979">
                <ele>354</ele>
                <time>2026-05-10T15:25:13Z</time>
                <hdop>4.7</hdop>
                <extensions>
                    <osmand:speed>0.7</osmand:speed>
                </extensions>
            </trkpt>
            <trkpt lat="43.6142008" lon="20.5529525">
                <ele>352.4</ele>
                <time>2026-05-10T15:25:19Z</time>
                <hdop>4.7</hdop>
                <extensions>
                    <osmand:speed>0.7</osmand:speed>
                </extensions>
            </trkpt>
            <trkpt lat="43.6141656" lon="20.5529">
                <ele>351.1</ele>
                <time>2026-05-10T15:25:25Z</time>
                <hdop>4.7</hdop>
                <extensions>
                    <osmand:speed>1.1</osmand:speed>
                </extensions>
            </trkpt>
            <trkpt lat="43.6141719" lon="20.5527812">
                <ele>350.8</ele>
                <time>2026-05-10T15:25:31Z</time>
                <hdop>4.7</hdop>
                <extensions>
                    <osmand:speed>1.5</osmand:speed>
                </extensions>
            </trkpt>
            <trkpt lat="43.6141709" lon="20.552661">
                <ele>351.7</ele>
                <time>2026-05-10T15:25:37Z</time>
                <hdop>4.7</hdop>
                <extensions>
                    <osmand:speed>1.7</osmand:speed>
                </extensions>
            </trkpt>
            <trkpt lat="43.6141468" lon="20.5525633">
                <ele>353.5</ele>
                <time>2026-05-10T15:25:43Z</time>
                <hdop>4.7</hdop>
                <extensions>
                    <osmand:speed>1.4</osmand:speed>
                </extensions>
            </trkpt>
            <trkpt lat="43.6141179" lon="20.5524737">
                <ele>354.9</ele>
                <time>2026-05-10T15:25:49Z</time>
                <hdop>4.7</hdop>
                <extensions>
                    <osmand:speed>1.5</osmand:speed>
                </extensions>
            </trkpt>
            <trkpt lat="43.6140731" lon="20.5524043">
                <ele>357.8</ele>
                <time>2026-05-10T15:25:55Z</time>
                <hdop>4.7</hdop>
                <extensions>
                    <osmand:speed>1</osmand:speed>
                </extensions>
            </trkpt>
            <trkpt lat="43.6140247" lon="20.5523181">
                <ele>358.3</ele>
                <time>2026-05-10T15:26:01Z</time>
                <hdop>4.7</hdop>
                <extensions>
                    <osmand:speed>1.5</osmand:speed>
                </extensions>
            </trkpt>
            <trkpt lat="43.6139969" lon="20.5522567">
                <ele>360.1</ele>
                <time>2026-05-10T15:26:07Z</time>
                <hdop>4.7</hdop>
                <extensions>
                    <osmand:speed>0.9</osmand:speed>
                </extensions>
            </trkpt>
        </trkseg>
    </trk>
    <trk>
        <trkseg>
            <trkpt lat="43.6139944" lon="20.5522365">
                <ele>360</ele>
                <time>2026-05-10T15:28:09Z</time>
                <hdop>4.7</hdop>
                <extensions>
                    <osmand:speed>0</osmand:speed>
                </extensions>
            </trkpt>
            <trkpt lat="43.6140012" lon="20.5522268">
                <ele>361.1</ele>
                <time>2026-05-10T15:29:22Z</time>
                <hdop>4.7</hdop>
                <extensions>
                    <osmand:speed>0.1</osmand:speed>
                </extensions>
            </trkpt>
            <trkpt lat="43.6140033" lon="20.552228">
                <ele>361.3</ele>
                <time>2026-05-10T15:29:32Z</time>
                <hdop>4.7</hdop>
                <extensions>
                    <osmand:speed>0.1</osmand:speed>
                </extensions>
            </trkpt>
            <trkpt lat="43.6140067" lon="20.5522286">
                <ele>362</ele>
                <time>2026-05-10T15:29:38Z</time>
                <hdop>4.7</hdop>
            </trkpt>
            <trkpt lat="43.6140046" lon="20.552216">
                <ele>361.6</ele>
                <time>2026-05-10T15:29:44Z</time>
                <hdop>4.7</hdop>
            </trkpt>
            <trkpt lat="43.6140046" lon="20.552216">
                <ele>361.6</ele>
                <time>2026-05-10T15:29:50Z</time>
                <hdop>4.7</hdop>
            </trkpt>
            <trkpt lat="43.6140095" lon="20.5522271">
                <ele>360.5</ele>
                <time>2026-05-10T15:29:56Z</time>
                <hdop>4.7</hdop>
            </trkpt>
            <trkpt lat="43.6140202" lon="20.5522299">
                <ele>360</ele>
                <time>2026-05-10T15:30:08Z</time>
                <hdop>4.7</hdop>
                <extensions>
                    <osmand:speed>0</osmand:speed>
                </extensions>
            </trkpt>
            <trkpt lat="43.6140201" lon="20.5522322">
                <ele>359.6</ele>
                <time>2026-05-10T15:30:14Z</time>
                <hdop>4.7</hdop>
            </trkpt>
            <trkpt lat="43.6140236" lon="20.5522355">
                <ele>359.6</ele>
                <time>2026-05-10T15:30:20Z</time>
                <hdop>4.7</hdop>
            </trkpt>
            <trkpt lat="43.6140224" lon="20.5522366">
                <ele>359.4</ele>
                <time>2026-05-10T15:30:26Z</time>
                <hdop>4.7</hdop>
            </trkpt>
            <trkpt lat="43.6140254" lon="20.5522399">
                <ele>359.7</ele>
                <time>2026-05-10T15:30:32Z</time>
                <hdop>4.7</hdop>
            </trkpt>
            <trkpt lat="43.6140211" lon="20.5522266">
                <ele>359.7</ele>
                <time>2026-05-10T15:30:38Z</time>
                <hdop>4.7</hdop>
            </trkpt>
            <trkpt lat="43.6140211" lon="20.5522266">
                <ele>359.7</ele>
                <time>2026-05-10T15:30:44Z</time>
                <hdop>4.7</hdop>
            </trkpt>
            <trkpt lat="43.6140279" lon="20.552228">
                <ele>360.1</ele>
                <time>2026-05-10T15:30:50Z</time>
                <hdop>4.7</hdop>
                <extensions>
                    <osmand:speed>0</osmand:speed>
                </extensions>
            </trkpt>
        </trkseg>
    </trk>
    <trk>
        <trkseg>
            <trkpt lat="43.6140129" lon="20.5522153">
                <ele>359.3</ele>
                <time>2026-05-10T15:32:04Z</time>
                <hdop>4.7</hdop>
                <extensions>
                    <osmand:speed>0.1</osmand:speed>
                </extensions>
            </trkpt>
            <trkpt lat="43.6140125" lon="20.5522159">
                <ele>359.7</ele>
                <time>2026-05-10T15:32:10Z</time>
                <hdop>4.7</hdop>
            </trkpt>
        </trkseg>
    </trk>
    <trk>
        <trkseg>
            <trkpt lat="43.6139746" lon="20.552171">
                <ele>357</ele>
                <time>2026-05-10T15:33:15Z</time>
                <hdop>4.7</hdop>
                <extensions>
                    <osmand:speed>0.7</osmand:speed>
                </extensions>
            </trkpt>
            <trkpt lat="43.6139732" lon="20.5521088">
                <ele>355.2</ele>
                <time>2026-05-10T15:33:22Z</time>
                <hdop>4.7</hdop>
                <extensions>
                    <osmand:speed>0.8</osmand:speed>
                </extensions>
            </trkpt>
            <trkpt lat="43.6139533" lon="20.5520428">
                <ele>353</ele>
                <time>2026-05-10T15:33:29Z</time>
                <hdop>4.7</hdop>
                <extensions>
                    <osmand:speed>0.9</osmand:speed>
                </extensions>
            </trkpt>
            <trkpt lat="43.6139219" lon="20.5519953">
                <ele>352.8</ele>
                <time>2026-05-10T15:33:36Z</time>
                <hdop>4.7</hdop>
                <extensions>
                    <osmand:speed>0.8</osmand:speed>
                </extensions>
            </trkpt>
            <trkpt lat="43.6138777" lon="20.551983">
                <ele>353.2</ele>
                <time>2026-05-10T15:33:43Z</time>
                <hdop>4.7</hdop>
                <extensions>
                    <osmand:speed>0.8</osmand:speed>
                </extensions>
            </trkpt>
            <trkpt lat="43.6138268" lon="20.5519633">
                <ele>351.5</ele>
                <time>2026-05-10T15:33:49Z</time>
                <hdop>4.7</hdop>
                <extensions>
                    <osmand:speed>1</osmand:speed>
                </extensions>
            </trkpt>
            <trkpt lat="43.6137982" lon="20.5518982">
                <ele>351.3</ele>
                <time>2026-05-10T15:33:55Z</time>
                <hdop>4.7</hdop>
                <extensions>
                    <osmand:speed>0.9</osmand:speed>
                </extensions>
            </trkpt>
            <trkpt lat="43.6137447" lon="20.5517938">
                <ele>349.9</ele>
                <time>2026-05-10T15:34:04Z</time>
                <hdop>4.7</hdop>
                <extensions>
                    <osmand:speed>1.1</osmand:speed>
                </extensions>
            </trkpt>
            <trkpt lat="43.6136937" lon="20.5516816">
                <ele>348.8</ele>
                <time>2026-05-10T15:34:13Z</time>
                <hdop>4.7</hdop>
                <extensions>
                    <osmand:speed>1</osmand:speed>
                </extensions>
            </trkpt>
            <trkpt lat="43.6136633" lon="20.5515562">
                <ele>346</ele>
                <time>2026-05-10T15:34:23Z</time>
                <hdop>4.7</hdop>
                <extensions>
                    <osmand:speed>1</osmand:speed>
                </extensions>
            </trkpt>
            <trkpt lat="43.613627" lon="20.5514298">
                <ele>341.6</ele>
                <time>2026-05-10T15:34:33Z</time>
                <hdop>4.7</hdop>
                <extensions>
                    <osmand:speed>1.1</osmand:speed>
                </extensions>
            </trkpt>
            <trkpt lat="43.6135788" lon="20.5513085">
                <ele>337.8</ele>
                <time>2026-05-10T15:34:46Z</time>
                <hdop>4.7</hdop>
                <extensions>
                    <osmand:speed>0.7</osmand:speed>
                </extensions>
            </trkpt>
            <trkpt lat="43.613492" lon="20.5512246">
                <ele>335.8</ele>
                <time>2026-05-10T15:34:54Z</time>
                <hdop>4.7</hdop>
                <extensions>
                    <osmand:speed>1.4</osmand:speed>
                </extensions>
            </trkpt>
            <trkpt lat="43.6133934" lon="20.5511974">
                <ele>333.1</ele>
                <time>2026-05-10T15:35:04Z</time>
                <hdop>4.7</hdop>
                <extensions>
                    <osmand:speed>1.4</osmand:speed>
                </extensions>
            </trkpt>
            <trkpt lat="43.6133029" lon="20.551149">
                <ele>331.1</ele>
                <time>2026-05-10T15:35:15Z</time>
                <hdop>4.7</hdop>
                <extensions>
                    <osmand:speed>0.9</osmand:speed>
                </extensions>
            </trkpt>
            <trkpt lat="43.6132133" lon="20.5510933">
                <ele>328.3</ele>
                <time>2026-05-10T15:35:24Z</time>
                <hdop>4.7</hdop>
                <extensions>
                    <osmand:speed>1.2</osmand:speed>
                </extensions>
            </trkpt>
            <trkpt lat="43.6131126" lon="20.5510923">
                <ele>325.9</ele>
                <time>2026-05-10T15:35:33Z</time>
                <hdop>4.7</hdop>
                <extensions>
                    <osmand:speed>1.1</osmand:speed>
                </extensions>
            </trkpt>
            <trkpt lat="43.613004" lon="20.5510939">
                <ele>324.3</ele>
                <time>2026-05-10T15:35:40Z</time>
                <hdop>4.7</hdop>
                <extensions>
                    <osmand:speed>2</osmand:speed>
                </extensions>
            </trkpt>
            <trkpt lat="43.6129048" lon="20.5511132">
                <ele>321</ele>
                <time>2026-05-10T15:35:46Z</time>
                <hdop>4.7</hdop>
                <extensions>
                    <osmand:speed>1.6</osmand:speed>
                </extensions>
            </trkpt>
            <trkpt lat="43.6128038" lon="20.5511598">
                <ele>319</ele>
                <time>2026-05-10T15:35:54Z</time>
                <hdop>4.7</hdop>
                <extensions>
                    <osmand:speed>1.2</osmand:speed>
                </extensions>
            </trkpt>
            <trkpt lat="43.6127581" lon="20.5511844">
                <ele>317.5</ele>
                <time>2026-05-10T15:36:14Z</time>
                <hdop>4.7</hdop>
                <extensions>
                    <osmand:speed>0.8</osmand:speed>
                </extensions>
            </trkpt>
            <trkpt lat="43.6127093" lon="20.551205">
                <ele>316.5</ele>
                <time>2026-05-10T15:36:20Z</time>
                <hdop>4.7</hdop>
                <extensions>
                    <osmand:speed>1.1</osmand:speed>
                </extensions>
            </trkpt>
            <trkpt lat="43.6127163" lon="20.5511396">
                <ele>314.2</ele>
                <time>2026-05-10T15:36:31Z</time>
                <hdop>4.7</hdop>
                <extensions>
                    <osmand:speed>0.9</osmand:speed>
                </extensions>
            </trkpt>
            <trkpt lat="43.6127738" lon="20.551023">
                <ele>311.9</ele>
                <time>2026-05-10T15:36:40Z</time>
                <hdop>4.7</hdop>
                <extensions>
                    <osmand:speed>1.1</osmand:speed>
                </extensions>
            </trkpt>
            <trkpt lat="43.6128014" lon="20.5509603">
                <ele>310.9</ele>
                <time>2026-05-10T15:36:46Z</time>
                <hdop>4.7</hdop>
                <extensions>
                    <osmand:speed>0.9</osmand:speed>
                </extensions>
            </trkpt>
            <trkpt lat="43.6128613" lon="20.5508424">
                <ele>308.6</ele>
                <time>2026-05-10T15:36:56Z</time>
                <hdop>4.7</hdop>
                <extensions>
                    <osmand:speed>1</osmand:speed>
                </extensions>
            </trkpt>
            <trkpt lat="43.6129227" lon="20.5507312">
                <ele>307.1</ele>
                <time>2026-05-10T15:37:05Z</time>
                <hdop>4.7</hdop>
                <extensions>
                    <osmand:speed>1.2</osmand:speed>
                </extensions>
            </trkpt>
            <trkpt lat="43.6129934" lon="20.5506268">
                <ele>305.3</ele>
                <time>2026-05-10T15:37:15Z</time>
                <hdop>4.7</hdop>
                <extensions>
                    <osmand:speed>1.4</osmand:speed>
                </extensions>
            </trkpt>
            <trkpt lat="43.6130774" lon="20.5505401">
                <ele>303.4</ele>
                <time>2026-05-10T15:37:25Z</time>
                <hdop>4.7</hdop>
                <extensions>
                    <osmand:speed>1.2</osmand:speed>
                </extensions>
            </trkpt>
            <trkpt lat="43.6130714" lon="20.550505">
                <ele>300</ele>
                <time>2026-05-10T15:37:35Z</time>
                <hdop>4.7</hdop>
                <extensions>
                    <osmand:speed>1.3</osmand:speed>
                </extensions>
            </trkpt>
            <trkpt lat="43.6129431" lon="20.5505021">
                <ele>298.3</ele>
                <time>2026-05-10T15:37:45Z</time>
                <hdop>4.7</hdop>
                <extensions>
                    <osmand:speed>1.5</osmand:speed>
                </extensions>
            </trkpt>
            <trkpt lat="43.6128256" lon="20.5505218">
                <ele>296.1</ele>
                <time>2026-05-10T15:37:53Z</time>
                <hdop>4.7</hdop>
                <extensions>
                    <osmand:speed>1.8</osmand:speed>
                </extensions>
            </trkpt>
            <trkpt lat="43.6128139" lon="20.5504968">
                <ele>294.3</ele>
                <time>2026-05-10T15:38:00Z</time>
                <hdop>4.7</hdop>
                <extensions>
                    <osmand:speed>1.3</osmand:speed>
                </extensions>
            </trkpt>
            <trkpt lat="43.6128731" lon="20.5503833">
                <ele>291.9</ele>
                <time>2026-05-10T15:38:08Z</time>
                <hdop>4.7</hdop>
                <extensions>
                    <osmand:speed>1.1</osmand:speed>
                </extensions>
            </trkpt>
            <trkpt lat="43.6129434" lon="20.5502976">
                <ele>290.8</ele>
                <time>2026-05-10T15:38:17Z</time>
                <hdop>4.7</hdop>
                <extensions>
                    <osmand:speed>1</osmand:speed>
                </extensions>
            </trkpt>
            <trkpt lat="43.613034" lon="20.5502189">
                <ele>289.2</ele>
                <time>2026-05-10T15:38:26Z</time>
                <hdop>4.7</hdop>
                <extensions>
                    <osmand:speed>1.6</osmand:speed>
                </extensions>
            </trkpt>
            <trkpt lat="43.6130556" lon="20.5501338">
                <ele>286</ele>
                <time>2026-05-10T15:38:42Z</time>
                <hdop>4.7</hdop>
                <extensions>
                    <osmand:speed>1.2</osmand:speed>
                </extensions>
            </trkpt>
            <trkpt lat="43.6129515" lon="20.550125">
                <ele>284.7</ele>
                <time>2026-05-10T15:38:50Z</time>
                <hdop>4.7</hdop>
                <extensions>
                    <osmand:speed>1.2</osmand:speed>
                </extensions>
            </trkpt>
            <trkpt lat="43.6128516" lon="20.5501269">
                <ele>282.8</ele>
                <time>2026-05-10T15:39:00Z</time>
                <hdop>4.7</hdop>
                <extensions>
                    <osmand:speed>0.7</osmand:speed>
                </extensions>
            </trkpt>
            <trkpt lat="43.6128106" lon="20.5500929">
                <ele>283.1</ele>
                <time>2026-05-10T15:39:08Z</time>
                <hdop>4.7</hdop>
                <extensions>
                    <osmand:speed>0.7</osmand:speed>
                </extensions>
            </trkpt>
            <trkpt lat="43.612785" lon="20.5500367">
                <ele>279.6</ele>
                <time>2026-05-10T15:39:54Z</time>
                <hdop>4.7</hdop>
                <extensions>
                    <osmand:speed>0.6</osmand:speed>
                </extensions>
            </trkpt>
            <trkpt lat="43.6128317" lon="20.5500341">
                <ele>280.5</ele>
                <time>2026-05-10T15:40:35Z</time>
                <hdop>4.7</hdop>
                <extensions>
                    <osmand:speed>0.2</osmand:speed>
                </extensions>
            </trkpt>
            <trkpt lat="43.6129105" lon="20.549955">
                <ele>279.2</ele>
                <time>2026-05-10T15:40:44Z</time>
                <hdop>4.7</hdop>
                <extensions>
                    <osmand:speed>1.1</osmand:speed>
                </extensions>
            </trkpt>
            <trkpt lat="43.6129807" lon="20.5498422">
                <ele>277.2</ele>
                <time>2026-05-10T15:40:52Z</time>
                <hdop>4.7</hdop>
                <extensions>
                    <osmand:speed>1.7</osmand:speed>
                </extensions>
            </trkpt>
            <trkpt lat="43.6130006" lon="20.5497133">
                <ele>274.4</ele>
                <time>2026-05-10T15:41:02Z</time>
                <hdop>4.7</hdop>
                <extensions>
                    <osmand:speed>1.5</osmand:speed>
                </extensions>
            </trkpt>
            <trkpt lat="43.6129749" lon="20.549661">
                <ele>273.9</ele>
                <time>2026-05-10T15:41:12Z</time>
                <hdop>4.7</hdop>
                <extensions>
                    <osmand:speed>1.2</osmand:speed>
                </extensions>
            </trkpt>
            <trkpt lat="43.6129409" lon="20.5495303">
                <ele>270.5</ele>
                <time>2026-05-10T15:41:22Z</time>
                <hdop>4.7</hdop>
                <extensions>
                    <osmand:speed>1.1</osmand:speed>
                </extensions>
            </trkpt>
            <trkpt lat="43.61291" lon="20.549385">
                <ele>268.6</ele>
                <time>2026-05-10T15:41:31Z</time>
                <hdop>4.7</hdop>
                <extensions>
                    <osmand:speed>1.6</osmand:speed>
                </extensions>
            </trkpt>
            <trkpt lat="43.6128918" lon="20.5493216">
                <ele>267.4</ele>
                <time>2026-05-10T15:41:38Z</time>
                <hdop>4.7</hdop>
                <extensions>
                    <osmand:speed>0.9</osmand:speed>
                </extensions>
            </trkpt>
            <trkpt lat="43.6128501" lon="20.5492778">
                <ele>265.8</ele>
                <time>2026-05-10T15:42:11Z</time>
                <hdop>4.7</hdop>
                <extensions>
                    <osmand:speed>1</osmand:speed>
                </extensions>
            </trkpt>
            <trkpt lat="43.6127747" lon="20.5493741">
                <ele>265.1</ele>
                <time>2026-05-10T15:42:18Z</time>
                <hdop>4.7</hdop>
                <extensions>
                    <osmand:speed>1.7</osmand:speed>
                </extensions>
            </trkpt>
            <trkpt lat="43.6127027" lon="20.5494984">
                <ele>265.9</ele>
                <time>2026-05-10T15:42:26Z</time>
                <hdop>4.7</hdop>
                <extensions>
                    <osmand:speed>1.6</osmand:speed>
                </extensions>
            </trkpt>
            <trkpt lat="43.6126185" lon="20.5495769">
                <ele>264.8</ele>
                <time>2026-05-10T15:42:33Z</time>
                <hdop>4.7</hdop>
                <extensions>
                    <osmand:speed>1.7</osmand:speed>
                </extensions>
            </trkpt>
            <trkpt lat="43.6125441" lon="20.5496571">
                <ele>263.7</ele>
                <time>2026-05-10T15:42:39Z</time>
                <hdop>4.7</hdop>
                <extensions>
                    <osmand:speed>1.8</osmand:speed>
                </extensions>
            </trkpt>
            <trkpt lat="43.6124488" lon="20.5497598">
                <ele>263</ele>
                <time>2026-05-10T15:42:47Z</time>
                <hdop>4.7</hdop>
                <extensions>
                    <osmand:speed>1.8</osmand:speed>
                </extensions>
            </trkpt>
            <trkpt lat="43.6123699" lon="20.5498398">
                <ele>261.2</ele>
                <time>2026-05-10T15:42:54Z</time>
                <hdop>4.7</hdop>
                <extensions>
                    <osmand:speed>1.7</osmand:speed>
                </extensions>
            </trkpt>
            <trkpt lat="43.6123153" lon="20.5499625">
                <ele>260.3</ele>
                <time>2026-05-10T15:43:06Z</time>
                <hdop>4.7</hdop>
                <extensions>
                    <osmand:speed>1.5</osmand:speed>
                </extensions>
            </trkpt>
            <trkpt lat="43.6122621" lon="20.5500559">
                <ele>258.5</ele>
                <time>2026-05-10T15:43:13Z</time>
                <hdop>4.7</hdop>
                <extensions>
                    <osmand:speed>1.3</osmand:speed>
                </extensions>
            </trkpt>
            <trkpt lat="43.6121827" lon="20.5501553">
                <ele>255.2</ele>
                <time>2026-05-10T15:43:22Z</time>
                <hdop>4.7</hdop>
                <extensions>
                    <osmand:speed>1.3</osmand:speed>
                </extensions>
            </trkpt>
            <trkpt lat="43.6121088" lon="20.5502536">
                <ele>252.5</ele>
                <time>2026-05-10T15:43:31Z</time>
                <hdop>4.7</hdop>
                <extensions>
                    <osmand:speed>1.5</osmand:speed>
                </extensions>
            </trkpt>
            <trkpt lat="43.6120415" lon="20.5503526">
                <ele>251.2</ele>
                <time>2026-05-10T15:43:38Z</time>
                <hdop>4.7</hdop>
                <extensions>
                    <osmand:speed>1.4</osmand:speed>
                </extensions>
            </trkpt>
            <trkpt lat="43.6119712" lon="20.5504473">
                <ele>250.6</ele>
                <time>2026-05-10T15:43:45Z</time>
                <hdop>4.7</hdop>
                <extensions>
                    <osmand:speed>1.6</osmand:speed>
                </extensions>
            </trkpt>
            <trkpt lat="43.6119042" lon="20.5505589">
                <ele>249.2</ele>
                <time>2026-05-10T15:43:53Z</time>
                <hdop>4.7</hdop>
                <extensions>
                    <osmand:speed>1.8</osmand:speed>
                </extensions>
            </trkpt>
            <trkpt lat="43.6118734" lon="20.5507078">
                <ele>251.1</ele>
                <time>2026-05-10T15:44:02Z</time>
                <hdop>4.7</hdop>
                <extensions>
                    <osmand:speed>1.5</osmand:speed>
                </extensions>
            </trkpt>
            <trkpt lat="43.6118668" lon="20.5508326">
                <ele>253.3</ele>
                <time>2026-05-10T15:44:10Z</time>
                <hdop>4.7</hdop>
                <extensions>
                    <osmand:speed>1</osmand:speed>
                </extensions>
            </trkpt>
            <trkpt lat="43.6118436" lon="20.5509667">
                <ele>248.9</ele>
                <time>2026-05-10T15:44:17Z</time>
                <hdop>4.7</hdop>
                <extensions>
                    <osmand:speed>1.3</osmand:speed>
                </extensions>
            </trkpt>
            <trkpt lat="43.6117847" lon="20.5510268">
                <ele>251.3</ele>
                <time>2026-05-10T15:44:54Z</time>
                <hdop>4.7</hdop>
                <extensions>
                    <osmand:speed>0.1</osmand:speed>
                </extensions>
            </trkpt>
            <trkpt lat="43.6118116" lon="20.5510165">
                <ele>248.5</ele>
                <time>2026-05-10T15:45:51Z</time>
                <hdop>4.7</hdop>
                <extensions>
                    <osmand:speed>0.1</osmand:speed>
                </extensions>
            </trkpt>
            <trkpt lat="43.6118138" lon="20.5510184">
                <ele>247.4</ele>
                <time>2026-05-10T15:45:57Z</time>
                <hdop>4.7</hdop>
            </trkpt>
            <trkpt lat="43.6118151" lon="20.5510127">
                <ele>247.7</ele>
                <time>2026-05-10T15:46:03Z</time>
                <hdop>4.7</hdop>
            </trkpt>
            <trkpt lat="43.6118138" lon="20.5510122">
                <ele>247.5</ele>
                <time>2026-05-10T15:46:09Z</time>
                <hdop>4.7</hdop>
            </trkpt>
            <trkpt lat="43.6118319" lon="20.5510133">
                <ele>247.9</ele>
                <time>2026-05-10T15:46:15Z</time>
                <hdop>4.7</hdop>
            </trkpt>
            <trkpt lat="43.6118314" lon="20.5510811">
                <ele>246.8</ele>
                <time>2026-05-10T15:46:33Z</time>
                <hdop>4.7</hdop>
                <extensions>
                    <osmand:speed>0.6</osmand:speed>
                </extensions>
            </trkpt>
            <trkpt lat="43.611817" lon="20.5511425">
                <ele>247.4</ele>
                <time>2026-05-10T15:46:43Z</time>
                <hdop>4.7</hdop>
                <extensions>
                    <osmand:speed>0.4</osmand:speed>
                </extensions>
            </trkpt>
            <trkpt lat="43.6117864" lon="20.5511941">
                <ele>249.7</ele>
                <time>2026-05-10T15:47:05Z</time>
                <hdop>4.7</hdop>
                <extensions>
                    <osmand:speed>0.7</osmand:speed>
                </extensions>
            </trkpt>
            <trkpt lat="43.6117335" lon="20.5511585">
                <ele>249.8</ele>
                <time>2026-05-10T15:49:45Z</time>
                <hdop>4.7</hdop>
                <extensions>
                    <osmand:speed>0</osmand:speed>
                </extensions>
            </trkpt>
            <trkpt lat="43.6116881" lon="20.5511759">
                <ele>249.3</ele>
                <time>2026-05-10T15:49:53Z</time>
                <hdop>4.7</hdop>
                <extensions>
                    <osmand:speed>0.1</osmand:speed>
                </extensions>
            </trkpt>
            <trkpt lat="43.6116428" lon="20.5511668">
                <ele>248.8</ele>
                <time>2026-05-10T15:50:06Z</time>
                <hdop>4.7</hdop>
                <extensions>
                    <osmand:speed>0.1</osmand:speed>
                </extensions>
            </trkpt>
            <trkpt lat="43.6115473" lon="20.5511686">
                <ele>247.4</ele>
                <time>2026-05-10T15:50:17Z</time>
                <hdop>4.7</hdop>
                <extensions>
                    <osmand:speed>0.7</osmand:speed>
                </extensions>
            </trkpt>
            <trkpt lat="43.6114535" lon="20.5511971">
                <ele>246.6</ele>
                <time>2026-05-10T15:50:26Z</time>
                <hdop>4.7</hdop>
                <extensions>
                    <osmand:speed>1.1</osmand:speed>
                </extensions>
            </trkpt>
            <trkpt lat="43.6113549" lon="20.5512312">
                <ele>246.8</ele>
                <time>2026-05-10T15:50:36Z</time>
                <hdop>4.7</hdop>
                <extensions>
                    <osmand:speed>0.9</osmand:speed>
                </extensions>
            </trkpt>
            <trkpt lat="43.6113289" lon="20.5512824">
                <ele>246.2</ele>
                <time>2026-05-10T15:50:48Z</time>
                <hdop>4.7</hdop>
                <extensions>
                    <osmand:speed>0.3</osmand:speed>
                </extensions>
            </trkpt>
            <trkpt lat="43.611299" lon="20.5513322">
                <ele>246.4</ele>
                <time>2026-05-10T15:50:58Z</time>
                <hdop>4.7</hdop>
                <extensions>
                    <osmand:speed>1</osmand:speed>
                </extensions>
            </trkpt>
            <trkpt lat="43.6112485" lon="20.5514509">
                <ele>247.6</ele>
                <time>2026-05-10T15:51:07Z</time>
                <hdop>4.7</hdop>
                <extensions>
                    <osmand:speed>1.2</osmand:speed>
                </extensions>
            </trkpt>
            <trkpt lat="43.6112266" lon="20.551522">
                <ele>246.9</ele>
                <time>2026-05-10T15:51:17Z</time>
                <hdop>4.7</hdop>
                <extensions>
                    <osmand:speed>0.9</osmand:speed>
                </extensions>
            </trkpt>
            <trkpt lat="43.6112473" lon="20.5516389">
                <ele>245.7</ele>
                <time>2026-05-10T15:51:23Z</time>
                <hdop>4.7</hdop>
                <extensions>
                    <osmand:speed>0.7</osmand:speed>
                </extensions>
            </trkpt>
            <trkpt lat="43.611273" lon="20.5517346">
                <ele>246</ele>
                <time>2026-05-10T15:51:29Z</time>
                <hdop>4.7</hdop>
                <extensions>
                    <osmand:speed>1.1</osmand:speed>
                </extensions>
            </trkpt>
            <trkpt lat="43.6112902" lon="20.5518397">
                <ele>248.1</ele>
                <time>2026-05-10T15:51:35Z</time>
                <hdop>4.7</hdop>
                <extensions>
                    <osmand:speed>1.3</osmand:speed>
                </extensions>
            </trkpt>
        </trkseg>
    </trk>
    <extensions>
        <osmand:show_arrows>true</osmand:show_arrows>
        <osmand:show_start_finish>true</osmand:show_start_finish>
        <osmand:vertical_exaggeration_scale>0.25</osmand:vertical_exaggeration_scale>
        <osmand:elevation_meters>1000.0</osmand:elevation_meters>
        <osmand:line_3d_visualization_by_type>none</osmand:line_3d_visualization_by_type>
        <osmand:line_3d_visualization_wall_color_type>upward_gradient</osmand:line_3d_visualization_wall_color_type>
        <osmand:line_3d_visualization_position_type>top</osmand:line_3d_visualization_position_type>
        <osmand:color>#F52887</osmand:color>
        <osmand:coloring_type>solid</osmand:coloring_type>
        <osmand:is_join_segments>false</osmand:is_join_segments>
        <osmand:split_interval>0.0</osmand:split_interval>
        <osmand:split_type>no_split</osmand:split_type>
    </extensions>
</gpx>
