<?xml version="1.0" encoding="UTF-8" standalone="yes"?>
<gpx version="1.1" creator="OsmAndRouterV2" xmlns="http://www.topografix.com/GPX/1/1" xmlns:osmand="https://osmand.net/docs/technical/osmand-file-formats/osmand-gpx" xmlns:gpxtpx="https://www8.garmin.com/xmlschemas/TrackPointExtensionv1.xsd" xmlns:xsi="http://www.w3.org/2001/XMLSchema-instance" xsi:schemaLocation="http://www.topografix.com/GPX/1/1 https://www.topografix.com/GPX/1/1/gpx.xsd">
    <metadata>
        <name>Vrutci Camping V2</name>
        <time>2026-06-06T15:31:45Z</time>
    </metadata>
    <trk>
        <name>Vrutci Camping V2</name>
        <trkseg>
            <trkpt lat="43.8460959" lon="19.7623812">
                <ele>0</ele>
                <time>2026-06-06T09:10:06Z</time>
                <hdop>35</hdop>
            </trkpt>
            <trkpt lat="43.8457257" lon="19.7625441">
                <ele>534</ele>
                <time>2026-06-06T09:10:21Z</time>
                <hdop>14.2</hdop>
                <extensions>
                    <osmand:speed>1.7</osmand:speed>
                </extensions>
            </trkpt>
            <trkpt lat="43.8458129" lon="19.7626151">
                <ele>530</ele>
                <time>2026-06-06T09:10:27Z</time>
                <hdop>3.5</hdop>
            </trkpt>
            <trkpt lat="43.8458211" lon="19.76261">
                <ele>530.6</ele>
                <time>2026-06-06T09:10:33Z</time>
                <hdop>3.6</hdop>
            </trkpt>
            <trkpt lat="43.8458112" lon="19.7626117">
                <ele>528.9</ele>
                <time>2026-06-06T09:10:39Z</time>
                <hdop>4.7</hdop>
            </trkpt>
            <trkpt lat="43.8458112" lon="19.7626117">
                <ele>528.9</ele>
                <time>2026-06-06T09:10:45Z</time>
                <hdop>4.7</hdop>
            </trkpt>
            <trkpt lat="43.8457984" lon="19.7626152">
                <ele>523.2</ele>
                <time>2026-06-06T09:10:51Z</time>
                <hdop>4.1</hdop>
            </trkpt>
        </trkseg>
        <trkseg>
            <trkpt lat="43.8457693" lon="19.7625499">
                <ele>525.9</ele>
                <time>2026-06-06T09:21:50Z</time>
                <hdop>8.1</hdop>
                <extensions>
                    <osmand:speed>1.4</osmand:speed>
                </extensions>
            </trkpt>
            <trkpt lat="43.8458187" lon="19.762586">
                <ele>525.7</ele>
                <time>2026-06-06T09:22:36Z</time>
                <hdop>15.4</hdop>
                <extensions>
                    <osmand:speed>1.1</osmand:speed>
                </extensions>
            </trkpt>
            <trkpt lat="43.8458671" lon="19.7626173">
                <ele>526.6</ele>
                <time>2026-06-06T09:22:43Z</time>
                <hdop>15.1</hdop>
                <extensions>
                    <osmand:speed>0.7</osmand:speed>
                </extensions>
            </trkpt>
            <trkpt lat="43.8459516" lon="19.7626024">
                <ele>524.6</ele>
                <time>2026-06-06T09:22:49Z</time>
                <hdop>15.6</hdop>
                <extensions>
                    <osmand:speed>1.5</osmand:speed>
                </extensions>
            </trkpt>
            <trkpt lat="43.8460498" lon="19.7625834">
                <ele>525.5</ele>
                <time>2026-06-06T09:22:56Z</time>
                <hdop>14</hdop>
                <extensions>
                    <osmand:speed>1.6</osmand:speed>
                </extensions>
            </trkpt>
            <trkpt lat="43.8461132" lon="19.7625543">
                <ele>528.4</ele>
                <time>2026-06-06T09:23:02Z</time>
                <hdop>11.8</hdop>
                <extensions>
                    <osmand:speed>1.2</osmand:speed>
                </extensions>
            </trkpt>
            <trkpt lat="43.8461505" lon="19.7624854">
                <ele>528.4</ele>
                <time>2026-06-06T09:23:08Z</time>
                <hdop>11</hdop>
                <extensions>
                    <osmand:speed>0.6</osmand:speed>
                </extensions>
            </trkpt>
            <trkpt lat="43.8461536" lon="19.7625172">
                <ele>528.3</ele>
                <time>2026-06-06T09:23:14Z</time>
                <hdop>9.6</hdop>
                <extensions>
                    <osmand:speed>0</osmand:speed>
                </extensions>
            </trkpt>
            <trkpt lat="43.8461526" lon="19.7625285">
                <ele>526.8</ele>
                <time>2026-06-06T09:23:20Z</time>
                <hdop>10.1</hdop>
                <extensions>
                    <osmand:speed>0</osmand:speed>
                </extensions>
            </trkpt>
            <trkpt lat="43.8461582" lon="19.7625278">
                <ele>527.2</ele>
                <time>2026-06-06T09:23:26Z</time>
                <hdop>10.7</hdop>
            </trkpt>
            <trkpt lat="43.8461592" lon="19.7625397">
                <ele>529.3</ele>
                <time>2026-06-06T09:23:32Z</time>
                <hdop>11.5</hdop>
                <extensions>
                    <osmand:speed>0</osmand:speed>
                </extensions>
            </trkpt>
            <trkpt lat="43.8461587" lon="19.7625358">
                <ele>529.9</ele>
                <time>2026-06-06T09:23:38Z</time>
                <hdop>10.9</hdop>
            </trkpt>
            <trkpt lat="43.8461541" lon="19.7625285">
                <ele>531.8</ele>
                <time>2026-06-06T09:23:44Z</time>
                <hdop>10.5</hdop>
                <extensions>
                    <osmand:speed>0</osmand:speed>
                </extensions>
            </trkpt>
            <trkpt lat="43.8461494" lon="19.7625296">
                <ele>531.2</ele>
                <time>2026-06-06T09:23:50Z</time>
                <hdop>10.6</hdop>
                <extensions>
                    <osmand:speed>0</osmand:speed>
                </extensions>
            </trkpt>
            <trkpt lat="43.8461371" lon="19.7625402">
                <ele>529.9</ele>
                <time>2026-06-06T09:23:56Z</time>
                <hdop>11.2</hdop>
                <extensions>
                    <osmand:speed>0</osmand:speed>
                </extensions>
            </trkpt>
            <trkpt lat="43.8460802" lon="19.762607">
                <ele>528.5</ele>
                <time>2026-06-06T09:24:05Z</time>
                <hdop>10.6</hdop>
                <extensions>
                    <osmand:speed>0.1</osmand:speed>
                </extensions>
            </trkpt>
            <trkpt lat="43.8459848" lon="19.7625943">
                <ele>528.6</ele>
                <time>2026-06-06T09:24:12Z</time>
                <hdop>8.8</hdop>
                <extensions>
                    <osmand:speed>0.1</osmand:speed>
                </extensions>
            </trkpt>
            <trkpt lat="43.8458754" lon="19.7626009">
                <ele>527.6</ele>
                <time>2026-06-06T09:24:20Z</time>
                <hdop>7.9</hdop>
                <extensions>
                    <osmand:speed>0.5</osmand:speed>
                </extensions>
            </trkpt>
            <trkpt lat="43.8457644" lon="19.762591">
                <ele>529.9</ele>
                <time>2026-06-06T09:24:27Z</time>
                <hdop>6.9</hdop>
                <extensions>
                    <osmand:speed>1.3</osmand:speed>
                </extensions>
            </trkpt>
            <trkpt lat="43.8457183" lon="19.7625913">
                <ele>528.3</ele>
                <time>2026-06-06T09:24:45Z</time>
                <hdop>4.9</hdop>
                <extensions>
                    <osmand:speed>0.4</osmand:speed>
                </extensions>
            </trkpt>
            <trkpt lat="43.8456755" lon="19.7625807">
                <ele>527.6</ele>
                <time>2026-06-06T09:24:51Z</time>
                <hdop>4.4</hdop>
                <extensions>
                    <osmand:speed>0.7</osmand:speed>
                </extensions>
            </trkpt>
            <trkpt lat="43.8456642" lon="19.762634">
                <ele>527.9</ele>
                <time>2026-06-06T09:24:57Z</time>
                <hdop>4.2</hdop>
                <extensions>
                    <osmand:speed>0.2</osmand:speed>
                </extensions>
            </trkpt>
            <trkpt lat="43.8456583" lon="19.7627984">
                <ele>528.4</ele>
                <time>2026-06-06T09:25:06Z</time>
                <hdop>3.9</hdop>
                <extensions>
                    <osmand:speed>1.6</osmand:speed>
                </extensions>
            </trkpt>
            <trkpt lat="43.8456531" lon="19.7629452">
                <ele>528.8</ele>
                <time>2026-06-06T09:25:15Z</time>
                <hdop>4</hdop>
                <extensions>
                    <osmand:speed>1.3</osmand:speed>
                </extensions>
            </trkpt>
            <trkpt lat="43.8456704" lon="19.7630795">
                <ele>529.4</ele>
                <time>2026-06-06T09:25:23Z</time>
                <hdop>3.9</hdop>
                <extensions>
                    <osmand:speed>1.2</osmand:speed>
                </extensions>
            </trkpt>
            <trkpt lat="43.8456437" lon="19.763151">
                <ele>529</ele>
                <time>2026-06-06T09:25:29Z</time>
                <hdop>4.1</hdop>
                <extensions>
                    <osmand:speed>1.2</osmand:speed>
                </extensions>
            </trkpt>
            <trkpt lat="43.8456484" lon="19.7632822">
                <ele>527.2</ele>
                <time>2026-06-06T09:25:49Z</time>
                <hdop>4.8</hdop>
                <extensions>
                    <osmand:speed>0.5</osmand:speed>
                </extensions>
            </trkpt>
            <trkpt lat="43.8456471" lon="19.7634294">
                <ele>528</ele>
                <time>2026-06-06T09:25:59Z</time>
                <hdop>4.8</hdop>
                <extensions>
                    <osmand:speed>1</osmand:speed>
                </extensions>
            </trkpt>
            <trkpt lat="43.8456373" lon="19.7636038">
                <ele>528.2</ele>
                <time>2026-06-06T09:26:08Z</time>
                <hdop>4.5</hdop>
                <extensions>
                    <osmand:speed>2.1</osmand:speed>
                </extensions>
            </trkpt>
            <trkpt lat="43.8456349" lon="19.7636679">
                <ele>528</ele>
                <time>2026-06-06T09:26:14Z</time>
                <hdop>4.1</hdop>
                <extensions>
                    <osmand:speed>0.4</osmand:speed>
                </extensions>
            </trkpt>
            <trkpt lat="43.8456155" lon="19.7637572">
                <ele>527.4</ele>
                <time>2026-06-06T09:26:20Z</time>
                <hdop>3.7</hdop>
                <extensions>
                    <osmand:speed>0.6</osmand:speed>
                </extensions>
            </trkpt>
            <trkpt lat="43.845616" lon="19.7637536">
                <ele>526.7</ele>
                <time>2026-06-06T09:26:26Z</time>
                <hdop>3.7</hdop>
                <extensions>
                    <osmand:speed>0.1</osmand:speed>
                </extensions>
            </trkpt>
            <trkpt lat="43.8456242" lon="19.7637392">
                <ele>526.4</ele>
                <time>2026-06-06T09:26:32Z</time>
                <hdop>3.8</hdop>
                <extensions>
                    <osmand:speed>0.1</osmand:speed>
                </extensions>
            </trkpt>
            <trkpt lat="43.8456342" lon="19.7637457">
                <ele>526.6</ele>
                <time>2026-06-06T09:26:38Z</time>
                <hdop>3.9</hdop>
                <extensions>
                    <osmand:speed>0.2</osmand:speed>
                </extensions>
            </trkpt>
            <trkpt lat="43.8456572" lon="19.7636791">
                <ele>525.1</ele>
                <time>2026-06-06T09:26:58Z</time>
                <hdop>7.3</hdop>
                <extensions>
                    <osmand:speed>1.3</osmand:speed>
                </extensions>
            </trkpt>
            <trkpt lat="43.8456941" lon="19.7636266">
                <ele>526.1</ele>
                <time>2026-06-06T09:27:04Z</time>
                <hdop>7.3</hdop>
                <extensions>
                    <osmand:speed>1</osmand:speed>
                </extensions>
            </trkpt>
            <trkpt lat="43.8457021" lon="19.7634868">
                <ele>525.2</ele>
                <time>2026-06-06T09:27:12Z</time>
                <hdop>6.4</hdop>
                <extensions>
                    <osmand:speed>1.5</osmand:speed>
                </extensions>
            </trkpt>
            <trkpt lat="43.8457073" lon="19.7633341">
                <ele>526.9</ele>
                <time>2026-06-06T09:27:20Z</time>
                <hdop>5.4</hdop>
                <extensions>
                    <osmand:speed>1.5</osmand:speed>
                </extensions>
            </trkpt>
            <trkpt lat="43.8457241" lon="19.7631971">
                <ele>525.4</ele>
                <time>2026-06-06T09:27:29Z</time>
                <hdop>4.6</hdop>
                <extensions>
                    <osmand:speed>1.2</osmand:speed>
                </extensions>
            </trkpt>
            <trkpt lat="43.8457524" lon="19.7631398">
                <ele>525.2</ele>
                <time>2026-06-06T09:27:36Z</time>
                <hdop>4.3</hdop>
                <extensions>
                    <osmand:speed>0.8</osmand:speed>
                </extensions>
            </trkpt>
            <trkpt lat="43.8457661" lon="19.7630013">
                <ele>524.3</ele>
                <time>2026-06-06T09:27:44Z</time>
                <hdop>4.1</hdop>
                <extensions>
                    <osmand:speed>1.4</osmand:speed>
                </extensions>
            </trkpt>
            <trkpt lat="43.8457768" lon="19.7628474">
                <ele>525.2</ele>
                <time>2026-06-06T09:27:53Z</time>
                <hdop>4</hdop>
                <extensions>
                    <osmand:speed>1.2</osmand:speed>
                </extensions>
            </trkpt>
            <trkpt lat="43.8457838" lon="19.762719">
                <ele>525.8</ele>
                <time>2026-06-06T09:28:02Z</time>
                <hdop>4</hdop>
                <extensions>
                    <osmand:speed>1.2</osmand:speed>
                </extensions>
            </trkpt>
            <trkpt lat="43.8458337" lon="19.7626214">
                <ele>526.1</ele>
                <time>2026-06-06T09:28:43Z</time>
                <hdop>5.7</hdop>
                <extensions>
                    <osmand:speed>0.7</osmand:speed>
                </extensions>
            </trkpt>
            <trkpt lat="43.8458769" lon="19.7625986">
                <ele>525.7</ele>
                <time>2026-06-06T09:28:49Z</time>
                <hdop>5.9</hdop>
                <extensions>
                    <osmand:speed>0.8</osmand:speed>
                </extensions>
            </trkpt>
            <trkpt lat="43.8459925" lon="19.7625842">
                <ele>524.1</ele>
                <time>2026-06-06T09:28:58Z</time>
                <hdop>6</hdop>
                <extensions>
                    <osmand:speed>1.3</osmand:speed>
                </extensions>
            </trkpt>
            <trkpt lat="43.8460374" lon="19.7626771">
                <ele>524.8</ele>
                <time>2026-06-06T09:29:07Z</time>
                <hdop>5.4</hdop>
                <extensions>
                    <osmand:speed>1.2</osmand:speed>
                </extensions>
            </trkpt>
            <trkpt lat="43.8459644" lon="19.7627823">
                <ele>524.1</ele>
                <time>2026-06-06T09:29:15Z</time>
                <hdop>5.3</hdop>
                <extensions>
                    <osmand:speed>1.5</osmand:speed>
                </extensions>
            </trkpt>
            <trkpt lat="43.8458953" lon="19.7628913">
                <ele>524.1</ele>
                <time>2026-06-06T09:29:23Z</time>
                <hdop>5.1</hdop>
                <extensions>
                    <osmand:speed>1.5</osmand:speed>
                </extensions>
            </trkpt>
            <trkpt lat="43.8458251" lon="19.7629842">
                <ele>523.5</ele>
                <time>2026-06-06T09:29:32Z</time>
                <hdop>4.8</hdop>
                <extensions>
                    <osmand:speed>1.1</osmand:speed>
                </extensions>
            </trkpt>
            <trkpt lat="43.8457734" lon="19.7629863">
                <ele>525</ele>
                <time>2026-06-06T09:29:39Z</time>
                <hdop>4.7</hdop>
                <extensions>
                    <osmand:speed>1.1</osmand:speed>
                </extensions>
            </trkpt>
            <trkpt lat="43.845673" lon="19.7629754">
                <ele>524.9</ele>
                <time>2026-06-06T09:29:47Z</time>
                <hdop>5.5</hdop>
                <extensions>
                    <osmand:speed>1.4</osmand:speed>
                </extensions>
            </trkpt>
            <trkpt lat="43.8455713" lon="19.7629697">
                <ele>522.1</ele>
                <time>2026-06-06T09:29:53Z</time>
                <hdop>6.7</hdop>
                <extensions>
                    <osmand:speed>0.9</osmand:speed>
                </extensions>
            </trkpt>
            <trkpt lat="43.8455009" lon="19.7630684">
                <ele>523.9</ele>
                <time>2026-06-06T09:29:59Z</time>
                <hdop>6.3</hdop>
                <extensions>
                    <osmand:speed>1.4</osmand:speed>
                </extensions>
            </trkpt>
            <trkpt lat="43.8454804" lon="19.7631646">
                <ele>524.7</ele>
                <time>2026-06-06T09:30:05Z</time>
                <hdop>6.1</hdop>
                <extensions>
                    <osmand:speed>1.1</osmand:speed>
                </extensions>
            </trkpt>
            <trkpt lat="43.8454607" lon="19.7632463">
                <ele>523.8</ele>
                <time>2026-06-06T09:30:11Z</time>
                <hdop>5.8</hdop>
                <extensions>
                    <osmand:speed>1.1</osmand:speed>
                </extensions>
            </trkpt>
            <trkpt lat="43.8454472" lon="19.7633344">
                <ele>523.9</ele>
                <time>2026-06-06T09:30:17Z</time>
                <hdop>5.8</hdop>
                <extensions>
                    <osmand:speed>1.1</osmand:speed>
                </extensions>
            </trkpt>
            <trkpt lat="43.8454376" lon="19.7634233">
                <ele>523.2</ele>
                <time>2026-06-06T09:30:23Z</time>
                <hdop>5.6</hdop>
                <extensions>
                    <osmand:speed>1</osmand:speed>
                </extensions>
            </trkpt>
            <trkpt lat="43.8454159" lon="19.7635104">
                <ele>519.2</ele>
                <time>2026-06-06T09:30:37Z</time>
                <hdop>5.3</hdop>
                <extensions>
                    <osmand:speed>1.6</osmand:speed>
                </extensions>
            </trkpt>
            <trkpt lat="43.8453531" lon="19.7635585">
                <ele>518.7</ele>
                <time>2026-06-06T09:30:43Z</time>
                <hdop>4.6</hdop>
                <extensions>
                    <osmand:speed>1.5</osmand:speed>
                </extensions>
            </trkpt>
            <trkpt lat="43.8453207" lon="19.763454">
                <ele>518.8</ele>
                <time>2026-06-06T09:30:49Z</time>
                <hdop>4.1</hdop>
                <extensions>
                    <osmand:speed>1.4</osmand:speed>
                </extensions>
            </trkpt>
            <trkpt lat="43.8452862" lon="19.7633467">
                <ele>518.8</ele>
                <time>2026-06-06T09:30:55Z</time>
                <hdop>3.7</hdop>
                <extensions>
                    <osmand:speed>1.6</osmand:speed>
                </extensions>
            </trkpt>
            <trkpt lat="43.8452543" lon="19.7632339">
                <ele>519.6</ele>
                <time>2026-06-06T09:31:01Z</time>
                <hdop>3.7</hdop>
                <extensions>
                    <osmand:speed>1.6</osmand:speed>
                </extensions>
            </trkpt>
            <trkpt lat="43.8452497" lon="19.7630938">
                <ele>517.8</ele>
                <time>2026-06-06T09:31:09Z</time>
                <hdop>4.1</hdop>
                <extensions>
                    <osmand:speed>1.5</osmand:speed>
                </extensions>
            </trkpt>
            <trkpt lat="43.8452339" lon="19.7629539">
                <ele>518.2</ele>
                <time>2026-06-06T09:31:16Z</time>
                <hdop>4.4</hdop>
                <extensions>
                    <osmand:speed>1.6</osmand:speed>
                </extensions>
            </trkpt>
            <trkpt lat="43.8452056" lon="19.762842">
                <ele>518.9</ele>
                <time>2026-06-06T09:31:22Z</time>
                <hdop>4.2</hdop>
                <extensions>
                    <osmand:speed>1.6</osmand:speed>
                </extensions>
            </trkpt>
            <trkpt lat="43.8452003" lon="19.7627477">
                <ele>519</ele>
                <time>2026-06-06T09:31:28Z</time>
                <hdop>3.9</hdop>
                <extensions>
                    <osmand:speed>1.4</osmand:speed>
                </extensions>
            </trkpt>
            <trkpt lat="43.8451906" lon="19.762648">
                <ele>518.4</ele>
                <time>2026-06-06T09:31:34Z</time>
                <hdop>3.6</hdop>
                <extensions>
                    <osmand:speed>1.3</osmand:speed>
                </extensions>
            </trkpt>
            <trkpt lat="43.8451824" lon="19.7625459">
                <ele>517.3</ele>
                <time>2026-06-06T09:31:40Z</time>
                <hdop>3.6</hdop>
                <extensions>
                    <osmand:speed>1.4</osmand:speed>
                </extensions>
            </trkpt>
            <trkpt lat="43.8452021" lon="19.7624296">
                <ele>516.5</ele>
                <time>2026-06-06T09:31:48Z</time>
                <hdop>3.5</hdop>
                <extensions>
                    <osmand:speed>1</osmand:speed>
                </extensions>
            </trkpt>
            <trkpt lat="43.8452012" lon="19.7622911">
                <ele>513.3</ele>
                <time>2026-06-06T09:31:57Z</time>
                <hdop>3.9</hdop>
                <extensions>
                    <osmand:speed>1.3</osmand:speed>
                </extensions>
            </trkpt>
            <trkpt lat="43.8451721" lon="19.7621477">
                <ele>512.3</ele>
                <time>2026-06-06T09:32:07Z</time>
                <hdop>4.7</hdop>
                <extensions>
                    <osmand:speed>0.8</osmand:speed>
                </extensions>
            </trkpt>
            <trkpt lat="43.8451189" lon="19.7620284">
                <ele>509.9</ele>
                <time>2026-06-06T09:32:16Z</time>
                <hdop>5</hdop>
                <extensions>
                    <osmand:speed>1.2</osmand:speed>
                </extensions>
            </trkpt>
            <trkpt lat="43.8451009" lon="19.7619544">
                <ele>509.2</ele>
                <time>2026-06-06T09:32:22Z</time>
                <hdop>5.1</hdop>
                <extensions>
                    <osmand:speed>0.3</osmand:speed>
                </extensions>
            </trkpt>
            <trkpt lat="43.8451019" lon="19.7619219">
                <ele>509.4</ele>
                <time>2026-06-06T09:32:28Z</time>
                <hdop>5.3</hdop>
                <extensions>
                    <osmand:speed>0.9</osmand:speed>
                </extensions>
            </trkpt>
            <trkpt lat="43.8451185" lon="19.7618219">
                <ele>508.4</ele>
                <time>2026-06-06T09:32:34Z</time>
                <hdop>5.9</hdop>
                <extensions>
                    <osmand:speed>1.3</osmand:speed>
                </extensions>
            </trkpt>
            <trkpt lat="43.845131" lon="19.7617157">
                <ele>509.1</ele>
                <time>2026-06-06T09:32:40Z</time>
                <hdop>5.9</hdop>
                <extensions>
                    <osmand:speed>1</osmand:speed>
                </extensions>
            </trkpt>
            <trkpt lat="43.845152" lon="19.7616001">
                <ele>510.1</ele>
                <time>2026-06-06T09:32:46Z</time>
                <hdop>5.8</hdop>
                <extensions>
                    <osmand:speed>1.2</osmand:speed>
                </extensions>
            </trkpt>
            <trkpt lat="43.8451447" lon="19.7614966">
                <ele>511.9</ele>
                <time>2026-06-06T09:32:52Z</time>
                <hdop>5.3</hdop>
                <extensions>
                    <osmand:speed>1.1</osmand:speed>
                </extensions>
            </trkpt>
            <trkpt lat="43.8451501" lon="19.7614035">
                <ele>511.8</ele>
                <time>2026-06-06T09:32:58Z</time>
                <hdop>4.8</hdop>
                <extensions>
                    <osmand:speed>1.1</osmand:speed>
                </extensions>
            </trkpt>
            <trkpt lat="43.8451177" lon="19.7613636">
                <ele>513.4</ele>
                <time>2026-06-06T09:33:04Z</time>
                <hdop>4.8</hdop>
                <extensions>
                    <osmand:speed>0</osmand:speed>
                </extensions>
            </trkpt>
            <trkpt lat="43.8451201" lon="19.761373">
                <ele>513.8</ele>
                <time>2026-06-06T09:33:10Z</time>
                <hdop>5.2</hdop>
                <extensions>
                    <osmand:speed>0</osmand:speed>
                </extensions>
            </trkpt>
            <trkpt lat="43.8450941" lon="19.7613628">
                <ele>515.8</ele>
                <time>2026-06-06T09:33:16Z</time>
                <hdop>5.6</hdop>
                <extensions>
                    <osmand:speed>0.4</osmand:speed>
                </extensions>
            </trkpt>
            <trkpt lat="43.8450986" lon="19.7613663">
                <ele>517.3</ele>
                <time>2026-06-06T09:33:22Z</time>
                <hdop>6</hdop>
                <extensions>
                    <osmand:speed>0.1</osmand:speed>
                </extensions>
            </trkpt>
            <trkpt lat="43.8451066" lon="19.7613644">
                <ele>518.3</ele>
                <time>2026-06-06T09:33:28Z</time>
                <hdop>6.5</hdop>
                <extensions>
                    <osmand:speed>0</osmand:speed>
                </extensions>
            </trkpt>
            <trkpt lat="43.8451139" lon="19.7613737">
                <ele>518.7</ele>
                <time>2026-06-06T09:33:34Z</time>
                <hdop>7</hdop>
                <extensions>
                    <osmand:speed>0</osmand:speed>
                </extensions>
            </trkpt>
            <trkpt lat="43.8451318" lon="19.7613767">
                <ele>518.6</ele>
                <time>2026-06-06T09:33:40Z</time>
                <hdop>7</hdop>
                <extensions>
                    <osmand:speed>0.1</osmand:speed>
                </extensions>
            </trkpt>
            <trkpt lat="43.8451459" lon="19.7614791">
                <ele>515.7</ele>
                <time>2026-06-06T09:33:46Z</time>
                <hdop>6.1</hdop>
                <extensions>
                    <osmand:speed>0.9</osmand:speed>
                </extensions>
            </trkpt>
            <trkpt lat="43.8451392" lon="19.7615964">
                <ele>514.2</ele>
                <time>2026-06-06T09:33:52Z</time>
                <hdop>5.3</hdop>
                <extensions>
                    <osmand:speed>1.1</osmand:speed>
                </extensions>
            </trkpt>
            <trkpt lat="43.8451205" lon="19.7616934">
                <ele>513.6</ele>
                <time>2026-06-06T09:33:58Z</time>
                <hdop>4.9</hdop>
                <extensions>
                    <osmand:speed>0.8</osmand:speed>
                </extensions>
            </trkpt>
            <trkpt lat="43.8451129" lon="19.7617822">
                <ele>511.9</ele>
                <time>2026-06-06T09:34:04Z</time>
                <hdop>4.8</hdop>
                <extensions>
                    <osmand:speed>0.5</osmand:speed>
                </extensions>
            </trkpt>
            <trkpt lat="43.8451093" lon="19.7619016">
                <ele>513.6</ele>
                <time>2026-06-06T09:34:10Z</time>
                <hdop>4.9</hdop>
                <extensions>
                    <osmand:speed>1.1</osmand:speed>
                </extensions>
            </trkpt>
            <trkpt lat="43.8451071" lon="19.762">
                <ele>512.8</ele>
                <time>2026-06-06T09:34:16Z</time>
                <hdop>5.5</hdop>
                <extensions>
                    <osmand:speed>1</osmand:speed>
                </extensions>
            </trkpt>
            <trkpt lat="43.8451437" lon="19.7621771">
                <ele>515.6</ele>
                <time>2026-06-06T09:34:28Z</time>
                <hdop>5.5</hdop>
                <extensions>
                    <osmand:speed>0.5</osmand:speed>
                </extensions>
            </trkpt>
            <trkpt lat="43.8451725" lon="19.7623165">
                <ele>517.1</ele>
                <time>2026-06-06T09:34:36Z</time>
                <hdop>5.2</hdop>
                <extensions>
                    <osmand:speed>1.2</osmand:speed>
                </extensions>
            </trkpt>
            <trkpt lat="43.8451855" lon="19.7624543">
                <ele>518.5</ele>
                <time>2026-06-06T09:34:45Z</time>
                <hdop>5.1</hdop>
                <extensions>
                    <osmand:speed>1.3</osmand:speed>
                </extensions>
            </trkpt>
            <trkpt lat="43.8451863" lon="19.7625379">
                <ele>519.5</ele>
                <time>2026-06-06T09:35:00Z</time>
                <hdop>5.9</hdop>
                <extensions>
                    <osmand:speed>1.3</osmand:speed>
                </extensions>
            </trkpt>
            <trkpt lat="43.8452026" lon="19.7626943">
                <ele>519</ele>
                <time>2026-06-06T09:35:10Z</time>
                <hdop>7.5</hdop>
                <extensions>
                    <osmand:speed>1.6</osmand:speed>
                </extensions>
            </trkpt>
            <trkpt lat="43.8452214" lon="19.7628369">
                <ele>517.9</ele>
                <time>2026-06-06T09:35:18Z</time>
                <hdop>6.3</hdop>
                <extensions>
                    <osmand:speed>1.1</osmand:speed>
                </extensions>
            </trkpt>
            <trkpt lat="43.8452384" lon="19.7629701">
                <ele>517.8</ele>
                <time>2026-06-06T09:35:25Z</time>
                <hdop>5.5</hdop>
                <extensions>
                    <osmand:speed>1.6</osmand:speed>
                </extensions>
            </trkpt>
            <trkpt lat="43.8452487" lon="19.7631126">
                <ele>518.3</ele>
                <time>2026-06-06T09:35:33Z</time>
                <hdop>5</hdop>
                <extensions>
                    <osmand:speed>1.6</osmand:speed>
                </extensions>
            </trkpt>
            <trkpt lat="43.8452824" lon="19.7632469">
                <ele>518.8</ele>
                <time>2026-06-06T09:35:42Z</time>
                <hdop>4.9</hdop>
                <extensions>
                    <osmand:speed>1.3</osmand:speed>
                </extensions>
            </trkpt>
            <trkpt lat="43.8453357" lon="19.7632576">
                <ele>520.5</ele>
                <time>2026-06-06T09:35:51Z</time>
                <hdop>4.7</hdop>
                <extensions>
                    <osmand:speed>1.3</osmand:speed>
                </extensions>
            </trkpt>
            <trkpt lat="43.8453231" lon="19.7631521">
                <ele>519.2</ele>
                <time>2026-06-06T09:35:57Z</time>
                <hdop>4.5</hdop>
                <extensions>
                    <osmand:speed>1.2</osmand:speed>
                </extensions>
            </trkpt>
            <trkpt lat="43.8453217" lon="19.7630509">
                <ele>519</ele>
                <time>2026-06-06T09:36:03Z</time>
                <hdop>4.5</hdop>
                <extensions>
                    <osmand:speed>1.3</osmand:speed>
                </extensions>
            </trkpt>
            <trkpt lat="43.8453172" lon="19.7629654">
                <ele>518.5</ele>
                <time>2026-06-06T09:36:09Z</time>
                <hdop>4.3</hdop>
                <extensions>
                    <osmand:speed>0.9</osmand:speed>
                </extensions>
            </trkpt>
            <trkpt lat="43.8453082" lon="19.7628771">
                <ele>518.4</ele>
                <time>2026-06-06T09:36:15Z</time>
                <hdop>4.1</hdop>
                <extensions>
                    <osmand:speed>1</osmand:speed>
                </extensions>
            </trkpt>
            <trkpt lat="43.8453044" lon="19.7627831">
                <ele>517.7</ele>
                <time>2026-06-06T09:36:21Z</time>
                <hdop>4</hdop>
                <extensions>
                    <osmand:speed>1.1</osmand:speed>
                </extensions>
            </trkpt>
            <trkpt lat="43.8453131" lon="19.7626637">
                <ele>517.8</ele>
                <time>2026-06-06T09:36:27Z</time>
                <hdop>4.4</hdop>
                <extensions>
                    <osmand:speed>1.1</osmand:speed>
                </extensions>
            </trkpt>
            <trkpt lat="43.8453178" lon="19.7625505">
                <ele>517.6</ele>
                <time>2026-06-06T09:36:33Z</time>
                <hdop>4.4</hdop>
                <extensions>
                    <osmand:speed>1.2</osmand:speed>
                </extensions>
            </trkpt>
            <trkpt lat="43.8453066" lon="19.762437">
                <ele>517.1</ele>
                <time>2026-06-06T09:36:39Z</time>
                <hdop>4.4</hdop>
                <extensions>
                    <osmand:speed>1.5</osmand:speed>
                </extensions>
            </trkpt>
            <trkpt lat="43.8452951" lon="19.7623201">
                <ele>517.8</ele>
                <time>2026-06-06T09:36:45Z</time>
                <hdop>4.7</hdop>
                <extensions>
                    <osmand:speed>1.5</osmand:speed>
                </extensions>
            </trkpt>
            <trkpt lat="43.845306" lon="19.7622032">
                <ele>518.4</ele>
                <time>2026-06-06T09:36:51Z</time>
                <hdop>4.3</hdop>
                <extensions>
                    <osmand:speed>1.5</osmand:speed>
                </extensions>
            </trkpt>
            <trkpt lat="43.8453216" lon="19.7620777">
                <ele>518.1</ele>
                <time>2026-06-06T09:36:57Z</time>
                <hdop>4.2</hdop>
                <extensions>
                    <osmand:speed>1.4</osmand:speed>
                </extensions>
            </trkpt>
            <trkpt lat="43.8453378" lon="19.7619708">
                <ele>518.4</ele>
                <time>2026-06-06T09:37:03Z</time>
                <hdop>4.2</hdop>
                <extensions>
                    <osmand:speed>1.3</osmand:speed>
                </extensions>
            </trkpt>
            <trkpt lat="43.8453609" lon="19.7618596">
                <ele>518.7</ele>
                <time>2026-06-06T09:37:09Z</time>
                <hdop>4.2</hdop>
                <extensions>
                    <osmand:speed>1.4</osmand:speed>
                </extensions>
            </trkpt>
            <trkpt lat="43.8453804" lon="19.7617603">
                <ele>518.8</ele>
                <time>2026-06-06T09:37:15Z</time>
                <hdop>4.1</hdop>
                <extensions>
                    <osmand:speed>1.4</osmand:speed>
                </extensions>
            </trkpt>
            <trkpt lat="43.8454061" lon="19.7616516">
                <ele>519.7</ele>
                <time>2026-06-06T09:37:21Z</time>
                <hdop>4</hdop>
                <extensions>
                    <osmand:speed>1.4</osmand:speed>
                </extensions>
            </trkpt>
            <trkpt lat="43.8454299" lon="19.7615323">
                <ele>520.2</ele>
                <time>2026-06-06T09:37:27Z</time>
                <hdop>4</hdop>
                <extensions>
                    <osmand:speed>1.5</osmand:speed>
                </extensions>
            </trkpt>
            <trkpt lat="43.8454506" lon="19.7614265">
                <ele>520.3</ele>
                <time>2026-06-06T09:37:33Z</time>
                <hdop>4</hdop>
                <extensions>
                    <osmand:speed>1.4</osmand:speed>
                </extensions>
            </trkpt>
            <trkpt lat="43.8454684" lon="19.761312">
                <ele>520.6</ele>
                <time>2026-06-06T09:37:39Z</time>
                <hdop>4.2</hdop>
                <extensions>
                    <osmand:speed>1.3</osmand:speed>
                </extensions>
            </trkpt>
            <trkpt lat="43.8454874" lon="19.7612231">
                <ele>519.7</ele>
                <time>2026-06-06T09:37:45Z</time>
                <hdop>4.1</hdop>
                <extensions>
                    <osmand:speed>1.5</osmand:speed>
                </extensions>
            </trkpt>
            <trkpt lat="43.8455149" lon="19.7610701">
                <ele>519.9</ele>
                <time>2026-06-06T09:37:54Z</time>
                <hdop>4.1</hdop>
                <extensions>
                    <osmand:speed>1.4</osmand:speed>
                </extensions>
            </trkpt>
            <trkpt lat="43.8455629" lon="19.7609351">
                <ele>520.2</ele>
                <time>2026-06-06T09:38:02Z</time>
                <hdop>4</hdop>
                <extensions>
                    <osmand:speed>1.4</osmand:speed>
                </extensions>
            </trkpt>
            <trkpt lat="43.8455945" lon="19.7608051">
                <ele>520.6</ele>
                <time>2026-06-06T09:38:09Z</time>
                <hdop>4.1</hdop>
                <extensions>
                    <osmand:speed>1.6</osmand:speed>
                </extensions>
            </trkpt>
            <trkpt lat="43.8456131" lon="19.7606596">
                <ele>519.8</ele>
                <time>2026-06-06T09:38:17Z</time>
                <hdop>4.7</hdop>
                <extensions>
                    <osmand:speed>1.7</osmand:speed>
                </extensions>
            </trkpt>
            <trkpt lat="43.8456281" lon="19.7605227">
                <ele>519.5</ele>
                <time>2026-06-06T09:38:25Z</time>
                <hdop>4.9</hdop>
                <extensions>
                    <osmand:speed>1.4</osmand:speed>
                </extensions>
            </trkpt>
            <trkpt lat="43.8456437" lon="19.7603789">
                <ele>519.9</ele>
                <time>2026-06-06T09:38:33Z</time>
                <hdop>4.8</hdop>
                <extensions>
                    <osmand:speed>1.2</osmand:speed>
                </extensions>
            </trkpt>
            <trkpt lat="43.8456597" lon="19.7602535">
                <ele>519.8</ele>
                <time>2026-06-06T09:38:40Z</time>
                <hdop>4.5</hdop>
                <extensions>
                    <osmand:speed>1.7</osmand:speed>
                </extensions>
            </trkpt>
            <trkpt lat="43.8456595" lon="19.7601446">
                <ele>520.3</ele>
                <time>2026-06-06T09:38:46Z</time>
                <hdop>4.4</hdop>
                <extensions>
                    <osmand:speed>1.5</osmand:speed>
                </extensions>
            </trkpt>
            <trkpt lat="43.8456441" lon="19.7600094">
                <ele>521.6</ele>
                <time>2026-06-06T09:38:52Z</time>
                <hdop>4.2</hdop>
                <extensions>
                    <osmand:speed>1.5</osmand:speed>
                </extensions>
            </trkpt>
            <trkpt lat="43.8456299" lon="19.7599028">
                <ele>521.4</ele>
                <time>2026-06-06T09:38:58Z</time>
                <hdop>4</hdop>
                <extensions>
                    <osmand:speed>1.5</osmand:speed>
                </extensions>
            </trkpt>
            <trkpt lat="43.8456217" lon="19.7598056">
                <ele>521.4</ele>
                <time>2026-06-06T09:39:04Z</time>
                <hdop>4</hdop>
                <extensions>
                    <osmand:speed>1.3</osmand:speed>
                </extensions>
            </trkpt>
            <trkpt lat="43.8456146" lon="19.7596914">
                <ele>521.4</ele>
                <time>2026-06-06T09:39:10Z</time>
                <hdop>4.1</hdop>
                <extensions>
                    <osmand:speed>1.5</osmand:speed>
                </extensions>
            </trkpt>
            <trkpt lat="43.8455976" lon="19.7595815">
                <ele>522.5</ele>
                <time>2026-06-06T09:39:16Z</time>
                <hdop>4.3</hdop>
                <extensions>
                    <osmand:speed>1.4</osmand:speed>
                </extensions>
            </trkpt>
            <trkpt lat="43.8455771" lon="19.7594759">
                <ele>523.4</ele>
                <time>2026-06-06T09:39:22Z</time>
                <hdop>4.5</hdop>
                <extensions>
                    <osmand:speed>1.5</osmand:speed>
                </extensions>
            </trkpt>
            <trkpt lat="43.8455466" lon="19.7593438">
                <ele>522.6</ele>
                <time>2026-06-06T09:39:29Z</time>
                <hdop>5.1</hdop>
                <extensions>
                    <osmand:speed>1</osmand:speed>
                </extensions>
            </trkpt>
            <trkpt lat="43.845512" lon="19.7592207">
                <ele>524.6</ele>
                <time>2026-06-06T09:39:36Z</time>
                <hdop>5.1</hdop>
                <extensions>
                    <osmand:speed>1.2</osmand:speed>
                </extensions>
            </trkpt>
            <trkpt lat="43.8454884" lon="19.7590885">
                <ele>524.4</ele>
                <time>2026-06-06T09:39:45Z</time>
                <hdop>5.2</hdop>
                <extensions>
                    <osmand:speed>1.5</osmand:speed>
                </extensions>
            </trkpt>
            <trkpt lat="43.8454714" lon="19.7589345">
                <ele>524.5</ele>
                <time>2026-06-06T09:39:54Z</time>
                <hdop>5.2</hdop>
                <extensions>
                    <osmand:speed>1.4</osmand:speed>
                </extensions>
            </trkpt>
            <trkpt lat="43.8454645" lon="19.7587959">
                <ele>523.5</ele>
                <time>2026-06-06T09:40:02Z</time>
                <hdop>5.2</hdop>
                <extensions>
                    <osmand:speed>0.8</osmand:speed>
                </extensions>
            </trkpt>
            <trkpt lat="43.8454764" lon="19.7586598">
                <ele>525.5</ele>
                <time>2026-06-06T09:40:09Z</time>
                <hdop>5.3</hdop>
                <extensions>
                    <osmand:speed>1.1</osmand:speed>
                </extensions>
            </trkpt>
            <trkpt lat="43.8454687" lon="19.7585176">
                <ele>526.2</ele>
                <time>2026-06-06T09:40:18Z</time>
                <hdop>5.7</hdop>
                <extensions>
                    <osmand:speed>1.1</osmand:speed>
                </extensions>
            </trkpt>
            <trkpt lat="43.8454848" lon="19.7583523">
                <ele>526</ele>
                <time>2026-06-06T09:40:28Z</time>
                <hdop>6.8</hdop>
                <extensions>
                    <osmand:speed>1</osmand:speed>
                </extensions>
            </trkpt>
            <trkpt lat="43.8454515" lon="19.7582261">
                <ele>525.7</ele>
                <time>2026-06-06T09:40:34Z</time>
                <hdop>6.7</hdop>
                <extensions>
                    <osmand:speed>1.3</osmand:speed>
                </extensions>
            </trkpt>
            <trkpt lat="43.8454507" lon="19.7580726">
                <ele>525.6</ele>
                <time>2026-06-06T09:40:42Z</time>
                <hdop>6.2</hdop>
                <extensions>
                    <osmand:speed>1.2</osmand:speed>
                </extensions>
            </trkpt>
            <trkpt lat="43.845458" lon="19.7579653">
                <ele>523.8</ele>
                <time>2026-06-06T09:40:49Z</time>
                <hdop>5.6</hdop>
                <extensions>
                    <osmand:speed>1.2</osmand:speed>
                </extensions>
            </trkpt>
            <trkpt lat="43.8454681" lon="19.757869">
                <ele>523.5</ele>
                <time>2026-06-06T09:40:55Z</time>
                <hdop>5.6</hdop>
                <extensions>
                    <osmand:speed>1.2</osmand:speed>
                </extensions>
            </trkpt>
            <trkpt lat="43.8454652" lon="19.7577621">
                <ele>524.9</ele>
                <time>2026-06-06T09:41:01Z</time>
                <hdop>5.2</hdop>
                <extensions>
                    <osmand:speed>1.4</osmand:speed>
                </extensions>
            </trkpt>
            <trkpt lat="43.8454757" lon="19.7576592">
                <ele>526</ele>
                <time>2026-06-06T09:41:07Z</time>
                <hdop>4.9</hdop>
                <extensions>
                    <osmand:speed>1.4</osmand:speed>
                </extensions>
            </trkpt>
            <trkpt lat="43.8454776" lon="19.7575583">
                <ele>525.3</ele>
                <time>2026-06-06T09:41:16Z</time>
                <hdop>4.5</hdop>
                <extensions>
                    <osmand:speed>0.9</osmand:speed>
                </extensions>
            </trkpt>
            <trkpt lat="43.845472" lon="19.7574144">
                <ele>524.9</ele>
                <time>2026-06-06T09:41:24Z</time>
                <hdop>4.4</hdop>
                <extensions>
                    <osmand:speed>1.3</osmand:speed>
                </extensions>
            </trkpt>
            <trkpt lat="43.8454557" lon="19.7572647">
                <ele>524.9</ele>
                <time>2026-06-06T09:41:33Z</time>
                <hdop>4.3</hdop>
                <extensions>
                    <osmand:speed>1.4</osmand:speed>
                </extensions>
            </trkpt>
            <trkpt lat="43.8454503" lon="19.7571324">
                <ele>524.2</ele>
                <time>2026-06-06T09:41:41Z</time>
                <hdop>4.1</hdop>
                <extensions>
                    <osmand:speed>1.4</osmand:speed>
                </extensions>
            </trkpt>
            <trkpt lat="43.8454426" lon="19.7570204">
                <ele>525</ele>
                <time>2026-06-06T09:41:47Z</time>
                <hdop>4</hdop>
                <extensions>
                    <osmand:speed>1.3</osmand:speed>
                </extensions>
            </trkpt>
            <trkpt lat="43.845431" lon="19.7569486">
                <ele>525.7</ele>
                <time>2026-06-06T09:41:53Z</time>
                <hdop>4.2</hdop>
                <extensions>
                    <osmand:speed>0.8</osmand:speed>
                </extensions>
            </trkpt>
            <trkpt lat="43.8454218" lon="19.7568446">
                <ele>526.6</ele>
                <time>2026-06-06T09:42:04Z</time>
                <hdop>17.8</hdop>
                <extensions>
                    <osmand:speed>0.8</osmand:speed>
                </extensions>
            </trkpt>
            <trkpt lat="43.8455572" lon="19.7566614">
                <ele>520.7</ele>
                <time>2026-06-06T09:42:10Z</time>
                <hdop>47.7</hdop>
                <extensions>
                    <osmand:speed>2</osmand:speed>
                </extensions>
            </trkpt>
            <trkpt lat="43.8454793" lon="19.7567594">
                <ele>520.7</ele>
                <time>2026-06-06T09:42:18Z</time>
                <hdop>21.7</hdop>
            </trkpt>
            <trkpt lat="43.8454567" lon="19.7566492">
                <ele>521.2</ele>
                <time>2026-06-06T09:42:52Z</time>
                <hdop>42.8</hdop>
            </trkpt>
            <trkpt lat="43.8455819" lon="19.7563204">
                <ele>526.6</ele>
                <time>2026-06-06T09:43:17Z</time>
                <hdop>16.6</hdop>
                <extensions>
                    <osmand:speed>3</osmand:speed>
                </extensions>
            </trkpt>
            <trkpt lat="43.845683" lon="19.7558476">
                <ele>529.3</ele>
                <time>2026-06-06T09:43:24Z</time>
                <hdop>4.8</hdop>
                <extensions>
                    <osmand:speed>1.5</osmand:speed>
                </extensions>
            </trkpt>
            <trkpt lat="43.8456951" lon="19.7557716">
                <ele>527.7</ele>
                <time>2026-06-06T09:43:30Z</time>
                <hdop>4.8</hdop>
                <extensions>
                    <osmand:speed>1.5</osmand:speed>
                </extensions>
            </trkpt>
            <trkpt lat="43.8457379" lon="19.7556506">
                <ele>528.7</ele>
                <time>2026-06-06T09:43:40Z</time>
                <hdop>4.6</hdop>
                <extensions>
                    <osmand:speed>1.3</osmand:speed>
                </extensions>
            </trkpt>
            <trkpt lat="43.8458097" lon="19.7555343">
                <ele>526.6</ele>
                <time>2026-06-06T09:43:49Z</time>
                <hdop>4.4</hdop>
                <extensions>
                    <osmand:speed>1.4</osmand:speed>
                </extensions>
            </trkpt>
            <trkpt lat="43.8458639" lon="19.7554287">
                <ele>526.8</ele>
                <time>2026-06-06T09:43:55Z</time>
                <hdop>4.2</hdop>
                <extensions>
                    <osmand:speed>1.5</osmand:speed>
                </extensions>
            </trkpt>
            <trkpt lat="43.8458929" lon="19.75533">
                <ele>526.1</ele>
                <time>2026-06-06T09:44:01Z</time>
                <hdop>4.1</hdop>
                <extensions>
                    <osmand:speed>1.5</osmand:speed>
                </extensions>
            </trkpt>
            <trkpt lat="43.8459129" lon="19.7552884">
                <ele>526</ele>
                <time>2026-06-06T09:44:07Z</time>
                <hdop>3.8</hdop>
                <extensions>
                    <osmand:speed>1</osmand:speed>
                </extensions>
            </trkpt>
            <trkpt lat="43.8459359" lon="19.7552212">
                <ele>526.3</ele>
                <time>2026-06-06T09:44:13Z</time>
                <hdop>3.5</hdop>
                <extensions>
                    <osmand:speed>1</osmand:speed>
                </extensions>
            </trkpt>
            <trkpt lat="43.8459666" lon="19.7551223">
                <ele>526.9</ele>
                <time>2026-06-06T09:44:19Z</time>
                <hdop>3.5</hdop>
                <extensions>
                    <osmand:speed>1.4</osmand:speed>
                </extensions>
            </trkpt>
            <trkpt lat="43.8459797" lon="19.7550212">
                <ele>528.3</ele>
                <time>2026-06-06T09:44:25Z</time>
                <hdop>3.4</hdop>
                <extensions>
                    <osmand:speed>1.3</osmand:speed>
                </extensions>
            </trkpt>
            <trkpt lat="43.8459982" lon="19.7549299">
                <ele>528.1</ele>
                <time>2026-06-06T09:44:31Z</time>
                <hdop>3.3</hdop>
                <extensions>
                    <osmand:speed>1.3</osmand:speed>
                </extensions>
            </trkpt>
            <trkpt lat="43.846" lon="19.7548357">
                <ele>527.4</ele>
                <time>2026-06-06T09:44:37Z</time>
                <hdop>3.4</hdop>
                <extensions>
                    <osmand:speed>1.1</osmand:speed>
                </extensions>
            </trkpt>
            <trkpt lat="43.8459975" lon="19.7547376">
                <ele>527.4</ele>
                <time>2026-06-06T09:44:43Z</time>
                <hdop>3.6</hdop>
                <extensions>
                    <osmand:speed>1.4</osmand:speed>
                </extensions>
            </trkpt>
            <trkpt lat="43.8459905" lon="19.7546358">
                <ele>528.3</ele>
                <time>2026-06-06T09:44:49Z</time>
                <hdop>3.6</hdop>
                <extensions>
                    <osmand:speed>1.5</osmand:speed>
                </extensions>
            </trkpt>
            <trkpt lat="43.8459799" lon="19.7545232">
                <ele>529.2</ele>
                <time>2026-06-06T09:44:55Z</time>
                <hdop>3.9</hdop>
                <extensions>
                    <osmand:speed>1.4</osmand:speed>
                </extensions>
            </trkpt>
            <trkpt lat="43.8459639" lon="19.7544001">
                <ele>529.4</ele>
                <time>2026-06-06T09:45:01Z</time>
                <hdop>4.2</hdop>
                <extensions>
                    <osmand:speed>1.5</osmand:speed>
                </extensions>
            </trkpt>
            <trkpt lat="43.8459409" lon="19.7542874">
                <ele>531.2</ele>
                <time>2026-06-06T09:45:07Z</time>
                <hdop>4.1</hdop>
                <extensions>
                    <osmand:speed>1.3</osmand:speed>
                </extensions>
            </trkpt>
            <trkpt lat="43.8459207" lon="19.7542001">
                <ele>532.5</ele>
                <time>2026-06-06T09:45:13Z</time>
                <hdop>4.5</hdop>
                <extensions>
                    <osmand:speed>0.9</osmand:speed>
                </extensions>
            </trkpt>
            <trkpt lat="43.8458867" lon="19.7541134">
                <ele>531.4</ele>
                <time>2026-06-06T09:45:19Z</time>
                <hdop>4.6</hdop>
                <extensions>
                    <osmand:speed>1.3</osmand:speed>
                </extensions>
            </trkpt>
            <trkpt lat="43.8458461" lon="19.7540113">
                <ele>533</ele>
                <time>2026-06-06T09:45:25Z</time>
                <hdop>4.4</hdop>
                <extensions>
                    <osmand:speed>1.4</osmand:speed>
                </extensions>
            </trkpt>
            <trkpt lat="43.8458014" lon="19.7539242">
                <ele>533.7</ele>
                <time>2026-06-06T09:45:31Z</time>
                <hdop>4.1</hdop>
                <extensions>
                    <osmand:speed>1.4</osmand:speed>
                </extensions>
            </trkpt>
            <trkpt lat="43.8457635" lon="19.7538343">
                <ele>533.6</ele>
                <time>2026-06-06T09:45:37Z</time>
                <hdop>4.1</hdop>
                <extensions>
                    <osmand:speed>1.3</osmand:speed>
                </extensions>
            </trkpt>
            <trkpt lat="43.8457291" lon="19.7537535">
                <ele>531.6</ele>
                <time>2026-06-06T09:45:43Z</time>
                <hdop>4.2</hdop>
                <extensions>
                    <osmand:speed>1.5</osmand:speed>
                </extensions>
            </trkpt>
            <trkpt lat="43.8456692" lon="19.7537025">
                <ele>532.1</ele>
                <time>2026-06-06T09:45:49Z</time>
                <hdop>4.1</hdop>
                <extensions>
                    <osmand:speed>1.1</osmand:speed>
                </extensions>
            </trkpt>
            <trkpt lat="43.8456122" lon="19.7536274">
                <ele>531.3</ele>
                <time>2026-06-06T09:45:55Z</time>
                <hdop>4</hdop>
                <extensions>
                    <osmand:speed>1.5</osmand:speed>
                </extensions>
            </trkpt>
            <trkpt lat="43.8455789" lon="19.7535475">
                <ele>530.7</ele>
                <time>2026-06-06T09:46:01Z</time>
                <hdop>4.1</hdop>
                <extensions>
                    <osmand:speed>1.4</osmand:speed>
                </extensions>
            </trkpt>
            <trkpt lat="43.8455171" lon="19.75348">
                <ele>529.6</ele>
                <time>2026-06-06T09:46:07Z</time>
                <hdop>4.3</hdop>
                <extensions>
                    <osmand:speed>1.5</osmand:speed>
                </extensions>
            </trkpt>
            <trkpt lat="43.8454538" lon="19.7534465">
                <ele>529.7</ele>
                <time>2026-06-06T09:46:13Z</time>
                <hdop>4.4</hdop>
                <extensions>
                    <osmand:speed>1.3</osmand:speed>
                </extensions>
            </trkpt>
            <trkpt lat="43.8453976" lon="19.7533923">
                <ele>529.2</ele>
                <time>2026-06-06T09:46:19Z</time>
                <hdop>4.7</hdop>
                <extensions>
                    <osmand:speed>1.4</osmand:speed>
                </extensions>
            </trkpt>
            <trkpt lat="43.8453284" lon="19.7533394">
                <ele>529.3</ele>
                <time>2026-06-06T09:46:25Z</time>
                <hdop>4.9</hdop>
                <extensions>
                    <osmand:speed>1.4</osmand:speed>
                </extensions>
            </trkpt>
            <trkpt lat="43.845267" lon="19.7532966">
                <ele>529.4</ele>
                <time>2026-06-06T09:46:31Z</time>
                <hdop>4.7</hdop>
                <extensions>
                    <osmand:speed>1</osmand:speed>
                </extensions>
            </trkpt>
            <trkpt lat="43.8452018" lon="19.7532505">
                <ele>529.3</ele>
                <time>2026-06-06T09:46:37Z</time>
                <hdop>4.8</hdop>
                <extensions>
                    <osmand:speed>1.3</osmand:speed>
                </extensions>
            </trkpt>
            <trkpt lat="43.8451306" lon="19.7532208">
                <ele>529.7</ele>
                <time>2026-06-06T09:46:43Z</time>
                <hdop>4.7</hdop>
                <extensions>
                    <osmand:speed>1.2</osmand:speed>
                </extensions>
            </trkpt>
            <trkpt lat="43.8450691" lon="19.753189">
                <ele>528.6</ele>
                <time>2026-06-06T09:46:49Z</time>
                <hdop>5.1</hdop>
                <extensions>
                    <osmand:speed>1.3</osmand:speed>
                </extensions>
            </trkpt>
            <trkpt lat="43.8450043" lon="19.7531527">
                <ele>527.7</ele>
                <time>2026-06-06T09:46:55Z</time>
                <hdop>5.2</hdop>
                <extensions>
                    <osmand:speed>0.9</osmand:speed>
                </extensions>
            </trkpt>
            <trkpt lat="43.8449223" lon="19.753096">
                <ele>527.6</ele>
                <time>2026-06-06T09:47:01Z</time>
                <hdop>5.5</hdop>
                <extensions>
                    <osmand:speed>1.5</osmand:speed>
                </extensions>
            </trkpt>
            <trkpt lat="43.8448522" lon="19.7530724">
                <ele>527.9</ele>
                <time>2026-06-06T09:47:07Z</time>
                <hdop>5.5</hdop>
                <extensions>
                    <osmand:speed>1.4</osmand:speed>
                </extensions>
            </trkpt>
            <trkpt lat="43.8447844" lon="19.7530367">
                <ele>527.5</ele>
                <time>2026-06-06T09:47:13Z</time>
                <hdop>5.5</hdop>
                <extensions>
                    <osmand:speed>1.1</osmand:speed>
                </extensions>
            </trkpt>
            <trkpt lat="43.8447217" lon="19.7529984">
                <ele>528.4</ele>
                <time>2026-06-06T09:47:19Z</time>
                <hdop>5.7</hdop>
                <extensions>
                    <osmand:speed>1.1</osmand:speed>
                </extensions>
            </trkpt>
            <trkpt lat="43.8446511" lon="19.7529714">
                <ele>529.5</ele>
                <time>2026-06-06T09:47:25Z</time>
                <hdop>5.5</hdop>
                <extensions>
                    <osmand:speed>1.2</osmand:speed>
                </extensions>
            </trkpt>
            <trkpt lat="43.8445737" lon="19.752918">
                <ele>530.4</ele>
                <time>2026-06-06T09:47:31Z</time>
                <hdop>5</hdop>
                <extensions>
                    <osmand:speed>1.4</osmand:speed>
                </extensions>
            </trkpt>
            <trkpt lat="43.8444985" lon="19.7528811">
                <ele>532.9</ele>
                <time>2026-06-06T09:47:37Z</time>
                <hdop>5</hdop>
                <extensions>
                    <osmand:speed>1.3</osmand:speed>
                </extensions>
            </trkpt>
            <trkpt lat="43.844425" lon="19.7528423">
                <ele>534.5</ele>
                <time>2026-06-06T09:47:43Z</time>
                <hdop>4.6</hdop>
                <extensions>
                    <osmand:speed>1.4</osmand:speed>
                </extensions>
            </trkpt>
            <trkpt lat="43.8443469" lon="19.7527752">
                <ele>533.3</ele>
                <time>2026-06-06T09:47:50Z</time>
                <hdop>5.1</hdop>
                <extensions>
                    <osmand:speed>1.4</osmand:speed>
                </extensions>
            </trkpt>
            <trkpt lat="43.8442465" lon="19.7527238">
                <ele>533.3</ele>
                <time>2026-06-06T09:47:59Z</time>
                <hdop>5.4</hdop>
                <extensions>
                    <osmand:speed>1.4</osmand:speed>
                </extensions>
            </trkpt>
            <trkpt lat="43.8441881" lon="19.752669">
                <ele>532.3</ele>
                <time>2026-06-06T09:48:05Z</time>
                <hdop>5.4</hdop>
                <extensions>
                    <osmand:speed>1.4</osmand:speed>
                </extensions>
            </trkpt>
            <trkpt lat="43.8441264" lon="19.7525954">
                <ele>534</ele>
                <time>2026-06-06T09:48:11Z</time>
                <hdop>5.3</hdop>
                <extensions>
                    <osmand:speed>1.1</osmand:speed>
                </extensions>
            </trkpt>
            <trkpt lat="43.8440873" lon="19.7525245">
                <ele>533.5</ele>
                <time>2026-06-06T09:48:17Z</time>
                <hdop>5.1</hdop>
                <extensions>
                    <osmand:speed>1.2</osmand:speed>
                </extensions>
            </trkpt>
            <trkpt lat="43.8440828" lon="19.7524522">
                <ele>532.9</ele>
                <time>2026-06-06T09:48:23Z</time>
                <hdop>4.8</hdop>
                <extensions>
                    <osmand:speed>0.7</osmand:speed>
                </extensions>
            </trkpt>
            <trkpt lat="43.8440933" lon="19.7524494">
                <ele>533.5</ele>
                <time>2026-06-06T09:48:29Z</time>
                <hdop>4.9</hdop>
                <extensions>
                    <osmand:speed>0</osmand:speed>
                </extensions>
            </trkpt>
            <trkpt lat="43.8441073" lon="19.7524553">
                <ele>533.7</ele>
                <time>2026-06-06T09:48:35Z</time>
                <hdop>6.3</hdop>
                <extensions>
                    <osmand:speed>0.2</osmand:speed>
                </extensions>
            </trkpt>
            <trkpt lat="43.8440971" lon="19.7524242">
                <ele>535.1</ele>
                <time>2026-06-06T09:48:41Z</time>
                <hdop>7.1</hdop>
                <extensions>
                    <osmand:speed>0.4</osmand:speed>
                </extensions>
            </trkpt>
            <trkpt lat="43.8440681" lon="19.7523969">
                <ele>534.5</ele>
                <time>2026-06-06T09:48:47Z</time>
                <hdop>8</hdop>
                <extensions>
                    <osmand:speed>0.6</osmand:speed>
                </extensions>
            </trkpt>
            <trkpt lat="43.8440412" lon="19.7523447">
                <ele>532.7</ele>
                <time>2026-06-06T09:48:53Z</time>
                <hdop>7.9</hdop>
                <extensions>
                    <osmand:speed>0.8</osmand:speed>
                </extensions>
            </trkpt>
            <trkpt lat="43.8440004" lon="19.7523127">
                <ele>532.3</ele>
                <time>2026-06-06T09:48:59Z</time>
                <hdop>7.2</hdop>
                <extensions>
                    <osmand:speed>0.4</osmand:speed>
                </extensions>
            </trkpt>
            <trkpt lat="43.8439617" lon="19.752236">
                <ele>533</ele>
                <time>2026-06-06T09:49:05Z</time>
                <hdop>6.6</hdop>
                <extensions>
                    <osmand:speed>1</osmand:speed>
                </extensions>
            </trkpt>
            <trkpt lat="43.8439218" lon="19.752144">
                <ele>533.3</ele>
                <time>2026-06-06T09:49:11Z</time>
                <hdop>5.8</hdop>
                <extensions>
                    <osmand:speed>1</osmand:speed>
                </extensions>
            </trkpt>
            <trkpt lat="43.8438908" lon="19.7520569">
                <ele>532.9</ele>
                <time>2026-06-06T09:49:17Z</time>
                <hdop>5.3</hdop>
                <extensions>
                    <osmand:speed>0.8</osmand:speed>
                </extensions>
            </trkpt>
            <trkpt lat="43.8438914" lon="19.7519948">
                <ele>531.2</ele>
                <time>2026-06-06T09:49:23Z</time>
                <hdop>5.3</hdop>
                <extensions>
                    <osmand:speed>0.5</osmand:speed>
                </extensions>
            </trkpt>
            <trkpt lat="43.8438666" lon="19.7519137">
                <ele>531.3</ele>
                <time>2026-06-06T09:49:29Z</time>
                <hdop>5.3</hdop>
                <extensions>
                    <osmand:speed>1.1</osmand:speed>
                </extensions>
            </trkpt>
            <trkpt lat="43.8438406" lon="19.7518236">
                <ele>531.6</ele>
                <time>2026-06-06T09:49:35Z</time>
                <hdop>4.9</hdop>
                <extensions>
                    <osmand:speed>1.2</osmand:speed>
                </extensions>
            </trkpt>
            <trkpt lat="43.8438021" lon="19.7517511">
                <ele>531.8</ele>
                <time>2026-06-06T09:49:41Z</time>
                <hdop>4.4</hdop>
                <extensions>
                    <osmand:speed>1.1</osmand:speed>
                </extensions>
            </trkpt>
            <trkpt lat="43.8437642" lon="19.7516931">
                <ele>532</ele>
                <time>2026-06-06T09:49:47Z</time>
                <hdop>4.3</hdop>
                <extensions>
                    <osmand:speed>1.3</osmand:speed>
                </extensions>
            </trkpt>
            <trkpt lat="43.8436997" lon="19.7515913">
                <ele>532</ele>
                <time>2026-06-06T09:49:57Z</time>
                <hdop>4.6</hdop>
                <extensions>
                    <osmand:speed>0.9</osmand:speed>
                </extensions>
            </trkpt>
            <trkpt lat="43.8436624" lon="19.7515306">
                <ele>532.2</ele>
                <time>2026-06-06T09:50:03Z</time>
                <hdop>4.8</hdop>
                <extensions>
                    <osmand:speed>0.9</osmand:speed>
                </extensions>
            </trkpt>
            <trkpt lat="43.8436305" lon="19.7514496">
                <ele>532.2</ele>
                <time>2026-06-06T09:50:09Z</time>
                <hdop>4.4</hdop>
                <extensions>
                    <osmand:speed>1.2</osmand:speed>
                </extensions>
            </trkpt>
            <trkpt lat="43.8435955" lon="19.7513767">
                <ele>532.6</ele>
                <time>2026-06-06T09:50:15Z</time>
                <hdop>4.2</hdop>
                <extensions>
                    <osmand:speed>1.3</osmand:speed>
                </extensions>
            </trkpt>
            <trkpt lat="43.8435682" lon="19.7513252">
                <ele>532.4</ele>
                <time>2026-06-06T09:50:21Z</time>
                <hdop>3.9</hdop>
                <extensions>
                    <osmand:speed>1.2</osmand:speed>
                </extensions>
            </trkpt>
            <trkpt lat="43.8435414" lon="19.7512571">
                <ele>531.8</ele>
                <time>2026-06-06T09:50:27Z</time>
                <hdop>3.9</hdop>
                <extensions>
                    <osmand:speed>0.9</osmand:speed>
                </extensions>
            </trkpt>
            <trkpt lat="43.8434987" lon="19.7511838">
                <ele>531.9</ele>
                <time>2026-06-06T09:50:33Z</time>
                <hdop>3.7</hdop>
                <extensions>
                    <osmand:speed>1.1</osmand:speed>
                </extensions>
            </trkpt>
            <trkpt lat="43.8434609" lon="19.751114">
                <ele>531.6</ele>
                <time>2026-06-06T09:50:39Z</time>
                <hdop>4.5</hdop>
                <extensions>
                    <osmand:speed>0.9</osmand:speed>
                </extensions>
            </trkpt>
            <trkpt lat="43.8434708" lon="19.750992">
                <ele>535.4</ele>
                <time>2026-06-06T09:50:56Z</time>
                <hdop>4.9</hdop>
                <extensions>
                    <osmand:speed>0.1</osmand:speed>
                </extensions>
            </trkpt>
            <trkpt lat="43.8434204" lon="19.7509819">
                <ele>536.7</ele>
                <time>2026-06-06T09:51:06Z</time>
                <hdop>4.7</hdop>
                <extensions>
                    <osmand:speed>0.7</osmand:speed>
                </extensions>
            </trkpt>
            <trkpt lat="43.8433891" lon="19.7509257">
                <ele>536</ele>
                <time>2026-06-06T09:51:12Z</time>
                <hdop>5.1</hdop>
                <extensions>
                    <osmand:speed>1.3</osmand:speed>
                </extensions>
            </trkpt>
            <trkpt lat="43.8433448" lon="19.7507933">
                <ele>536.8</ele>
                <time>2026-06-06T09:51:22Z</time>
                <hdop>4.2</hdop>
                <extensions>
                    <osmand:speed>1.2</osmand:speed>
                </extensions>
            </trkpt>
            <trkpt lat="43.8432935" lon="19.7506648">
                <ele>537.4</ele>
                <time>2026-06-06T09:51:31Z</time>
                <hdop>3.6</hdop>
                <extensions>
                    <osmand:speed>1.4</osmand:speed>
                </extensions>
            </trkpt>
            <trkpt lat="43.8432358" lon="19.750557">
                <ele>537.4</ele>
                <time>2026-06-06T09:51:39Z</time>
                <hdop>3.3</hdop>
                <extensions>
                    <osmand:speed>1.3</osmand:speed>
                </extensions>
            </trkpt>
            <trkpt lat="43.8431765" lon="19.7504498">
                <ele>538.7</ele>
                <time>2026-06-06T09:51:48Z</time>
                <hdop>3</hdop>
                <extensions>
                    <osmand:speed>1</osmand:speed>
                </extensions>
            </trkpt>
            <trkpt lat="43.8431341" lon="19.75034">
                <ele>539.4</ele>
                <time>2026-06-06T09:51:55Z</time>
                <hdop>3</hdop>
                <extensions>
                    <osmand:speed>0.9</osmand:speed>
                </extensions>
            </trkpt>
            <trkpt lat="43.8430917" lon="19.7502127">
                <ele>538.7</ele>
                <time>2026-06-06T09:52:03Z</time>
                <hdop>2.8</hdop>
                <extensions>
                    <osmand:speed>1.3</osmand:speed>
                </extensions>
            </trkpt>
            <trkpt lat="43.8430481" lon="19.750092">
                <ele>537.7</ele>
                <time>2026-06-06T09:52:11Z</time>
                <hdop>2.9</hdop>
                <extensions>
                    <osmand:speed>1.4</osmand:speed>
                </extensions>
            </trkpt>
            <trkpt lat="43.842996" lon="19.7499724">
                <ele>537.6</ele>
                <time>2026-06-06T09:52:19Z</time>
                <hdop>3.2</hdop>
                <extensions>
                    <osmand:speed>1.1</osmand:speed>
                </extensions>
            </trkpt>
            <trkpt lat="43.8429349" lon="19.7498588">
                <ele>537.5</ele>
                <time>2026-06-06T09:52:27Z</time>
                <hdop>3.3</hdop>
                <extensions>
                    <osmand:speed>1.4</osmand:speed>
                </extensions>
            </trkpt>
            <trkpt lat="43.8428901" lon="19.7497434">
                <ele>536.2</ele>
                <time>2026-06-06T09:52:35Z</time>
                <hdop>3.4</hdop>
                <extensions>
                    <osmand:speed>0.9</osmand:speed>
                </extensions>
            </trkpt>
            <trkpt lat="43.8428172" lon="19.7496028">
                <ele>536.2</ele>
                <time>2026-06-06T09:52:46Z</time>
                <hdop>3.8</hdop>
                <extensions>
                    <osmand:speed>1.3</osmand:speed>
                </extensions>
            </trkpt>
            <trkpt lat="43.8427586" lon="19.7495042">
                <ele>537.6</ele>
                <time>2026-06-06T09:52:54Z</time>
                <hdop>3.8</hdop>
                <extensions>
                    <osmand:speed>1.2</osmand:speed>
                </extensions>
            </trkpt>
            <trkpt lat="43.8427002" lon="19.7493821">
                <ele>538.1</ele>
                <time>2026-06-06T09:53:01Z</time>
                <hdop>3.8</hdop>
                <extensions>
                    <osmand:speed>1.4</osmand:speed>
                </extensions>
            </trkpt>
            <trkpt lat="43.8426749" lon="19.7493088">
                <ele>538.2</ele>
                <time>2026-06-06T09:53:07Z</time>
                <hdop>4</hdop>
                <extensions>
                    <osmand:speed>1.2</osmand:speed>
                </extensions>
            </trkpt>
            <trkpt lat="43.842616" lon="19.749201">
                <ele>538.8</ele>
                <time>2026-06-06T09:53:15Z</time>
                <hdop>3.9</hdop>
                <extensions>
                    <osmand:speed>1.1</osmand:speed>
                </extensions>
            </trkpt>
            <trkpt lat="43.8425662" lon="19.749086">
                <ele>538.9</ele>
                <time>2026-06-06T09:53:23Z</time>
                <hdop>3.9</hdop>
                <extensions>
                    <osmand:speed>1.5</osmand:speed>
                </extensions>
            </trkpt>
            <trkpt lat="43.8425255" lon="19.7490006">
                <ele>539.9</ele>
                <time>2026-06-06T09:53:29Z</time>
                <hdop>3.8</hdop>
                <extensions>
                    <osmand:speed>1.3</osmand:speed>
                </extensions>
            </trkpt>
            <trkpt lat="43.8424906" lon="19.7489041">
                <ele>539.4</ele>
                <time>2026-06-06T09:53:35Z</time>
                <hdop>3.9</hdop>
                <extensions>
                    <osmand:speed>1.3</osmand:speed>
                </extensions>
            </trkpt>
            <trkpt lat="43.8424875" lon="19.7488097">
                <ele>539.8</ele>
                <time>2026-06-06T09:53:41Z</time>
                <hdop>3.6</hdop>
                <extensions>
                    <osmand:speed>1</osmand:speed>
                </extensions>
            </trkpt>
            <trkpt lat="43.8424661" lon="19.7487133">
                <ele>539.7</ele>
                <time>2026-06-06T09:53:47Z</time>
                <hdop>3.5</hdop>
                <extensions>
                    <osmand:speed>1.3</osmand:speed>
                </extensions>
            </trkpt>
            <trkpt lat="43.8424529" lon="19.7486201">
                <ele>538.8</ele>
                <time>2026-06-06T09:53:53Z</time>
                <hdop>3.6</hdop>
                <extensions>
                    <osmand:speed>1.2</osmand:speed>
                </extensions>
            </trkpt>
            <trkpt lat="43.8424662" lon="19.7485859">
                <ele>538.9</ele>
                <time>2026-06-06T09:53:59Z</time>
                <hdop>4</hdop>
                <extensions>
                    <osmand:speed>0.5</osmand:speed>
                </extensions>
            </trkpt>
            <trkpt lat="43.8424403" lon="19.7485021">
                <ele>538.4</ele>
                <time>2026-06-06T09:54:05Z</time>
                <hdop>3.9</hdop>
                <extensions>
                    <osmand:speed>1</osmand:speed>
                </extensions>
            </trkpt>
            <trkpt lat="43.8424284" lon="19.7484002">
                <ele>537.8</ele>
                <time>2026-06-06T09:54:11Z</time>
                <hdop>4</hdop>
                <extensions>
                    <osmand:speed>1.3</osmand:speed>
                </extensions>
            </trkpt>
            <trkpt lat="43.8424191" lon="19.7483063">
                <ele>536.8</ele>
                <time>2026-06-06T09:54:17Z</time>
                <hdop>3.8</hdop>
                <extensions>
                    <osmand:speed>1</osmand:speed>
                </extensions>
            </trkpt>
            <trkpt lat="43.8423988" lon="19.7481925">
                <ele>536.6</ele>
                <time>2026-06-06T09:54:23Z</time>
                <hdop>4</hdop>
                <extensions>
                    <osmand:speed>1.4</osmand:speed>
                </extensions>
            </trkpt>
            <trkpt lat="43.8423779" lon="19.7481028">
                <ele>535.7</ele>
                <time>2026-06-06T09:54:29Z</time>
                <hdop>4.5</hdop>
                <extensions>
                    <osmand:speed>1.5</osmand:speed>
                </extensions>
            </trkpt>
            <trkpt lat="43.8423804" lon="19.7479978">
                <ele>535.8</ele>
                <time>2026-06-06T09:54:35Z</time>
                <hdop>4.6</hdop>
                <extensions>
                    <osmand:speed>1.2</osmand:speed>
                </extensions>
            </trkpt>
            <trkpt lat="43.8423777" lon="19.7479205">
                <ele>535.5</ele>
                <time>2026-06-06T09:54:41Z</time>
                <hdop>4.7</hdop>
                <extensions>
                    <osmand:speed>0.7</osmand:speed>
                </extensions>
            </trkpt>
            <trkpt lat="43.842389" lon="19.7478369">
                <ele>536.8</ele>
                <time>2026-06-06T09:54:47Z</time>
                <hdop>4.9</hdop>
                <extensions>
                    <osmand:speed>0.2</osmand:speed>
                </extensions>
            </trkpt>
            <trkpt lat="43.8423569" lon="19.7477743">
                <ele>535.3</ele>
                <time>2026-06-06T09:54:53Z</time>
                <hdop>5</hdop>
                <extensions>
                    <osmand:speed>0.9</osmand:speed>
                </extensions>
            </trkpt>
            <trkpt lat="43.8423395" lon="19.7477524">
                <ele>536.2</ele>
                <time>2026-06-06T09:54:59Z</time>
                <hdop>5</hdop>
                <extensions>
                    <osmand:speed>0</osmand:speed>
                </extensions>
            </trkpt>
            <trkpt lat="43.8423376" lon="19.7477398">
                <ele>536.5</ele>
                <time>2026-06-06T09:55:05Z</time>
                <hdop>5.7</hdop>
                <extensions>
                    <osmand:speed>0.2</osmand:speed>
                </extensions>
            </trkpt>
            <trkpt lat="43.8423309" lon="19.7477435">
                <ele>538.3</ele>
                <time>2026-06-06T09:55:11Z</time>
                <hdop>5.8</hdop>
                <extensions>
                    <osmand:speed>0</osmand:speed>
                </extensions>
            </trkpt>
            <trkpt lat="43.8423417" lon="19.7477653">
                <ele>537.5</ele>
                <time>2026-06-06T09:55:17Z</time>
                <hdop>6.1</hdop>
                <extensions>
                    <osmand:speed>0</osmand:speed>
                </extensions>
            </trkpt>
            <trkpt lat="43.842338" lon="19.7477664">
                <ele>540.9</ele>
                <time>2026-06-06T09:55:23Z</time>
                <hdop>6</hdop>
                <extensions>
                    <osmand:speed>0</osmand:speed>
                </extensions>
            </trkpt>
            <trkpt lat="43.8423441" lon="19.7477747">
                <ele>540.9</ele>
                <time>2026-06-06T09:55:29Z</time>
                <hdop>6.1</hdop>
                <extensions>
                    <osmand:speed>0</osmand:speed>
                </extensions>
            </trkpt>
            <trkpt lat="43.8423452" lon="19.7477593">
                <ele>541.5</ele>
                <time>2026-06-06T09:55:35Z</time>
                <hdop>6.5</hdop>
                <extensions>
                    <osmand:speed>0.1</osmand:speed>
                </extensions>
            </trkpt>
            <trkpt lat="43.8423585" lon="19.7477607">
                <ele>539.8</ele>
                <time>2026-06-06T09:55:41Z</time>
                <hdop>7.7</hdop>
                <extensions>
                    <osmand:speed>0</osmand:speed>
                </extensions>
            </trkpt>
            <trkpt lat="43.842356" lon="19.7477682">
                <ele>536.6</ele>
                <time>2026-06-06T09:55:47Z</time>
                <hdop>9.3</hdop>
                <extensions>
                    <osmand:speed>0</osmand:speed>
                </extensions>
            </trkpt>
            <trkpt lat="43.842356" lon="19.7477592">
                <ele>539.2</ele>
                <time>2026-06-06T09:55:53Z</time>
                <hdop>9.7</hdop>
                <extensions>
                    <osmand:speed>0</osmand:speed>
                </extensions>
            </trkpt>
            <trkpt lat="43.8423582" lon="19.7477355">
                <ele>538.7</ele>
                <time>2026-06-06T09:55:59Z</time>
                <hdop>10</hdop>
                <extensions>
                    <osmand:speed>0.5</osmand:speed>
                </extensions>
            </trkpt>
            <trkpt lat="43.8423452" lon="19.7475725">
                <ele>537.4</ele>
                <time>2026-06-06T09:56:08Z</time>
                <hdop>8.5</hdop>
                <extensions>
                    <osmand:speed>1.5</osmand:speed>
                </extensions>
            </trkpt>
            <trkpt lat="43.8423389" lon="19.7474316">
                <ele>537.4</ele>
                <time>2026-06-06T09:56:17Z</time>
                <hdop>6.9</hdop>
                <extensions>
                    <osmand:speed>1.1</osmand:speed>
                </extensions>
            </trkpt>
            <trkpt lat="43.8423217" lon="19.7473043">
                <ele>536.9</ele>
                <time>2026-06-06T09:56:26Z</time>
                <hdop>5.7</hdop>
                <extensions>
                    <osmand:speed>1.3</osmand:speed>
                </extensions>
            </trkpt>
            <trkpt lat="43.8422976" lon="19.747171">
                <ele>537.2</ele>
                <time>2026-06-06T09:56:34Z</time>
                <hdop>5.3</hdop>
                <extensions>
                    <osmand:speed>1.3</osmand:speed>
                </extensions>
            </trkpt>
            <trkpt lat="43.8422633" lon="19.7470387">
                <ele>538.9</ele>
                <time>2026-06-06T09:56:42Z</time>
                <hdop>5.5</hdop>
                <extensions>
                    <osmand:speed>1.3</osmand:speed>
                </extensions>
            </trkpt>
            <trkpt lat="43.8422045" lon="19.7469182">
                <ele>539.3</ele>
                <time>2026-06-06T09:56:57Z</time>
                <hdop>6.3</hdop>
                <extensions>
                    <osmand:speed>0.9</osmand:speed>
                </extensions>
            </trkpt>
            <trkpt lat="43.842105" lon="19.7466396">
                <ele>538</ele>
                <time>2026-06-06T09:57:14Z</time>
                <hdop>43.3</hdop>
                <extensions>
                    <osmand:speed>2.7</osmand:speed>
                </extensions>
            </trkpt>
            <trkpt lat="43.8420208" lon="19.7465305">
                <ele>536.5</ele>
                <time>2026-06-06T09:57:21Z</time>
                <hdop>22.1</hdop>
                <extensions>
                    <osmand:speed>2.1</osmand:speed>
                </extensions>
            </trkpt>
            <trkpt lat="43.8419285" lon="19.7464537">
                <ele>539.4</ele>
                <time>2026-06-06T09:57:29Z</time>
                <hdop>11.7</hdop>
                <extensions>
                    <osmand:speed>0.7</osmand:speed>
                </extensions>
            </trkpt>
            <trkpt lat="43.841911" lon="19.7464658">
                <ele>538.5</ele>
                <time>2026-06-06T09:57:35Z</time>
                <hdop>11.2</hdop>
                <extensions>
                    <osmand:speed>1.1</osmand:speed>
                </extensions>
            </trkpt>
            <trkpt lat="43.8418558" lon="19.7463503">
                <ele>538</ele>
                <time>2026-06-06T09:57:43Z</time>
                <hdop>11.1</hdop>
                <extensions>
                    <osmand:speed>1.1</osmand:speed>
                </extensions>
            </trkpt>
            <trkpt lat="43.8417567" lon="19.7463244">
                <ele>539.1</ele>
                <time>2026-06-06T09:57:50Z</time>
                <hdop>11.1</hdop>
                <extensions>
                    <osmand:speed>1.3</osmand:speed>
                </extensions>
            </trkpt>
            <trkpt lat="43.841642" lon="19.7463209">
                <ele>539.8</ele>
                <time>2026-06-06T09:57:57Z</time>
                <hdop>10.1</hdop>
                <extensions>
                    <osmand:speed>0.7</osmand:speed>
                </extensions>
            </trkpt>
            <trkpt lat="43.8415965" lon="19.746298">
                <ele>542</ele>
                <time>2026-06-06T09:58:03Z</time>
                <hdop>8.4</hdop>
                <extensions>
                    <osmand:speed>1.3</osmand:speed>
                </extensions>
            </trkpt>
            <trkpt lat="43.8415846" lon="19.7463044">
                <ele>542.1</ele>
                <time>2026-06-06T09:58:24Z</time>
                <hdop>7.5</hdop>
                <extensions>
                    <osmand:speed>0.1</osmand:speed>
                </extensions>
            </trkpt>
            <trkpt lat="43.8415511" lon="19.7462588">
                <ele>540.9</ele>
                <time>2026-06-06T09:58:30Z</time>
                <hdop>7.1</hdop>
                <extensions>
                    <osmand:speed>0.4</osmand:speed>
                </extensions>
            </trkpt>
            <trkpt lat="43.8415101" lon="19.7462063">
                <ele>540.3</ele>
                <time>2026-06-06T09:58:36Z</time>
                <hdop>6.7</hdop>
                <extensions>
                    <osmand:speed>1</osmand:speed>
                </extensions>
            </trkpt>
            <trkpt lat="43.8414265" lon="19.7461504">
                <ele>540.7</ele>
                <time>2026-06-06T09:58:46Z</time>
                <hdop>11.1</hdop>
                <extensions>
                    <osmand:speed>1.1</osmand:speed>
                </extensions>
            </trkpt>
        </trkseg>
        <trkseg>
            <trkpt lat="43.8410669" lon="19.7440997">
                <ele>544.7</ele>
                <time>2026-06-06T10:01:05Z</time>
                <hdop>23.8</hdop>
                <extensions>
                    <osmand:speed>1.8</osmand:speed>
                </extensions>
            </trkpt>
            <trkpt lat="43.8410144" lon="19.7440593">
                <ele>548.4</ele>
                <time>2026-06-06T10:01:11Z</time>
                <hdop>5.3</hdop>
                <extensions>
                    <osmand:speed>0</osmand:speed>
                </extensions>
            </trkpt>
            <trkpt lat="43.841002" lon="19.7440337">
                <ele>555</ele>
                <time>2026-06-06T10:01:17Z</time>
                <hdop>3.5</hdop>
                <extensions>
                    <osmand:speed>0.2</osmand:speed>
                </extensions>
            </trkpt>
            <trkpt lat="43.8410146" lon="19.7439577">
                <ele>553.5</ele>
                <time>2026-06-06T10:01:23Z</time>
                <hdop>5.5</hdop>
                <extensions>
                    <osmand:speed>1</osmand:speed>
                </extensions>
            </trkpt>
            <trkpt lat="43.8410365" lon="19.7439089">
                <ele>552.4</ele>
                <time>2026-06-06T10:01:29Z</time>
                <hdop>10.6</hdop>
                <extensions>
                    <osmand:speed>1.2</osmand:speed>
                </extensions>
            </trkpt>
            <trkpt lat="43.8410536" lon="19.7438251">
                <ele>550.9</ele>
                <time>2026-06-06T10:01:35Z</time>
                <hdop>9.8</hdop>
                <extensions>
                    <osmand:speed>0.6</osmand:speed>
                </extensions>
            </trkpt>
            <trkpt lat="43.8410955" lon="19.7437564">
                <ele>546.4</ele>
                <time>2026-06-06T10:01:41Z</time>
                <hdop>8.9</hdop>
                <extensions>
                    <osmand:speed>1.3</osmand:speed>
                </extensions>
            </trkpt>
            <trkpt lat="43.8411375" lon="19.7437028">
                <ele>544.3</ele>
                <time>2026-06-06T10:01:47Z</time>
                <hdop>8.1</hdop>
                <extensions>
                    <osmand:speed>1.2</osmand:speed>
                </extensions>
            </trkpt>
            <trkpt lat="43.8411995" lon="19.7436454">
                <ele>543.2</ele>
                <time>2026-06-06T10:01:53Z</time>
                <hdop>7.4</hdop>
                <extensions>
                    <osmand:speed>1.6</osmand:speed>
                </extensions>
            </trkpt>
            <trkpt lat="43.8412467" lon="19.7435679">
                <ele>541.5</ele>
                <time>2026-06-06T10:01:59Z</time>
                <hdop>7.2</hdop>
                <extensions>
                    <osmand:speed>1.2</osmand:speed>
                </extensions>
            </trkpt>
            <trkpt lat="43.8413057" lon="19.7435011">
                <ele>541.3</ele>
                <time>2026-06-06T10:02:05Z</time>
                <hdop>6.9</hdop>
                <extensions>
                    <osmand:speed>1.7</osmand:speed>
                </extensions>
            </trkpt>
            <trkpt lat="43.841357" lon="19.7433942">
                <ele>542.1</ele>
                <time>2026-06-06T10:02:11Z</time>
                <hdop>6.4</hdop>
                <extensions>
                    <osmand:speed>1.3</osmand:speed>
                </extensions>
            </trkpt>
            <trkpt lat="43.8414062" lon="19.7433315">
                <ele>544.3</ele>
                <time>2026-06-06T10:02:17Z</time>
                <hdop>6.2</hdop>
                <extensions>
                    <osmand:speed>1</osmand:speed>
                </extensions>
            </trkpt>
            <trkpt lat="43.8414625" lon="19.7432838">
                <ele>544.5</ele>
                <time>2026-06-06T10:02:23Z</time>
                <hdop>5.8</hdop>
                <extensions>
                    <osmand:speed>0.8</osmand:speed>
                </extensions>
            </trkpt>
            <trkpt lat="43.8415451" lon="19.7431922">
                <ele>543</ele>
                <time>2026-06-06T10:02:31Z</time>
                <hdop>5.4</hdop>
                <extensions>
                    <osmand:speed>1.2</osmand:speed>
                </extensions>
            </trkpt>
            <trkpt lat="43.8416237" lon="19.7431073">
                <ele>542.9</ele>
                <time>2026-06-06T10:02:38Z</time>
                <hdop>4.8</hdop>
                <extensions>
                    <osmand:speed>1.5</osmand:speed>
                </extensions>
            </trkpt>
            <trkpt lat="43.8416987" lon="19.7430164">
                <ele>543.8</ele>
                <time>2026-06-06T10:02:47Z</time>
                <hdop>4.5</hdop>
                <extensions>
                    <osmand:speed>0.8</osmand:speed>
                </extensions>
            </trkpt>
            <trkpt lat="43.8417509" lon="19.7429552">
                <ele>544.6</ele>
                <time>2026-06-06T10:02:53Z</time>
                <hdop>5.1</hdop>
                <extensions>
                    <osmand:speed>0.6</osmand:speed>
                </extensions>
            </trkpt>
            <trkpt lat="43.8418139" lon="19.7428707">
                <ele>543.9</ele>
                <time>2026-06-06T10:03:00Z</time>
                <hdop>5.2</hdop>
                <extensions>
                    <osmand:speed>1.3</osmand:speed>
                </extensions>
            </trkpt>
            <trkpt lat="43.8419147" lon="19.7427788">
                <ele>543.2</ele>
                <time>2026-06-06T10:03:09Z</time>
                <hdop>4.6</hdop>
                <extensions>
                    <osmand:speed>1.4</osmand:speed>
                </extensions>
            </trkpt>
            <trkpt lat="43.8419926" lon="19.7426803">
                <ele>542.3</ele>
                <time>2026-06-06T10:03:18Z</time>
                <hdop>4.3</hdop>
                <extensions>
                    <osmand:speed>1.4</osmand:speed>
                </extensions>
            </trkpt>
            <trkpt lat="43.8420731" lon="19.7425814">
                <ele>542.3</ele>
                <time>2026-06-06T10:03:26Z</time>
                <hdop>4.3</hdop>
                <extensions>
                    <osmand:speed>1.5</osmand:speed>
                </extensions>
            </trkpt>
            <trkpt lat="43.8421558" lon="19.7424922">
                <ele>543.6</ele>
                <time>2026-06-06T10:03:34Z</time>
                <hdop>4.5</hdop>
                <extensions>
                    <osmand:speed>1.4</osmand:speed>
                </extensions>
            </trkpt>
            <trkpt lat="43.8422257" lon="19.7423846">
                <ele>543.2</ele>
                <time>2026-06-06T10:03:41Z</time>
                <hdop>4.7</hdop>
                <extensions>
                    <osmand:speed>2.3</osmand:speed>
                </extensions>
            </trkpt>
            <trkpt lat="43.8422762" lon="19.742296">
                <ele>543.2</ele>
                <time>2026-06-06T10:03:47Z</time>
                <hdop>5.4</hdop>
                <extensions>
                    <osmand:speed>1</osmand:speed>
                </extensions>
            </trkpt>
            <trkpt lat="43.8423186" lon="19.7422057">
                <ele>544.8</ele>
                <time>2026-06-06T10:03:53Z</time>
                <hdop>6.1</hdop>
                <extensions>
                    <osmand:speed>0.9</osmand:speed>
                </extensions>
            </trkpt>
            <trkpt lat="43.8423766" lon="19.7421217">
                <ele>547</ele>
                <time>2026-06-06T10:03:59Z</time>
                <hdop>6.8</hdop>
                <extensions>
                    <osmand:speed>1</osmand:speed>
                </extensions>
            </trkpt>
            <trkpt lat="43.8424197" lon="19.7420737">
                <ele>547.2</ele>
                <time>2026-06-06T10:04:05Z</time>
                <hdop>7</hdop>
                <extensions>
                    <osmand:speed>0.7</osmand:speed>
                </extensions>
            </trkpt>
            <trkpt lat="43.8424821" lon="19.742006">
                <ele>547.6</ele>
                <time>2026-06-06T10:04:11Z</time>
                <hdop>6.9</hdop>
                <extensions>
                    <osmand:speed>1.2</osmand:speed>
                </extensions>
            </trkpt>
            <trkpt lat="43.8425391" lon="19.7419277">
                <ele>547.4</ele>
                <time>2026-06-06T10:04:17Z</time>
                <hdop>7</hdop>
                <extensions>
                    <osmand:speed>1.1</osmand:speed>
                </extensions>
            </trkpt>
            <trkpt lat="43.8425945" lon="19.7418766">
                <ele>547.3</ele>
                <time>2026-06-06T10:04:23Z</time>
                <hdop>7</hdop>
                <extensions>
                    <osmand:speed>0.9</osmand:speed>
                </extensions>
            </trkpt>
            <trkpt lat="43.8426474" lon="19.7418091">
                <ele>547.9</ele>
                <time>2026-06-06T10:04:29Z</time>
                <hdop>7.3</hdop>
                <extensions>
                    <osmand:speed>0.5</osmand:speed>
                </extensions>
            </trkpt>
            <trkpt lat="43.8427146" lon="19.7417328">
                <ele>549.5</ele>
                <time>2026-06-06T10:04:35Z</time>
                <hdop>6.9</hdop>
                <extensions>
                    <osmand:speed>0.9</osmand:speed>
                </extensions>
            </trkpt>
            <trkpt lat="43.8427572" lon="19.7416758">
                <ele>549.4</ele>
                <time>2026-06-06T10:04:41Z</time>
                <hdop>7</hdop>
                <extensions>
                    <osmand:speed>1</osmand:speed>
                </extensions>
            </trkpt>
            <trkpt lat="43.8428409" lon="19.7415753">
                <ele>548.6</ele>
                <time>2026-06-06T10:04:49Z</time>
                <hdop>7.2</hdop>
                <extensions>
                    <osmand:speed>1.5</osmand:speed>
                </extensions>
            </trkpt>
            <trkpt lat="43.8430143" lon="19.7415907">
                <ele>541.2</ele>
                <time>2026-06-06T10:05:02Z</time>
                <hdop>31.6</hdop>
                <extensions>
                    <osmand:speed>1.9</osmand:speed>
                </extensions>
            </trkpt>
            <trkpt lat="43.843016" lon="19.7414739">
                <ele>548.4</ele>
                <time>2026-06-06T10:05:09Z</time>
                <hdop>21.9</hdop>
                <extensions>
                    <osmand:speed>1.3</osmand:speed>
                </extensions>
            </trkpt>
            <trkpt lat="43.8431114" lon="19.7413793">
                <ele>548.1</ele>
                <time>2026-06-06T10:05:17Z</time>
                <hdop>19.5</hdop>
                <extensions>
                    <osmand:speed>1.3</osmand:speed>
                </extensions>
            </trkpt>
            <trkpt lat="43.8432351" lon="19.7412806">
                <ele>548.3</ele>
                <time>2026-06-06T10:05:26Z</time>
                <hdop>23.6</hdop>
                <extensions>
                    <osmand:speed>1.3</osmand:speed>
                </extensions>
            </trkpt>
            <trkpt lat="43.8436377" lon="19.7413598">
                <ele>538.8</ele>
                <time>2026-06-06T10:05:32Z</time>
                <hdop>30.5</hdop>
                <extensions>
                    <osmand:speed>3.7</osmand:speed>
                </extensions>
            </trkpt>
            <trkpt lat="43.8433668" lon="19.7412309">
                <ele>548.2</ele>
                <time>2026-06-06T10:05:42Z</time>
                <hdop>23.5</hdop>
                <extensions>
                    <osmand:speed>0.7</osmand:speed>
                </extensions>
            </trkpt>
            <trkpt lat="43.8438149" lon="19.7415254">
                <ele>536.7</ele>
                <time>2026-06-06T10:05:48Z</time>
                <hdop>36.8</hdop>
                <extensions>
                    <osmand:speed>2.5</osmand:speed>
                </extensions>
            </trkpt>
            <trkpt lat="43.8438363" lon="19.7413746">
                <ele>535.7</ele>
                <time>2026-06-06T10:05:54Z</time>
                <hdop>27</hdop>
                <extensions>
                    <osmand:speed>2.2</osmand:speed>
                </extensions>
            </trkpt>
            <trkpt lat="43.8439418" lon="19.7411622">
                <ele>539.2</ele>
                <time>2026-06-06T10:06:00Z</time>
                <hdop>31.4</hdop>
                <extensions>
                    <osmand:speed>2.5</osmand:speed>
                </extensions>
            </trkpt>
            <trkpt lat="43.8437136" lon="19.7408207">
                <ele>549.2</ele>
                <time>2026-06-06T10:06:08Z</time>
                <hdop>31.6</hdop>
                <extensions>
                    <osmand:speed>1.9</osmand:speed>
                </extensions>
            </trkpt>
            <trkpt lat="43.8437853" lon="19.7406455">
                <ele>549</ele>
                <time>2026-06-06T10:06:14Z</time>
                <hdop>31.8</hdop>
                <extensions>
                    <osmand:speed>1.9</osmand:speed>
                </extensions>
            </trkpt>
            <trkpt lat="43.8438921" lon="19.7406318">
                <ele>549</ele>
                <time>2026-06-06T10:06:20Z</time>
                <hdop>32</hdop>
                <extensions>
                    <osmand:speed>1.8</osmand:speed>
                </extensions>
            </trkpt>
            <trkpt lat="43.843937" lon="19.7404971">
                <ele>549.3</ele>
                <time>2026-06-06T10:06:26Z</time>
                <hdop>30.8</hdop>
                <extensions>
                    <osmand:speed>1.7</osmand:speed>
                </extensions>
            </trkpt>
            <trkpt lat="43.8440782" lon="19.7405879">
                <ele>549.3</ele>
                <time>2026-06-06T10:06:33Z</time>
                <hdop>29.3</hdop>
                <extensions>
                    <osmand:speed>1.5</osmand:speed>
                </extensions>
            </trkpt>
            <trkpt lat="43.8441402" lon="19.7404722">
                <ele>549.5</ele>
                <time>2026-06-06T10:06:41Z</time>
                <hdop>21.9</hdop>
                <extensions>
                    <osmand:speed>1.7</osmand:speed>
                </extensions>
            </trkpt>
            <trkpt lat="43.844254" lon="19.7405078">
                <ele>549.6</ele>
                <time>2026-06-06T10:06:50Z</time>
                <hdop>24</hdop>
                <extensions>
                    <osmand:speed>1.4</osmand:speed>
                </extensions>
            </trkpt>
            <trkpt lat="43.8443534" lon="19.7406079">
                <ele>549.9</ele>
                <time>2026-06-06T10:06:57Z</time>
                <hdop>24.7</hdop>
                <extensions>
                    <osmand:speed>1.6</osmand:speed>
                </extensions>
            </trkpt>
            <trkpt lat="43.844479" lon="19.7409312">
                <ele>546.3</ele>
                <time>2026-06-06T10:07:03Z</time>
                <hdop>36.5</hdop>
                <extensions>
                    <osmand:speed>3.5</osmand:speed>
                </extensions>
            </trkpt>
            <trkpt lat="43.8445075" lon="19.7406926">
                <ele>550.1</ele>
                <time>2026-06-06T10:07:10Z</time>
                <hdop>26.2</hdop>
                <extensions>
                    <osmand:speed>1.8</osmand:speed>
                </extensions>
            </trkpt>
            <trkpt lat="43.8445667" lon="19.7407076">
                <ele>549.3</ele>
                <time>2026-06-06T10:07:16Z</time>
                <hdop>38.2</hdop>
                <extensions>
                    <osmand:speed>1.7</osmand:speed>
                </extensions>
            </trkpt>
            <trkpt lat="43.8446085" lon="19.7403164">
                <ele>548.3</ele>
                <time>2026-06-06T10:07:25Z</time>
                <hdop>35.7</hdop>
                <extensions>
                    <osmand:speed>1.3</osmand:speed>
                </extensions>
            </trkpt>
            <trkpt lat="43.8447192" lon="19.7400677">
                <ele>550.5</ele>
                <time>2026-06-06T10:07:32Z</time>
                <hdop>42.7</hdop>
                <extensions>
                    <osmand:speed>2.5</osmand:speed>
                </extensions>
            </trkpt>
            <trkpt lat="43.8448155" lon="19.7398521">
                <ele>552.8</ele>
                <time>2026-06-06T10:07:38Z</time>
                <hdop>41.9</hdop>
                <extensions>
                    <osmand:speed>2.2</osmand:speed>
                </extensions>
            </trkpt>
            <trkpt lat="43.8450773" lon="19.7397743">
                <ele>550.4</ele>
                <time>2026-06-06T10:07:44Z</time>
                <hdop>33.4</hdop>
                <extensions>
                    <osmand:speed>2.9</osmand:speed>
                </extensions>
            </trkpt>
            <trkpt lat="43.8451837" lon="19.7396057">
                <ele>550.8</ele>
                <time>2026-06-06T10:07:50Z</time>
                <hdop>37.6</hdop>
                <extensions>
                    <osmand:speed>2.7</osmand:speed>
                </extensions>
            </trkpt>
            <trkpt lat="43.8453098" lon="19.7395688">
                <ele>550.9</ele>
                <time>2026-06-06T10:07:56Z</time>
                <hdop>41.3</hdop>
                <extensions>
                    <osmand:speed>2.6</osmand:speed>
                </extensions>
            </trkpt>
            <trkpt lat="43.8455101" lon="19.739637">
                <ele>551.7</ele>
                <time>2026-06-06T10:08:03Z</time>
                <hdop>34.3</hdop>
                <extensions>
                    <osmand:speed>2.3</osmand:speed>
                </extensions>
            </trkpt>
            <trkpt lat="43.8455693" lon="19.7396083">
                <ele>552</ele>
                <time>2026-06-06T10:08:09Z</time>
                <hdop>29.3</hdop>
                <extensions>
                    <osmand:speed>1.8</osmand:speed>
                </extensions>
            </trkpt>
            <trkpt lat="43.8452408" lon="19.7397708">
                <ele>548.4</ele>
                <time>2026-06-06T10:08:18Z</time>
                <hdop>33.3</hdop>
                <extensions>
                    <osmand:speed>1.2</osmand:speed>
                </extensions>
            </trkpt>
            <trkpt lat="43.8457381" lon="19.7394408">
                <ele>552.2</ele>
                <time>2026-06-06T10:08:25Z</time>
                <hdop>33</hdop>
                <extensions>
                    <osmand:speed>1.9</osmand:speed>
                </extensions>
            </trkpt>
            <trkpt lat="43.8458998" lon="19.7397022">
                <ele>553.2</ele>
                <time>2026-06-06T10:08:34Z</time>
                <hdop>27.1</hdop>
                <extensions>
                    <osmand:speed>1.4</osmand:speed>
                </extensions>
            </trkpt>
            <trkpt lat="43.8459262" lon="19.7397533">
                <ele>554.4</ele>
                <time>2026-06-06T10:08:46Z</time>
                <hdop>23.5</hdop>
                <extensions>
                    <osmand:speed>1.2</osmand:speed>
                </extensions>
            </trkpt>
            <trkpt lat="43.8459183" lon="19.7396718">
                <ele>555.1</ele>
                <time>2026-06-06T10:08:59Z</time>
                <hdop>15.8</hdop>
                <extensions>
                    <osmand:speed>1.1</osmand:speed>
                </extensions>
            </trkpt>
            <trkpt lat="43.8458868" lon="19.7398">
                <ele>550.6</ele>
                <time>2026-06-06T10:09:07Z</time>
                <hdop>21.4</hdop>
                <extensions>
                    <osmand:speed>2.3</osmand:speed>
                </extensions>
            </trkpt>
            <trkpt lat="43.8458982" lon="19.7399485">
                <ele>550.2</ele>
                <time>2026-06-06T10:09:14Z</time>
                <hdop>30.3</hdop>
                <extensions>
                    <osmand:speed>1.9</osmand:speed>
                </extensions>
            </trkpt>
            <trkpt lat="43.8463" lon="19.7398059">
                <ele>548.8</ele>
                <time>2026-06-06T10:09:23Z</time>
                <hdop>39</hdop>
                <extensions>
                    <osmand:speed>3.9</osmand:speed>
                </extensions>
            </trkpt>
            <trkpt lat="43.8461432" lon="19.73978">
                <ele>555.7</ele>
                <time>2026-06-06T10:09:29Z</time>
                <hdop>36.4</hdop>
                <extensions>
                    <osmand:speed>1</osmand:speed>
                </extensions>
            </trkpt>
            <trkpt lat="43.8461863" lon="19.7398009">
                <ele>556.1</ele>
                <time>2026-06-06T10:09:35Z</time>
                <hdop>34.3</hdop>
                <extensions>
                    <osmand:speed>1</osmand:speed>
                </extensions>
            </trkpt>
            <trkpt lat="43.8462708" lon="19.7397958">
                <ele>556.3</ele>
                <time>2026-06-06T10:09:44Z</time>
                <hdop>32.1</hdop>
                <extensions>
                    <osmand:speed>0.9</osmand:speed>
                </extensions>
            </trkpt>
            <trkpt lat="43.8468152" lon="19.7396506">
                <ele>547</ele>
                <time>2026-06-06T10:10:21Z</time>
                <hdop>22.4</hdop>
            </trkpt>
            <trkpt lat="43.8466191" lon="19.7394045">
                <ele>556.9</ele>
                <time>2026-06-06T10:10:28Z</time>
                <hdop>34.9</hdop>
                <extensions>
                    <osmand:speed>0.8</osmand:speed>
                </extensions>
            </trkpt>
            <trkpt lat="43.8467887" lon="19.7394213">
                <ele>557</ele>
                <time>2026-06-06T10:10:34Z</time>
                <hdop>17.2</hdop>
                <extensions>
                    <osmand:speed>0.7</osmand:speed>
                </extensions>
            </trkpt>
            <trkpt lat="43.8468392" lon="19.7392658">
                <ele>564.7</ele>
                <time>2026-06-06T10:10:46Z</time>
                <hdop>16.4</hdop>
                <extensions>
                    <osmand:speed>1.8</osmand:speed>
                </extensions>
            </trkpt>
            <trkpt lat="43.846875" lon="19.7392129">
                <ele>557.4</ele>
                <time>2026-06-06T10:10:53Z</time>
                <hdop>12.6</hdop>
                <extensions>
                    <osmand:speed>1.6</osmand:speed>
                </extensions>
            </trkpt>
            <trkpt lat="43.846967" lon="19.7391354">
                <ele>557.4</ele>
                <time>2026-06-06T10:11:01Z</time>
                <hdop>11.6</hdop>
                <extensions>
                    <osmand:speed>1.4</osmand:speed>
                </extensions>
            </trkpt>
            <trkpt lat="43.8470462" lon="19.7390245">
                <ele>556.5</ele>
                <time>2026-06-06T10:11:10Z</time>
                <hdop>11.4</hdop>
                <extensions>
                    <osmand:speed>1.3</osmand:speed>
                </extensions>
            </trkpt>
            <trkpt lat="43.8471324" lon="19.7389488">
                <ele>555.8</ele>
                <time>2026-06-06T10:11:17Z</time>
                <hdop>11.1</hdop>
                <extensions>
                    <osmand:speed>1.3</osmand:speed>
                </extensions>
            </trkpt>
            <trkpt lat="43.8472073" lon="19.7388644">
                <ele>551.7</ele>
                <time>2026-06-06T10:11:24Z</time>
                <hdop>11.5</hdop>
                <extensions>
                    <osmand:speed>1.3</osmand:speed>
                </extensions>
            </trkpt>
            <trkpt lat="43.8472705" lon="19.7387642">
                <ele>551.1</ele>
                <time>2026-06-06T10:11:31Z</time>
                <hdop>12.1</hdop>
                <extensions>
                    <osmand:speed>1.2</osmand:speed>
                </extensions>
            </trkpt>
            <trkpt lat="43.8474067" lon="19.7386267">
                <ele>553.1</ele>
                <time>2026-06-06T10:11:39Z</time>
                <hdop>7.4</hdop>
                <extensions>
                    <osmand:speed>1.2</osmand:speed>
                </extensions>
            </trkpt>
            <trkpt lat="43.8474464" lon="19.7385015">
                <ele>553</ele>
                <time>2026-06-06T10:11:48Z</time>
                <hdop>8.3</hdop>
                <extensions>
                    <osmand:speed>1.2</osmand:speed>
                </extensions>
            </trkpt>
            <trkpt lat="43.8474828" lon="19.7383711">
                <ele>553.5</ele>
                <time>2026-06-06T10:11:56Z</time>
                <hdop>7.4</hdop>
                <extensions>
                    <osmand:speed>1.2</osmand:speed>
                </extensions>
            </trkpt>
            <trkpt lat="43.8475483" lon="19.738264">
                <ele>552.6</ele>
                <time>2026-06-06T10:12:05Z</time>
                <hdop>9.1</hdop>
                <extensions>
                    <osmand:speed>0.9</osmand:speed>
                </extensions>
            </trkpt>
            <trkpt lat="43.847576" lon="19.7381332">
                <ele>552.3</ele>
                <time>2026-06-06T10:12:14Z</time>
                <hdop>10.8</hdop>
                <extensions>
                    <osmand:speed>0.9</osmand:speed>
                </extensions>
            </trkpt>
            <trkpt lat="43.8475981" lon="19.7380017">
                <ele>551.6</ele>
                <time>2026-06-06T10:12:22Z</time>
                <hdop>11</hdop>
                <extensions>
                    <osmand:speed>1.3</osmand:speed>
                </extensions>
            </trkpt>
            <trkpt lat="43.8476056" lon="19.7378703">
                <ele>551.6</ele>
                <time>2026-06-06T10:12:29Z</time>
                <hdop>7.5</hdop>
                <extensions>
                    <osmand:speed>2</osmand:speed>
                </extensions>
            </trkpt>
            <trkpt lat="43.8476397" lon="19.7377504">
                <ele>551.7</ele>
                <time>2026-06-06T10:12:35Z</time>
                <hdop>6.4</hdop>
                <extensions>
                    <osmand:speed>1.7</osmand:speed>
                </extensions>
            </trkpt>
            <trkpt lat="43.8476563" lon="19.7376151">
                <ele>551.8</ele>
                <time>2026-06-06T10:12:42Z</time>
                <hdop>7.2</hdop>
                <extensions>
                    <osmand:speed>1.4</osmand:speed>
                </extensions>
            </trkpt>
            <trkpt lat="43.8476989" lon="19.7374753">
                <ele>552.3</ele>
                <time>2026-06-06T10:12:50Z</time>
                <hdop>8</hdop>
                <extensions>
                    <osmand:speed>1.2</osmand:speed>
                </extensions>
            </trkpt>
            <trkpt lat="43.8477312" lon="19.7373327">
                <ele>553.8</ele>
                <time>2026-06-06T10:12:57Z</time>
                <hdop>7</hdop>
                <extensions>
                    <osmand:speed>1.3</osmand:speed>
                </extensions>
            </trkpt>
            <trkpt lat="43.8477488" lon="19.7371966">
                <ele>553.6</ele>
                <time>2026-06-06T10:13:05Z</time>
                <hdop>6.9</hdop>
                <extensions>
                    <osmand:speed>1.4</osmand:speed>
                </extensions>
            </trkpt>
            <trkpt lat="43.8477744" lon="19.7370576">
                <ele>553.5</ele>
                <time>2026-06-06T10:13:14Z</time>
                <hdop>8.2</hdop>
                <extensions>
                    <osmand:speed>1.3</osmand:speed>
                </extensions>
            </trkpt>
            <trkpt lat="43.8478084" lon="19.7369312">
                <ele>553.4</ele>
                <time>2026-06-06T10:13:22Z</time>
                <hdop>7.5</hdop>
                <extensions>
                    <osmand:speed>1.3</osmand:speed>
                </extensions>
            </trkpt>
            <trkpt lat="43.847815" lon="19.7367943">
                <ele>544.7</ele>
                <time>2026-06-06T10:13:29Z</time>
                <hdop>7.8</hdop>
                <extensions>
                    <osmand:speed>1.5</osmand:speed>
                </extensions>
            </trkpt>
            <trkpt lat="43.8477948" lon="19.7366447">
                <ele>553.1</ele>
                <time>2026-06-06T10:13:37Z</time>
                <hdop>8.1</hdop>
                <extensions>
                    <osmand:speed>1.6</osmand:speed>
                </extensions>
            </trkpt>
            <trkpt lat="43.8477291" lon="19.7363161">
                <ele>556.5</ele>
                <time>2026-06-06T10:13:44Z</time>
                <hdop>12.5</hdop>
                <extensions>
                    <osmand:speed>1.4</osmand:speed>
                </extensions>
            </trkpt>
            <trkpt lat="43.8477457" lon="19.7362551">
                <ele>557.3</ele>
                <time>2026-06-06T10:13:54Z</time>
                <hdop>10.4</hdop>
                <extensions>
                    <osmand:speed>0.8</osmand:speed>
                </extensions>
            </trkpt>
            <trkpt lat="43.8477307" lon="19.7361813">
                <ele>555.7</ele>
                <time>2026-06-06T10:14:00Z</time>
                <hdop>12.2</hdop>
                <extensions>
                    <osmand:speed>0.9</osmand:speed>
                </extensions>
            </trkpt>
            <trkpt lat="43.8476822" lon="19.7360668">
                <ele>555.2</ele>
                <time>2026-06-06T10:14:06Z</time>
                <hdop>12.7</hdop>
                <extensions>
                    <osmand:speed>1.4</osmand:speed>
                </extensions>
            </trkpt>
            <trkpt lat="43.8476978" lon="19.7359713">
                <ele>556.1</ele>
                <time>2026-06-06T10:14:13Z</time>
                <hdop>14.5</hdop>
                <extensions>
                    <osmand:speed>1.2</osmand:speed>
                </extensions>
            </trkpt>
            <trkpt lat="43.8476499" lon="19.7358016">
                <ele>554.9</ele>
                <time>2026-06-06T10:14:21Z</time>
                <hdop>14.2</hdop>
                <extensions>
                    <osmand:speed>1.5</osmand:speed>
                </extensions>
            </trkpt>
            <trkpt lat="43.8476216" lon="19.7356365">
                <ele>560.2</ele>
                <time>2026-06-06T10:14:28Z</time>
                <hdop>7.3</hdop>
                <extensions>
                    <osmand:speed>0.8</osmand:speed>
                </extensions>
            </trkpt>
            <trkpt lat="43.8476752" lon="19.7356097">
                <ele>561.2</ele>
                <time>2026-06-06T10:14:34Z</time>
                <hdop>7</hdop>
                <extensions>
                    <osmand:speed>0</osmand:speed>
                </extensions>
            </trkpt>
            <trkpt lat="43.8476865" lon="19.7356094">
                <ele>559.2</ele>
                <time>2026-06-06T10:14:40Z</time>
                <hdop>7.7</hdop>
                <extensions>
                    <osmand:speed>0</osmand:speed>
                </extensions>
            </trkpt>
            <trkpt lat="43.8476953" lon="19.7356108">
                <ele>561</ele>
                <time>2026-06-06T10:14:46Z</time>
                <hdop>7.5</hdop>
                <extensions>
                    <osmand:speed>0.2</osmand:speed>
                </extensions>
            </trkpt>
            <trkpt lat="43.8476931" lon="19.7356109">
                <ele>560.6</ele>
                <time>2026-06-06T10:14:52Z</time>
                <hdop>9.8</hdop>
                <extensions>
                    <osmand:speed>0</osmand:speed>
                </extensions>
            </trkpt>
            <trkpt lat="43.8476866" lon="19.735606">
                <ele>559.8</ele>
                <time>2026-06-06T10:14:58Z</time>
                <hdop>10.4</hdop>
            </trkpt>
            <trkpt lat="43.8476789" lon="19.7355918">
                <ele>559.8</ele>
                <time>2026-06-06T10:15:04Z</time>
                <hdop>12.6</hdop>
                <extensions>
                    <osmand:speed>0</osmand:speed>
                </extensions>
            </trkpt>
            <trkpt lat="43.8476829" lon="19.7355912">
                <ele>560.6</ele>
                <time>2026-06-06T10:15:10Z</time>
                <hdop>13</hdop>
                <extensions>
                    <osmand:speed>0.1</osmand:speed>
                </extensions>
            </trkpt>
            <trkpt lat="43.8477002" lon="19.7356021">
                <ele>560.8</ele>
                <time>2026-06-06T10:15:16Z</time>
                <hdop>12.6</hdop>
                <extensions>
                    <osmand:speed>0</osmand:speed>
                </extensions>
            </trkpt>
            <trkpt lat="43.8477058" lon="19.7356373">
                <ele>558.6</ele>
                <time>2026-06-06T10:15:22Z</time>
                <hdop>12.3</hdop>
                <extensions>
                    <osmand:speed>0.2</osmand:speed>
                </extensions>
            </trkpt>
            <trkpt lat="43.8476976" lon="19.7356521">
                <ele>559.9</ele>
                <time>2026-06-06T10:15:28Z</time>
                <hdop>12</hdop>
                <extensions>
                    <osmand:speed>0.1</osmand:speed>
                </extensions>
            </trkpt>
            <trkpt lat="43.8477033" lon="19.7356589">
                <ele>559.8</ele>
                <time>2026-06-06T10:15:34Z</time>
                <hdop>12.3</hdop>
                <extensions>
                    <osmand:speed>0.1</osmand:speed>
                </extensions>
            </trkpt>
            <trkpt lat="43.8477028" lon="19.7356653">
                <ele>559.6</ele>
                <time>2026-06-06T10:15:40Z</time>
                <hdop>12</hdop>
                <extensions>
                    <osmand:speed>0</osmand:speed>
                </extensions>
            </trkpt>
            <trkpt lat="43.8477014" lon="19.7356381">
                <ele>559.1</ele>
                <time>2026-06-06T10:15:46Z</time>
                <hdop>11.1</hdop>
                <extensions>
                    <osmand:speed>0.6</osmand:speed>
                </extensions>
            </trkpt>
            <trkpt lat="43.8476946" lon="19.7356357">
                <ele>558.9</ele>
                <time>2026-06-06T10:15:52Z</time>
                <hdop>10.2</hdop>
                <extensions>
                    <osmand:speed>0.2</osmand:speed>
                </extensions>
            </trkpt>
            <trkpt lat="43.8476892" lon="19.7356266">
                <ele>558.3</ele>
                <time>2026-06-06T10:15:58Z</time>
                <hdop>10.8</hdop>
                <extensions>
                    <osmand:speed>0</osmand:speed>
                </extensions>
            </trkpt>
            <trkpt lat="43.8476871" lon="19.73563">
                <ele>557.7</ele>
                <time>2026-06-06T10:16:04Z</time>
                <hdop>10.8</hdop>
                <extensions>
                    <osmand:speed>0</osmand:speed>
                </extensions>
            </trkpt>
            <trkpt lat="43.8476894" lon="19.7356353">
                <ele>557.2</ele>
                <time>2026-06-06T10:16:10Z</time>
                <hdop>10.7</hdop>
                <extensions>
                    <osmand:speed>0</osmand:speed>
                </extensions>
            </trkpt>
            <trkpt lat="43.8476756" lon="19.7356484">
                <ele>558.1</ele>
                <time>2026-06-06T10:16:16Z</time>
                <hdop>10.8</hdop>
            </trkpt>
            <trkpt lat="43.8476774" lon="19.7356544">
                <ele>557.4</ele>
                <time>2026-06-06T10:16:22Z</time>
                <hdop>10.7</hdop>
                <extensions>
                    <osmand:speed>0.1</osmand:speed>
                </extensions>
            </trkpt>
            <trkpt lat="43.8476736" lon="19.7356632">
                <ele>558</ele>
                <time>2026-06-06T10:16:28Z</time>
                <hdop>11.1</hdop>
                <extensions>
                    <osmand:speed>0</osmand:speed>
                </extensions>
            </trkpt>
            <trkpt lat="43.8476665" lon="19.7356831">
                <ele>557.3</ele>
                <time>2026-06-06T10:16:34Z</time>
                <hdop>11.1</hdop>
                <extensions>
                    <osmand:speed>0</osmand:speed>
                </extensions>
            </trkpt>
            <trkpt lat="43.8476506" lon="19.735718">
                <ele>559.1</ele>
                <time>2026-06-06T10:16:40Z</time>
                <hdop>12.2</hdop>
            </trkpt>
            <trkpt lat="43.8476524" lon="19.7357188">
                <ele>559.4</ele>
                <time>2026-06-06T10:16:46Z</time>
                <hdop>13</hdop>
                <extensions>
                    <osmand:speed>0</osmand:speed>
                </extensions>
            </trkpt>
            <trkpt lat="43.8476601" lon="19.7357206">
                <ele>560</ele>
                <time>2026-06-06T10:16:52Z</time>
                <hdop>13.6</hdop>
                <extensions>
                    <osmand:speed>0</osmand:speed>
                </extensions>
            </trkpt>
            <trkpt lat="43.8476615" lon="19.7357132">
                <ele>560.7</ele>
                <time>2026-06-06T10:16:58Z</time>
                <hdop>14.4</hdop>
                <extensions>
                    <osmand:speed>0.1</osmand:speed>
                </extensions>
            </trkpt>
            <trkpt lat="43.8476506" lon="19.7357113">
                <ele>561.5</ele>
                <time>2026-06-06T10:17:04Z</time>
                <hdop>13.6</hdop>
                <extensions>
                    <osmand:speed>0.2</osmand:speed>
                </extensions>
            </trkpt>
            <trkpt lat="43.8476327" lon="19.7356951">
                <ele>560.8</ele>
                <time>2026-06-06T10:17:10Z</time>
                <hdop>13</hdop>
                <extensions>
                    <osmand:speed>0</osmand:speed>
                </extensions>
            </trkpt>
            <trkpt lat="43.847626" lon="19.735685">
                <ele>559.1</ele>
                <time>2026-06-06T10:17:16Z</time>
                <hdop>13.4</hdop>
            </trkpt>
            <trkpt lat="43.8476344" lon="19.735689">
                <ele>559.9</ele>
                <time>2026-06-06T10:17:22Z</time>
                <hdop>13.5</hdop>
                <extensions>
                    <osmand:speed>0.1</osmand:speed>
                </extensions>
            </trkpt>
            <trkpt lat="43.8476442" lon="19.7355855">
                <ele>557.5</ele>
                <time>2026-06-06T10:17:34Z</time>
                <hdop>16.1</hdop>
                <extensions>
                    <osmand:speed>0.2</osmand:speed>
                </extensions>
            </trkpt>
            <trkpt lat="43.8476439" lon="19.7355195">
                <ele>555.6</ele>
                <time>2026-06-06T10:17:48Z</time>
                <hdop>37.7</hdop>
                <extensions>
                    <osmand:speed>0.8</osmand:speed>
                </extensions>
            </trkpt>
            <trkpt lat="43.8477087" lon="19.7351631">
                <ele>552</ele>
                <time>2026-06-06T10:17:55Z</time>
                <hdop>22.4</hdop>
                <extensions>
                    <osmand:speed>2.9</osmand:speed>
                </extensions>
            </trkpt>
            <trkpt lat="43.8476826" lon="19.735054">
                <ele>551.8</ele>
                <time>2026-06-06T10:18:04Z</time>
                <hdop>19.8</hdop>
                <extensions>
                    <osmand:speed>1.3</osmand:speed>
                </extensions>
            </trkpt>
            <trkpt lat="43.8478205" lon="19.7351587">
                <ele>558.3</ele>
                <time>2026-06-06T10:18:13Z</time>
                <hdop>22.5</hdop>
                <extensions>
                    <osmand:speed>1.2</osmand:speed>
                </extensions>
            </trkpt>
            <trkpt lat="43.8478032" lon="19.7350049">
                <ele>557.8</ele>
                <time>2026-06-06T10:18:19Z</time>
                <hdop>18.9</hdop>
                <extensions>
                    <osmand:speed>1.4</osmand:speed>
                </extensions>
            </trkpt>
            <trkpt lat="43.847778" lon="19.7348013">
                <ele>557.8</ele>
                <time>2026-06-06T10:18:25Z</time>
                <hdop>18.2</hdop>
                <extensions>
                    <osmand:speed>1.8</osmand:speed>
                </extensions>
            </trkpt>
            <trkpt lat="43.8477765" lon="19.734606">
                <ele>557.9</ele>
                <time>2026-06-06T10:18:31Z</time>
                <hdop>20.4</hdop>
                <extensions>
                    <osmand:speed>2.2</osmand:speed>
                </extensions>
            </trkpt>
            <trkpt lat="43.8477673" lon="19.7343825">
                <ele>557.7</ele>
                <time>2026-06-06T10:18:37Z</time>
                <hdop>26.8</hdop>
                <extensions>
                    <osmand:speed>2.7</osmand:speed>
                </extensions>
            </trkpt>
            <trkpt lat="43.8478446" lon="19.7342483">
                <ele>558.2</ele>
                <time>2026-06-06T10:18:46Z</time>
                <hdop>27.8</hdop>
                <extensions>
                    <osmand:speed>1.5</osmand:speed>
                </extensions>
            </trkpt>
            <trkpt lat="43.847831" lon="19.7341346">
                <ele>558.2</ele>
                <time>2026-06-06T10:18:54Z</time>
                <hdop>20</hdop>
                <extensions>
                    <osmand:speed>1.1</osmand:speed>
                </extensions>
            </trkpt>
            <trkpt lat="43.8478057" lon="19.7339905">
                <ele>558.1</ele>
                <time>2026-06-06T10:19:00Z</time>
                <hdop>19.2</hdop>
                <extensions>
                    <osmand:speed>1.5</osmand:speed>
                </extensions>
            </trkpt>
            <trkpt lat="43.8477241" lon="19.733864">
                <ele>558.2</ele>
                <time>2026-06-06T10:19:06Z</time>
                <hdop>18.8</hdop>
                <extensions>
                    <osmand:speed>1.6</osmand:speed>
                </extensions>
            </trkpt>
            <trkpt lat="43.8477498" lon="19.7337304">
                <ele>558.5</ele>
                <time>2026-06-06T10:19:16Z</time>
                <hdop>19.6</hdop>
                <extensions>
                    <osmand:speed>1</osmand:speed>
                </extensions>
            </trkpt>
            <trkpt lat="43.8478368" lon="19.7335724">
                <ele>559</ele>
                <time>2026-06-06T10:19:25Z</time>
                <hdop>9.8</hdop>
                <extensions>
                    <osmand:speed>0.8</osmand:speed>
                </extensions>
            </trkpt>
            <trkpt lat="43.8478474" lon="19.7335097">
                <ele>558.8</ele>
                <time>2026-06-06T10:19:32Z</time>
                <hdop>18.2</hdop>
                <extensions>
                    <osmand:speed>0.8</osmand:speed>
                </extensions>
            </trkpt>
            <trkpt lat="43.8478546" lon="19.7334417">
                <ele>559</ele>
                <time>2026-06-06T10:19:39Z</time>
                <hdop>16.4</hdop>
                <extensions>
                    <osmand:speed>0.8</osmand:speed>
                </extensions>
            </trkpt>
            <trkpt lat="43.847873" lon="19.7332923">
                <ele>560.8</ele>
                <time>2026-06-06T10:19:49Z</time>
                <hdop>12.4</hdop>
                <extensions>
                    <osmand:speed>0.7</osmand:speed>
                </extensions>
            </trkpt>
            <trkpt lat="43.8478676" lon="19.7331251">
                <ele>563.7</ele>
                <time>2026-06-06T10:19:56Z</time>
                <hdop>4.1</hdop>
                <extensions>
                    <osmand:speed>1.3</osmand:speed>
                </extensions>
            </trkpt>
            <trkpt lat="43.8478886" lon="19.7330693">
                <ele>563.6</ele>
                <time>2026-06-06T10:20:04Z</time>
                <hdop>12.3</hdop>
                <extensions>
                    <osmand:speed>0.4</osmand:speed>
                </extensions>
            </trkpt>
            <trkpt lat="43.8479288" lon="19.7328495">
                <ele>565.2</ele>
                <time>2026-06-06T10:20:32Z</time>
                <hdop>23.5</hdop>
            </trkpt>
            <trkpt lat="43.847993" lon="19.7327307">
                <ele>565.4</ele>
                <time>2026-06-06T10:20:42Z</time>
                <hdop>26</hdop>
            </trkpt>
            <trkpt lat="43.8485504" lon="19.7320896">
                <ele>567.4</ele>
                <time>2026-06-06T10:21:50Z</time>
                <hdop>42</hdop>
            </trkpt>
            <trkpt lat="43.8486054" lon="19.7315706">
                <ele>570.9</ele>
                <time>2026-06-06T10:21:56Z</time>
                <hdop>12.5</hdop>
                <extensions>
                    <osmand:speed>0.2</osmand:speed>
                </extensions>
            </trkpt>
            <trkpt lat="43.8486713" lon="19.731509">
                <ele>570</ele>
                <time>2026-06-06T10:22:02Z</time>
                <hdop>7.3</hdop>
                <extensions>
                    <osmand:speed>1.3</osmand:speed>
                </extensions>
            </trkpt>
            <trkpt lat="43.8487417" lon="19.7314714">
                <ele>567.7</ele>
                <time>2026-06-06T10:22:08Z</time>
                <hdop>6.6</hdop>
                <extensions>
                    <osmand:speed>1</osmand:speed>
                </extensions>
            </trkpt>
            <trkpt lat="43.8488143" lon="19.7314484">
                <ele>564.6</ele>
                <time>2026-06-06T10:22:14Z</time>
                <hdop>6.6</hdop>
                <extensions>
                    <osmand:speed>1.5</osmand:speed>
                </extensions>
            </trkpt>
            <trkpt lat="43.8489075" lon="19.7314352">
                <ele>563.4</ele>
                <time>2026-06-06T10:22:20Z</time>
                <hdop>6</hdop>
                <extensions>
                    <osmand:speed>1.5</osmand:speed>
                </extensions>
            </trkpt>
            <trkpt lat="43.8490094" lon="19.7313767">
                <ele>563.1</ele>
                <time>2026-06-06T10:22:29Z</time>
                <hdop>5.4</hdop>
                <extensions>
                    <osmand:speed>1.1</osmand:speed>
                </extensions>
            </trkpt>
            <trkpt lat="43.8490552" lon="19.7313996">
                <ele>563.4</ele>
                <time>2026-06-06T10:22:42Z</time>
                <hdop>5.4</hdop>
                <extensions>
                    <osmand:speed>1.6</osmand:speed>
                </extensions>
            </trkpt>
            <trkpt lat="43.8491376" lon="19.7313609">
                <ele>562.9</ele>
                <time>2026-06-06T10:22:48Z</time>
                <hdop>5.5</hdop>
                <extensions>
                    <osmand:speed>0.9</osmand:speed>
                </extensions>
            </trkpt>
            <trkpt lat="43.8492044" lon="19.7313299">
                <ele>563.6</ele>
                <time>2026-06-06T10:22:54Z</time>
                <hdop>5.8</hdop>
                <extensions>
                    <osmand:speed>1</osmand:speed>
                </extensions>
            </trkpt>
            <trkpt lat="43.849279" lon="19.7313146">
                <ele>564.4</ele>
                <time>2026-06-06T10:23:00Z</time>
                <hdop>6.6</hdop>
                <extensions>
                    <osmand:speed>1.1</osmand:speed>
                </extensions>
            </trkpt>
            <trkpt lat="43.8493472" lon="19.7312995">
                <ele>565.1</ele>
                <time>2026-06-06T10:23:06Z</time>
                <hdop>6.8</hdop>
                <extensions>
                    <osmand:speed>0.8</osmand:speed>
                </extensions>
            </trkpt>
            <trkpt lat="43.8494527" lon="19.7312629">
                <ele>564.5</ele>
                <time>2026-06-06T10:23:12Z</time>
                <hdop>6.2</hdop>
                <extensions>
                    <osmand:speed>1.4</osmand:speed>
                </extensions>
            </trkpt>
            <trkpt lat="43.8495474" lon="19.7312468">
                <ele>565.3</ele>
                <time>2026-06-06T10:23:18Z</time>
                <hdop>5.7</hdop>
                <extensions>
                    <osmand:speed>1.6</osmand:speed>
                </extensions>
            </trkpt>
            <trkpt lat="43.8496245" lon="19.7312013">
                <ele>565.2</ele>
                <time>2026-06-06T10:23:24Z</time>
                <hdop>5.8</hdop>
                <extensions>
                    <osmand:speed>1.5</osmand:speed>
                </extensions>
            </trkpt>
            <trkpt lat="43.8496942" lon="19.7311582">
                <ele>566</ele>
                <time>2026-06-06T10:23:30Z</time>
                <hdop>5.7</hdop>
                <extensions>
                    <osmand:speed>1.2</osmand:speed>
                </extensions>
            </trkpt>
            <trkpt lat="43.8497639" lon="19.7311033">
                <ele>567</ele>
                <time>2026-06-06T10:23:36Z</time>
                <hdop>5.7</hdop>
                <extensions>
                    <osmand:speed>1</osmand:speed>
                </extensions>
            </trkpt>
            <trkpt lat="43.8498375" lon="19.7310582">
                <ele>566.9</ele>
                <time>2026-06-06T10:23:42Z</time>
                <hdop>6.2</hdop>
                <extensions>
                    <osmand:speed>1.1</osmand:speed>
                </extensions>
            </trkpt>
            <trkpt lat="43.849914" lon="19.7310104">
                <ele>564.6</ele>
                <time>2026-06-06T10:23:48Z</time>
                <hdop>6.2</hdop>
                <extensions>
                    <osmand:speed>1.1</osmand:speed>
                </extensions>
            </trkpt>
            <trkpt lat="43.849974" lon="19.7309392">
                <ele>562.9</ele>
                <time>2026-06-06T10:23:54Z</time>
                <hdop>6</hdop>
                <extensions>
                    <osmand:speed>1</osmand:speed>
                </extensions>
            </trkpt>
            <trkpt lat="43.8500134" lon="19.7308584">
                <ele>564.1</ele>
                <time>2026-06-06T10:24:00Z</time>
                <hdop>6.1</hdop>
                <extensions>
                    <osmand:speed>0.6</osmand:speed>
                </extensions>
            </trkpt>
            <trkpt lat="43.850089" lon="19.7307799">
                <ele>563.9</ele>
                <time>2026-06-06T10:24:06Z</time>
                <hdop>6.7</hdop>
                <extensions>
                    <osmand:speed>1.6</osmand:speed>
                </extensions>
            </trkpt>
            <trkpt lat="43.8501405" lon="19.7307081">
                <ele>566.4</ele>
                <time>2026-06-06T10:24:12Z</time>
                <hdop>7</hdop>
                <extensions>
                    <osmand:speed>0.6</osmand:speed>
                </extensions>
            </trkpt>
            <trkpt lat="43.8501228" lon="19.7306755">
                <ele>567.6</ele>
                <time>2026-06-06T10:24:18Z</time>
                <hdop>7.3</hdop>
                <extensions>
                    <osmand:speed>0</osmand:speed>
                </extensions>
            </trkpt>
            <trkpt lat="43.8501135" lon="19.7306635">
                <ele>568.7</ele>
                <time>2026-06-06T10:24:24Z</time>
                <hdop>7.9</hdop>
                <extensions>
                    <osmand:speed>0.4</osmand:speed>
                </extensions>
            </trkpt>
            <trkpt lat="43.8501185" lon="19.7306447">
                <ele>569.4</ele>
                <time>2026-06-06T10:24:30Z</time>
                <hdop>7.8</hdop>
                <extensions>
                    <osmand:speed>0.1</osmand:speed>
                </extensions>
            </trkpt>
            <trkpt lat="43.8501532" lon="19.730639">
                <ele>570.9</ele>
                <time>2026-06-06T10:24:36Z</time>
                <hdop>8.6</hdop>
                <extensions>
                    <osmand:speed>0</osmand:speed>
                </extensions>
            </trkpt>
            <trkpt lat="43.8501867" lon="19.7306904">
                <ele>569.7</ele>
                <time>2026-06-06T10:24:42Z</time>
                <hdop>9.5</hdop>
                <extensions>
                    <osmand:speed>0.2</osmand:speed>
                </extensions>
            </trkpt>
            <trkpt lat="43.8501912" lon="19.7307004">
                <ele>566.1</ele>
                <time>2026-06-06T10:24:48Z</time>
                <hdop>9.6</hdop>
                <extensions>
                    <osmand:speed>0.1</osmand:speed>
                </extensions>
            </trkpt>
            <trkpt lat="43.8502175" lon="19.7306164">
                <ele>568.7</ele>
                <time>2026-06-06T10:24:54Z</time>
                <hdop>8.9</hdop>
                <extensions>
                    <osmand:speed>0.9</osmand:speed>
                </extensions>
            </trkpt>
            <trkpt lat="43.8502846" lon="19.7305416">
                <ele>571.2</ele>
                <time>2026-06-06T10:25:05Z</time>
                <hdop>7.7</hdop>
                <extensions>
                    <osmand:speed>1.1</osmand:speed>
                </extensions>
            </trkpt>
            <trkpt lat="43.8503835" lon="19.7305129">
                <ele>570.9</ele>
                <time>2026-06-06T10:25:16Z</time>
                <hdop>21.8</hdop>
                <extensions>
                    <osmand:speed>1</osmand:speed>
                </extensions>
            </trkpt>
            <trkpt lat="43.8504241" lon="19.7305157">
                <ele>561.5</ele>
                <time>2026-06-06T10:25:23Z</time>
                <hdop>35.8</hdop>
                <extensions>
                    <osmand:speed>1.9</osmand:speed>
                </extensions>
            </trkpt>
            <trkpt lat="43.8505244" lon="19.7306342">
                <ele>564.8</ele>
                <time>2026-06-06T10:25:29Z</time>
                <hdop>49.6</hdop>
                <extensions>
                    <osmand:speed>2.5</osmand:speed>
                </extensions>
            </trkpt>
            <trkpt lat="43.8506284" lon="19.7307027">
                <ele>559.7</ele>
                <time>2026-06-06T10:25:36Z</time>
                <hdop>36.2</hdop>
                <extensions>
                    <osmand:speed>2.5</osmand:speed>
                </extensions>
            </trkpt>
            <trkpt lat="43.8509472" lon="19.7304093">
                <ele>561.9</ele>
                <time>2026-06-06T10:25:45Z</time>
                <hdop>39.3</hdop>
                <extensions>
                    <osmand:speed>2.8</osmand:speed>
                </extensions>
            </trkpt>
            <trkpt lat="43.8509787" lon="19.7303625">
                <ele>561.4</ele>
                <time>2026-06-06T10:25:54Z</time>
                <hdop>37.4</hdop>
                <extensions>
                    <osmand:speed>0.7</osmand:speed>
                </extensions>
            </trkpt>
            <trkpt lat="43.8509366" lon="19.7303982">
                <ele>565.8</ele>
                <time>2026-06-06T10:26:05Z</time>
                <hdop>37.5</hdop>
                <extensions>
                    <osmand:speed>0.6</osmand:speed>
                </extensions>
            </trkpt>
            <trkpt lat="43.8510644" lon="19.7303272">
                <ele>569.2</ele>
                <time>2026-06-06T10:26:11Z</time>
                <hdop>37</hdop>
                <extensions>
                    <osmand:speed>1.8</osmand:speed>
                </extensions>
            </trkpt>
            <trkpt lat="43.8510483" lon="19.7301021">
                <ele>585.7</ele>
                <time>2026-06-06T10:26:21Z</time>
                <hdop>45.1</hdop>
                <extensions>
                    <osmand:speed>0.7</osmand:speed>
                </extensions>
            </trkpt>
            <trkpt lat="43.8510251" lon="19.7301097">
                <ele>584.8</ele>
                <time>2026-06-06T10:26:32Z</time>
                <hdop>11.7</hdop>
                <extensions>
                    <osmand:speed>0.2</osmand:speed>
                </extensions>
            </trkpt>
            <trkpt lat="43.8510676" lon="19.7301279">
                <ele>584.1</ele>
                <time>2026-06-06T10:26:38Z</time>
                <hdop>12.7</hdop>
                <extensions>
                    <osmand:speed>0</osmand:speed>
                </extensions>
            </trkpt>
            <trkpt lat="43.8510805" lon="19.7301497">
                <ele>579.5</ele>
                <time>2026-06-06T10:26:44Z</time>
                <hdop>13.5</hdop>
                <extensions>
                    <osmand:speed>0.2</osmand:speed>
                </extensions>
            </trkpt>
            <trkpt lat="43.8510805" lon="19.7301399">
                <ele>578.6</ele>
                <time>2026-06-06T10:26:50Z</time>
                <hdop>13.6</hdop>
                <extensions>
                    <osmand:speed>0.1</osmand:speed>
                </extensions>
            </trkpt>
            <trkpt lat="43.8510711" lon="19.7301375">
                <ele>579.4</ele>
                <time>2026-06-06T10:26:56Z</time>
                <hdop>13.1</hdop>
                <extensions>
                    <osmand:speed>0.1</osmand:speed>
                </extensions>
            </trkpt>
            <trkpt lat="43.8510786" lon="19.7301177">
                <ele>579.2</ele>
                <time>2026-06-06T10:27:02Z</time>
                <hdop>15.3</hdop>
                <extensions>
                    <osmand:speed>0</osmand:speed>
                </extensions>
            </trkpt>
            <trkpt lat="43.851073" lon="19.730083">
                <ele>579.8</ele>
                <time>2026-06-06T10:27:08Z</time>
                <hdop>17.3</hdop>
                <extensions>
                    <osmand:speed>0.1</osmand:speed>
                </extensions>
            </trkpt>
            <trkpt lat="43.851061" lon="19.7300518">
                <ele>579.8</ele>
                <time>2026-06-06T10:27:14Z</time>
                <hdop>17.2</hdop>
            </trkpt>
            <trkpt lat="43.8510676" lon="19.7300336">
                <ele>583.2</ele>
                <time>2026-06-06T10:27:20Z</time>
                <hdop>17.7</hdop>
                <extensions>
                    <osmand:speed>0</osmand:speed>
                </extensions>
            </trkpt>
            <trkpt lat="43.8510624" lon="19.7300227">
                <ele>585.9</ele>
                <time>2026-06-06T10:27:26Z</time>
                <hdop>19.6</hdop>
                <extensions>
                    <osmand:speed>0</osmand:speed>
                </extensions>
            </trkpt>
            <trkpt lat="43.8510539" lon="19.7300217">
                <ele>584.9</ele>
                <time>2026-06-06T10:27:32Z</time>
                <hdop>20.1</hdop>
                <extensions>
                    <osmand:speed>0.1</osmand:speed>
                </extensions>
            </trkpt>
            <trkpt lat="43.8511035" lon="19.7300079">
                <ele>584.6</ele>
                <time>2026-06-06T10:27:40Z</time>
                <hdop>19.4</hdop>
                <extensions>
                    <osmand:speed>0.3</osmand:speed>
                </extensions>
            </trkpt>
            <trkpt lat="43.8510965" lon="19.730073">
                <ele>585.3</ele>
                <time>2026-06-06T10:27:50Z</time>
                <hdop>40.2</hdop>
                <extensions>
                    <osmand:speed>0.1</osmand:speed>
                </extensions>
            </trkpt>
            <trkpt lat="43.8511415" lon="19.7299391">
                <ele>582.2</ele>
                <time>2026-06-06T10:27:59Z</time>
                <hdop>34.5</hdop>
                <extensions>
                    <osmand:speed>1.9</osmand:speed>
                </extensions>
            </trkpt>
            <trkpt lat="43.8512935" lon="19.729968">
                <ele>588.5</ele>
                <time>2026-06-06T10:28:06Z</time>
                <hdop>42.7</hdop>
                <extensions>
                    <osmand:speed>0.7</osmand:speed>
                </extensions>
            </trkpt>
            <trkpt lat="43.8513862" lon="19.7299383">
                <ele>589.8</ele>
                <time>2026-06-06T10:28:13Z</time>
                <hdop>47.5</hdop>
                <extensions>
                    <osmand:speed>0.7</osmand:speed>
                </extensions>
            </trkpt>
            <trkpt lat="43.851661" lon="19.7298094">
                <ele>581.9</ele>
                <time>2026-06-06T10:28:19Z</time>
                <hdop>31.1</hdop>
                <extensions>
                    <osmand:speed>2.3</osmand:speed>
                </extensions>
            </trkpt>
            <trkpt lat="43.8514745" lon="19.729904">
                <ele>592.8</ele>
                <time>2026-06-06T10:28:28Z</time>
                <hdop>44.5</hdop>
                <extensions>
                    <osmand:speed>0.7</osmand:speed>
                </extensions>
            </trkpt>
            <trkpt lat="43.851506" lon="19.7299011">
                <ele>594</ele>
                <time>2026-06-06T10:28:34Z</time>
                <hdop>40.2</hdop>
                <extensions>
                    <osmand:speed>1.1</osmand:speed>
                </extensions>
            </trkpt>
            <trkpt lat="43.8515377" lon="19.7300962">
                <ele>595.8</ele>
                <time>2026-06-06T10:28:44Z</time>
                <hdop>32.9</hdop>
                <extensions>
                    <osmand:speed>0.3</osmand:speed>
                </extensions>
            </trkpt>
            <trkpt lat="43.8516086" lon="19.7299208">
                <ele>596.8</ele>
                <time>2026-06-06T10:28:50Z</time>
                <hdop>36</hdop>
                <extensions>
                    <osmand:speed>1.4</osmand:speed>
                </extensions>
            </trkpt>
            <trkpt lat="43.851631" lon="19.7300629">
                <ele>598.1</ele>
                <time>2026-06-06T10:29:01Z</time>
                <hdop>46.4</hdop>
                <extensions>
                    <osmand:speed>0.8</osmand:speed>
                </extensions>
            </trkpt>
            <trkpt lat="43.8516964" lon="19.7298756">
                <ele>598.4</ele>
                <time>2026-06-06T10:29:07Z</time>
                <hdop>37.3</hdop>
                <extensions>
                    <osmand:speed>1</osmand:speed>
                </extensions>
            </trkpt>
            <trkpt lat="43.8516457" lon="19.7300504">
                <ele>598.1</ele>
                <time>2026-06-06T10:29:14Z</time>
                <hdop>20.3</hdop>
            </trkpt>
            <trkpt lat="43.851673" lon="19.7301367">
                <ele>595.5</ele>
                <time>2026-06-06T10:29:25Z</time>
                <hdop>3.5</hdop>
                <extensions>
                    <osmand:speed>0.2</osmand:speed>
                </extensions>
            </trkpt>
            <trkpt lat="43.8516948" lon="19.7301943">
                <ele>600.3</ele>
                <time>2026-06-06T10:29:52Z</time>
                <hdop>10.7</hdop>
                <extensions>
                    <osmand:speed>1.4</osmand:speed>
                </extensions>
            </trkpt>
            <trkpt lat="43.851734" lon="19.7303214">
                <ele>604.4</ele>
                <time>2026-06-06T10:30:00Z</time>
                <hdop>16.3</hdop>
                <extensions>
                    <osmand:speed>1.4</osmand:speed>
                </extensions>
            </trkpt>
            <trkpt lat="43.8517781" lon="19.7304398">
                <ele>605.2</ele>
                <time>2026-06-06T10:30:06Z</time>
                <hdop>17.8</hdop>
                <extensions>
                    <osmand:speed>1.6</osmand:speed>
                </extensions>
            </trkpt>
            <trkpt lat="43.8518198" lon="19.7305719">
                <ele>606.1</ele>
                <time>2026-06-06T10:30:13Z</time>
                <hdop>28.3</hdop>
                <extensions>
                    <osmand:speed>1.6</osmand:speed>
                </extensions>
            </trkpt>
            <trkpt lat="43.8518745" lon="19.730702">
                <ele>607.1</ele>
                <time>2026-06-06T10:30:19Z</time>
                <hdop>46.8</hdop>
                <extensions>
                    <osmand:speed>1.8</osmand:speed>
                </extensions>
            </trkpt>
            <trkpt lat="43.8517614" lon="19.7311592">
                <ele>596.8</ele>
                <time>2026-06-06T10:30:28Z</time>
                <hdop>47.3</hdop>
                <extensions>
                    <osmand:speed>2.8</osmand:speed>
                </extensions>
            </trkpt>
            <trkpt lat="43.8517318" lon="19.7308375">
                <ele>595.8</ele>
                <time>2026-06-06T10:30:34Z</time>
                <hdop>39.1</hdop>
                <extensions>
                    <osmand:speed>0.2</osmand:speed>
                </extensions>
            </trkpt>
            <trkpt lat="43.8517886" lon="19.7308881">
                <ele>611.2</ele>
                <time>2026-06-06T10:30:40Z</time>
                <hdop>29.9</hdop>
                <extensions>
                    <osmand:speed>1.3</osmand:speed>
                </extensions>
            </trkpt>
            <trkpt lat="43.8517262" lon="19.7311504">
                <ele>615.1</ele>
                <time>2026-06-06T10:31:11Z</time>
                <hdop>44</hdop>
            </trkpt>
            <trkpt lat="43.8516971" lon="19.7310818">
                <ele>614.9</ele>
                <time>2026-06-06T10:31:19Z</time>
                <hdop>24.4</hdop>
                <extensions>
                    <osmand:speed>0.1</osmand:speed>
                </extensions>
            </trkpt>
            <trkpt lat="43.8516948" lon="19.7311586">
                <ele>615.1</ele>
                <time>2026-06-06T10:31:25Z</time>
                <hdop>31</hdop>
                <extensions>
                    <osmand:speed>0.9</osmand:speed>
                </extensions>
            </trkpt>
            <trkpt lat="43.8517044" lon="19.7312213">
                <ele>616.4</ele>
                <time>2026-06-06T10:31:33Z</time>
                <hdop>39</hdop>
                <extensions>
                    <osmand:speed>0.7</osmand:speed>
                </extensions>
            </trkpt>
            <trkpt lat="43.8515958" lon="19.7312431">
                <ele>603.6</ele>
                <time>2026-06-06T10:31:41Z</time>
                <hdop>41.5</hdop>
                <extensions>
                    <osmand:speed>0.5</osmand:speed>
                </extensions>
            </trkpt>
            <trkpt lat="43.8517057" lon="19.7316741">
                <ele>619</ele>
                <time>2026-06-06T10:31:53Z</time>
                <hdop>43</hdop>
                <extensions>
                    <osmand:speed>1.8</osmand:speed>
                </extensions>
            </trkpt>
            <trkpt lat="43.8514892" lon="19.7317306">
                <ele>619.8</ele>
                <time>2026-06-06T10:32:01Z</time>
                <hdop>29.2</hdop>
                <extensions>
                    <osmand:speed>0.8</osmand:speed>
                </extensions>
            </trkpt>
            <trkpt lat="43.8515085" lon="19.7318336">
                <ele>621.1</ele>
                <time>2026-06-06T10:32:10Z</time>
                <hdop>20.6</hdop>
                <extensions>
                    <osmand:speed>0.9</osmand:speed>
                </extensions>
            </trkpt>
            <trkpt lat="43.8514039" lon="19.7319019">
                <ele>614.5</ele>
                <time>2026-06-06T10:32:42Z</time>
                <hdop>31.8</hdop>
                <extensions>
                    <osmand:speed>0.2</osmand:speed>
                </extensions>
            </trkpt>
            <trkpt lat="43.8513354" lon="19.7319529">
                <ele>619.8</ele>
                <time>2026-06-06T10:33:03Z</time>
                <hdop>8.9</hdop>
                <extensions>
                    <osmand:speed>0.4</osmand:speed>
                </extensions>
            </trkpt>
            <trkpt lat="43.851325" lon="19.732016">
                <ele>620.3</ele>
                <time>2026-06-06T10:33:14Z</time>
                <hdop>10.1</hdop>
                <extensions>
                    <osmand:speed>0.5</osmand:speed>
                </extensions>
            </trkpt>
            <trkpt lat="43.851265" lon="19.7321233">
                <ele>621.7</ele>
                <time>2026-06-06T10:33:22Z</time>
                <hdop>12.3</hdop>
                <extensions>
                    <osmand:speed>0.6</osmand:speed>
                </extensions>
            </trkpt>
            <trkpt lat="43.8512376" lon="19.7321782">
                <ele>622.6</ele>
                <time>2026-06-06T10:33:28Z</time>
                <hdop>15.7</hdop>
                <extensions>
                    <osmand:speed>0.5</osmand:speed>
                </extensions>
            </trkpt>
            <trkpt lat="43.8512352" lon="19.7322731">
                <ele>623.3</ele>
                <time>2026-06-06T10:33:38Z</time>
                <hdop>16.2</hdop>
                <extensions>
                    <osmand:speed>0.5</osmand:speed>
                </extensions>
            </trkpt>
            <trkpt lat="43.8512065" lon="19.7323301">
                <ele>625.2</ele>
                <time>2026-06-06T10:33:44Z</time>
                <hdop>32.2</hdop>
                <extensions>
                    <osmand:speed>1.4</osmand:speed>
                </extensions>
            </trkpt>
            <trkpt lat="43.8511444" lon="19.7324021">
                <ele>626.9</ele>
                <time>2026-06-06T10:33:51Z</time>
                <hdop>25.2</hdop>
                <extensions>
                    <osmand:speed>1.4</osmand:speed>
                </extensions>
            </trkpt>
            <trkpt lat="43.8509902" lon="19.7325035">
                <ele>627.7</ele>
                <time>2026-06-06T10:33:57Z</time>
                <hdop>19.4</hdop>
                <extensions>
                    <osmand:speed>1.2</osmand:speed>
                </extensions>
            </trkpt>
            <trkpt lat="43.850943" lon="19.7325288">
                <ele>621.3</ele>
                <time>2026-06-06T10:34:03Z</time>
                <hdop>5</hdop>
                <extensions>
                    <osmand:speed>0.1</osmand:speed>
                </extensions>
            </trkpt>
            <trkpt lat="43.8509468" lon="19.7325415">
                <ele>619.5</ele>
                <time>2026-06-06T10:34:09Z</time>
                <hdop>6.2</hdop>
                <extensions>
                    <osmand:speed>0.1</osmand:speed>
                </extensions>
            </trkpt>
            <trkpt lat="43.8509543" lon="19.7325408">
                <ele>619.7</ele>
                <time>2026-06-06T10:34:15Z</time>
                <hdop>5.5</hdop>
                <extensions>
                    <osmand:speed>0.2</osmand:speed>
                </extensions>
            </trkpt>
            <trkpt lat="43.8509244" lon="19.7325734">
                <ele>622.6</ele>
                <time>2026-06-06T10:34:21Z</time>
                <hdop>7.7</hdop>
                <extensions>
                    <osmand:speed>1</osmand:speed>
                </extensions>
            </trkpt>
            <trkpt lat="43.850898" lon="19.7326102">
                <ele>625.1</ele>
                <time>2026-06-06T10:34:27Z</time>
                <hdop>7.4</hdop>
                <extensions>
                    <osmand:speed>0.9</osmand:speed>
                </extensions>
            </trkpt>
            <trkpt lat="43.8508534" lon="19.7325889">
                <ele>625.7</ele>
                <time>2026-06-06T10:34:33Z</time>
                <hdop>6</hdop>
                <extensions>
                    <osmand:speed>0.2</osmand:speed>
                </extensions>
            </trkpt>
            <trkpt lat="43.8508422" lon="19.7325658">
                <ele>626.6</ele>
                <time>2026-06-06T10:34:39Z</time>
                <hdop>6.6</hdop>
                <extensions>
                    <osmand:speed>0.2</osmand:speed>
                </extensions>
            </trkpt>
            <trkpt lat="43.8508364" lon="19.7325641">
                <ele>627.1</ele>
                <time>2026-06-06T10:34:45Z</time>
                <hdop>8.6</hdop>
                <extensions>
                    <osmand:speed>0.2</osmand:speed>
                </extensions>
            </trkpt>
            <trkpt lat="43.8508067" lon="19.7325777">
                <ele>629.5</ele>
                <time>2026-06-06T10:34:51Z</time>
                <hdop>7.7</hdop>
                <extensions>
                    <osmand:speed>0.7</osmand:speed>
                </extensions>
            </trkpt>
            <trkpt lat="43.8507815" lon="19.7326202">
                <ele>629.6</ele>
                <time>2026-06-06T10:34:57Z</time>
                <hdop>6.8</hdop>
                <extensions>
                    <osmand:speed>0.4</osmand:speed>
                </extensions>
            </trkpt>
            <trkpt lat="43.8507842" lon="19.7326564">
                <ele>630.6</ele>
                <time>2026-06-06T10:35:03Z</time>
                <hdop>6</hdop>
                <extensions>
                    <osmand:speed>0.8</osmand:speed>
                </extensions>
            </trkpt>
            <trkpt lat="43.8507502" lon="19.7327679">
                <ele>633.1</ele>
                <time>2026-06-06T10:35:12Z</time>
                <hdop>5.2</hdop>
                <extensions>
                    <osmand:speed>1.1</osmand:speed>
                </extensions>
            </trkpt>
            <trkpt lat="43.8507245" lon="19.7328975">
                <ele>635.8</ele>
                <time>2026-06-06T10:35:22Z</time>
                <hdop>4.3</hdop>
                <extensions>
                    <osmand:speed>0.9</osmand:speed>
                </extensions>
            </trkpt>
            <trkpt lat="43.8507194" lon="19.732964">
                <ele>637.2</ele>
                <time>2026-06-06T10:35:28Z</time>
                <hdop>4</hdop>
                <extensions>
                    <osmand:speed>0.6</osmand:speed>
                </extensions>
            </trkpt>
            <trkpt lat="43.8507137" lon="19.733026">
                <ele>638.4</ele>
                <time>2026-06-06T10:35:34Z</time>
                <hdop>3.8</hdop>
                <extensions>
                    <osmand:speed>0.5</osmand:speed>
                </extensions>
            </trkpt>
            <trkpt lat="43.8507011" lon="19.7331761">
                <ele>640.1</ele>
                <time>2026-06-06T10:35:46Z</time>
                <hdop>3.7</hdop>
                <extensions>
                    <osmand:speed>1.1</osmand:speed>
                </extensions>
            </trkpt>
            <trkpt lat="43.8506497" lon="19.7331762">
                <ele>639.8</ele>
                <time>2026-06-06T10:35:55Z</time>
                <hdop>3.9</hdop>
                <extensions>
                    <osmand:speed>1</osmand:speed>
                </extensions>
            </trkpt>
            <trkpt lat="43.8506042" lon="19.7332718">
                <ele>639.8</ele>
                <time>2026-06-06T10:36:03Z</time>
                <hdop>4.1</hdop>
                <extensions>
                    <osmand:speed>0.7</osmand:speed>
                </extensions>
            </trkpt>
            <trkpt lat="43.8505885" lon="19.7333044">
                <ele>639.6</ele>
                <time>2026-06-06T10:36:09Z</time>
                <hdop>4.1</hdop>
                <extensions>
                    <osmand:speed>0.8</osmand:speed>
                </extensions>
            </trkpt>
            <trkpt lat="43.8505256" lon="19.7333601">
                <ele>639.5</ele>
                <time>2026-06-06T10:36:15Z</time>
                <hdop>4.1</hdop>
                <extensions>
                    <osmand:speed>1</osmand:speed>
                </extensions>
            </trkpt>
            <trkpt lat="43.8504938" lon="19.7333346">
                <ele>640.6</ele>
                <time>2026-06-06T10:36:21Z</time>
                <hdop>4.4</hdop>
                <extensions>
                    <osmand:speed>0.5</osmand:speed>
                </extensions>
            </trkpt>
            <trkpt lat="43.8504781" lon="19.7333346">
                <ele>641.7</ele>
                <time>2026-06-06T10:36:27Z</time>
                <hdop>4.3</hdop>
                <extensions>
                    <osmand:speed>0.8</osmand:speed>
                </extensions>
            </trkpt>
            <trkpt lat="43.8504534" lon="19.7333322">
                <ele>641.7</ele>
                <time>2026-06-06T10:36:33Z</time>
                <hdop>4.2</hdop>
                <extensions>
                    <osmand:speed>0.2</osmand:speed>
                </extensions>
            </trkpt>
            <trkpt lat="43.8504521" lon="19.7332983">
                <ele>643.3</ele>
                <time>2026-06-06T10:36:39Z</time>
                <hdop>4.9</hdop>
                <extensions>
                    <osmand:speed>0.7</osmand:speed>
                </extensions>
            </trkpt>
            <trkpt lat="43.8504575" lon="19.7332115">
                <ele>644.2</ele>
                <time>2026-06-06T10:36:45Z</time>
                <hdop>5.3</hdop>
                <extensions>
                    <osmand:speed>1.3</osmand:speed>
                </extensions>
            </trkpt>
            <trkpt lat="43.850453" lon="19.7331682">
                <ele>645.3</ele>
                <time>2026-06-06T10:36:51Z</time>
                <hdop>5.8</hdop>
                <extensions>
                    <osmand:speed>0.4</osmand:speed>
                </extensions>
            </trkpt>
            <trkpt lat="43.8504117" lon="19.7330465">
                <ele>646.8</ele>
                <time>2026-06-06T10:36:59Z</time>
                <hdop>5.9</hdop>
                <extensions>
                    <osmand:speed>1</osmand:speed>
                </extensions>
            </trkpt>
            <trkpt lat="43.8503719" lon="19.7329197">
                <ele>648.4</ele>
                <time>2026-06-06T10:37:10Z</time>
                <hdop>6.6</hdop>
                <extensions>
                    <osmand:speed>0.7</osmand:speed>
                </extensions>
            </trkpt>
            <trkpt lat="43.8502994" lon="19.7328103">
                <ele>650.9</ele>
                <time>2026-06-06T10:37:20Z</time>
                <hdop>5.9</hdop>
                <extensions>
                    <osmand:speed>0.9</osmand:speed>
                </extensions>
            </trkpt>
            <trkpt lat="43.8502184" lon="19.7327236">
                <ele>651.3</ele>
                <time>2026-06-06T10:37:30Z</time>
                <hdop>5.8</hdop>
                <extensions>
                    <osmand:speed>0.9</osmand:speed>
                </extensions>
            </trkpt>
            <trkpt lat="43.8501861" lon="19.7326603">
                <ele>652</ele>
                <time>2026-06-06T10:37:36Z</time>
                <hdop>5.7</hdop>
                <extensions>
                    <osmand:speed>0.9</osmand:speed>
                </extensions>
            </trkpt>
            <trkpt lat="43.8501761" lon="19.7325969">
                <ele>649.7</ele>
                <time>2026-06-06T10:37:51Z</time>
                <hdop>5.9</hdop>
                <extensions>
                    <osmand:speed>0.3</osmand:speed>
                </extensions>
            </trkpt>
            <trkpt lat="43.8501323" lon="19.7325566">
                <ele>657.6</ele>
                <time>2026-06-06T10:38:50Z</time>
                <hdop>10.5</hdop>
                <extensions>
                    <osmand:speed>1</osmand:speed>
                </extensions>
            </trkpt>
            <trkpt lat="43.8501318" lon="19.732554">
                <ele>654.9</ele>
                <time>2026-06-06T10:39:03Z</time>
                <hdop>8.4</hdop>
                <extensions>
                    <osmand:speed>0.1</osmand:speed>
                </extensions>
            </trkpt>
            <trkpt lat="43.8501491" lon="19.732492">
                <ele>655.2</ele>
                <time>2026-06-06T10:39:32Z</time>
                <hdop>16.4</hdop>
                <extensions>
                    <osmand:speed>0.7</osmand:speed>
                </extensions>
            </trkpt>
            <trkpt lat="43.8500445" lon="19.7324299">
                <ele>657.7</ele>
                <time>2026-06-06T10:39:40Z</time>
                <hdop>14.2</hdop>
                <extensions>
                    <osmand:speed>1.1</osmand:speed>
                </extensions>
            </trkpt>
            <trkpt lat="43.849954" lon="19.7324731">
                <ele>658.3</ele>
                <time>2026-06-06T10:39:51Z</time>
                <hdop>11.5</hdop>
                <extensions>
                    <osmand:speed>0.7</osmand:speed>
                </extensions>
            </trkpt>
            <trkpt lat="43.8498693" lon="19.7325513">
                <ele>660.5</ele>
                <time>2026-06-06T10:40:01Z</time>
                <hdop>8.5</hdop>
                <extensions>
                    <osmand:speed>0.9</osmand:speed>
                </extensions>
            </trkpt>
            <trkpt lat="43.8497938" lon="19.7326403">
                <ele>662.1</ele>
                <time>2026-06-06T10:40:11Z</time>
                <hdop>6.5</hdop>
                <extensions>
                    <osmand:speed>0.9</osmand:speed>
                </extensions>
            </trkpt>
            <trkpt lat="43.8497127" lon="19.7327083">
                <ele>656.9</ele>
                <time>2026-06-06T10:41:28Z</time>
                <hdop>6.4</hdop>
                <extensions>
                    <osmand:speed>0.2</osmand:speed>
                </extensions>
            </trkpt>
            <trkpt lat="43.8496555" lon="19.7328113">
                <ele>658.9</ele>
                <time>2026-06-06T10:41:40Z</time>
                <hdop>7.6</hdop>
                <extensions>
                    <osmand:speed>0.1</osmand:speed>
                </extensions>
            </trkpt>
            <trkpt lat="43.8495714" lon="19.7328835">
                <ele>661.6</ele>
                <time>2026-06-06T10:41:50Z</time>
                <hdop>6.1</hdop>
                <extensions>
                    <osmand:speed>0</osmand:speed>
                </extensions>
            </trkpt>
            <trkpt lat="43.8495471" lon="19.73296">
                <ele>662.9</ele>
                <time>2026-06-06T10:41:56Z</time>
                <hdop>5.4</hdop>
                <extensions>
                    <osmand:speed>0.9</osmand:speed>
                </extensions>
            </trkpt>
            <trkpt lat="43.8495753" lon="19.7330162">
                <ele>665.2</ele>
                <time>2026-06-06T10:42:07Z</time>
                <hdop>5.7</hdop>
                <extensions>
                    <osmand:speed>0.7</osmand:speed>
                </extensions>
            </trkpt>
            <trkpt lat="43.84963" lon="19.7330164">
                <ele>666.3</ele>
                <time>2026-06-06T10:42:22Z</time>
                <hdop>6.1</hdop>
                <extensions>
                    <osmand:speed>0.6</osmand:speed>
                </extensions>
            </trkpt>
            <trkpt lat="43.8497339" lon="19.7330662">
                <ele>666.3</ele>
                <time>2026-06-06T10:42:42Z</time>
                <hdop>6.4</hdop>
                <extensions>
                    <osmand:speed>0.9</osmand:speed>
                </extensions>
            </trkpt>
            <trkpt lat="43.8497647" lon="19.7331203">
                <ele>666.3</ele>
                <time>2026-06-06T10:42:50Z</time>
                <hdop>6.3</hdop>
                <extensions>
                    <osmand:speed>0.6</osmand:speed>
                </extensions>
            </trkpt>
            <trkpt lat="43.8497706" lon="19.733165">
                <ele>665</ele>
                <time>2026-06-06T10:42:59Z</time>
                <hdop>6.7</hdop>
                <extensions>
                    <osmand:speed>0</osmand:speed>
                </extensions>
            </trkpt>
            <trkpt lat="43.8497762" lon="19.7331886">
                <ele>667.4</ele>
                <time>2026-06-06T10:43:05Z</time>
                <hdop>7.1</hdop>
                <extensions>
                    <osmand:speed>0.1</osmand:speed>
                </extensions>
            </trkpt>
            <trkpt lat="43.8497746" lon="19.7332063">
                <ele>668.3</ele>
                <time>2026-06-06T10:43:11Z</time>
                <hdop>7.2</hdop>
                <extensions>
                    <osmand:speed>0.1</osmand:speed>
                </extensions>
            </trkpt>
            <trkpt lat="43.8497719" lon="19.7331951">
                <ele>670</ele>
                <time>2026-06-06T10:43:17Z</time>
                <hdop>9.2</hdop>
            </trkpt>
            <trkpt lat="43.8497661" lon="19.7331714">
                <ele>669.8</ele>
                <time>2026-06-06T10:43:23Z</time>
                <hdop>10.7</hdop>
                <extensions>
                    <osmand:speed>0</osmand:speed>
                </extensions>
            </trkpt>
            <trkpt lat="43.8497643" lon="19.7331744">
                <ele>670.4</ele>
                <time>2026-06-06T10:43:29Z</time>
                <hdop>11</hdop>
                <extensions>
                    <osmand:speed>0.3</osmand:speed>
                </extensions>
            </trkpt>
            <trkpt lat="43.8497775" lon="19.7331819">
                <ele>670</ele>
                <time>2026-06-06T10:43:35Z</time>
                <hdop>11.4</hdop>
                <extensions>
                    <osmand:speed>0.2</osmand:speed>
                </extensions>
            </trkpt>
            <trkpt lat="43.8497565" lon="19.7331933">
                <ele>671.2</ele>
                <time>2026-06-06T10:43:41Z</time>
                <hdop>12.2</hdop>
                <extensions>
                    <osmand:speed>0</osmand:speed>
                </extensions>
            </trkpt>
            <trkpt lat="43.8497501" lon="19.7332016">
                <ele>670.5</ele>
                <time>2026-06-06T10:43:47Z</time>
                <hdop>11.5</hdop>
                <extensions>
                    <osmand:speed>0.1</osmand:speed>
                </extensions>
            </trkpt>
            <trkpt lat="43.8497704" lon="19.7331811">
                <ele>670.7</ele>
                <time>2026-06-06T10:43:53Z</time>
                <hdop>12.3</hdop>
                <extensions>
                    <osmand:speed>0</osmand:speed>
                </extensions>
            </trkpt>
            <trkpt lat="43.8497711" lon="19.7331641">
                <ele>669.8</ele>
                <time>2026-06-06T10:43:59Z</time>
                <hdop>12.1</hdop>
                <extensions>
                    <osmand:speed>0</osmand:speed>
                </extensions>
            </trkpt>
            <trkpt lat="43.8497915" lon="19.7331665">
                <ele>670.7</ele>
                <time>2026-06-06T10:44:05Z</time>
                <hdop>11.8</hdop>
                <extensions>
                    <osmand:speed>0.1</osmand:speed>
                </extensions>
            </trkpt>
            <trkpt lat="43.8497855" lon="19.7331635">
                <ele>670.3</ele>
                <time>2026-06-06T10:44:11Z</time>
                <hdop>12.2</hdop>
                <extensions>
                    <osmand:speed>0</osmand:speed>
                </extensions>
            </trkpt>
            <trkpt lat="43.8498159" lon="19.7331389">
                <ele>670.6</ele>
                <time>2026-06-06T10:44:17Z</time>
                <hdop>12.5</hdop>
                <extensions>
                    <osmand:speed>0.2</osmand:speed>
                </extensions>
            </trkpt>
            <trkpt lat="43.8498411" lon="19.7331139">
                <ele>669.6</ele>
                <time>2026-06-06T10:44:23Z</time>
                <hdop>13.3</hdop>
                <extensions>
                    <osmand:speed>0.2</osmand:speed>
                </extensions>
            </trkpt>
            <trkpt lat="43.8498598" lon="19.7331775">
                <ele>669.9</ele>
                <time>2026-06-06T10:44:29Z</time>
                <hdop>13.1</hdop>
                <extensions>
                    <osmand:speed>0.6</osmand:speed>
                </extensions>
            </trkpt>
            <trkpt lat="43.8498816" lon="19.7331956">
                <ele>669.8</ele>
                <time>2026-06-06T10:44:35Z</time>
                <hdop>11.4</hdop>
                <extensions>
                    <osmand:speed>0.1</osmand:speed>
                </extensions>
            </trkpt>
            <trkpt lat="43.8499003" lon="19.7331851">
                <ele>669.5</ele>
                <time>2026-06-06T10:44:41Z</time>
                <hdop>10.8</hdop>
                <extensions>
                    <osmand:speed>0.1</osmand:speed>
                </extensions>
            </trkpt>
            <trkpt lat="43.8499198" lon="19.7332225">
                <ele>670.5</ele>
                <time>2026-06-06T10:44:47Z</time>
                <hdop>9.4</hdop>
                <extensions>
                    <osmand:speed>0.5</osmand:speed>
                </extensions>
            </trkpt>
            <trkpt lat="43.8499685" lon="19.733249">
                <ele>669.9</ele>
                <time>2026-06-06T10:44:53Z</time>
                <hdop>8.6</hdop>
                <extensions>
                    <osmand:speed>0.4</osmand:speed>
                </extensions>
            </trkpt>
            <trkpt lat="43.8499765" lon="19.7332476">
                <ele>670.7</ele>
                <time>2026-06-06T10:44:59Z</time>
                <hdop>7.8</hdop>
                <extensions>
                    <osmand:speed>0.1</osmand:speed>
                </extensions>
            </trkpt>
            <trkpt lat="43.8499699" lon="19.7332606">
                <ele>671.4</ele>
                <time>2026-06-06T10:45:05Z</time>
                <hdop>7.7</hdop>
                <extensions>
                    <osmand:speed>0.1</osmand:speed>
                </extensions>
            </trkpt>
            <trkpt lat="43.8499592" lon="19.7332479">
                <ele>672</ele>
                <time>2026-06-06T10:45:11Z</time>
                <hdop>7</hdop>
                <extensions>
                    <osmand:speed>0</osmand:speed>
                </extensions>
            </trkpt>
            <trkpt lat="43.8499652" lon="19.7332581">
                <ele>671.2</ele>
                <time>2026-06-06T10:45:17Z</time>
                <hdop>7.1</hdop>
                <extensions>
                    <osmand:speed>0.1</osmand:speed>
                </extensions>
            </trkpt>
            <trkpt lat="43.8499502" lon="19.7333196">
                <ele>672</ele>
                <time>2026-06-06T10:45:23Z</time>
                <hdop>6.3</hdop>
                <extensions>
                    <osmand:speed>0.9</osmand:speed>
                </extensions>
            </trkpt>
            <trkpt lat="43.8499419" lon="19.7333362">
                <ele>671.4</ele>
                <time>2026-06-06T10:45:29Z</time>
                <hdop>6.3</hdop>
                <extensions>
                    <osmand:speed>0.1</osmand:speed>
                </extensions>
            </trkpt>
            <trkpt lat="43.8499558" lon="19.7333515">
                <ele>672.5</ele>
                <time>2026-06-06T10:45:35Z</time>
                <hdop>6.3</hdop>
                <extensions>
                    <osmand:speed>0.1</osmand:speed>
                </extensions>
            </trkpt>
            <trkpt lat="43.8499798" lon="19.7333447">
                <ele>671.9</ele>
                <time>2026-06-06T10:45:41Z</time>
                <hdop>6.3</hdop>
                <extensions>
                    <osmand:speed>0.3</osmand:speed>
                </extensions>
            </trkpt>
            <trkpt lat="43.8499656" lon="19.7333563">
                <ele>671.7</ele>
                <time>2026-06-06T10:45:47Z</time>
                <hdop>6.1</hdop>
                <extensions>
                    <osmand:speed>0.2</osmand:speed>
                </extensions>
            </trkpt>
            <trkpt lat="43.849961" lon="19.7333781">
                <ele>672.4</ele>
                <time>2026-06-06T10:45:53Z</time>
                <hdop>6.9</hdop>
                <extensions>
                    <osmand:speed>0.1</osmand:speed>
                </extensions>
            </trkpt>
            <trkpt lat="43.8499599" lon="19.7333878">
                <ele>673.4</ele>
                <time>2026-06-06T10:45:59Z</time>
                <hdop>7.3</hdop>
                <extensions>
                    <osmand:speed>0</osmand:speed>
                </extensions>
            </trkpt>
            <trkpt lat="43.8499604" lon="19.7333857">
                <ele>673.9</ele>
                <time>2026-06-06T10:46:05Z</time>
                <hdop>7.6</hdop>
                <extensions>
                    <osmand:speed>0.1</osmand:speed>
                </extensions>
            </trkpt>
            <trkpt lat="43.8499615" lon="19.7333876">
                <ele>674</ele>
                <time>2026-06-06T10:46:11Z</time>
                <hdop>7.9</hdop>
                <extensions>
                    <osmand:speed>0</osmand:speed>
                </extensions>
            </trkpt>
            <trkpt lat="43.849964" lon="19.7333957">
                <ele>673.9</ele>
                <time>2026-06-06T10:46:17Z</time>
                <hdop>7.7</hdop>
                <extensions>
                    <osmand:speed>0</osmand:speed>
                </extensions>
            </trkpt>
            <trkpt lat="43.8499677" lon="19.7333965">
                <ele>674</ele>
                <time>2026-06-06T10:46:23Z</time>
                <hdop>8.1</hdop>
            </trkpt>
            <trkpt lat="43.8499641" lon="19.7333952">
                <ele>674.1</ele>
                <time>2026-06-06T10:46:29Z</time>
                <hdop>8.8</hdop>
                <extensions>
                    <osmand:speed>0</osmand:speed>
                </extensions>
            </trkpt>
            <trkpt lat="43.8499628" lon="19.7333796">
                <ele>673.2</ele>
                <time>2026-06-06T10:46:35Z</time>
                <hdop>8.6</hdop>
                <extensions>
                    <osmand:speed>0.1</osmand:speed>
                </extensions>
            </trkpt>
            <trkpt lat="43.8499636" lon="19.7333728">
                <ele>673.2</ele>
                <time>2026-06-06T10:46:41Z</time>
                <hdop>8.5</hdop>
            </trkpt>
            <trkpt lat="43.8499663" lon="19.7333601">
                <ele>673.3</ele>
                <time>2026-06-06T10:46:47Z</time>
                <hdop>8.7</hdop>
                <extensions>
                    <osmand:speed>0</osmand:speed>
                </extensions>
            </trkpt>
            <trkpt lat="43.8499758" lon="19.7333658">
                <ele>673.5</ele>
                <time>2026-06-06T10:46:53Z</time>
                <hdop>8.2</hdop>
                <extensions>
                    <osmand:speed>0.4</osmand:speed>
                </extensions>
            </trkpt>
            <trkpt lat="43.8499662" lon="19.7333599">
                <ele>673.2</ele>
                <time>2026-06-06T10:46:59Z</time>
                <hdop>7.9</hdop>
                <extensions>
                    <osmand:speed>0.1</osmand:speed>
                </extensions>
            </trkpt>
            <trkpt lat="43.8499701" lon="19.7333652">
                <ele>673.3</ele>
                <time>2026-06-06T10:47:05Z</time>
                <hdop>8</hdop>
                <extensions>
                    <osmand:speed>0.1</osmand:speed>
                </extensions>
            </trkpt>
            <trkpt lat="43.8499678" lon="19.7333608">
                <ele>674.1</ele>
                <time>2026-06-06T10:47:11Z</time>
                <hdop>7.9</hdop>
                <extensions>
                    <osmand:speed>0</osmand:speed>
                </extensions>
            </trkpt>
            <trkpt lat="43.8499644" lon="19.7333613">
                <ele>674.8</ele>
                <time>2026-06-06T10:47:17Z</time>
                <hdop>7.6</hdop>
                <extensions>
                    <osmand:speed>0</osmand:speed>
                </extensions>
            </trkpt>
        </trkseg>
        <trkseg>
            <trkpt lat="43.849956" lon="19.7333465">
                <ele>676.2</ele>
                <time>2026-06-06T10:49:25Z</time>
                <hdop>10.9</hdop>
                <extensions>
                    <osmand:speed>0.1</osmand:speed>
                </extensions>
            </trkpt>
            <trkpt lat="43.8500057" lon="19.7333218">
                <ele>672.7</ele>
                <time>2026-06-06T11:09:32Z</time>
                <hdop>13.5</hdop>
                <extensions>
                    <osmand:speed>0.1</osmand:speed>
                </extensions>
            </trkpt>
            <trkpt lat="43.8500335" lon="19.733267">
                <ele>672</ele>
                <time>2026-06-06T11:09:41Z</time>
                <hdop>16.2</hdop>
                <extensions>
                    <osmand:speed>1.2</osmand:speed>
                </extensions>
            </trkpt>
            <trkpt lat="43.8499036" lon="19.7331709">
                <ele>674</ele>
                <time>2026-06-06T11:09:52Z</time>
                <hdop>16.9</hdop>
                <extensions>
                    <osmand:speed>0.2</osmand:speed>
                </extensions>
            </trkpt>
            <trkpt lat="43.849891" lon="19.733194">
                <ele>673.9</ele>
                <time>2026-06-06T11:09:59Z</time>
                <hdop>3.5</hdop>
                <extensions>
                    <osmand:speed>0.3</osmand:speed>
                </extensions>
            </trkpt>
            <trkpt lat="43.84986" lon="19.7331487">
                <ele>669.7</ele>
                <time>2026-06-06T11:10:14Z</time>
                <hdop>11.6</hdop>
                <extensions>
                    <osmand:speed>0.8</osmand:speed>
                </extensions>
            </trkpt>
            <trkpt lat="43.8498169" lon="19.7331224">
                <ele>668.5</ele>
                <time>2026-06-06T11:10:22Z</time>
                <hdop>9.6</hdop>
                <extensions>
                    <osmand:speed>0.5</osmand:speed>
                </extensions>
            </trkpt>
            <trkpt lat="43.8497709" lon="19.7331215">
                <ele>669.1</ele>
                <time>2026-06-06T11:10:32Z</time>
                <hdop>7.5</hdop>
                <extensions>
                    <osmand:speed>0.6</osmand:speed>
                </extensions>
            </trkpt>
            <trkpt lat="43.8497218" lon="19.7331594">
                <ele>666.6</ele>
                <time>2026-06-06T11:10:46Z</time>
                <hdop>8.9</hdop>
                <extensions>
                    <osmand:speed>1.1</osmand:speed>
                </extensions>
            </trkpt>
            <trkpt lat="43.8496527" lon="19.7330831">
                <ele>665.8</ele>
                <time>2026-06-06T11:11:06Z</time>
                <hdop>7.3</hdop>
                <extensions>
                    <osmand:speed>0.1</osmand:speed>
                </extensions>
            </trkpt>
            <trkpt lat="43.8496316" lon="19.7330234">
                <ele>663.9</ele>
                <time>2026-06-06T11:11:14Z</time>
                <hdop>7.1</hdop>
                <extensions>
                    <osmand:speed>0.1</osmand:speed>
                </extensions>
            </trkpt>
            <trkpt lat="43.8495815" lon="19.733002">
                <ele>660.8</ele>
                <time>2026-06-06T11:11:20Z</time>
                <hdop>6.8</hdop>
                <extensions>
                    <osmand:speed>0.5</osmand:speed>
                </extensions>
            </trkpt>
            <trkpt lat="43.8494816" lon="19.732971">
                <ele>664.1</ele>
                <time>2026-06-06T11:11:28Z</time>
                <hdop>6.3</hdop>
                <extensions>
                    <osmand:speed>1.5</osmand:speed>
                </extensions>
            </trkpt>
            <trkpt lat="43.8495269" lon="19.7329681">
                <ele>663</ele>
                <time>2026-06-06T11:11:43Z</time>
                <hdop>6.6</hdop>
                <extensions>
                    <osmand:speed>0.3</osmand:speed>
                </extensions>
            </trkpt>
            <trkpt lat="43.8495737" lon="19.7329352">
                <ele>660.7</ele>
                <time>2026-06-06T11:11:50Z</time>
                <hdop>6.2</hdop>
                <extensions>
                    <osmand:speed>1</osmand:speed>
                </extensions>
            </trkpt>
            <trkpt lat="43.8496168" lon="19.7328161">
                <ele>663.4</ele>
                <time>2026-06-06T11:12:00Z</time>
                <hdop>5.7</hdop>
                <extensions>
                    <osmand:speed>0.9</osmand:speed>
                </extensions>
            </trkpt>
            <trkpt lat="43.8496608" lon="19.7327929">
                <ele>660.9</ele>
                <time>2026-06-06T11:12:12Z</time>
                <hdop>4.8</hdop>
                <extensions>
                    <osmand:speed>0.8</osmand:speed>
                </extensions>
            </trkpt>
            <trkpt lat="43.8496514" lon="19.7326884">
                <ele>658.9</ele>
                <time>2026-06-06T11:13:33Z</time>
                <hdop>17.9</hdop>
                <extensions>
                    <osmand:speed>0.1</osmand:speed>
                </extensions>
            </trkpt>
            <trkpt lat="43.8496344" lon="19.7327049">
                <ele>662</ele>
                <time>2026-06-06T11:14:27Z</time>
                <hdop>12.7</hdop>
            </trkpt>
            <trkpt lat="43.8496421" lon="19.7327664">
                <ele>660.7</ele>
                <time>2026-06-06T11:15:31Z</time>
                <hdop>22</hdop>
                <extensions>
                    <osmand:speed>0</osmand:speed>
                </extensions>
            </trkpt>
            <trkpt lat="43.8497471" lon="19.7327496">
                <ele>657.9</ele>
                <time>2026-06-06T11:15:39Z</time>
                <hdop>31.5</hdop>
                <extensions>
                    <osmand:speed>0.8</osmand:speed>
                </extensions>
            </trkpt>
            <trkpt lat="43.8497945" lon="19.7326664">
                <ele>658.8</ele>
                <time>2026-06-06T11:15:46Z</time>
                <hdop>21.7</hdop>
                <extensions>
                    <osmand:speed>0.3</osmand:speed>
                </extensions>
            </trkpt>
            <trkpt lat="43.8497994" lon="19.73265">
                <ele>658.7</ele>
                <time>2026-06-06T11:15:54Z</time>
                <hdop>47.5</hdop>
                <extensions>
                    <osmand:speed>0.3</osmand:speed>
                </extensions>
            </trkpt>
            <trkpt lat="43.8499004" lon="19.7325075">
                <ele>657.9</ele>
                <time>2026-06-06T11:16:03Z</time>
                <hdop>10.3</hdop>
                <extensions>
                    <osmand:speed>2.3</osmand:speed>
                </extensions>
            </trkpt>
            <trkpt lat="43.8499477" lon="19.7324717">
                <ele>656.7</ele>
                <time>2026-06-06T11:16:10Z</time>
                <hdop>6.7</hdop>
                <extensions>
                    <osmand:speed>1</osmand:speed>
                </extensions>
            </trkpt>
            <trkpt lat="43.8500468" lon="19.7324632">
                <ele>656.1</ele>
                <time>2026-06-06T11:16:20Z</time>
                <hdop>5.9</hdop>
                <extensions>
                    <osmand:speed>0.9</osmand:speed>
                </extensions>
            </trkpt>
            <trkpt lat="43.8501369" lon="19.7325361">
                <ele>654.1</ele>
                <time>2026-06-06T11:16:29Z</time>
                <hdop>5.2</hdop>
                <extensions>
                    <osmand:speed>1.2</osmand:speed>
                </extensions>
            </trkpt>
            <trkpt lat="43.8501433" lon="19.732601">
                <ele>654.4</ele>
                <time>2026-06-06T11:16:38Z</time>
                <hdop>5.2</hdop>
                <extensions>
                    <osmand:speed>0.3</osmand:speed>
                </extensions>
            </trkpt>
            <trkpt lat="43.8501876" lon="19.7325779">
                <ele>651.5</ele>
                <time>2026-06-06T11:17:26Z</time>
                <hdop>7.3</hdop>
                <extensions>
                    <osmand:speed>0</osmand:speed>
                </extensions>
            </trkpt>
            <trkpt lat="43.8501831" lon="19.7326465">
                <ele>650.5</ele>
                <time>2026-06-06T11:17:36Z</time>
                <hdop>25.1</hdop>
                <extensions>
                    <osmand:speed>0.6</osmand:speed>
                </extensions>
            </trkpt>
            <trkpt lat="43.8502626" lon="19.7326953">
                <ele>649.6</ele>
                <time>2026-06-06T11:17:44Z</time>
                <hdop>47.3</hdop>
                <extensions>
                    <osmand:speed>1.1</osmand:speed>
                </extensions>
            </trkpt>
            <trkpt lat="43.8503508" lon="19.7327649">
                <ele>648.3</ele>
                <time>2026-06-06T11:17:52Z</time>
                <hdop>33.8</hdop>
                <extensions>
                    <osmand:speed>0.8</osmand:speed>
                </extensions>
            </trkpt>
            <trkpt lat="43.8504017" lon="19.7328913">
                <ele>647.2</ele>
                <time>2026-06-06T11:18:01Z</time>
                <hdop>48.6</hdop>
                <extensions>
                    <osmand:speed>1.1</osmand:speed>
                </extensions>
            </trkpt>
            <trkpt lat="43.8501637" lon="19.733257">
                <ele>646.7</ele>
                <time>2026-06-06T11:18:08Z</time>
                <hdop>37.2</hdop>
                <extensions>
                    <osmand:speed>1.2</osmand:speed>
                </extensions>
            </trkpt>
            <trkpt lat="43.8504404" lon="19.7332436">
                <ele>647</ele>
                <time>2026-06-06T11:18:15Z</time>
                <hdop>40.8</hdop>
                <extensions>
                    <osmand:speed>2</osmand:speed>
                </extensions>
            </trkpt>
            <trkpt lat="43.8504622" lon="19.7332759">
                <ele>646.6</ele>
                <time>2026-06-06T11:18:21Z</time>
                <hdop>31.2</hdop>
                <extensions>
                    <osmand:speed>0.8</osmand:speed>
                </extensions>
            </trkpt>
            <trkpt lat="43.8505254" lon="19.7332946">
                <ele>645.5</ele>
                <time>2026-06-06T11:18:28Z</time>
                <hdop>36.4</hdop>
                <extensions>
                    <osmand:speed>0.9</osmand:speed>
                </extensions>
            </trkpt>
            <trkpt lat="43.8505177" lon="19.7333972">
                <ele>644.6</ele>
                <time>2026-06-06T11:18:34Z</time>
                <hdop>38.9</hdop>
                <extensions>
                    <osmand:speed>2.2</osmand:speed>
                </extensions>
            </trkpt>
            <trkpt lat="43.8506138" lon="19.7331505">
                <ele>644.3</ele>
                <time>2026-06-06T11:18:42Z</time>
                <hdop>29.9</hdop>
                <extensions>
                    <osmand:speed>1.6</osmand:speed>
                </extensions>
            </trkpt>
            <trkpt lat="43.8506457" lon="19.7333673">
                <ele>643.7</ele>
                <time>2026-06-06T11:18:51Z</time>
                <hdop>23.2</hdop>
                <extensions>
                    <osmand:speed>1.5</osmand:speed>
                </extensions>
            </trkpt>
            <trkpt lat="43.8506165" lon="19.73331">
                <ele>642.6</ele>
                <time>2026-06-06T11:18:58Z</time>
                <hdop>26.5</hdop>
                <extensions>
                    <osmand:speed>0.2</osmand:speed>
                </extensions>
            </trkpt>
            <trkpt lat="43.8506687" lon="19.7333989">
                <ele>642.5</ele>
                <time>2026-06-06T11:19:04Z</time>
                <hdop>15.7</hdop>
                <extensions>
                    <osmand:speed>1</osmand:speed>
                </extensions>
            </trkpt>
            <trkpt lat="43.8506869" lon="19.7333229">
                <ele>640.3</ele>
                <time>2026-06-06T11:19:11Z</time>
                <hdop>16.1</hdop>
                <extensions>
                    <osmand:speed>1.1</osmand:speed>
                </extensions>
            </trkpt>
            <trkpt lat="43.8507241" lon="19.7332005">
                <ele>638.6</ele>
                <time>2026-06-06T11:19:18Z</time>
                <hdop>20.6</hdop>
                <extensions>
                    <osmand:speed>0.9</osmand:speed>
                </extensions>
            </trkpt>
            <trkpt lat="43.8507292" lon="19.7331369">
                <ele>638.3</ele>
                <time>2026-06-06T11:19:25Z</time>
                <hdop>18.6</hdop>
                <extensions>
                    <osmand:speed>0.3</osmand:speed>
                </extensions>
            </trkpt>
            <trkpt lat="43.8506969" lon="19.7331627">
                <ele>641.6</ele>
                <time>2026-06-06T11:19:51Z</time>
                <hdop>11.3</hdop>
                <extensions>
                    <osmand:speed>0.2</osmand:speed>
                </extensions>
            </trkpt>
            <trkpt lat="43.8507077" lon="19.7331013">
                <ele>642.8</ele>
                <time>2026-06-06T11:20:05Z</time>
                <hdop>10.2</hdop>
                <extensions>
                    <osmand:speed>0.1</osmand:speed>
                </extensions>
            </trkpt>
            <trkpt lat="43.8507247" lon="19.732951">
                <ele>639.8</ele>
                <time>2026-06-06T11:20:14Z</time>
                <hdop>8.5</hdop>
                <extensions>
                    <osmand:speed>0.8</osmand:speed>
                </extensions>
            </trkpt>
            <trkpt lat="43.8507343" lon="19.7328169">
                <ele>636.7</ele>
                <time>2026-06-06T11:20:22Z</time>
                <hdop>6.8</hdop>
                <extensions>
                    <osmand:speed>1.2</osmand:speed>
                </extensions>
            </trkpt>
            <trkpt lat="43.8507778" lon="19.7326653">
                <ele>633.8</ele>
                <time>2026-06-06T11:20:32Z</time>
                <hdop>5.6</hdop>
                <extensions>
                    <osmand:speed>1.4</osmand:speed>
                </extensions>
            </trkpt>
            <trkpt lat="43.8508497" lon="19.7325749">
                <ele>630.4</ele>
                <time>2026-06-06T11:20:41Z</time>
                <hdop>5.4</hdop>
                <extensions>
                    <osmand:speed>1.1</osmand:speed>
                </extensions>
            </trkpt>
            <trkpt lat="43.8509437" lon="19.7325485">
                <ele>626.2</ele>
                <time>2026-06-06T11:20:50Z</time>
                <hdop>5.7</hdop>
                <extensions>
                    <osmand:speed>1</osmand:speed>
                </extensions>
            </trkpt>
            <trkpt lat="43.851043" lon="19.7325379">
                <ele>625.7</ele>
                <time>2026-06-06T11:20:58Z</time>
                <hdop>5.9</hdop>
                <extensions>
                    <osmand:speed>1.3</osmand:speed>
                </extensions>
            </trkpt>
            <trkpt lat="43.851151" lon="19.7325331">
                <ele>628.2</ele>
                <time>2026-06-06T11:21:08Z</time>
                <hdop>6</hdop>
                <extensions>
                    <osmand:speed>0.9</osmand:speed>
                </extensions>
            </trkpt>
            <trkpt lat="43.8512532" lon="19.7325561">
                <ele>630.5</ele>
                <time>2026-06-06T11:21:17Z</time>
                <hdop>6.1</hdop>
                <extensions>
                    <osmand:speed>1</osmand:speed>
                </extensions>
            </trkpt>
            <trkpt lat="43.8513466" lon="19.732562">
                <ele>631.9</ele>
                <time>2026-06-06T11:21:25Z</time>
                <hdop>5.4</hdop>
                <extensions>
                    <osmand:speed>0.8</osmand:speed>
                </extensions>
            </trkpt>
            <trkpt lat="43.8513975" lon="19.732561">
                <ele>633</ele>
                <time>2026-06-06T11:21:31Z</time>
                <hdop>5.9</hdop>
                <extensions>
                    <osmand:speed>0.6</osmand:speed>
                </extensions>
            </trkpt>
            <trkpt lat="43.8514969" lon="19.7325427">
                <ele>635.5</ele>
                <time>2026-06-06T11:21:41Z</time>
                <hdop>6.2</hdop>
                <extensions>
                    <osmand:speed>1</osmand:speed>
                </extensions>
            </trkpt>
            <trkpt lat="43.851539" lon="19.7324964">
                <ele>638</ele>
                <time>2026-06-06T11:21:48Z</time>
                <hdop>6.7</hdop>
                <extensions>
                    <osmand:speed>0.7</osmand:speed>
                </extensions>
            </trkpt>
            <trkpt lat="43.851628" lon="19.7324345">
                <ele>640.8</ele>
                <time>2026-06-06T11:21:56Z</time>
                <hdop>6.8</hdop>
                <extensions>
                    <osmand:speed>1.1</osmand:speed>
                </extensions>
            </trkpt>
            <trkpt lat="43.85167" lon="19.7324045">
                <ele>643.9</ele>
                <time>2026-06-06T11:22:02Z</time>
                <hdop>6.7</hdop>
                <extensions>
                    <osmand:speed>1</osmand:speed>
                </extensions>
            </trkpt>
            <trkpt lat="43.8517155" lon="19.732355">
                <ele>647.2</ele>
                <time>2026-06-06T11:22:08Z</time>
                <hdop>6.8</hdop>
                <extensions>
                    <osmand:speed>1.1</osmand:speed>
                </extensions>
            </trkpt>
            <trkpt lat="43.8517251" lon="19.7323331">
                <ele>651.7</ele>
                <time>2026-06-06T11:22:14Z</time>
                <hdop>7</hdop>
                <extensions>
                    <osmand:speed>0.1</osmand:speed>
                </extensions>
            </trkpt>
            <trkpt lat="43.8517281" lon="19.7323407">
                <ele>654</ele>
                <time>2026-06-06T11:22:20Z</time>
                <hdop>7.2</hdop>
                <extensions>
                    <osmand:speed>0</osmand:speed>
                </extensions>
            </trkpt>
            <trkpt lat="43.8517813" lon="19.732322">
                <ele>652.4</ele>
                <time>2026-06-06T11:22:26Z</time>
                <hdop>6.7</hdop>
                <extensions>
                    <osmand:speed>0.8</osmand:speed>
                </extensions>
            </trkpt>
            <trkpt lat="43.8518277" lon="19.7322803">
                <ele>653.3</ele>
                <time>2026-06-06T11:22:32Z</time>
                <hdop>6.7</hdop>
                <extensions>
                    <osmand:speed>0.7</osmand:speed>
                </extensions>
            </trkpt>
            <trkpt lat="43.8520648" lon="19.73188">
                <ele>643.9</ele>
                <time>2026-06-06T11:23:20Z</time>
                <hdop>46.9</hdop>
                <extensions>
                    <osmand:speed>2.6</osmand:speed>
                </extensions>
            </trkpt>
            <trkpt lat="43.8523148" lon="19.7318075">
                <ele>646.8</ele>
                <time>2026-06-06T11:23:27Z</time>
                <hdop>38.7</hdop>
                <extensions>
                    <osmand:speed>2.6</osmand:speed>
                </extensions>
            </trkpt>
            <trkpt lat="43.8525993" lon="19.7317005">
                <ele>653.7</ele>
                <time>2026-06-06T11:23:34Z</time>
                <hdop>32</hdop>
                <extensions>
                    <osmand:speed>3.7</osmand:speed>
                </extensions>
            </trkpt>
            <trkpt lat="43.8527642" lon="19.7316398">
                <ele>628.2</ele>
                <time>2026-06-06T11:23:41Z</time>
                <hdop>28.6</hdop>
                <extensions>
                    <osmand:speed>4.2</osmand:speed>
                </extensions>
            </trkpt>
            <trkpt lat="43.853117" lon="19.7315697">
                <ele>589.3</ele>
                <time>2026-06-06T11:23:48Z</time>
                <hdop>48.6</hdop>
                <extensions>
                    <osmand:speed>1.9</osmand:speed>
                </extensions>
            </trkpt>
            <trkpt lat="43.8524839" lon="19.731654">
                <ele>665.1</ele>
                <time>2026-06-06T11:23:54Z</time>
                <hdop>8.9</hdop>
                <extensions>
                    <osmand:speed>0.1</osmand:speed>
                </extensions>
            </trkpt>
            <trkpt lat="43.8524868" lon="19.7316969">
                <ele>667.1</ele>
                <time>2026-06-06T11:24:00Z</time>
                <hdop>13.7</hdop>
                <extensions>
                    <osmand:speed>0</osmand:speed>
                </extensions>
            </trkpt>
            <trkpt lat="43.8524867" lon="19.7317117">
                <ele>664.9</ele>
                <time>2026-06-06T11:24:06Z</time>
                <hdop>14.6</hdop>
                <extensions>
                    <osmand:speed>0.2</osmand:speed>
                </extensions>
            </trkpt>
            <trkpt lat="43.8524257" lon="19.7317469">
                <ele>667.3</ele>
                <time>2026-06-06T11:24:47Z</time>
                <hdop>40.6</hdop>
                <extensions>
                    <osmand:speed>0.5</osmand:speed>
                </extensions>
            </trkpt>
            <trkpt lat="43.8524595" lon="19.731627">
                <ele>668.2</ele>
                <time>2026-06-06T11:24:58Z</time>
                <hdop>9</hdop>
                <extensions>
                    <osmand:speed>0.4</osmand:speed>
                </extensions>
            </trkpt>
            <trkpt lat="43.8524718" lon="19.7317605">
                <ele>669.7</ele>
                <time>2026-06-06T11:25:08Z</time>
                <hdop>8.3</hdop>
                <extensions>
                    <osmand:speed>0.6</osmand:speed>
                </extensions>
            </trkpt>
            <trkpt lat="43.8524767" lon="19.7318838">
                <ele>644.5</ele>
                <time>2026-06-06T11:25:16Z</time>
                <hdop>12.5</hdop>
            </trkpt>
            <trkpt lat="43.8525146" lon="19.731846">
                <ele>659</ele>
                <time>2026-06-06T11:25:22Z</time>
                <hdop>31.6</hdop>
                <extensions>
                    <osmand:speed>0.2</osmand:speed>
                </extensions>
            </trkpt>
            <trkpt lat="43.8525224" lon="19.7318619">
                <ele>666.4</ele>
                <time>2026-06-06T11:25:30Z</time>
                <hdop>25.8</hdop>
                <extensions>
                    <osmand:speed>0.5</osmand:speed>
                </extensions>
            </trkpt>
            <trkpt lat="43.8525656" lon="19.7320565">
                <ele>661.8</ele>
                <time>2026-06-06T11:25:38Z</time>
                <hdop>23.6</hdop>
                <extensions>
                    <osmand:speed>0.6</osmand:speed>
                </extensions>
            </trkpt>
            <trkpt lat="43.8525034" lon="19.7321769">
                <ele>676.8</ele>
                <time>2026-06-06T11:25:44Z</time>
                <hdop>26.4</hdop>
                <extensions>
                    <osmand:speed>1</osmand:speed>
                </extensions>
            </trkpt>
            <trkpt lat="43.8523737" lon="19.732559">
                <ele>671.1</ele>
                <time>2026-06-06T11:25:51Z</time>
                <hdop>12.8</hdop>
                <extensions>
                    <osmand:speed>1.6</osmand:speed>
                </extensions>
            </trkpt>
            <trkpt lat="43.8524607" lon="19.732559">
                <ele>669.6</ele>
                <time>2026-06-06T11:25:58Z</time>
                <hdop>43.4</hdop>
                <extensions>
                    <osmand:speed>1.8</osmand:speed>
                </extensions>
            </trkpt>
            <trkpt lat="43.8524592" lon="19.7325197">
                <ele>669.1</ele>
                <time>2026-06-06T11:26:07Z</time>
                <hdop>24.2</hdop>
                <extensions>
                    <osmand:speed>0.8</osmand:speed>
                </extensions>
            </trkpt>
            <trkpt lat="43.8524388" lon="19.7325062">
                <ele>670.3</ele>
                <time>2026-06-06T11:26:20Z</time>
                <hdop>22</hdop>
                <extensions>
                    <osmand:speed>0.4</osmand:speed>
                </extensions>
            </trkpt>
            <trkpt lat="43.8524426" lon="19.7324504">
                <ele>680.3</ele>
                <time>2026-06-06T11:26:28Z</time>
                <hdop>20.2</hdop>
                <extensions>
                    <osmand:speed>0.9</osmand:speed>
                </extensions>
            </trkpt>
            <trkpt lat="43.8525588" lon="19.7324093">
                <ele>671.2</ele>
                <time>2026-06-06T11:26:36Z</time>
                <hdop>24.1</hdop>
                <extensions>
                    <osmand:speed>1.3</osmand:speed>
                </extensions>
            </trkpt>
            <trkpt lat="43.8529219" lon="19.7323781">
                <ele>669.4</ele>
                <time>2026-06-06T11:26:43Z</time>
                <hdop>15.9</hdop>
                <extensions>
                    <osmand:speed>3</osmand:speed>
                </extensions>
            </trkpt>
            <trkpt lat="43.8530351" lon="19.7323504">
                <ele>662.4</ele>
                <time>2026-06-06T11:26:49Z</time>
                <hdop>17.2</hdop>
                <extensions>
                    <osmand:speed>1.8</osmand:speed>
                </extensions>
            </trkpt>
            <trkpt lat="43.8529404" lon="19.7324167">
                <ele>662.6</ele>
                <time>2026-06-06T11:26:56Z</time>
                <hdop>29.2</hdop>
            </trkpt>
            <trkpt lat="43.8529496" lon="19.7324364">
                <ele>662.2</ele>
                <time>2026-06-06T11:27:10Z</time>
                <hdop>24</hdop>
            </trkpt>
            <trkpt lat="43.8529237" lon="19.7321769">
                <ele>688.8</ele>
                <time>2026-06-06T11:27:16Z</time>
                <hdop>20.7</hdop>
                <extensions>
                    <osmand:speed>0.6</osmand:speed>
                </extensions>
            </trkpt>
            <trkpt lat="43.8528934" lon="19.7321149">
                <ele>688.5</ele>
                <time>2026-06-06T11:27:22Z</time>
                <hdop>11.2</hdop>
                <extensions>
                    <osmand:speed>0.3</osmand:speed>
                </extensions>
            </trkpt>
            <trkpt lat="43.8529271" lon="19.7320672">
                <ele>689.2</ele>
                <time>2026-06-06T11:27:28Z</time>
                <hdop>8.4</hdop>
                <extensions>
                    <osmand:speed>0.6</osmand:speed>
                </extensions>
            </trkpt>
            <trkpt lat="43.8530093" lon="19.7319983">
                <ele>690.4</ele>
                <time>2026-06-06T11:27:37Z</time>
                <hdop>9.9</hdop>
                <extensions>
                    <osmand:speed>1.2</osmand:speed>
                </extensions>
            </trkpt>
            <trkpt lat="43.8530892" lon="19.7319164">
                <ele>691.6</ele>
                <time>2026-06-06T11:27:45Z</time>
                <hdop>10.9</hdop>
                <extensions>
                    <osmand:speed>1.5</osmand:speed>
                </extensions>
            </trkpt>
            <trkpt lat="43.8531355" lon="19.7318633">
                <ele>690.7</ele>
                <time>2026-06-06T11:27:53Z</time>
                <hdop>11.4</hdop>
                <extensions>
                    <osmand:speed>1.9</osmand:speed>
                </extensions>
            </trkpt>
            <trkpt lat="43.8532172" lon="19.7317772">
                <ele>691.8</ele>
                <time>2026-06-06T11:28:00Z</time>
                <hdop>10.5</hdop>
                <extensions>
                    <osmand:speed>1.5</osmand:speed>
                </extensions>
            </trkpt>
            <trkpt lat="43.8532987" lon="19.731701">
                <ele>690.8</ele>
                <time>2026-06-06T11:28:06Z</time>
                <hdop>8.8</hdop>
                <extensions>
                    <osmand:speed>1.6</osmand:speed>
                </extensions>
            </trkpt>
            <trkpt lat="43.853393" lon="19.7316248">
                <ele>690.8</ele>
                <time>2026-06-06T11:28:14Z</time>
                <hdop>8.2</hdop>
                <extensions>
                    <osmand:speed>1.6</osmand:speed>
                </extensions>
            </trkpt>
            <trkpt lat="43.8534724" lon="19.731579">
                <ele>686.5</ele>
                <time>2026-06-06T11:28:23Z</time>
                <hdop>5.1</hdop>
                <extensions>
                    <osmand:speed>0.1</osmand:speed>
                </extensions>
            </trkpt>
            <trkpt lat="43.8534907" lon="19.7316126">
                <ele>690.6</ele>
                <time>2026-06-06T11:28:29Z</time>
                <hdop>4.8</hdop>
                <extensions>
                    <osmand:speed>1</osmand:speed>
                </extensions>
            </trkpt>
            <trkpt lat="43.8535316" lon="19.7315581">
                <ele>690.9</ele>
                <time>2026-06-06T11:28:35Z</time>
                <hdop>5.6</hdop>
                <extensions>
                    <osmand:speed>1</osmand:speed>
                </extensions>
            </trkpt>
            <trkpt lat="43.853573" lon="19.7315332">
                <ele>676.2</ele>
                <time>2026-06-06T11:28:46Z</time>
                <hdop>7.2</hdop>
                <extensions>
                    <osmand:speed>2.3</osmand:speed>
                </extensions>
            </trkpt>
            <trkpt lat="43.8536171" lon="19.7315638">
                <ele>675.5</ele>
                <time>2026-06-06T11:28:53Z</time>
                <hdop>9.4</hdop>
                <extensions>
                    <osmand:speed>2</osmand:speed>
                </extensions>
            </trkpt>
            <trkpt lat="43.853797" lon="19.7318566">
                <ele>671.9</ele>
                <time>2026-06-06T11:29:03Z</time>
                <hdop>32.7</hdop>
                <extensions>
                    <osmand:speed>0.5</osmand:speed>
                </extensions>
            </trkpt>
            <trkpt lat="43.8537597" lon="19.7316823">
                <ele>670.9</ele>
                <time>2026-06-06T11:29:10Z</time>
                <hdop>27.8</hdop>
                <extensions>
                    <osmand:speed>2.6</osmand:speed>
                </extensions>
            </trkpt>
            <trkpt lat="43.8536935" lon="19.7314924">
                <ele>671.3</ele>
                <time>2026-06-06T11:29:20Z</time>
                <hdop>35</hdop>
                <extensions>
                    <osmand:speed>1.2</osmand:speed>
                </extensions>
            </trkpt>
            <trkpt lat="43.8537086" lon="19.7312286">
                <ele>670.3</ele>
                <time>2026-06-06T11:29:29Z</time>
                <hdop>37.1</hdop>
                <extensions>
                    <osmand:speed>1.4</osmand:speed>
                </extensions>
            </trkpt>
            <trkpt lat="43.8536715" lon="19.7310842">
                <ele>671</ele>
                <time>2026-06-06T11:29:35Z</time>
                <hdop>42.2</hdop>
                <extensions>
                    <osmand:speed>1.9</osmand:speed>
                </extensions>
            </trkpt>
            <trkpt lat="43.8536738" lon="19.7311209">
                <ele>669.7</ele>
                <time>2026-06-06T11:29:41Z</time>
                <hdop>47</hdop>
                <extensions>
                    <osmand:speed>1.9</osmand:speed>
                </extensions>
            </trkpt>
            <trkpt lat="43.8538931" lon="19.7310282">
                <ele>664.2</ele>
                <time>2026-06-06T11:29:49Z</time>
                <hdop>28.7</hdop>
                <extensions>
                    <osmand:speed>1.3</osmand:speed>
                </extensions>
            </trkpt>
            <trkpt lat="43.8538329" lon="19.7309208">
                <ele>695.9</ele>
                <time>2026-06-06T11:29:55Z</time>
                <hdop>29</hdop>
                <extensions>
                    <osmand:speed>0.1</osmand:speed>
                </extensions>
            </trkpt>
            <trkpt lat="43.8537889" lon="19.7310622">
                <ele>696.3</ele>
                <time>2026-06-06T11:30:04Z</time>
                <hdop>16.2</hdop>
                <extensions>
                    <osmand:speed>0.5</osmand:speed>
                </extensions>
            </trkpt>
            <trkpt lat="43.8538343" lon="19.7310736">
                <ele>680.2</ele>
                <time>2026-06-06T11:30:14Z</time>
                <hdop>20.6</hdop>
                <extensions>
                    <osmand:speed>0.2</osmand:speed>
                </extensions>
            </trkpt>
            <trkpt lat="43.8538043" lon="19.7310907">
                <ele>695.5</ele>
                <time>2026-06-06T11:30:26Z</time>
                <hdop>14.8</hdop>
                <extensions>
                    <osmand:speed>0.3</osmand:speed>
                </extensions>
            </trkpt>
            <trkpt lat="43.8538699" lon="19.7310718">
                <ele>680.3</ele>
                <time>2026-06-06T11:30:38Z</time>
                <hdop>22.9</hdop>
                <extensions>
                    <osmand:speed>1.7</osmand:speed>
                </extensions>
            </trkpt>
            <trkpt lat="43.8539739" lon="19.7310272">
                <ele>681.6</ele>
                <time>2026-06-06T11:30:44Z</time>
                <hdop>36</hdop>
                <extensions>
                    <osmand:speed>2.1</osmand:speed>
                </extensions>
            </trkpt>
            <trkpt lat="43.8540162" lon="19.7313332">
                <ele>683.3</ele>
                <time>2026-06-06T11:30:50Z</time>
                <hdop>34.3</hdop>
                <extensions>
                    <osmand:speed>2.6</osmand:speed>
                </extensions>
            </trkpt>
            <trkpt lat="43.8540869" lon="19.7317753">
                <ele>683.5</ele>
                <time>2026-06-06T11:30:57Z</time>
                <hdop>16.7</hdop>
                <extensions>
                    <osmand:speed>3</osmand:speed>
                </extensions>
            </trkpt>
            <trkpt lat="43.8541884" lon="19.7320132">
                <ele>682.2</ele>
                <time>2026-06-06T11:31:03Z</time>
                <hdop>16.9</hdop>
                <extensions>
                    <osmand:speed>2.9</osmand:speed>
                </extensions>
            </trkpt>
            <trkpt lat="43.8541922" lon="19.7318172">
                <ele>673.8</ele>
                <time>2026-06-06T11:31:19Z</time>
                <hdop>44.8</hdop>
                <extensions>
                    <osmand:speed>0.5</osmand:speed>
                </extensions>
            </trkpt>
            <trkpt lat="43.8540541" lon="19.731759">
                <ele>672.8</ele>
                <time>2026-06-06T11:31:27Z</time>
                <hdop>37.2</hdop>
            </trkpt>
            <trkpt lat="43.8540112" lon="19.7317297">
                <ele>671</ele>
                <time>2026-06-06T11:31:35Z</time>
                <hdop>36.6</hdop>
                <extensions>
                    <osmand:speed>0.3</osmand:speed>
                </extensions>
            </trkpt>
            <trkpt lat="43.8538379" lon="19.731427">
                <ele>704</ele>
                <time>2026-06-06T11:31:47Z</time>
                <hdop>42.6</hdop>
                <extensions>
                    <osmand:speed>0.1</osmand:speed>
                </extensions>
            </trkpt>
            <trkpt lat="43.8539544" lon="19.7315968">
                <ele>696.8</ele>
                <time>2026-06-06T11:31:53Z</time>
                <hdop>10.8</hdop>
                <extensions>
                    <osmand:speed>0.9</osmand:speed>
                </extensions>
            </trkpt>
            <trkpt lat="43.8539288" lon="19.7315976">
                <ele>697.7</ele>
                <time>2026-06-06T11:31:59Z</time>
                <hdop>10.8</hdop>
                <extensions>
                    <osmand:speed>0</osmand:speed>
                </extensions>
            </trkpt>
            <trkpt lat="43.8539311" lon="19.7316019">
                <ele>698.6</ele>
                <time>2026-06-06T11:32:05Z</time>
                <hdop>7.6</hdop>
                <extensions>
                    <osmand:speed>0.1</osmand:speed>
                </extensions>
            </trkpt>
            <trkpt lat="43.8539333" lon="19.7315989">
                <ele>696.7</ele>
                <time>2026-06-06T11:32:11Z</time>
                <hdop>5.4</hdop>
                <extensions>
                    <osmand:speed>0.1</osmand:speed>
                </extensions>
            </trkpt>
        </trkseg>
        <trkseg>
            <trkpt lat="43.8539849" lon="19.7315871">
                <ele>697.8</ele>
                <time>2026-06-06T11:34:22Z</time>
                <hdop>31.4</hdop>
                <extensions>
                    <osmand:speed>0.9</osmand:speed>
                </extensions>
            </trkpt>
            <trkpt lat="43.8538892" lon="19.7317682">
                <ele>697.9</ele>
                <time>2026-06-06T11:34:28Z</time>
                <hdop>22.8</hdop>
                <extensions>
                    <osmand:speed>2.2</osmand:speed>
                </extensions>
            </trkpt>
            <trkpt lat="43.8539339" lon="19.7319115">
                <ele>704.7</ele>
                <time>2026-06-06T11:34:34Z</time>
                <hdop>16.8</hdop>
            </trkpt>
            <trkpt lat="43.8539785" lon="19.73206">
                <ele>708.4</ele>
                <time>2026-06-06T11:34:40Z</time>
                <hdop>10.3</hdop>
                <extensions>
                    <osmand:speed>0.2</osmand:speed>
                </extensions>
            </trkpt>
            <trkpt lat="43.8539691" lon="19.7321368">
                <ele>708.6</ele>
                <time>2026-06-06T11:34:46Z</time>
                <hdop>9.4</hdop>
                <extensions>
                    <osmand:speed>0.9</osmand:speed>
                </extensions>
            </trkpt>
            <trkpt lat="43.8539939" lon="19.7321951">
                <ele>709.2</ele>
                <time>2026-06-06T11:34:53Z</time>
                <hdop>6.8</hdop>
                <extensions>
                    <osmand:speed>0.9</osmand:speed>
                </extensions>
            </trkpt>
            <trkpt lat="43.854043" lon="19.7322078">
                <ele>709.1</ele>
                <time>2026-06-06T11:35:01Z</time>
                <hdop>6.1</hdop>
                <extensions>
                    <osmand:speed>0.6</osmand:speed>
                </extensions>
            </trkpt>
            <trkpt lat="43.8540639" lon="19.7322169">
                <ele>708.7</ele>
                <time>2026-06-06T11:35:09Z</time>
                <hdop>4.7</hdop>
                <extensions>
                    <osmand:speed>0.2</osmand:speed>
                </extensions>
            </trkpt>
            <trkpt lat="43.8540758" lon="19.7322154">
                <ele>709.2</ele>
                <time>2026-06-06T11:35:15Z</time>
                <hdop>5.4</hdop>
                <extensions>
                    <osmand:speed>0.1</osmand:speed>
                </extensions>
            </trkpt>
            <trkpt lat="43.8540639" lon="19.7322275">
                <ele>709.1</ele>
                <time>2026-06-06T11:35:27Z</time>
                <hdop>4.5</hdop>
                <extensions>
                    <osmand:speed>0</osmand:speed>
                </extensions>
            </trkpt>
            <trkpt lat="43.8540812" lon="19.7322237">
                <ele>708.7</ele>
                <time>2026-06-06T11:35:33Z</time>
                <hdop>4.3</hdop>
                <extensions>
                    <osmand:speed>0.4</osmand:speed>
                </extensions>
            </trkpt>
            <trkpt lat="43.8541295" lon="19.7322143">
                <ele>709.8</ele>
                <time>2026-06-06T11:35:39Z</time>
                <hdop>3.8</hdop>
                <extensions>
                    <osmand:speed>0.7</osmand:speed>
                </extensions>
            </trkpt>
            <trkpt lat="43.8541993" lon="19.7321757">
                <ele>710.2</ele>
                <time>2026-06-06T11:35:47Z</time>
                <hdop>4.6</hdop>
                <extensions>
                    <osmand:speed>0.8</osmand:speed>
                </extensions>
            </trkpt>
            <trkpt lat="43.8542461" lon="19.7321918">
                <ele>708.9</ele>
                <time>2026-06-06T11:36:06Z</time>
                <hdop>6.3</hdop>
                <extensions>
                    <osmand:speed>1.3</osmand:speed>
                </extensions>
            </trkpt>
            <trkpt lat="43.8542952" lon="19.7321947">
                <ele>709.1</ele>
                <time>2026-06-06T11:36:15Z</time>
                <hdop>5.5</hdop>
                <extensions>
                    <osmand:speed>0.8</osmand:speed>
                </extensions>
            </trkpt>
            <trkpt lat="43.8543761" lon="19.7322207">
                <ele>707.5</ele>
                <time>2026-06-06T11:36:30Z</time>
                <hdop>6.3</hdop>
                <extensions>
                    <osmand:speed>0.3</osmand:speed>
                </extensions>
            </trkpt>
            <trkpt lat="43.8544159" lon="19.7322508">
                <ele>711</ele>
                <time>2026-06-06T11:37:07Z</time>
                <hdop>8.2</hdop>
                <extensions>
                    <osmand:speed>0</osmand:speed>
                </extensions>
            </trkpt>
            <trkpt lat="43.8543726" lon="19.7322786">
                <ele>707</ele>
                <time>2026-06-06T11:37:21Z</time>
                <hdop>6.7</hdop>
                <extensions>
                    <osmand:speed>0</osmand:speed>
                </extensions>
            </trkpt>
            <trkpt lat="43.8544072" lon="19.7322252">
                <ele>701.8</ele>
                <time>2026-06-06T11:37:42Z</time>
                <hdop>7.1</hdop>
                <extensions>
                    <osmand:speed>0</osmand:speed>
                </extensions>
            </trkpt>
            <trkpt lat="43.8544587" lon="19.7321338">
                <ele>703.5</ele>
                <time>2026-06-06T11:37:49Z</time>
                <hdop>20.6</hdop>
                <extensions>
                    <osmand:speed>0</osmand:speed>
                </extensions>
            </trkpt>
            <trkpt lat="43.8545096" lon="19.7321637">
                <ele>704</ele>
                <time>2026-06-06T11:38:05Z</time>
                <hdop>23.5</hdop>
                <extensions>
                    <osmand:speed>0.1</osmand:speed>
                </extensions>
            </trkpt>
            <trkpt lat="43.8544537" lon="19.7321725">
                <ele>705.8</ele>
                <time>2026-06-06T11:38:17Z</time>
                <hdop>22</hdop>
                <extensions>
                    <osmand:speed>0.1</osmand:speed>
                </extensions>
            </trkpt>
            <trkpt lat="43.8544507" lon="19.7321434">
                <ele>709.7</ele>
                <time>2026-06-06T11:38:24Z</time>
                <hdop>21.3</hdop>
                <extensions>
                    <osmand:speed>0.3</osmand:speed>
                </extensions>
            </trkpt>
            <trkpt lat="43.8544137" lon="19.7321809">
                <ele>710.1</ele>
                <time>2026-06-06T11:38:35Z</time>
                <hdop>20.4</hdop>
                <extensions>
                    <osmand:speed>0.1</osmand:speed>
                </extensions>
            </trkpt>
            <trkpt lat="43.8544047" lon="19.7321828">
                <ele>711.8</ele>
                <time>2026-06-06T11:39:09Z</time>
                <hdop>15.3</hdop>
            </trkpt>
            <trkpt lat="43.8544507" lon="19.7321926">
                <ele>709.4</ele>
                <time>2026-06-06T11:40:02Z</time>
                <hdop>16.3</hdop>
                <extensions>
                    <osmand:speed>0.4</osmand:speed>
                </extensions>
            </trkpt>
            <trkpt lat="43.8544985" lon="19.7321591">
                <ele>710.5</ele>
                <time>2026-06-06T11:40:19Z</time>
                <hdop>17.2</hdop>
                <extensions>
                    <osmand:speed>1</osmand:speed>
                </extensions>
            </trkpt>
            <trkpt lat="43.854534" lon="19.7321184">
                <ele>712.1</ele>
                <time>2026-06-06T11:40:34Z</time>
                <hdop>14.5</hdop>
                <extensions>
                    <osmand:speed>0.5</osmand:speed>
                </extensions>
            </trkpt>
            <trkpt lat="43.8545858" lon="19.732101">
                <ele>713.2</ele>
                <time>2026-06-06T11:40:40Z</time>
                <hdop>13.7</hdop>
                <extensions>
                    <osmand:speed>1.1</osmand:speed>
                </extensions>
            </trkpt>
            <trkpt lat="43.8546307" lon="19.732067">
                <ele>712.6</ele>
                <time>2026-06-06T11:40:47Z</time>
                <hdop>11.4</hdop>
                <extensions>
                    <osmand:speed>1.1</osmand:speed>
                </extensions>
            </trkpt>
            <trkpt lat="43.8547291" lon="19.732038">
                <ele>709.8</ele>
                <time>2026-06-06T11:40:58Z</time>
                <hdop>10.4</hdop>
                <extensions>
                    <osmand:speed>0.8</osmand:speed>
                </extensions>
            </trkpt>
            <trkpt lat="43.854822" lon="19.7319989">
                <ele>708</ele>
                <time>2026-06-06T11:41:06Z</time>
                <hdop>8.5</hdop>
                <extensions>
                    <osmand:speed>0.9</osmand:speed>
                </extensions>
            </trkpt>
            <trkpt lat="43.8549052" lon="19.7319264">
                <ele>706.6</ele>
                <time>2026-06-06T11:41:14Z</time>
                <hdop>7.6</hdop>
                <extensions>
                    <osmand:speed>0.9</osmand:speed>
                </extensions>
            </trkpt>
            <trkpt lat="43.8549891" lon="19.7318741">
                <ele>705.5</ele>
                <time>2026-06-06T11:41:26Z</time>
                <hdop>6.8</hdop>
                <extensions>
                    <osmand:speed>1.2</osmand:speed>
                </extensions>
            </trkpt>
            <trkpt lat="43.8550962" lon="19.7318662">
                <ele>703.4</ele>
                <time>2026-06-06T11:41:36Z</time>
                <hdop>6.4</hdop>
                <extensions>
                    <osmand:speed>1.2</osmand:speed>
                </extensions>
            </trkpt>
            <trkpt lat="43.8551972" lon="19.7319029">
                <ele>703.6</ele>
                <time>2026-06-06T11:41:46Z</time>
                <hdop>7.3</hdop>
                <extensions>
                    <osmand:speed>1.3</osmand:speed>
                </extensions>
            </trkpt>
            <trkpt lat="43.8552918" lon="19.7319687">
                <ele>703.6</ele>
                <time>2026-06-06T11:41:56Z</time>
                <hdop>7.3</hdop>
                <extensions>
                    <osmand:speed>1.1</osmand:speed>
                </extensions>
            </trkpt>
            <trkpt lat="43.855378" lon="19.7320617">
                <ele>699.5</ele>
                <time>2026-06-06T11:42:06Z</time>
                <hdop>6.4</hdop>
                <extensions>
                    <osmand:speed>1.6</osmand:speed>
                </extensions>
            </trkpt>
            <trkpt lat="43.8554673" lon="19.7320886">
                <ele>699.9</ele>
                <time>2026-06-06T11:42:22Z</time>
                <hdop>8.5</hdop>
                <extensions>
                    <osmand:speed>1.3</osmand:speed>
                </extensions>
            </trkpt>
            <trkpt lat="43.8555662" lon="19.7321317">
                <ele>697.5</ele>
                <time>2026-06-06T11:42:32Z</time>
                <hdop>8.9</hdop>
                <extensions>
                    <osmand:speed>0.8</osmand:speed>
                </extensions>
            </trkpt>
            <trkpt lat="43.8556593" lon="19.7321499">
                <ele>694.5</ele>
                <time>2026-06-06T11:42:39Z</time>
                <hdop>8</hdop>
                <extensions>
                    <osmand:speed>1.1</osmand:speed>
                </extensions>
            </trkpt>
            <trkpt lat="43.8557358" lon="19.7322276">
                <ele>693.5</ele>
                <time>2026-06-06T11:42:49Z</time>
                <hdop>7</hdop>
                <extensions>
                    <osmand:speed>0.9</osmand:speed>
                </extensions>
            </trkpt>
            <trkpt lat="43.8558271" lon="19.7323074">
                <ele>692.4</ele>
                <time>2026-06-06T11:42:58Z</time>
                <hdop>6.6</hdop>
                <extensions>
                    <osmand:speed>1.1</osmand:speed>
                </extensions>
            </trkpt>
            <trkpt lat="43.8559273" lon="19.7323564">
                <ele>690.2</ele>
                <time>2026-06-06T11:43:10Z</time>
                <hdop>6.1</hdop>
                <extensions>
                    <osmand:speed>0.5</osmand:speed>
                </extensions>
            </trkpt>
            <trkpt lat="43.8560064" lon="19.7324183">
                <ele>687.9</ele>
                <time>2026-06-06T11:43:20Z</time>
                <hdop>6.4</hdop>
                <extensions>
                    <osmand:speed>0.7</osmand:speed>
                </extensions>
            </trkpt>
            <trkpt lat="43.8560872" lon="19.7325051">
                <ele>685.8</ele>
                <time>2026-06-06T11:43:29Z</time>
                <hdop>7.2</hdop>
                <extensions>
                    <osmand:speed>0.9</osmand:speed>
                </extensions>
            </trkpt>
            <trkpt lat="43.8561696" lon="19.7325843">
                <ele>684.9</ele>
                <time>2026-06-06T11:43:37Z</time>
                <hdop>8</hdop>
                <extensions>
                    <osmand:speed>0.6</osmand:speed>
                </extensions>
            </trkpt>
            <trkpt lat="43.8562161" lon="19.7326253">
                <ele>685.1</ele>
                <time>2026-06-06T11:43:43Z</time>
                <hdop>8.7</hdop>
                <extensions>
                    <osmand:speed>0.6</osmand:speed>
                </extensions>
            </trkpt>
            <trkpt lat="43.8562614" lon="19.7326883">
                <ele>682.5</ele>
                <time>2026-06-06T11:43:49Z</time>
                <hdop>8.5</hdop>
                <extensions>
                    <osmand:speed>1.4</osmand:speed>
                </extensions>
            </trkpt>
            <trkpt lat="43.8563565" lon="19.7327547">
                <ele>680.7</ele>
                <time>2026-06-06T11:43:59Z</time>
                <hdop>8.3</hdop>
                <extensions>
                    <osmand:speed>1.2</osmand:speed>
                </extensions>
            </trkpt>
            <trkpt lat="43.8564026" lon="19.7327751">
                <ele>680.9</ele>
                <time>2026-06-06T11:44:05Z</time>
                <hdop>9.2</hdop>
                <extensions>
                    <osmand:speed>0.8</osmand:speed>
                </extensions>
            </trkpt>
            <trkpt lat="43.8564933" lon="19.7327757">
                <ele>679.6</ele>
                <time>2026-06-06T11:44:14Z</time>
                <hdop>8.8</hdop>
                <extensions>
                    <osmand:speed>0.6</osmand:speed>
                </extensions>
            </trkpt>
            <trkpt lat="43.8565928" lon="19.7327873">
                <ele>677.6</ele>
                <time>2026-06-06T11:44:25Z</time>
                <hdop>8</hdop>
                <extensions>
                    <osmand:speed>0.4</osmand:speed>
                </extensions>
            </trkpt>
            <trkpt lat="43.8566397" lon="19.7328072">
                <ele>676.1</ele>
                <time>2026-06-06T11:44:31Z</time>
                <hdop>7.8</hdop>
                <extensions>
                    <osmand:speed>0.7</osmand:speed>
                </extensions>
            </trkpt>
            <trkpt lat="43.8566862" lon="19.7328023">
                <ele>673.7</ele>
                <time>2026-06-06T11:44:56Z</time>
                <hdop>9.2</hdop>
                <extensions>
                    <osmand:speed>0</osmand:speed>
                </extensions>
            </trkpt>
            <trkpt lat="43.856717" lon="19.7328478">
                <ele>673.4</ele>
                <time>2026-06-06T11:45:09Z</time>
                <hdop>9</hdop>
                <extensions>
                    <osmand:speed>0.1</osmand:speed>
                </extensions>
            </trkpt>
            <trkpt lat="43.8567361" lon="19.7329063">
                <ele>675.2</ele>
                <time>2026-06-06T11:45:18Z</time>
                <hdop>8.1</hdop>
                <extensions>
                    <osmand:speed>0.7</osmand:speed>
                </extensions>
            </trkpt>
            <trkpt lat="43.8567258" lon="19.7328822">
                <ele>675.3</ele>
                <time>2026-06-06T11:45:26Z</time>
                <hdop>9.4</hdop>
                <extensions>
                    <osmand:speed>0.1</osmand:speed>
                </extensions>
            </trkpt>
            <trkpt lat="43.8567027" lon="19.7328255">
                <ele>677.9</ele>
                <time>2026-06-06T11:45:32Z</time>
                <hdop>13.8</hdop>
                <extensions>
                    <osmand:speed>0.1</osmand:speed>
                </extensions>
            </trkpt>
            <trkpt lat="43.8567177" lon="19.7328006">
                <ele>680</ele>
                <time>2026-06-06T11:45:38Z</time>
                <hdop>15.9</hdop>
                <extensions>
                    <osmand:speed>0.3</osmand:speed>
                </extensions>
            </trkpt>
            <trkpt lat="43.8566857" lon="19.732864">
                <ele>681.2</ele>
                <time>2026-06-06T11:45:44Z</time>
                <hdop>15.9</hdop>
                <extensions>
                    <osmand:speed>1</osmand:speed>
                </extensions>
            </trkpt>
            <trkpt lat="43.85667" lon="19.7329482">
                <ele>680.8</ele>
                <time>2026-06-06T11:45:50Z</time>
                <hdop>14.1</hdop>
                <extensions>
                    <osmand:speed>0.3</osmand:speed>
                </extensions>
            </trkpt>
            <trkpt lat="43.8566638" lon="19.7329788">
                <ele>679.8</ele>
                <time>2026-06-06T11:45:56Z</time>
                <hdop>12.7</hdop>
                <extensions>
                    <osmand:speed>0.4</osmand:speed>
                </extensions>
            </trkpt>
            <trkpt lat="43.8566783" lon="19.7329334">
                <ele>678.9</ele>
                <time>2026-06-06T11:46:02Z</time>
                <hdop>13.4</hdop>
                <extensions>
                    <osmand:speed>0.3</osmand:speed>
                </extensions>
            </trkpt>
            <trkpt lat="43.8567517" lon="19.7329786">
                <ele>680.3</ele>
                <time>2026-06-06T11:46:08Z</time>
                <hdop>12.7</hdop>
                <extensions>
                    <osmand:speed>0.4</osmand:speed>
                </extensions>
            </trkpt>
            <trkpt lat="43.8567895" lon="19.7329455">
                <ele>681.1</ele>
                <time>2026-06-06T11:46:14Z</time>
                <hdop>11.8</hdop>
                <extensions>
                    <osmand:speed>0.6</osmand:speed>
                </extensions>
            </trkpt>
            <trkpt lat="43.8568756" lon="19.7329002">
                <ele>679.8</ele>
                <time>2026-06-06T11:46:20Z</time>
                <hdop>11.1</hdop>
                <extensions>
                    <osmand:speed>0.2</osmand:speed>
                </extensions>
            </trkpt>
            <trkpt lat="43.856921" lon="19.7329441">
                <ele>677.8</ele>
                <time>2026-06-06T11:46:26Z</time>
                <hdop>11.1</hdop>
                <extensions>
                    <osmand:speed>0.2</osmand:speed>
                </extensions>
            </trkpt>
            <trkpt lat="43.8569491" lon="19.7328826">
                <ele>676.2</ele>
                <time>2026-06-06T11:46:32Z</time>
                <hdop>10.2</hdop>
                <extensions>
                    <osmand:speed>0.3</osmand:speed>
                </extensions>
            </trkpt>
            <trkpt lat="43.8570157" lon="19.7328447">
                <ele>677.5</ele>
                <time>2026-06-06T11:46:38Z</time>
                <hdop>9.6</hdop>
                <extensions>
                    <osmand:speed>0.6</osmand:speed>
                </extensions>
            </trkpt>
            <trkpt lat="43.8570362" lon="19.7328445">
                <ele>678.9</ele>
                <time>2026-06-06T11:46:44Z</time>
                <hdop>9.2</hdop>
                <extensions>
                    <osmand:speed>0.5</osmand:speed>
                </extensions>
            </trkpt>
            <trkpt lat="43.857041" lon="19.7328153">
                <ele>681.2</ele>
                <time>2026-06-06T11:46:50Z</time>
                <hdop>8.5</hdop>
                <extensions>
                    <osmand:speed>0.3</osmand:speed>
                </extensions>
            </trkpt>
            <trkpt lat="43.8570612" lon="19.7328009">
                <ele>684.2</ele>
                <time>2026-06-06T11:46:56Z</time>
                <hdop>8.2</hdop>
                <extensions>
                    <osmand:speed>0.7</osmand:speed>
                </extensions>
            </trkpt>
            <trkpt lat="43.8570534" lon="19.7327178">
                <ele>682.1</ele>
                <time>2026-06-06T11:47:18Z</time>
                <hdop>8.6</hdop>
            </trkpt>
            <trkpt lat="43.8570526" lon="19.7326555">
                <ele>682.7</ele>
                <time>2026-06-06T11:48:01Z</time>
                <hdop>20.2</hdop>
            </trkpt>
            <trkpt lat="43.8570741" lon="19.7326696">
                <ele>683.4</ele>
                <time>2026-06-06T11:48:20Z</time>
                <hdop>3.5</hdop>
            </trkpt>
            <trkpt lat="43.857098" lon="19.7326983">
                <ele>684</ele>
                <time>2026-06-06T11:48:38Z</time>
                <hdop>14.8</hdop>
                <extensions>
                    <osmand:speed>0.2</osmand:speed>
                </extensions>
            </trkpt>
            <trkpt lat="43.8571102" lon="19.7326382">
                <ele>682.2</ele>
                <time>2026-06-06T11:51:00Z</time>
                <hdop>15.2</hdop>
                <extensions>
                    <osmand:speed>0</osmand:speed>
                </extensions>
            </trkpt>
            <trkpt lat="43.8571175" lon="19.7326997">
                <ele>681.1</ele>
                <time>2026-06-06T11:51:33Z</time>
                <hdop>16.1</hdop>
                <extensions>
                    <osmand:speed>0.6</osmand:speed>
                </extensions>
            </trkpt>
            <trkpt lat="43.8570726" lon="19.7326859">
                <ele>680.3</ele>
                <time>2026-06-06T11:51:48Z</time>
                <hdop>18.3</hdop>
                <extensions>
                    <osmand:speed>0.5</osmand:speed>
                </extensions>
            </trkpt>
            <trkpt lat="43.8571303" lon="19.7325543">
                <ele>682.9</ele>
                <time>2026-06-06T11:52:29Z</time>
                <hdop>21.5</hdop>
                <extensions>
                    <osmand:speed>0.1</osmand:speed>
                </extensions>
            </trkpt>
            <trkpt lat="43.8571154" lon="19.7326147">
                <ele>683.9</ele>
                <time>2026-06-06T11:52:51Z</time>
                <hdop>21.8</hdop>
            </trkpt>
            <trkpt lat="43.8571121" lon="19.7326038">
                <ele>688.3</ele>
                <time>2026-06-06T11:53:15Z</time>
                <hdop>13.4</hdop>
                <extensions>
                    <osmand:speed>0.2</osmand:speed>
                </extensions>
            </trkpt>
            <trkpt lat="43.8570852" lon="19.7326704">
                <ele>695.8</ele>
                <time>2026-06-06T11:55:11Z</time>
                <hdop>14.9</hdop>
                <extensions>
                    <osmand:speed>0</osmand:speed>
                </extensions>
            </trkpt>
            <trkpt lat="43.8571289" lon="19.7326356">
                <ele>697.8</ele>
                <time>2026-06-06T11:55:50Z</time>
                <hdop>17.1</hdop>
                <extensions>
                    <osmand:speed>1.7</osmand:speed>
                </extensions>
            </trkpt>
            <trkpt lat="43.8571125" lon="19.7325696">
                <ele>697.1</ele>
                <time>2026-06-06T11:56:03Z</time>
                <hdop>16.7</hdop>
                <extensions>
                    <osmand:speed>0.1</osmand:speed>
                </extensions>
            </trkpt>
            <trkpt lat="43.857161" lon="19.7325801">
                <ele>696.7</ele>
                <time>2026-06-06T11:56:25Z</time>
                <hdop>18.2</hdop>
                <extensions>
                    <osmand:speed>0.8</osmand:speed>
                </extensions>
            </trkpt>
            <trkpt lat="43.8571277" lon="19.7326174">
                <ele>696.7</ele>
                <time>2026-06-06T11:56:31Z</time>
                <hdop>12.2</hdop>
                <extensions>
                    <osmand:speed>0</osmand:speed>
                </extensions>
            </trkpt>
        </trkseg>
        <trkseg>
            <trkpt lat="43.8570568" lon="19.7326743">
                <ele>693.6</ele>
                <time>2026-06-06T11:58:23Z</time>
                <hdop>9.1</hdop>
            </trkpt>
            <trkpt lat="43.8570306" lon="19.7326212">
                <ele>688.9</ele>
                <time>2026-06-06T11:58:37Z</time>
                <hdop>13.5</hdop>
                <extensions>
                    <osmand:speed>0.5</osmand:speed>
                </extensions>
            </trkpt>
            <trkpt lat="43.8570708" lon="19.7326493">
                <ele>690.2</ele>
                <time>2026-06-06T11:58:46Z</time>
                <hdop>14.7</hdop>
                <extensions>
                    <osmand:speed>0.3</osmand:speed>
                </extensions>
            </trkpt>
            <trkpt lat="43.8570559" lon="19.7327158">
                <ele>690.9</ele>
                <time>2026-06-06T11:58:58Z</time>
                <hdop>12.4</hdop>
                <extensions>
                    <osmand:speed>1.5</osmand:speed>
                </extensions>
            </trkpt>
            <trkpt lat="43.8570975" lon="19.7327424">
                <ele>693.3</ele>
                <time>2026-06-06T11:59:08Z</time>
                <hdop>11.8</hdop>
                <extensions>
                    <osmand:speed>0</osmand:speed>
                </extensions>
            </trkpt>
            <trkpt lat="43.8571035" lon="19.7326763">
                <ele>697.6</ele>
                <time>2026-06-06T11:59:31Z</time>
                <hdop>9.7</hdop>
                <extensions>
                    <osmand:speed>0.1</osmand:speed>
                </extensions>
            </trkpt>
            <trkpt lat="43.8570918" lon="19.7325959">
                <ele>697.5</ele>
                <time>2026-06-06T11:59:56Z</time>
                <hdop>12.6</hdop>
                <extensions>
                    <osmand:speed>1</osmand:speed>
                </extensions>
            </trkpt>
            <trkpt lat="43.8571659" lon="19.7325703">
                <ele>696.9</ele>
                <time>2026-06-06T12:00:13Z</time>
                <hdop>17.4</hdop>
                <extensions>
                    <osmand:speed>1</osmand:speed>
                </extensions>
            </trkpt>
            <trkpt lat="43.8571836" lon="19.732638">
                <ele>700.5</ele>
                <time>2026-06-06T12:00:22Z</time>
                <hdop>16.8</hdop>
                <extensions>
                    <osmand:speed>0.4</osmand:speed>
                </extensions>
            </trkpt>
            <trkpt lat="43.8571858" lon="19.7326422">
                <ele>702.7</ele>
                <time>2026-06-06T12:00:49Z</time>
                <hdop>22.4</hdop>
                <extensions>
                    <osmand:speed>0.3</osmand:speed>
                </extensions>
            </trkpt>
            <trkpt lat="43.8571795" lon="19.7326383">
                <ele>697.4</ele>
                <time>2026-06-06T12:01:08Z</time>
                <hdop>10</hdop>
            </trkpt>
        </trkseg>
        <trkseg>
            <trkpt lat="43.8571527" lon="19.7326365">
                <ele>710.6</ele>
                <time>2026-06-06T12:16:37Z</time>
                <hdop>7.6</hdop>
            </trkpt>
            <trkpt lat="43.8570541" lon="19.7326275">
                <ele>711.9</ele>
                <time>2026-06-06T12:16:53Z</time>
                <hdop>6.1</hdop>
                <extensions>
                    <osmand:speed>0.8</osmand:speed>
                </extensions>
            </trkpt>
            <trkpt lat="43.8570995" lon="19.7326397">
                <ele>707.7</ele>
                <time>2026-06-06T12:17:09Z</time>
                <hdop>8.9</hdop>
                <extensions>
                    <osmand:speed>0.2</osmand:speed>
                </extensions>
            </trkpt>
            <trkpt lat="43.8571469" lon="19.7326906">
                <ele>701.4</ele>
                <time>2026-06-06T12:17:15Z</time>
                <hdop>8.7</hdop>
                <extensions>
                    <osmand:speed>0.5</osmand:speed>
                </extensions>
            </trkpt>
            <trkpt lat="43.8571362" lon="19.7327516">
                <ele>699.7</ele>
                <time>2026-06-06T12:17:27Z</time>
                <hdop>13.8</hdop>
                <extensions>
                    <osmand:speed>0.4</osmand:speed>
                </extensions>
            </trkpt>
            <trkpt lat="43.8571078" lon="19.7328005">
                <ele>697.3</ele>
                <time>2026-06-06T12:17:40Z</time>
                <hdop>16.3</hdop>
                <extensions>
                    <osmand:speed>0.3</osmand:speed>
                </extensions>
            </trkpt>
            <trkpt lat="43.8570614" lon="19.7327768">
                <ele>696.3</ele>
                <time>2026-06-06T12:17:51Z</time>
                <hdop>16.8</hdop>
                <extensions>
                    <osmand:speed>0.1</osmand:speed>
                </extensions>
            </trkpt>
            <trkpt lat="43.8570597" lon="19.7327747">
                <ele>690.5</ele>
                <time>2026-06-06T12:18:17Z</time>
                <hdop>11.7</hdop>
                <extensions>
                    <osmand:speed>0.7</osmand:speed>
                </extensions>
            </trkpt>
            <trkpt lat="43.8570506" lon="19.7328435">
                <ele>694.4</ele>
                <time>2026-06-06T12:19:02Z</time>
                <hdop>24.5</hdop>
                <extensions>
                    <osmand:speed>0.1</osmand:speed>
                </extensions>
            </trkpt>
            <trkpt lat="43.8570343" lon="19.7327038">
                <ele>692.7</ele>
                <time>2026-06-06T12:19:13Z</time>
                <hdop>25</hdop>
                <extensions>
                    <osmand:speed>0.6</osmand:speed>
                </extensions>
            </trkpt>
            <trkpt lat="43.8570253" lon="19.7327447">
                <ele>695</ele>
                <time>2026-06-06T12:19:19Z</time>
                <hdop>22.2</hdop>
                <extensions>
                    <osmand:speed>0.1</osmand:speed>
                </extensions>
            </trkpt>
            <trkpt lat="43.8570716" lon="19.7327176">
                <ele>693.1</ele>
                <time>2026-06-06T12:19:48Z</time>
                <hdop>16.4</hdop>
                <extensions>
                    <osmand:speed>0</osmand:speed>
                </extensions>
            </trkpt>
            <trkpt lat="43.8570315" lon="19.7327609">
                <ele>692.1</ele>
                <time>2026-06-06T12:20:03Z</time>
                <hdop>17.2</hdop>
                <extensions>
                    <osmand:speed>0</osmand:speed>
                </extensions>
            </trkpt>
            <trkpt lat="43.8569942" lon="19.7327237">
                <ele>689.6</ele>
                <time>2026-06-06T12:20:23Z</time>
                <hdop>20.2</hdop>
                <extensions>
                    <osmand:speed>0.6</osmand:speed>
                </extensions>
            </trkpt>
            <trkpt lat="43.8570305" lon="19.7326866">
                <ele>692.7</ele>
                <time>2026-06-06T12:20:38Z</time>
                <hdop>17.1</hdop>
                <extensions>
                    <osmand:speed>0.1</osmand:speed>
                </extensions>
            </trkpt>
            <trkpt lat="43.8570262" lon="19.7327527">
                <ele>690.7</ele>
                <time>2026-06-06T12:21:14Z</time>
                <hdop>16.5</hdop>
                <extensions>
                    <osmand:speed>0.2</osmand:speed>
                </extensions>
            </trkpt>
            <trkpt lat="43.8570487" lon="19.7326914">
                <ele>688.9</ele>
                <time>2026-06-06T12:25:04Z</time>
                <hdop>22.6</hdop>
                <extensions>
                    <osmand:speed>0.1</osmand:speed>
                </extensions>
            </trkpt>
            <trkpt lat="43.8570833" lon="19.7327317">
                <ele>686.5</ele>
                <time>2026-06-06T12:25:28Z</time>
                <hdop>22.3</hdop>
                <extensions>
                    <osmand:speed>0.5</osmand:speed>
                </extensions>
            </trkpt>
            <trkpt lat="43.8570954" lon="19.7326706">
                <ele>687.4</ele>
                <time>2026-06-06T12:25:39Z</time>
                <hdop>22.3</hdop>
                <extensions>
                    <osmand:speed>0.2</osmand:speed>
                </extensions>
            </trkpt>
            <trkpt lat="43.8570969" lon="19.7326859">
                <ele>686.9</ele>
                <time>2026-06-06T12:26:32Z</time>
                <hdop>17.3</hdop>
            </trkpt>
            <trkpt lat="43.8570558" lon="19.7326361">
                <ele>692.6</ele>
                <time>2026-06-06T12:26:55Z</time>
                <hdop>17.8</hdop>
                <extensions>
                    <osmand:speed>0.8</osmand:speed>
                </extensions>
            </trkpt>
            <trkpt lat="43.8570796" lon="19.7326964">
                <ele>689.4</ele>
                <time>2026-06-06T12:27:20Z</time>
                <hdop>16.4</hdop>
                <extensions>
                    <osmand:speed>0.4</osmand:speed>
                </extensions>
            </trkpt>
            <trkpt lat="43.8570406" lon="19.7327284">
                <ele>688</ele>
                <time>2026-06-06T12:27:42Z</time>
                <hdop>18.1</hdop>
                <extensions>
                    <osmand:speed>0.2</osmand:speed>
                </extensions>
            </trkpt>
            <trkpt lat="43.8570594" lon="19.732665">
                <ele>685.7</ele>
                <time>2026-06-06T12:28:03Z</time>
                <hdop>16.6</hdop>
                <extensions>
                    <osmand:speed>0.9</osmand:speed>
                </extensions>
            </trkpt>
            <trkpt lat="43.8570601" lon="19.7325993">
                <ele>684.7</ele>
                <time>2026-06-06T12:28:10Z</time>
                <hdop>15.5</hdop>
                <extensions>
                    <osmand:speed>0.5</osmand:speed>
                </extensions>
            </trkpt>
            <trkpt lat="43.8571061" lon="19.7325985">
                <ele>686.5</ele>
                <time>2026-06-06T12:28:42Z</time>
                <hdop>14.2</hdop>
            </trkpt>
            <trkpt lat="43.8570905" lon="19.7326019">
                <ele>694.4</ele>
                <time>2026-06-06T12:30:55Z</time>
                <hdop>21.3</hdop>
            </trkpt>
            <trkpt lat="43.8571097" lon="19.7326069">
                <ele>695</ele>
                <time>2026-06-06T12:31:01Z</time>
                <hdop>19.7</hdop>
            </trkpt>
            <trkpt lat="43.8571107" lon="19.7325958">
                <ele>692.7</ele>
                <time>2026-06-06T12:31:07Z</time>
                <hdop>17.8</hdop>
                <extensions>
                    <osmand:speed>0</osmand:speed>
                </extensions>
            </trkpt>
            <trkpt lat="43.8571117" lon="19.7325885">
                <ele>692.3</ele>
                <time>2026-06-06T12:31:13Z</time>
                <hdop>18.3</hdop>
            </trkpt>
            <trkpt lat="43.8571275" lon="19.7326043">
                <ele>691.9</ele>
                <time>2026-06-06T12:31:19Z</time>
                <hdop>17.7</hdop>
                <extensions>
                    <osmand:speed>0</osmand:speed>
                </extensions>
            </trkpt>
            <trkpt lat="43.8571234" lon="19.7326078">
                <ele>692.4</ele>
                <time>2026-06-06T12:31:25Z</time>
                <hdop>17.4</hdop>
            </trkpt>
            <trkpt lat="43.8571219" lon="19.7326153">
                <ele>693.3</ele>
                <time>2026-06-06T12:31:31Z</time>
                <hdop>18</hdop>
            </trkpt>
            <trkpt lat="43.8571209" lon="19.7326005">
                <ele>695.1</ele>
                <time>2026-06-06T12:31:37Z</time>
                <hdop>18.9</hdop>
                <extensions>
                    <osmand:speed>0.3</osmand:speed>
                </extensions>
            </trkpt>
            <trkpt lat="43.8571262" lon="19.7326694">
                <ele>691.3</ele>
                <time>2026-06-06T12:31:43Z</time>
                <hdop>19.4</hdop>
                <extensions>
                    <osmand:speed>0.4</osmand:speed>
                </extensions>
            </trkpt>
            <trkpt lat="43.8571014" lon="19.7326805">
                <ele>689.1</ele>
                <time>2026-06-06T12:31:49Z</time>
                <hdop>19.1</hdop>
                <extensions>
                    <osmand:speed>0.2</osmand:speed>
                </extensions>
            </trkpt>
            <trkpt lat="43.8570998" lon="19.7327325">
                <ele>687.9</ele>
                <time>2026-06-06T12:31:55Z</time>
                <hdop>17.9</hdop>
                <extensions>
                    <osmand:speed>0.2</osmand:speed>
                </extensions>
            </trkpt>
            <trkpt lat="43.8570905" lon="19.7327471">
                <ele>688.3</ele>
                <time>2026-06-06T12:32:01Z</time>
                <hdop>17.3</hdop>
                <extensions>
                    <osmand:speed>0.3</osmand:speed>
                </extensions>
            </trkpt>
            <trkpt lat="43.8570705" lon="19.7327286">
                <ele>689</ele>
                <time>2026-06-06T12:32:07Z</time>
                <hdop>17.9</hdop>
                <extensions>
                    <osmand:speed>0.1</osmand:speed>
                </extensions>
            </trkpt>
            <trkpt lat="43.8570713" lon="19.7327164">
                <ele>690.2</ele>
                <time>2026-06-06T12:32:13Z</time>
                <hdop>18.2</hdop>
            </trkpt>
            <trkpt lat="43.857074" lon="19.7327134">
                <ele>690.1</ele>
                <time>2026-06-06T12:32:19Z</time>
                <hdop>18.1</hdop>
            </trkpt>
            <trkpt lat="43.857095" lon="19.7326902">
                <ele>688.1</ele>
                <time>2026-06-06T12:32:25Z</time>
                <hdop>20.1</hdop>
            </trkpt>
            <trkpt lat="43.8570931" lon="19.7327066">
                <ele>689.4</ele>
                <time>2026-06-06T12:32:31Z</time>
                <hdop>18.8</hdop>
                <extensions>
                    <osmand:speed>0</osmand:speed>
                </extensions>
            </trkpt>
            <trkpt lat="43.8570947" lon="19.7327173">
                <ele>691.5</ele>
                <time>2026-06-06T12:32:37Z</time>
                <hdop>18.1</hdop>
                <extensions>
                    <osmand:speed>0</osmand:speed>
                </extensions>
            </trkpt>
            <trkpt lat="43.857094" lon="19.7327297">
                <ele>691.5</ele>
                <time>2026-06-06T12:32:43Z</time>
                <hdop>17</hdop>
            </trkpt>
            <trkpt lat="43.8570842" lon="19.7327365">
                <ele>691</ele>
                <time>2026-06-06T12:32:49Z</time>
                <hdop>17.4</hdop>
                <extensions>
                    <osmand:speed>0.1</osmand:speed>
                </extensions>
            </trkpt>
            <trkpt lat="43.8570848" lon="19.7327414">
                <ele>690.2</ele>
                <time>2026-06-06T12:32:55Z</time>
                <hdop>16.3</hdop>
            </trkpt>
            <trkpt lat="43.8570839" lon="19.7327602">
                <ele>690.3</ele>
                <time>2026-06-06T12:33:01Z</time>
                <hdop>16.1</hdop>
            </trkpt>
            <trkpt lat="43.8570919" lon="19.7327787">
                <ele>689.3</ele>
                <time>2026-06-06T12:33:07Z</time>
                <hdop>17.5</hdop>
            </trkpt>
            <trkpt lat="43.8570971" lon="19.7327783">
                <ele>689</ele>
                <time>2026-06-06T12:33:13Z</time>
                <hdop>16.6</hdop>
            </trkpt>
            <trkpt lat="43.8571018" lon="19.7327777">
                <ele>687.5</ele>
                <time>2026-06-06T12:33:19Z</time>
                <hdop>17.1</hdop>
                <extensions>
                    <osmand:speed>0</osmand:speed>
                </extensions>
            </trkpt>
            <trkpt lat="43.8570999" lon="19.7327769">
                <ele>689.1</ele>
                <time>2026-06-06T12:33:25Z</time>
                <hdop>17.9</hdop>
                <extensions>
                    <osmand:speed>0</osmand:speed>
                </extensions>
            </trkpt>
            <trkpt lat="43.8570881" lon="19.7327754">
                <ele>691</ele>
                <time>2026-06-06T12:33:31Z</time>
                <hdop>17.9</hdop>
                <extensions>
                    <osmand:speed>0</osmand:speed>
                </extensions>
            </trkpt>
            <trkpt lat="43.8570823" lon="19.7327572">
                <ele>692.8</ele>
                <time>2026-06-06T12:33:37Z</time>
                <hdop>19</hdop>
            </trkpt>
            <trkpt lat="43.8570813" lon="19.7327381">
                <ele>693.1</ele>
                <time>2026-06-06T12:33:43Z</time>
                <hdop>19.5</hdop>
                <extensions>
                    <osmand:speed>0</osmand:speed>
                </extensions>
            </trkpt>
            <trkpt lat="43.8570863" lon="19.732762">
                <ele>693</ele>
                <time>2026-06-06T12:33:49Z</time>
                <hdop>18</hdop>
            </trkpt>
            <trkpt lat="43.8570826" lon="19.7327477">
                <ele>691.7</ele>
                <time>2026-06-06T12:33:55Z</time>
                <hdop>17.3</hdop>
            </trkpt>
            <trkpt lat="43.857083" lon="19.7327377">
                <ele>690.9</ele>
                <time>2026-06-06T12:34:01Z</time>
                <hdop>19.9</hdop>
            </trkpt>
            <trkpt lat="43.8570973" lon="19.7327532">
                <ele>690.1</ele>
                <time>2026-06-06T12:34:07Z</time>
                <hdop>22.3</hdop>
            </trkpt>
            <trkpt lat="43.8571004" lon="19.7327803">
                <ele>689.4</ele>
                <time>2026-06-06T12:34:13Z</time>
                <hdop>20.9</hdop>
                <extensions>
                    <osmand:speed>0</osmand:speed>
                </extensions>
            </trkpt>
            <trkpt lat="43.8570961" lon="19.7327512">
                <ele>687.8</ele>
                <time>2026-06-06T12:34:19Z</time>
                <hdop>19.7</hdop>
                <extensions>
                    <osmand:speed>0.1</osmand:speed>
                </extensions>
            </trkpt>
            <trkpt lat="43.8570861" lon="19.7327423">
                <ele>687.6</ele>
                <time>2026-06-06T12:34:25Z</time>
                <hdop>21.8</hdop>
            </trkpt>
            <trkpt lat="43.8570861" lon="19.7327423">
                <ele>687.6</ele>
                <time>2026-06-06T12:34:31Z</time>
                <hdop>22.5</hdop>
            </trkpt>
            <trkpt lat="43.8570771" lon="19.7327025">
                <ele>687.2</ele>
                <time>2026-06-06T12:34:37Z</time>
                <hdop>24.7</hdop>
            </trkpt>
            <trkpt lat="43.8570863" lon="19.7326838">
                <ele>686.9</ele>
                <time>2026-06-06T12:34:43Z</time>
                <hdop>27.8</hdop>
            </trkpt>
            <trkpt lat="43.8570737" lon="19.7326717">
                <ele>686.7</ele>
                <time>2026-06-06T12:34:49Z</time>
                <hdop>27.2</hdop>
                <extensions>
                    <osmand:speed>0</osmand:speed>
                </extensions>
            </trkpt>
            <trkpt lat="43.8570647" lon="19.7326784">
                <ele>685.9</ele>
                <time>2026-06-06T12:34:55Z</time>
                <hdop>28.5</hdop>
            </trkpt>
            <trkpt lat="43.8570934" lon="19.732692">
                <ele>681.8</ele>
                <time>2026-06-06T12:35:01Z</time>
                <hdop>28.8</hdop>
                <extensions>
                    <osmand:speed>0</osmand:speed>
                </extensions>
            </trkpt>
            <trkpt lat="43.8570819" lon="19.7326936">
                <ele>682</ele>
                <time>2026-06-06T12:35:07Z</time>
                <hdop>26.2</hdop>
            </trkpt>
            <trkpt lat="43.8570784" lon="19.7327113">
                <ele>683.5</ele>
                <time>2026-06-06T12:35:13Z</time>
                <hdop>27.6</hdop>
            </trkpt>
            <trkpt lat="43.8570483" lon="19.732715">
                <ele>686.6</ele>
                <time>2026-06-06T12:35:19Z</time>
                <hdop>29</hdop>
            </trkpt>
            <trkpt lat="43.8570376" lon="19.7327107">
                <ele>687.5</ele>
                <time>2026-06-06T12:35:25Z</time>
                <hdop>25.4</hdop>
            </trkpt>
            <trkpt lat="43.8570578" lon="19.732722">
                <ele>687.2</ele>
                <time>2026-06-06T12:35:31Z</time>
                <hdop>23.9</hdop>
            </trkpt>
            <trkpt lat="43.8570315" lon="19.7327514">
                <ele>687.3</ele>
                <time>2026-06-06T12:35:37Z</time>
                <hdop>24.3</hdop>
            </trkpt>
            <trkpt lat="43.857084" lon="19.7327307">
                <ele>686.9</ele>
                <time>2026-06-06T12:35:43Z</time>
                <hdop>27</hdop>
                <extensions>
                    <osmand:speed>0.3</osmand:speed>
                </extensions>
            </trkpt>
            <trkpt lat="43.8570321" lon="19.7327185">
                <ele>687.1</ele>
                <time>2026-06-06T12:36:15Z</time>
                <hdop>23</hdop>
            </trkpt>
            <trkpt lat="43.8570981" lon="19.7327207">
                <ele>688.5</ele>
                <time>2026-06-06T12:36:31Z</time>
                <hdop>19.1</hdop>
                <extensions>
                    <osmand:speed>0.1</osmand:speed>
                </extensions>
            </trkpt>
            <trkpt lat="43.8570502" lon="19.7327153">
                <ele>687.3</ele>
                <time>2026-06-06T12:38:07Z</time>
                <hdop>24.6</hdop>
                <extensions>
                    <osmand:speed>0</osmand:speed>
                </extensions>
            </trkpt>
            <trkpt lat="43.8570445" lon="19.7327073">
                <ele>689.4</ele>
                <time>2026-06-06T12:38:41Z</time>
                <hdop>19.2</hdop>
                <extensions>
                    <osmand:speed>0</osmand:speed>
                </extensions>
            </trkpt>
            <trkpt lat="43.857091" lon="19.7327038">
                <ele>684.7</ele>
                <time>2026-06-06T12:39:04Z</time>
                <hdop>18.4</hdop>
                <extensions>
                    <osmand:speed>0.5</osmand:speed>
                </extensions>
            </trkpt>
            <trkpt lat="43.8570653" lon="19.7327572">
                <ele>686.8</ele>
                <time>2026-06-06T12:39:25Z</time>
                <hdop>14.1</hdop>
                <extensions>
                    <osmand:speed>0.3</osmand:speed>
                </extensions>
            </trkpt>
            <trkpt lat="43.8570349" lon="19.7326925">
                <ele>688.1</ele>
                <time>2026-06-06T12:39:56Z</time>
                <hdop>24.4</hdop>
                <extensions>
                    <osmand:speed>0.5</osmand:speed>
                </extensions>
            </trkpt>
            <trkpt lat="43.8569882" lon="19.7327399">
                <ele>689.1</ele>
                <time>2026-06-06T12:40:15Z</time>
                <hdop>30.7</hdop>
                <extensions>
                    <osmand:speed>1</osmand:speed>
                </extensions>
            </trkpt>
            <trkpt lat="43.8570513" lon="19.7327785">
                <ele>685.1</ele>
                <time>2026-06-06T12:40:31Z</time>
                <hdop>25.2</hdop>
            </trkpt>
            <trkpt lat="43.8570168" lon="19.7328273">
                <ele>685.2</ele>
                <time>2026-06-06T12:40:58Z</time>
                <hdop>24.2</hdop>
                <extensions>
                    <osmand:speed>0.1</osmand:speed>
                </extensions>
            </trkpt>
            <trkpt lat="43.8569776" lon="19.7328608">
                <ele>686.1</ele>
                <time>2026-06-06T12:41:04Z</time>
                <hdop>23</hdop>
                <extensions>
                    <osmand:speed>0.3</osmand:speed>
                </extensions>
            </trkpt>
            <trkpt lat="43.8569269" lon="19.7328332">
                <ele>685.1</ele>
                <time>2026-06-06T12:41:14Z</time>
                <hdop>18.3</hdop>
                <extensions>
                    <osmand:speed>0.7</osmand:speed>
                </extensions>
            </trkpt>
            <trkpt lat="43.8568477" lon="19.7328426">
                <ele>683</ele>
                <time>2026-06-06T12:41:26Z</time>
                <hdop>15.2</hdop>
                <extensions>
                    <osmand:speed>1.1</osmand:speed>
                </extensions>
            </trkpt>
            <trkpt lat="43.8567495" lon="19.7328961">
                <ele>681.8</ele>
                <time>2026-06-06T12:41:37Z</time>
                <hdop>13.6</hdop>
                <extensions>
                    <osmand:speed>0.9</osmand:speed>
                </extensions>
            </trkpt>
            <trkpt lat="43.8567193" lon="19.7328355">
                <ele>677.8</ele>
                <time>2026-06-06T12:41:50Z</time>
                <hdop>15.2</hdop>
                <extensions>
                    <osmand:speed>1.4</osmand:speed>
                </extensions>
            </trkpt>
            <trkpt lat="43.8566827" lon="19.7327947">
                <ele>670.6</ele>
                <time>2026-06-06T12:42:17Z</time>
                <hdop>19.9</hdop>
                <extensions>
                    <osmand:speed>0.4</osmand:speed>
                </extensions>
            </trkpt>
            <trkpt lat="43.8566728" lon="19.732811">
                <ele>673.8</ele>
                <time>2026-06-06T12:42:37Z</time>
                <hdop>20.6</hdop>
                <extensions>
                    <osmand:speed>0.6</osmand:speed>
                </extensions>
            </trkpt>
            <trkpt lat="43.8566309" lon="19.73289">
                <ele>677</ele>
                <time>2026-06-06T12:42:51Z</time>
                <hdop>19.7</hdop>
                <extensions>
                    <osmand:speed>0.3</osmand:speed>
                </extensions>
            </trkpt>
            <trkpt lat="43.8565832" lon="19.7329118">
                <ele>676</ele>
                <time>2026-06-06T12:43:02Z</time>
                <hdop>23.1</hdop>
                <extensions>
                    <osmand:speed>0.1</osmand:speed>
                </extensions>
            </trkpt>
            <trkpt lat="43.8565828" lon="19.7328394">
                <ele>671.3</ele>
                <time>2026-06-06T12:43:31Z</time>
                <hdop>25.2</hdop>
                <extensions>
                    <osmand:speed>0.5</osmand:speed>
                </extensions>
            </trkpt>
            <trkpt lat="43.8565094" lon="19.7327476">
                <ele>672.7</ele>
                <time>2026-06-06T12:43:37Z</time>
                <hdop>23.4</hdop>
                <extensions>
                    <osmand:speed>1.3</osmand:speed>
                </extensions>
            </trkpt>
            <trkpt lat="43.8564603" lon="19.7327312">
                <ele>675</ele>
                <time>2026-06-06T12:43:45Z</time>
                <hdop>26.4</hdop>
            </trkpt>
            <trkpt lat="43.8565012" lon="19.7327598">
                <ele>674.2</ele>
                <time>2026-06-06T12:43:51Z</time>
                <hdop>27.1</hdop>
                <extensions>
                    <osmand:speed>0.1</osmand:speed>
                </extensions>
            </trkpt>
            <trkpt lat="43.8563905" lon="19.7327143">
                <ele>676.7</ele>
                <time>2026-06-06T12:44:01Z</time>
                <hdop>26.1</hdop>
                <extensions>
                    <osmand:speed>1.2</osmand:speed>
                </extensions>
            </trkpt>
            <trkpt lat="43.8563215" lon="19.7325949">
                <ele>677.7</ele>
                <time>2026-06-06T12:44:08Z</time>
                <hdop>25.8</hdop>
                <extensions>
                    <osmand:speed>1</osmand:speed>
                </extensions>
            </trkpt>
            <trkpt lat="43.8562243" lon="19.7326219">
                <ele>681.4</ele>
                <time>2026-06-06T12:44:17Z</time>
                <hdop>24.3</hdop>
                <extensions>
                    <osmand:speed>0.4</osmand:speed>
                </extensions>
            </trkpt>
            <trkpt lat="43.8561339" lon="19.7325348">
                <ele>686.6</ele>
                <time>2026-06-06T12:44:29Z</time>
                <hdop>23.1</hdop>
                <extensions>
                    <osmand:speed>0.8</osmand:speed>
                </extensions>
            </trkpt>
            <trkpt lat="43.8560789" lon="19.7324346">
                <ele>690.2</ele>
                <time>2026-06-06T12:44:39Z</time>
                <hdop>23.4</hdop>
                <extensions>
                    <osmand:speed>0.4</osmand:speed>
                </extensions>
            </trkpt>
            <trkpt lat="43.8560538" lon="19.7323773">
                <ele>690.3</ele>
                <time>2026-06-06T12:44:46Z</time>
                <hdop>22.5</hdop>
                <extensions>
                    <osmand:speed>0.8</osmand:speed>
                </extensions>
            </trkpt>
            <trkpt lat="43.8560403" lon="19.7322412">
                <ele>690.5</ele>
                <time>2026-06-06T12:44:57Z</time>
                <hdop>25.3</hdop>
                <extensions>
                    <osmand:speed>0.1</osmand:speed>
                </extensions>
            </trkpt>
            <trkpt lat="43.8559746" lon="19.7323121">
                <ele>690</ele>
                <time>2026-06-06T12:45:05Z</time>
                <hdop>26.1</hdop>
                <extensions>
                    <osmand:speed>0.3</osmand:speed>
                </extensions>
            </trkpt>
            <trkpt lat="43.8558846" lon="19.7322539">
                <ele>690.2</ele>
                <time>2026-06-06T12:45:14Z</time>
                <hdop>23.1</hdop>
                <extensions>
                    <osmand:speed>0.7</osmand:speed>
                </extensions>
            </trkpt>
            <trkpt lat="43.8557986" lon="19.7322192">
                <ele>690.5</ele>
                <time>2026-06-06T12:45:23Z</time>
                <hdop>18.9</hdop>
                <extensions>
                    <osmand:speed>1.3</osmand:speed>
                </extensions>
            </trkpt>
            <trkpt lat="43.8556803" lon="19.7321654">
                <ele>692.1</ele>
                <time>2026-06-06T12:45:34Z</time>
                <hdop>14.7</hdop>
                <extensions>
                    <osmand:speed>1.3</osmand:speed>
                </extensions>
            </trkpt>
            <trkpt lat="43.8555977" lon="19.7320801">
                <ele>693.1</ele>
                <time>2026-06-06T12:45:43Z</time>
                <hdop>13.6</hdop>
                <extensions>
                    <osmand:speed>1.1</osmand:speed>
                </extensions>
            </trkpt>
            <trkpt lat="43.8554857" lon="19.7320275">
                <ele>696.8</ele>
                <time>2026-06-06T12:45:53Z</time>
                <hdop>15.9</hdop>
                <extensions>
                    <osmand:speed>1.3</osmand:speed>
                </extensions>
            </trkpt>
            <trkpt lat="43.8553905" lon="19.7319577">
                <ele>696.1</ele>
                <time>2026-06-06T12:46:01Z</time>
                <hdop>15.4</hdop>
                <extensions>
                    <osmand:speed>1.3</osmand:speed>
                </extensions>
            </trkpt>
            <trkpt lat="43.8553003" lon="19.7318707">
                <ele>698</ele>
                <time>2026-06-06T12:46:09Z</time>
                <hdop>13.8</hdop>
                <extensions>
                    <osmand:speed>1.1</osmand:speed>
                </extensions>
            </trkpt>
            <trkpt lat="43.8552217" lon="19.7318335">
                <ele>699.7</ele>
                <time>2026-06-06T12:46:16Z</time>
                <hdop>12.8</hdop>
                <extensions>
                    <osmand:speed>0.8</osmand:speed>
                </extensions>
            </trkpt>
            <trkpt lat="43.8551324" lon="19.7318543">
                <ele>699.4</ele>
                <time>2026-06-06T12:46:25Z</time>
                <hdop>11.2</hdop>
                <extensions>
                    <osmand:speed>0.5</osmand:speed>
                </extensions>
            </trkpt>
            <trkpt lat="43.8550974" lon="19.7319247">
                <ele>696.9</ele>
                <time>2026-06-06T12:46:31Z</time>
                <hdop>12.3</hdop>
                <extensions>
                    <osmand:speed>0.8</osmand:speed>
                </extensions>
            </trkpt>
            <trkpt lat="43.8550155" lon="19.7318609">
                <ele>694.5</ele>
                <time>2026-06-06T12:46:45Z</time>
                <hdop>20.5</hdop>
                <extensions>
                    <osmand:speed>0</osmand:speed>
                </extensions>
            </trkpt>
            <trkpt lat="43.8549696" lon="19.731839">
                <ele>696.6</ele>
                <time>2026-06-06T12:46:56Z</time>
                <hdop>17.2</hdop>
                <extensions>
                    <osmand:speed>0.7</osmand:speed>
                </extensions>
            </trkpt>
            <trkpt lat="43.8549128" lon="19.7318379">
                <ele>697.1</ele>
                <time>2026-06-06T12:47:03Z</time>
                <hdop>15.1</hdop>
                <extensions>
                    <osmand:speed>0.6</osmand:speed>
                </extensions>
            </trkpt>
            <trkpt lat="43.8547596" lon="19.731922">
                <ele>697.6</ele>
                <time>2026-06-06T12:47:14Z</time>
                <hdop>12.1</hdop>
                <extensions>
                    <osmand:speed>0.9</osmand:speed>
                </extensions>
            </trkpt>
            <trkpt lat="43.8546601" lon="19.7319548">
                <ele>699.2</ele>
                <time>2026-06-06T12:47:21Z</time>
                <hdop>11.9</hdop>
                <extensions>
                    <osmand:speed>1.3</osmand:speed>
                </extensions>
            </trkpt>
            <trkpt lat="43.8545679" lon="19.7319916">
                <ele>702.2</ele>
                <time>2026-06-06T12:47:29Z</time>
                <hdop>10.6</hdop>
                <extensions>
                    <osmand:speed>1.1</osmand:speed>
                </extensions>
            </trkpt>
            <trkpt lat="43.8544777" lon="19.7320295">
                <ele>704.7</ele>
                <time>2026-06-06T12:47:37Z</time>
                <hdop>9.3</hdop>
                <extensions>
                    <osmand:speed>1.1</osmand:speed>
                </extensions>
            </trkpt>
            <trkpt lat="43.8543763" lon="19.7320639">
                <ele>706.8</ele>
                <time>2026-06-06T12:47:47Z</time>
                <hdop>8.2</hdop>
                <extensions>
                    <osmand:speed>1</osmand:speed>
                </extensions>
            </trkpt>
            <trkpt lat="43.8542827" lon="19.7320915">
                <ele>707.6</ele>
                <time>2026-06-06T12:47:57Z</time>
                <hdop>8</hdop>
                <extensions>
                    <osmand:speed>0.6</osmand:speed>
                </extensions>
            </trkpt>
            <trkpt lat="43.8541745" lon="19.7321745">
                <ele>703.5</ele>
                <time>2026-06-06T12:48:31Z</time>
                <hdop>14</hdop>
                <extensions>
                    <osmand:speed>0</osmand:speed>
                </extensions>
            </trkpt>
            <trkpt lat="43.8541669" lon="19.7322721">
                <ele>703.1</ele>
                <time>2026-06-06T12:48:48Z</time>
                <hdop>16.3</hdop>
                <extensions>
                    <osmand:speed>0.9</osmand:speed>
                </extensions>
            </trkpt>
            <trkpt lat="43.8541194" lon="19.7322661">
                <ele>703</ele>
                <time>2026-06-06T12:49:14Z</time>
                <hdop>15.6</hdop>
                <extensions>
                    <osmand:speed>1</osmand:speed>
                </extensions>
            </trkpt>
            <trkpt lat="43.8540924" lon="19.7322087">
                <ele>703.3</ele>
                <time>2026-06-06T12:49:21Z</time>
                <hdop>16</hdop>
                <extensions>
                    <osmand:speed>1</osmand:speed>
                </extensions>
            </trkpt>
            <trkpt lat="43.8540063" lon="19.7321663">
                <ele>703.6</ele>
                <time>2026-06-06T12:49:30Z</time>
                <hdop>14.1</hdop>
                <extensions>
                    <osmand:speed>0.7</osmand:speed>
                </extensions>
            </trkpt>
            <trkpt lat="43.8539614" lon="19.7321262">
                <ele>705.4</ele>
                <time>2026-06-06T12:49:38Z</time>
                <hdop>11.7</hdop>
                <extensions>
                    <osmand:speed>1</osmand:speed>
                </extensions>
            </trkpt>
            <trkpt lat="43.8539602" lon="19.732003">
                <ele>703.2</ele>
                <time>2026-06-06T12:49:47Z</time>
                <hdop>9.8</hdop>
                <extensions>
                    <osmand:speed>0.7</osmand:speed>
                </extensions>
            </trkpt>
            <trkpt lat="43.8539685" lon="19.7318739">
                <ele>701.7</ele>
                <time>2026-06-06T12:49:55Z</time>
                <hdop>9.4</hdop>
                <extensions>
                    <osmand:speed>0.8</osmand:speed>
                </extensions>
            </trkpt>
            <trkpt lat="43.8539628" lon="19.7318096">
                <ele>699.8</ele>
                <time>2026-06-06T12:50:01Z</time>
                <hdop>8.5</hdop>
                <extensions>
                    <osmand:speed>0.6</osmand:speed>
                </extensions>
            </trkpt>
            <trkpt lat="43.8539557" lon="19.7316714">
                <ele>697</ele>
                <time>2026-06-06T12:50:11Z</time>
                <hdop>7.5</hdop>
                <extensions>
                    <osmand:speed>1.2</osmand:speed>
                </extensions>
            </trkpt>
            <trkpt lat="43.8539567" lon="19.7316089">
                <ele>694.7</ele>
                <time>2026-06-06T12:50:17Z</time>
                <hdop>7.4</hdop>
                <extensions>
                    <osmand:speed>0.7</osmand:speed>
                </extensions>
            </trkpt>
            <trkpt lat="43.853945" lon="19.7315463">
                <ele>694.4</ele>
                <time>2026-06-06T12:50:24Z</time>
                <hdop>7.3</hdop>
                <extensions>
                    <osmand:speed>0.8</osmand:speed>
                </extensions>
            </trkpt>
            <trkpt lat="43.853937" lon="19.7314803">
                <ele>693.5</ele>
                <time>2026-06-06T12:50:30Z</time>
                <hdop>7.2</hdop>
                <extensions>
                    <osmand:speed>1.2</osmand:speed>
                </extensions>
            </trkpt>
            <trkpt lat="43.8538834" lon="19.7313632">
                <ele>692</ele>
                <time>2026-06-06T12:50:40Z</time>
                <hdop>7.4</hdop>
                <extensions>
                    <osmand:speed>1.2</osmand:speed>
                </extensions>
            </trkpt>
            <trkpt lat="43.8538878" lon="19.7312342">
                <ele>690.9</ele>
                <time>2026-06-06T12:50:46Z</time>
                <hdop>7.7</hdop>
                <extensions>
                    <osmand:speed>1.2</osmand:speed>
                </extensions>
            </trkpt>
            <trkpt lat="43.8538653" lon="19.7311046">
                <ele>687.6</ele>
                <time>2026-06-06T12:50:54Z</time>
                <hdop>7.1</hdop>
                <extensions>
                    <osmand:speed>1.2</osmand:speed>
                </extensions>
            </trkpt>
            <trkpt lat="43.8538041" lon="19.7309902">
                <ele>685.9</ele>
                <time>2026-06-06T12:51:20Z</time>
                <hdop>6.9</hdop>
                <extensions>
                    <osmand:speed>0.6</osmand:speed>
                </extensions>
            </trkpt>
            <trkpt lat="43.8537526" lon="19.7310884">
                <ele>683.1</ele>
                <time>2026-06-06T12:51:28Z</time>
                <hdop>6.5</hdop>
                <extensions>
                    <osmand:speed>1</osmand:speed>
                </extensions>
            </trkpt>
            <trkpt lat="43.8537" lon="19.7312059">
                <ele>681.7</ele>
                <time>2026-06-06T12:51:38Z</time>
                <hdop>6.2</hdop>
                <extensions>
                    <osmand:speed>1</osmand:speed>
                </extensions>
            </trkpt>
            <trkpt lat="43.8536596" lon="19.7313408">
                <ele>681.5</ele>
                <time>2026-06-06T12:51:48Z</time>
                <hdop>6.2</hdop>
                <extensions>
                    <osmand:speed>1.2</osmand:speed>
                </extensions>
            </trkpt>
            <trkpt lat="43.853609" lon="19.7314695">
                <ele>682.3</ele>
                <time>2026-06-06T12:51:57Z</time>
                <hdop>7</hdop>
                <extensions>
                    <osmand:speed>1.1</osmand:speed>
                </extensions>
            </trkpt>
            <trkpt lat="43.8535367" lon="19.731592">
                <ele>684.8</ele>
                <time>2026-06-06T12:52:08Z</time>
                <hdop>6.6</hdop>
                <extensions>
                    <osmand:speed>1.3</osmand:speed>
                </extensions>
            </trkpt>
            <trkpt lat="43.8534639" lon="19.7316663">
                <ele>683.4</ele>
                <time>2026-06-06T12:52:16Z</time>
                <hdop>6.5</hdop>
                <extensions>
                    <osmand:speed>1.3</osmand:speed>
                </extensions>
            </trkpt>
            <trkpt lat="43.8534159" lon="19.7316941">
                <ele>683.4</ele>
                <time>2026-06-06T12:52:22Z</time>
                <hdop>6.1</hdop>
                <extensions>
                    <osmand:speed>1</osmand:speed>
                </extensions>
            </trkpt>
            <trkpt lat="43.8533231" lon="19.7317616">
                <ele>684.9</ele>
                <time>2026-06-06T12:52:35Z</time>
                <hdop>6.1</hdop>
                <extensions>
                    <osmand:speed>0.9</osmand:speed>
                </extensions>
            </trkpt>
            <trkpt lat="43.8532566" lon="19.7318914">
                <ele>686.1</ele>
                <time>2026-06-06T12:52:44Z</time>
                <hdop>6.2</hdop>
                <extensions>
                    <osmand:speed>1.1</osmand:speed>
                </extensions>
            </trkpt>
            <trkpt lat="43.8531697" lon="19.7319732">
                <ele>684.7</ele>
                <time>2026-06-06T12:52:54Z</time>
                <hdop>7.1</hdop>
                <extensions>
                    <osmand:speed>1</osmand:speed>
                </extensions>
            </trkpt>
            <trkpt lat="43.8530647" lon="19.7320341">
                <ele>683.6</ele>
                <time>2026-06-06T12:53:03Z</time>
                <hdop>7.4</hdop>
                <extensions>
                    <osmand:speed>1.1</osmand:speed>
                </extensions>
            </trkpt>
            <trkpt lat="43.852972" lon="19.7320944">
                <ele>684.4</ele>
                <time>2026-06-06T12:53:12Z</time>
                <hdop>7.6</hdop>
                <extensions>
                    <osmand:speed>0.6</osmand:speed>
                </extensions>
            </trkpt>
            <trkpt lat="43.8529235" lon="19.7321048">
                <ele>684.3</ele>
                <time>2026-06-06T12:53:19Z</time>
                <hdop>7.8</hdop>
                <extensions>
                    <osmand:speed>0.6</osmand:speed>
                </extensions>
            </trkpt>
            <trkpt lat="43.8528369" lon="19.7321431">
                <ele>682.3</ele>
                <time>2026-06-06T12:53:27Z</time>
                <hdop>7.9</hdop>
                <extensions>
                    <osmand:speed>0.6</osmand:speed>
                </extensions>
            </trkpt>
            <trkpt lat="43.8527423" lon="19.7321935">
                <ele>681</ele>
                <time>2026-06-06T12:53:37Z</time>
                <hdop>8.5</hdop>
                <extensions>
                    <osmand:speed>0.9</osmand:speed>
                </extensions>
            </trkpt>
            <trkpt lat="43.8526469" lon="19.7322211">
                <ele>679.3</ele>
                <time>2026-06-06T12:53:45Z</time>
                <hdop>8.4</hdop>
                <extensions>
                    <osmand:speed>0.9</osmand:speed>
                </extensions>
            </trkpt>
            <trkpt lat="43.8525467" lon="19.7323058">
                <ele>675.6</ele>
                <time>2026-06-06T12:53:53Z</time>
                <hdop>8.4</hdop>
                <extensions>
                    <osmand:speed>1.1</osmand:speed>
                </extensions>
            </trkpt>
            <trkpt lat="43.8524713" lon="19.7323978">
                <ele>673.4</ele>
                <time>2026-06-06T12:54:01Z</time>
                <hdop>8.5</hdop>
                <extensions>
                    <osmand:speed>1</osmand:speed>
                </extensions>
            </trkpt>
            <trkpt lat="43.8524491" lon="19.7324575">
                <ele>672.5</ele>
                <time>2026-06-06T12:54:12Z</time>
                <hdop>9.1</hdop>
                <extensions>
                    <osmand:speed>0.1</osmand:speed>
                </extensions>
            </trkpt>
            <trkpt lat="43.8524413" lon="19.7323908">
                <ele>671.6</ele>
                <time>2026-06-06T12:54:29Z</time>
                <hdop>9.2</hdop>
                <extensions>
                    <osmand:speed>0.6</osmand:speed>
                </extensions>
            </trkpt>
            <trkpt lat="43.852441" lon="19.7323267">
                <ele>668.7</ele>
                <time>2026-06-06T12:54:35Z</time>
                <hdop>9</hdop>
                <extensions>
                    <osmand:speed>0.4</osmand:speed>
                </extensions>
            </trkpt>
            <trkpt lat="43.8524528" lon="19.7322564">
                <ele>668.5</ele>
                <time>2026-06-06T12:54:41Z</time>
                <hdop>8.7</hdop>
                <extensions>
                    <osmand:speed>0.5</osmand:speed>
                </extensions>
            </trkpt>
            <trkpt lat="43.8524897" lon="19.732141">
                <ele>664.8</ele>
                <time>2026-06-06T12:54:51Z</time>
                <hdop>7.9</hdop>
                <extensions>
                    <osmand:speed>1</osmand:speed>
                </extensions>
            </trkpt>
            <trkpt lat="43.8525205" lon="19.7319838">
                <ele>662.1</ele>
                <time>2026-06-06T12:55:00Z</time>
                <hdop>7.8</hdop>
                <extensions>
                    <osmand:speed>1</osmand:speed>
                </extensions>
            </trkpt>
            <trkpt lat="43.8525665" lon="19.731855">
                <ele>659.1</ele>
                <time>2026-06-06T12:55:10Z</time>
                <hdop>8</hdop>
                <extensions>
                    <osmand:speed>0.9</osmand:speed>
                </extensions>
            </trkpt>
            <trkpt lat="43.8526016" lon="19.7317933">
                <ele>657.9</ele>
                <time>2026-06-06T12:55:16Z</time>
                <hdop>7.9</hdop>
                <extensions>
                    <osmand:speed>1.1</osmand:speed>
                </extensions>
            </trkpt>
            <trkpt lat="43.8525839" lon="19.7317144">
                <ele>659.8</ele>
                <time>2026-06-06T12:55:25Z</time>
                <hdop>8.7</hdop>
            </trkpt>
            <trkpt lat="43.8525742" lon="19.7316469">
                <ele>661.2</ele>
                <time>2026-06-06T12:55:49Z</time>
                <hdop>15</hdop>
                <extensions>
                    <osmand:speed>0.2</osmand:speed>
                </extensions>
            </trkpt>
            <trkpt lat="43.8525139" lon="19.7316154">
                <ele>658.2</ele>
                <time>2026-06-06T12:56:13Z</time>
                <hdop>19.2</hdop>
                <extensions>
                    <osmand:speed>0.2</osmand:speed>
                </extensions>
            </trkpt>
            <trkpt lat="43.8524598" lon="19.7315969">
                <ele>658</ele>
                <time>2026-06-06T12:56:21Z</time>
                <hdop>18.2</hdop>
                <extensions>
                    <osmand:speed>0.7</osmand:speed>
                </extensions>
            </trkpt>
            <trkpt lat="43.8524293" lon="19.7316469">
                <ele>658.3</ele>
                <time>2026-06-06T12:56:28Z</time>
                <hdop>17.5</hdop>
                <extensions>
                    <osmand:speed>0.1</osmand:speed>
                </extensions>
            </trkpt>
            <trkpt lat="43.8523925" lon="19.7317082">
                <ele>656.8</ele>
                <time>2026-06-06T12:56:34Z</time>
                <hdop>16.3</hdop>
                <extensions>
                    <osmand:speed>0.7</osmand:speed>
                </extensions>
            </trkpt>
            <trkpt lat="43.8523495" lon="19.7317493">
                <ele>654.7</ele>
                <time>2026-06-06T12:56:40Z</time>
                <hdop>14.2</hdop>
                <extensions>
                    <osmand:speed>0.8</osmand:speed>
                </extensions>
            </trkpt>
            <trkpt lat="43.8522735" lon="19.7318216">
                <ele>655</ele>
                <time>2026-06-06T12:56:48Z</time>
                <hdop>12</hdop>
                <extensions>
                    <osmand:speed>0.4</osmand:speed>
                </extensions>
            </trkpt>
            <trkpt lat="43.8521977" lon="19.7318897">
                <ele>654</ele>
                <time>2026-06-06T12:56:57Z</time>
                <hdop>10.8</hdop>
                <extensions>
                    <osmand:speed>0.7</osmand:speed>
                </extensions>
            </trkpt>
            <trkpt lat="43.8521128" lon="19.7319626">
                <ele>653.6</ele>
                <time>2026-06-06T12:57:06Z</time>
                <hdop>10.1</hdop>
                <extensions>
                    <osmand:speed>0.8</osmand:speed>
                </extensions>
            </trkpt>
            <trkpt lat="43.852039" lon="19.732068">
                <ele>651.8</ele>
                <time>2026-06-06T12:57:13Z</time>
                <hdop>9.3</hdop>
                <extensions>
                    <osmand:speed>1.1</osmand:speed>
                </extensions>
            </trkpt>
            <trkpt lat="43.8519695" lon="19.7321817">
                <ele>647.1</ele>
                <time>2026-06-06T12:57:22Z</time>
                <hdop>8.6</hdop>
                <extensions>
                    <osmand:speed>1</osmand:speed>
                </extensions>
            </trkpt>
            <trkpt lat="43.8518918" lon="19.7322626">
                <ele>644</ele>
                <time>2026-06-06T12:57:30Z</time>
                <hdop>8.3</hdop>
                <extensions>
                    <osmand:speed>0.9</osmand:speed>
                </extensions>
            </trkpt>
            <trkpt lat="43.8517959" lon="19.7322914">
                <ele>645</ele>
                <time>2026-06-06T12:57:40Z</time>
                <hdop>8.7</hdop>
                <extensions>
                    <osmand:speed>0.9</osmand:speed>
                </extensions>
            </trkpt>
            <trkpt lat="43.8517549" lon="19.7323215">
                <ele>646.8</ele>
                <time>2026-06-06T12:57:49Z</time>
                <hdop>8.5</hdop>
                <extensions>
                    <osmand:speed>0.7</osmand:speed>
                </extensions>
            </trkpt>
            <trkpt lat="43.8517085" lon="19.7323556">
                <ele>645.8</ele>
                <time>2026-06-06T12:57:55Z</time>
                <hdop>8.1</hdop>
                <extensions>
                    <osmand:speed>1.1</osmand:speed>
                </extensions>
            </trkpt>
            <trkpt lat="43.8516571" lon="19.7323818">
                <ele>644.2</ele>
                <time>2026-06-06T12:58:01Z</time>
                <hdop>8</hdop>
                <extensions>
                    <osmand:speed>1</osmand:speed>
                </extensions>
            </trkpt>
            <trkpt lat="43.8515494" lon="19.7324194">
                <ele>643</ele>
                <time>2026-06-06T12:58:10Z</time>
                <hdop>7.7</hdop>
                <extensions>
                    <osmand:speed>1.1</osmand:speed>
                </extensions>
            </trkpt>
            <trkpt lat="43.8514529" lon="19.7324572">
                <ele>640.3</ele>
                <time>2026-06-06T12:58:19Z</time>
                <hdop>8</hdop>
                <extensions>
                    <osmand:speed>0.9</osmand:speed>
                </extensions>
            </trkpt>
            <trkpt lat="43.8513479" lon="19.7324735">
                <ele>636.1</ele>
                <time>2026-06-06T12:58:28Z</time>
                <hdop>7.6</hdop>
                <extensions>
                    <osmand:speed>1.2</osmand:speed>
                </extensions>
            </trkpt>
            <trkpt lat="43.8512376" lon="19.7324637">
                <ele>633.5</ele>
                <time>2026-06-06T12:58:38Z</time>
                <hdop>7.6</hdop>
                <extensions>
                    <osmand:speed>1.1</osmand:speed>
                </extensions>
            </trkpt>
            <trkpt lat="43.8511292" lon="19.7324767">
                <ele>629.6</ele>
                <time>2026-06-06T12:58:49Z</time>
                <hdop>7.2</hdop>
                <extensions>
                    <osmand:speed>1.1</osmand:speed>
                </extensions>
            </trkpt>
            <trkpt lat="43.8510275" lon="19.7324821">
                <ele>627.9</ele>
                <time>2026-06-06T12:58:56Z</time>
                <hdop>6.7</hdop>
                <extensions>
                    <osmand:speed>1.6</osmand:speed>
                </extensions>
            </trkpt>
            <trkpt lat="43.8509804" lon="19.7324638">
                <ele>625.8</ele>
                <time>2026-06-06T12:59:02Z</time>
                <hdop>6.6</hdop>
                <extensions>
                    <osmand:speed>0.9</osmand:speed>
                </extensions>
            </trkpt>
            <trkpt lat="43.851012" lon="19.7324112">
                <ele>621.8</ele>
                <time>2026-06-06T12:59:13Z</time>
                <hdop>6</hdop>
                <extensions>
                    <osmand:speed>1.3</osmand:speed>
                </extensions>
            </trkpt>
            <trkpt lat="43.8510903" lon="19.7323149">
                <ele>619.4</ele>
                <time>2026-06-06T12:59:22Z</time>
                <hdop>6</hdop>
                <extensions>
                    <osmand:speed>1.5</osmand:speed>
                </extensions>
            </trkpt>
            <trkpt lat="43.8511778" lon="19.7322218">
                <ele>616.3</ele>
                <time>2026-06-06T12:59:31Z</time>
                <hdop>5.9</hdop>
                <extensions>
                    <osmand:speed>1.4</osmand:speed>
                </extensions>
            </trkpt>
            <trkpt lat="43.8512596" lon="19.7321391">
                <ele>615.5</ele>
                <time>2026-06-06T12:59:38Z</time>
                <hdop>6</hdop>
                <extensions>
                    <osmand:speed>1.3</osmand:speed>
                </extensions>
            </trkpt>
            <trkpt lat="43.8513188" lon="19.7320202">
                <ele>618.2</ele>
                <time>2026-06-06T13:00:14Z</time>
                <hdop>5</hdop>
                <extensions>
                    <osmand:speed>0.9</osmand:speed>
                </extensions>
            </trkpt>
            <trkpt lat="43.8513657" lon="19.7318903">
                <ele>616.5</ele>
                <time>2026-06-06T13:00:24Z</time>
                <hdop>5.1</hdop>
                <extensions>
                    <osmand:speed>1.4</osmand:speed>
                </extensions>
            </trkpt>
            <trkpt lat="43.8514209" lon="19.7317774">
                <ele>614.8</ele>
                <time>2026-06-06T13:00:42Z</time>
                <hdop>4.6</hdop>
                <extensions>
                    <osmand:speed>1.4</osmand:speed>
                </extensions>
            </trkpt>
            <trkpt lat="43.8514714" lon="19.7316564">
                <ele>613.7</ele>
                <time>2026-06-06T13:00:50Z</time>
                <hdop>5.4</hdop>
                <extensions>
                    <osmand:speed>1.4</osmand:speed>
                </extensions>
            </trkpt>
            <trkpt lat="43.8514977" lon="19.7315534">
                <ele>614.3</ele>
                <time>2026-06-06T13:00:56Z</time>
                <hdop>5.3</hdop>
                <extensions>
                    <osmand:speed>1.1</osmand:speed>
                </extensions>
            </trkpt>
            <trkpt lat="43.851528" lon="19.7314544">
                <ele>613.6</ele>
                <time>2026-06-06T13:01:02Z</time>
                <hdop>5.3</hdop>
                <extensions>
                    <osmand:speed>1.2</osmand:speed>
                </extensions>
            </trkpt>
            <trkpt lat="43.8515535" lon="19.7313541">
                <ele>613.9</ele>
                <time>2026-06-06T13:01:08Z</time>
                <hdop>5.2</hdop>
                <extensions>
                    <osmand:speed>1.2</osmand:speed>
                </extensions>
            </trkpt>
            <trkpt lat="43.8515851" lon="19.7312718">
                <ele>612.2</ele>
                <time>2026-06-06T13:01:14Z</time>
                <hdop>5.1</hdop>
                <extensions>
                    <osmand:speed>1.3</osmand:speed>
                </extensions>
            </trkpt>
            <trkpt lat="43.8516197" lon="19.7312191">
                <ele>610.3</ele>
                <time>2026-06-06T13:01:20Z</time>
                <hdop>5.2</hdop>
                <extensions>
                    <osmand:speed>0.8</osmand:speed>
                </extensions>
            </trkpt>
            <trkpt lat="43.8516468" lon="19.7311264">
                <ele>610.2</ele>
                <time>2026-06-06T13:01:26Z</time>
                <hdop>5.4</hdop>
                <extensions>
                    <osmand:speed>1.1</osmand:speed>
                </extensions>
            </trkpt>
            <trkpt lat="43.8516723" lon="19.7310287">
                <ele>611</ele>
                <time>2026-06-06T13:01:32Z</time>
                <hdop>6</hdop>
                <extensions>
                    <osmand:speed>1.1</osmand:speed>
                </extensions>
            </trkpt>
            <trkpt lat="43.8516775" lon="19.7309283">
                <ele>610</ele>
                <time>2026-06-06T13:01:38Z</time>
                <hdop>6</hdop>
                <extensions>
                    <osmand:speed>0.7</osmand:speed>
                </extensions>
            </trkpt>
            <trkpt lat="43.8517029" lon="19.7308016">
                <ele>606.1</ele>
                <time>2026-06-06T13:01:46Z</time>
                <hdop>5.7</hdop>
                <extensions>
                    <osmand:speed>1.3</osmand:speed>
                </extensions>
            </trkpt>
            <trkpt lat="43.8517471" lon="19.7306729">
                <ele>599.5</ele>
                <time>2026-06-06T13:01:57Z</time>
                <hdop>5.8</hdop>
                <extensions>
                    <osmand:speed>0.9</osmand:speed>
                </extensions>
            </trkpt>
            <trkpt lat="43.8517525" lon="19.7305388">
                <ele>597.2</ele>
                <time>2026-06-06T13:02:07Z</time>
                <hdop>5.6</hdop>
                <extensions>
                    <osmand:speed>0.8</osmand:speed>
                </extensions>
            </trkpt>
            <trkpt lat="43.851722" lon="19.730379">
                <ele>597.3</ele>
                <time>2026-06-06T13:02:16Z</time>
                <hdop>5.9</hdop>
                <extensions>
                    <osmand:speed>0.8</osmand:speed>
                </extensions>
            </trkpt>
            <trkpt lat="43.851707" lon="19.7302514">
                <ele>595.6</ele>
                <time>2026-06-06T13:02:24Z</time>
                <hdop>5.8</hdop>
                <extensions>
                    <osmand:speed>1.6</osmand:speed>
                </extensions>
            </trkpt>
            <trkpt lat="43.851675" lon="19.7301084">
                <ele>593.1</ele>
                <time>2026-06-06T13:02:34Z</time>
                <hdop>5.2</hdop>
                <extensions>
                    <osmand:speed>1.2</osmand:speed>
                </extensions>
            </trkpt>
            <trkpt lat="43.8516437" lon="19.7299814">
                <ele>592.5</ele>
                <time>2026-06-06T13:02:42Z</time>
                <hdop>5.3</hdop>
                <extensions>
                    <osmand:speed>1.1</osmand:speed>
                </extensions>
            </trkpt>
            <trkpt lat="43.8515702" lon="19.729853">
                <ele>590.5</ele>
                <time>2026-06-06T13:02:51Z</time>
                <hdop>5.1</hdop>
                <extensions>
                    <osmand:speed>1.4</osmand:speed>
                </extensions>
            </trkpt>
            <trkpt lat="43.8514952" lon="19.7297621">
                <ele>589.5</ele>
                <time>2026-06-06T13:03:01Z</time>
                <hdop>5</hdop>
                <extensions>
                    <osmand:speed>1.1</osmand:speed>
                </extensions>
            </trkpt>
            <trkpt lat="43.8514077" lon="19.7297542">
                <ele>587.9</ele>
                <time>2026-06-06T13:03:09Z</time>
                <hdop>4.7</hdop>
                <extensions>
                    <osmand:speed>1.3</osmand:speed>
                </extensions>
            </trkpt>
            <trkpt lat="43.8513347" lon="19.7298428">
                <ele>585.1</ele>
                <time>2026-06-06T13:03:16Z</time>
                <hdop>4.5</hdop>
                <extensions>
                    <osmand:speed>1.2</osmand:speed>
                </extensions>
            </trkpt>
            <trkpt lat="43.8512616" lon="19.7299512">
                <ele>582.8</ele>
                <time>2026-06-06T13:03:30Z</time>
                <hdop>4.6</hdop>
                <extensions>
                    <osmand:speed>1</osmand:speed>
                </extensions>
            </trkpt>
            <trkpt lat="43.8511722" lon="19.7300245">
                <ele>580.4</ele>
                <time>2026-06-06T13:03:39Z</time>
                <hdop>4.6</hdop>
                <extensions>
                    <osmand:speed>1.2</osmand:speed>
                </extensions>
            </trkpt>
            <trkpt lat="43.851118" lon="19.7301069">
                <ele>579.6</ele>
                <time>2026-06-06T13:03:45Z</time>
                <hdop>4.6</hdop>
                <extensions>
                    <osmand:speed>1.1</osmand:speed>
                </extensions>
            </trkpt>
            <trkpt lat="43.8510794" lon="19.7301282">
                <ele>579.6</ele>
                <time>2026-06-06T13:03:51Z</time>
                <hdop>4.8</hdop>
                <extensions>
                    <osmand:speed>0.8</osmand:speed>
                </extensions>
            </trkpt>
            <trkpt lat="43.8510357" lon="19.7301602">
                <ele>579.7</ele>
                <time>2026-06-06T13:03:57Z</time>
                <hdop>5</hdop>
                <extensions>
                    <osmand:speed>1</osmand:speed>
                </extensions>
            </trkpt>
            <trkpt lat="43.8509969" lon="19.7302013">
                <ele>579.3</ele>
                <time>2026-06-06T13:04:03Z</time>
                <hdop>5.1</hdop>
                <extensions>
                    <osmand:speed>0.6</osmand:speed>
                </extensions>
            </trkpt>
            <trkpt lat="43.8509586" lon="19.7302402">
                <ele>579.2</ele>
                <time>2026-06-06T13:04:09Z</time>
                <hdop>5.2</hdop>
                <extensions>
                    <osmand:speed>0.8</osmand:speed>
                </extensions>
            </trkpt>
            <trkpt lat="43.8509122" lon="19.7302575">
                <ele>579.2</ele>
                <time>2026-06-06T13:04:15Z</time>
                <hdop>5.4</hdop>
                <extensions>
                    <osmand:speed>0.9</osmand:speed>
                </extensions>
            </trkpt>
            <trkpt lat="43.8508694" lon="19.7302945">
                <ele>577.5</ele>
                <time>2026-06-06T13:04:21Z</time>
                <hdop>5.6</hdop>
                <extensions>
                    <osmand:speed>0.5</osmand:speed>
                </extensions>
            </trkpt>
            <trkpt lat="43.8507951" lon="19.7304127">
                <ele>576.4</ele>
                <time>2026-06-06T13:04:30Z</time>
                <hdop>5.7</hdop>
                <extensions>
                    <osmand:speed>1.2</osmand:speed>
                </extensions>
            </trkpt>
            <trkpt lat="43.8506962" lon="19.7304701">
                <ele>573.8</ele>
                <time>2026-06-06T13:04:39Z</time>
                <hdop>5.9</hdop>
                <extensions>
                    <osmand:speed>1.2</osmand:speed>
                </extensions>
            </trkpt>
            <trkpt lat="43.8506014" lon="19.7304731">
                <ele>571.1</ele>
                <time>2026-06-06T13:04:47Z</time>
                <hdop>6</hdop>
                <extensions>
                    <osmand:speed>1</osmand:speed>
                </extensions>
            </trkpt>
            <trkpt lat="43.8504953" lon="19.7304776">
                <ele>570.8</ele>
                <time>2026-06-06T13:04:54Z</time>
                <hdop>5.6</hdop>
                <extensions>
                    <osmand:speed>1.6</osmand:speed>
                </extensions>
            </trkpt>
            <trkpt lat="43.8503956" lon="19.730514">
                <ele>569.8</ele>
                <time>2026-06-06T13:05:01Z</time>
                <hdop>5.1</hdop>
                <extensions>
                    <osmand:speed>1.6</osmand:speed>
                </extensions>
            </trkpt>
            <trkpt lat="43.8502945" lon="19.7304774">
                <ele>568.6</ele>
                <time>2026-06-06T13:05:09Z</time>
                <hdop>5.1</hdop>
                <extensions>
                    <osmand:speed>1.6</osmand:speed>
                </extensions>
            </trkpt>
            <trkpt lat="43.8503316" lon="19.730515">
                <ele>567.4</ele>
                <time>2026-06-06T13:05:25Z</time>
                <hdop>6.4</hdop>
                <extensions>
                    <osmand:speed>0.3</osmand:speed>
                </extensions>
            </trkpt>
            <trkpt lat="43.8503705" lon="19.7304831">
                <ele>570</ele>
                <time>2026-06-06T13:06:08Z</time>
                <hdop>8.3</hdop>
            </trkpt>
            <trkpt lat="43.850353" lon="19.7304171">
                <ele>567.4</ele>
                <time>2026-06-06T13:06:35Z</time>
                <hdop>12.9</hdop>
                <extensions>
                    <osmand:speed>0.7</osmand:speed>
                </extensions>
            </trkpt>
            <trkpt lat="43.8503364" lon="19.7303511">
                <ele>564</ele>
                <time>2026-06-06T13:06:41Z</time>
                <hdop>11.1</hdop>
                <extensions>
                    <osmand:speed>0.8</osmand:speed>
                </extensions>
            </trkpt>
            <trkpt lat="43.8503554" lon="19.7302196">
                <ele>557.9</ele>
                <time>2026-06-06T13:07:06Z</time>
                <hdop>7.5</hdop>
                <extensions>
                    <osmand:speed>1.1</osmand:speed>
                </extensions>
            </trkpt>
            <trkpt lat="43.8503755" lon="19.7300844">
                <ele>558.9</ele>
                <time>2026-06-06T13:07:15Z</time>
                <hdop>6.4</hdop>
                <extensions>
                    <osmand:speed>1</osmand:speed>
                </extensions>
            </trkpt>
            <trkpt lat="43.8503564" lon="19.7301411">
                <ele>555.4</ele>
                <time>2026-06-06T13:08:07Z</time>
                <hdop>8.8</hdop>
                <extensions>
                    <osmand:speed>1</osmand:speed>
                </extensions>
            </trkpt>
            <trkpt lat="43.8503842" lon="19.7300876">
                <ele>557.4</ele>
                <time>2026-06-06T13:08:13Z</time>
                <hdop>8.7</hdop>
                <extensions>
                    <osmand:speed>0.1</osmand:speed>
                </extensions>
            </trkpt>
            <trkpt lat="43.8503808" lon="19.729948">
                <ele>557.4</ele>
                <time>2026-06-06T13:08:22Z</time>
                <hdop>9.7</hdop>
                <extensions>
                    <osmand:speed>0.1</osmand:speed>
                </extensions>
            </trkpt>
            <trkpt lat="43.8503705" lon="19.7298128">
                <ele>559.4</ele>
                <time>2026-06-06T13:08:28Z</time>
                <hdop>8.8</hdop>
                <extensions>
                    <osmand:speed>1.3</osmand:speed>
                </extensions>
            </trkpt>
            <trkpt lat="43.8503671" lon="19.7296645">
                <ele>560.8</ele>
                <time>2026-06-06T13:08:36Z</time>
                <hdop>7.5</hdop>
                <extensions>
                    <osmand:speed>1.1</osmand:speed>
                </extensions>
            </trkpt>
            <trkpt lat="43.8503607" lon="19.7295231">
                <ele>558.8</ele>
                <time>2026-06-06T13:08:46Z</time>
                <hdop>6.8</hdop>
                <extensions>
                    <osmand:speed>0.9</osmand:speed>
                </extensions>
            </trkpt>
            <trkpt lat="43.8503471" lon="19.7293725">
                <ele>559.7</ele>
                <time>2026-06-06T13:08:55Z</time>
                <hdop>6.2</hdop>
                <extensions>
                    <osmand:speed>1.5</osmand:speed>
                </extensions>
            </trkpt>
            <trkpt lat="43.8503463" lon="19.7292444">
                <ele>561.6</ele>
                <time>2026-06-06T13:09:02Z</time>
                <hdop>5.9</hdop>
                <extensions>
                    <osmand:speed>1.6</osmand:speed>
                </extensions>
            </trkpt>
            <trkpt lat="43.8503422" lon="19.7291008">
                <ele>560.6</ele>
                <time>2026-06-06T13:09:11Z</time>
                <hdop>5.6</hdop>
                <extensions>
                    <osmand:speed>1.2</osmand:speed>
                </extensions>
            </trkpt>
            <trkpt lat="43.8503403" lon="19.7289569">
                <ele>560.6</ele>
                <time>2026-06-06T13:09:20Z</time>
                <hdop>6</hdop>
                <extensions>
                    <osmand:speed>0.6</osmand:speed>
                </extensions>
            </trkpt>
            <trkpt lat="43.8503534" lon="19.7288189">
                <ele>561.3</ele>
                <time>2026-06-06T13:09:27Z</time>
                <hdop>6.1</hdop>
                <extensions>
                    <osmand:speed>1.2</osmand:speed>
                </extensions>
            </trkpt>
            <trkpt lat="43.8503627" lon="19.7286688">
                <ele>562.5</ele>
                <time>2026-06-06T13:09:36Z</time>
                <hdop>6.4</hdop>
                <extensions>
                    <osmand:speed>1.3</osmand:speed>
                </extensions>
            </trkpt>
            <trkpt lat="43.8503893" lon="19.7284617">
                <ele>562.1</ele>
                <time>2026-06-06T13:09:46Z</time>
                <hdop>6.1</hdop>
                <extensions>
                    <osmand:speed>1.4</osmand:speed>
                </extensions>
            </trkpt>
            <trkpt lat="43.8504187" lon="19.728334">
                <ele>563</ele>
                <time>2026-06-06T13:09:56Z</time>
                <hdop>6.1</hdop>
                <extensions>
                    <osmand:speed>0.9</osmand:speed>
                </extensions>
            </trkpt>
            <trkpt lat="43.8504448" lon="19.7281959">
                <ele>563.1</ele>
                <time>2026-06-06T13:10:06Z</time>
                <hdop>6.9</hdop>
                <extensions>
                    <osmand:speed>1.5</osmand:speed>
                </extensions>
            </trkpt>
            <trkpt lat="43.8504554" lon="19.7281306">
                <ele>564</ele>
                <time>2026-06-06T13:10:12Z</time>
                <hdop>6.9</hdop>
                <extensions>
                    <osmand:speed>1.2</osmand:speed>
                </extensions>
            </trkpt>
            <trkpt lat="43.8504654" lon="19.7279982">
                <ele>566.8</ele>
                <time>2026-06-06T13:10:18Z</time>
                <hdop>6.7</hdop>
                <extensions>
                    <osmand:speed>1.2</osmand:speed>
                </extensions>
            </trkpt>
            <trkpt lat="43.8504873" lon="19.7278748">
                <ele>569.3</ele>
                <time>2026-06-06T13:10:24Z</time>
                <hdop>6.8</hdop>
                <extensions>
                    <osmand:speed>1.1</osmand:speed>
                </extensions>
            </trkpt>
            <trkpt lat="43.8505043" lon="19.7277889">
                <ele>570.1</ele>
                <time>2026-06-06T13:10:30Z</time>
                <hdop>7</hdop>
                <extensions>
                    <osmand:speed>0.8</osmand:speed>
                </extensions>
            </trkpt>
            <trkpt lat="43.8505236" lon="19.7276719">
                <ele>569.9</ele>
                <time>2026-06-06T13:10:36Z</time>
                <hdop>6.9</hdop>
                <extensions>
                    <osmand:speed>1.1</osmand:speed>
                </extensions>
            </trkpt>
            <trkpt lat="43.8505335" lon="19.7275399">
                <ele>570.3</ele>
                <time>2026-06-06T13:10:45Z</time>
                <hdop>7.1</hdop>
                <extensions>
                    <osmand:speed>1</osmand:speed>
                </extensions>
            </trkpt>
            <trkpt lat="43.850552" lon="19.7274052">
                <ele>569.6</ele>
                <time>2026-06-06T13:10:54Z</time>
                <hdop>7</hdop>
                <extensions>
                    <osmand:speed>1.3</osmand:speed>
                </extensions>
            </trkpt>
            <trkpt lat="43.8505642" lon="19.7272741">
                <ele>570.1</ele>
                <time>2026-06-06T13:11:02Z</time>
                <hdop>7.1</hdop>
                <extensions>
                    <osmand:speed>1.2</osmand:speed>
                </extensions>
            </trkpt>
            <trkpt lat="43.8506051" lon="19.7271578">
                <ele>569.6</ele>
                <time>2026-06-06T13:11:08Z</time>
                <hdop>6.9</hdop>
                <extensions>
                    <osmand:speed>1.4</osmand:speed>
                </extensions>
            </trkpt>
            <trkpt lat="43.850612" lon="19.7270099">
                <ele>568</ele>
                <time>2026-06-06T13:11:16Z</time>
                <hdop>6.5</hdop>
                <extensions>
                    <osmand:speed>1.5</osmand:speed>
                </extensions>
            </trkpt>
            <trkpt lat="43.8505866" lon="19.7268809">
                <ele>567.5</ele>
                <time>2026-06-06T13:11:24Z</time>
                <hdop>6.3</hdop>
                <extensions>
                    <osmand:speed>1.2</osmand:speed>
                </extensions>
            </trkpt>
            <trkpt lat="43.8505487" lon="19.7267596">
                <ele>567</ele>
                <time>2026-06-06T13:11:33Z</time>
                <hdop>6.2</hdop>
                <extensions>
                    <osmand:speed>0.8</osmand:speed>
                </extensions>
            </trkpt>
            <trkpt lat="43.8505202" lon="19.7266323">
                <ele>567.8</ele>
                <time>2026-06-06T13:11:41Z</time>
                <hdop>6.4</hdop>
                <extensions>
                    <osmand:speed>1.3</osmand:speed>
                </extensions>
            </trkpt>
            <trkpt lat="43.850476" lon="19.7265068">
                <ele>569.3</ele>
                <time>2026-06-06T13:11:49Z</time>
                <hdop>5.9</hdop>
                <extensions>
                    <osmand:speed>1</osmand:speed>
                </extensions>
            </trkpt>
            <trkpt lat="43.8504206" lon="19.7263864">
                <ele>569.7</ele>
                <time>2026-06-06T13:11:57Z</time>
                <hdop>5.8</hdop>
                <extensions>
                    <osmand:speed>1.2</osmand:speed>
                </extensions>
            </trkpt>
            <trkpt lat="43.8503637" lon="19.7263072">
                <ele>569.2</ele>
                <time>2026-06-06T13:12:03Z</time>
                <hdop>5.3</hdop>
                <extensions>
                    <osmand:speed>1.5</osmand:speed>
                </extensions>
            </trkpt>
            <trkpt lat="43.8503146" lon="19.7262323">
                <ele>569.3</ele>
                <time>2026-06-06T13:12:09Z</time>
                <hdop>5.6</hdop>
                <extensions>
                    <osmand:speed>0.9</osmand:speed>
                </extensions>
            </trkpt>
            <trkpt lat="43.850261" lon="19.726181">
                <ele>569.2</ele>
                <time>2026-06-06T13:12:15Z</time>
                <hdop>5.7</hdop>
                <extensions>
                    <osmand:speed>1.1</osmand:speed>
                </extensions>
            </trkpt>
            <trkpt lat="43.8502112" lon="19.726091">
                <ele>569</ele>
                <time>2026-06-06T13:12:22Z</time>
                <hdop>5.7</hdop>
                <extensions>
                    <osmand:speed>1.5</osmand:speed>
                </extensions>
            </trkpt>
            <trkpt lat="43.8501288" lon="19.7260126">
                <ele>568.3</ele>
                <time>2026-06-06T13:12:31Z</time>
                <hdop>5.5</hdop>
                <extensions>
                    <osmand:speed>0.8</osmand:speed>
                </extensions>
            </trkpt>
            <trkpt lat="43.8500437" lon="19.7259447">
                <ele>568.8</ele>
                <time>2026-06-06T13:12:40Z</time>
                <hdop>5</hdop>
                <extensions>
                    <osmand:speed>1.2</osmand:speed>
                </extensions>
            </trkpt>
            <trkpt lat="43.8499618" lon="19.7258492">
                <ele>567.6</ele>
                <time>2026-06-06T13:12:48Z</time>
                <hdop>5</hdop>
                <extensions>
                    <osmand:speed>1.4</osmand:speed>
                </extensions>
            </trkpt>
            <trkpt lat="43.8498829" lon="19.7257701">
                <ele>567.7</ele>
                <time>2026-06-06T13:12:55Z</time>
                <hdop>4.9</hdop>
                <extensions>
                    <osmand:speed>1.6</osmand:speed>
                </extensions>
            </trkpt>
            <trkpt lat="43.8498367" lon="19.7256892">
                <ele>567.2</ele>
                <time>2026-06-06T13:13:01Z</time>
                <hdop>4.8</hdop>
                <extensions>
                    <osmand:speed>1.1</osmand:speed>
                </extensions>
            </trkpt>
            <trkpt lat="43.8497795" lon="19.7256112">
                <ele>566.4</ele>
                <time>2026-06-06T13:13:07Z</time>
                <hdop>4.7</hdop>
                <extensions>
                    <osmand:speed>1.3</osmand:speed>
                </extensions>
            </trkpt>
            <trkpt lat="43.8497123" lon="19.7255215">
                <ele>565.8</ele>
                <time>2026-06-06T13:13:13Z</time>
                <hdop>4.9</hdop>
                <extensions>
                    <osmand:speed>1.6</osmand:speed>
                </extensions>
            </trkpt>
            <trkpt lat="43.8496437" lon="19.7254468">
                <ele>566.7</ele>
                <time>2026-06-06T13:13:19Z</time>
                <hdop>4.8</hdop>
                <extensions>
                    <osmand:speed>1.3</osmand:speed>
                </extensions>
            </trkpt>
            <trkpt lat="43.8496196" lon="19.7254237">
                <ele>567.6</ele>
                <time>2026-06-06T13:13:25Z</time>
                <hdop>4.8</hdop>
                <extensions>
                    <osmand:speed>0.3</osmand:speed>
                </extensions>
            </trkpt>
            <trkpt lat="43.8496126" lon="19.725395">
                <ele>569.4</ele>
                <time>2026-06-06T13:13:31Z</time>
                <hdop>4.6</hdop>
                <extensions>
                    <osmand:speed>0.9</osmand:speed>
                </extensions>
            </trkpt>
            <trkpt lat="43.8495323" lon="19.7252988">
                <ele>569</ele>
                <time>2026-06-06T13:13:39Z</time>
                <hdop>4.6</hdop>
                <extensions>
                    <osmand:speed>1.4</osmand:speed>
                </extensions>
            </trkpt>
            <trkpt lat="43.8494549" lon="19.7251895">
                <ele>568.5</ele>
                <time>2026-06-06T13:13:48Z</time>
                <hdop>5</hdop>
                <extensions>
                    <osmand:speed>1.4</osmand:speed>
                </extensions>
            </trkpt>
            <trkpt lat="43.8493948" lon="19.7250842">
                <ele>567</ele>
                <time>2026-06-06T13:13:59Z</time>
                <hdop>5</hdop>
                <extensions>
                    <osmand:speed>0.9</osmand:speed>
                </extensions>
            </trkpt>
            <trkpt lat="43.8493366" lon="19.7249704">
                <ele>566.6</ele>
                <time>2026-06-06T13:14:06Z</time>
                <hdop>5.1</hdop>
                <extensions>
                    <osmand:speed>1.5</osmand:speed>
                </extensions>
            </trkpt>
            <trkpt lat="43.8492996" lon="19.7248511">
                <ele>565.9</ele>
                <time>2026-06-06T13:14:15Z</time>
                <hdop>4.9</hdop>
                <extensions>
                    <osmand:speed>1</osmand:speed>
                </extensions>
            </trkpt>
            <trkpt lat="43.8492624" lon="19.7247319">
                <ele>565.6</ele>
                <time>2026-06-06T13:14:23Z</time>
                <hdop>4.7</hdop>
                <extensions>
                    <osmand:speed>1.1</osmand:speed>
                </extensions>
            </trkpt>
            <trkpt lat="43.8492179" lon="19.7245815">
                <ele>566.4</ele>
                <time>2026-06-06T13:14:31Z</time>
                <hdop>4.6</hdop>
                <extensions>
                    <osmand:speed>1.6</osmand:speed>
                </extensions>
            </trkpt>
            <trkpt lat="43.8491865" lon="19.7244371">
                <ele>567.5</ele>
                <time>2026-06-06T13:14:39Z</time>
                <hdop>4.6</hdop>
                <extensions>
                    <osmand:speed>1.5</osmand:speed>
                </extensions>
            </trkpt>
            <trkpt lat="43.849176" lon="19.7243053">
                <ele>567.3</ele>
                <time>2026-06-06T13:14:47Z</time>
                <hdop>4.6</hdop>
                <extensions>
                    <osmand:speed>1.2</osmand:speed>
                </extensions>
            </trkpt>
            <trkpt lat="43.8491601" lon="19.7241608">
                <ele>568.1</ele>
                <time>2026-06-06T13:14:55Z</time>
                <hdop>4.4</hdop>
                <extensions>
                    <osmand:speed>1.4</osmand:speed>
                </extensions>
            </trkpt>
            <trkpt lat="43.8491735" lon="19.7240262">
                <ele>567.8</ele>
                <time>2026-06-06T13:15:04Z</time>
                <hdop>4.8</hdop>
                <extensions>
                    <osmand:speed>1.4</osmand:speed>
                </extensions>
            </trkpt>
            <trkpt lat="43.8491763" lon="19.7238902">
                <ele>568.3</ele>
                <time>2026-06-06T13:15:11Z</time>
                <hdop>4.7</hdop>
                <extensions>
                    <osmand:speed>1.5</osmand:speed>
                </extensions>
            </trkpt>
            <trkpt lat="43.8491964" lon="19.723746">
                <ele>568.9</ele>
                <time>2026-06-06T13:15:19Z</time>
                <hdop>5.1</hdop>
                <extensions>
                    <osmand:speed>1.2</osmand:speed>
                </extensions>
            </trkpt>
            <trkpt lat="43.8492308" lon="19.7236108">
                <ele>568.3</ele>
                <time>2026-06-06T13:15:28Z</time>
                <hdop>5.2</hdop>
                <extensions>
                    <osmand:speed>1.2</osmand:speed>
                </extensions>
            </trkpt>
            <trkpt lat="43.8492659" lon="19.7234744">
                <ele>568.4</ele>
                <time>2026-06-06T13:15:36Z</time>
                <hdop>5.7</hdop>
                <extensions>
                    <osmand:speed>1.2</osmand:speed>
                </extensions>
            </trkpt>
            <trkpt lat="43.8493371" lon="19.7233551">
                <ele>566.9</ele>
                <time>2026-06-06T13:15:45Z</time>
                <hdop>5.9</hdop>
                <extensions>
                    <osmand:speed>1.3</osmand:speed>
                </extensions>
            </trkpt>
            <trkpt lat="43.8493822" lon="19.7232416">
                <ele>566.6</ele>
                <time>2026-06-06T13:15:52Z</time>
                <hdop>6.1</hdop>
                <extensions>
                    <osmand:speed>1.3</osmand:speed>
                </extensions>
            </trkpt>
            <trkpt lat="43.8494035" lon="19.7231811">
                <ele>566.7</ele>
                <time>2026-06-06T13:15:58Z</time>
                <hdop>6</hdop>
                <extensions>
                    <osmand:speed>1</osmand:speed>
                </extensions>
            </trkpt>
            <trkpt lat="43.8494486" lon="19.7231512">
                <ele>570.6</ele>
                <time>2026-06-06T13:16:08Z</time>
                <hdop>5.4</hdop>
                <extensions>
                    <osmand:speed>0.5</osmand:speed>
                </extensions>
            </trkpt>
            <trkpt lat="43.8495038" lon="19.7230394">
                <ele>570.3</ele>
                <time>2026-06-06T13:16:14Z</time>
                <hdop>5</hdop>
                <extensions>
                    <osmand:speed>1.7</osmand:speed>
                </extensions>
            </trkpt>
            <trkpt lat="43.8495519" lon="19.7229471">
                <ele>570.1</ele>
                <time>2026-06-06T13:16:20Z</time>
                <hdop>4.8</hdop>
                <extensions>
                    <osmand:speed>1.4</osmand:speed>
                </extensions>
            </trkpt>
            <trkpt lat="43.8495985" lon="19.7228393">
                <ele>569.6</ele>
                <time>2026-06-06T13:16:26Z</time>
                <hdop>5.2</hdop>
                <extensions>
                    <osmand:speed>1.6</osmand:speed>
                </extensions>
            </trkpt>
            <trkpt lat="43.8496558" lon="19.722721">
                <ele>568.7</ele>
                <time>2026-06-06T13:16:34Z</time>
                <hdop>5.2</hdop>
                <extensions>
                    <osmand:speed>1.5</osmand:speed>
                </extensions>
            </trkpt>
            <trkpt lat="43.84973" lon="19.7226156">
                <ele>569.1</ele>
                <time>2026-06-06T13:16:42Z</time>
                <hdop>4.9</hdop>
                <extensions>
                    <osmand:speed>1.5</osmand:speed>
                </extensions>
            </trkpt>
            <trkpt lat="43.8497728" lon="19.7224963">
                <ele>571</ele>
                <time>2026-06-06T13:16:50Z</time>
                <hdop>5.3</hdop>
                <extensions>
                    <osmand:speed>1.1</osmand:speed>
                </extensions>
            </trkpt>
            <trkpt lat="43.8498181" lon="19.7223763">
                <ele>570.7</ele>
                <time>2026-06-06T13:16:58Z</time>
                <hdop>5.6</hdop>
                <extensions>
                    <osmand:speed>1.1</osmand:speed>
                </extensions>
            </trkpt>
            <trkpt lat="43.8498593" lon="19.7222608">
                <ele>571</ele>
                <time>2026-06-06T13:17:05Z</time>
                <hdop>5.8</hdop>
                <extensions>
                    <osmand:speed>1.5</osmand:speed>
                </extensions>
            </trkpt>
            <trkpt lat="43.8499095" lon="19.7221424">
                <ele>572.8</ele>
                <time>2026-06-06T13:17:12Z</time>
                <hdop>5.6</hdop>
                <extensions>
                    <osmand:speed>1.3</osmand:speed>
                </extensions>
            </trkpt>
            <trkpt lat="43.8499676" lon="19.7220329">
                <ele>572.1</ele>
                <time>2026-06-06T13:17:21Z</time>
                <hdop>5.5</hdop>
                <extensions>
                    <osmand:speed>1.1</osmand:speed>
                </extensions>
            </trkpt>
            <trkpt lat="43.8500511" lon="19.7219532">
                <ele>572.4</ele>
                <time>2026-06-06T13:17:29Z</time>
                <hdop>5.8</hdop>
                <extensions>
                    <osmand:speed>1.1</osmand:speed>
                </extensions>
            </trkpt>
            <trkpt lat="43.8501225" lon="19.7218621">
                <ele>571.1</ele>
                <time>2026-06-06T13:17:36Z</time>
                <hdop>6.1</hdop>
                <extensions>
                    <osmand:speed>1.2</osmand:speed>
                </extensions>
            </trkpt>
            <trkpt lat="43.8501781" lon="19.7217418">
                <ele>570.8</ele>
                <time>2026-06-06T13:17:44Z</time>
                <hdop>5.8</hdop>
                <extensions>
                    <osmand:speed>1</osmand:speed>
                </extensions>
            </trkpt>
            <trkpt lat="43.8502371" lon="19.72163">
                <ele>572.6</ele>
                <time>2026-06-06T13:17:51Z</time>
                <hdop>5.7</hdop>
                <extensions>
                    <osmand:speed>1.5</osmand:speed>
                </extensions>
            </trkpt>
            <trkpt lat="43.8503158" lon="19.7215254">
                <ele>572.3</ele>
                <time>2026-06-06T13:18:00Z</time>
                <hdop>5.7</hdop>
                <extensions>
                    <osmand:speed>1.3</osmand:speed>
                </extensions>
            </trkpt>
            <trkpt lat="43.8503762" lon="19.72142">
                <ele>572.4</ele>
                <time>2026-06-06T13:18:07Z</time>
                <hdop>5.8</hdop>
                <extensions>
                    <osmand:speed>1.5</osmand:speed>
                </extensions>
            </trkpt>
            <trkpt lat="43.8504466" lon="19.7213329">
                <ele>572.2</ele>
                <time>2026-06-06T13:18:15Z</time>
                <hdop>6</hdop>
                <extensions>
                    <osmand:speed>1.7</osmand:speed>
                </extensions>
            </trkpt>
            <trkpt lat="43.8505084" lon="19.7212511">
                <ele>573.6</ele>
                <time>2026-06-06T13:18:22Z</time>
                <hdop>6.1</hdop>
                <extensions>
                    <osmand:speed>1</osmand:speed>
                </extensions>
            </trkpt>
            <trkpt lat="43.8505788" lon="19.7211808">
                <ele>574.6</ele>
                <time>2026-06-06T13:18:28Z</time>
                <hdop>5.9</hdop>
                <extensions>
                    <osmand:speed>1.4</osmand:speed>
                </extensions>
            </trkpt>
            <trkpt lat="43.8506319" lon="19.7211063">
                <ele>576.6</ele>
                <time>2026-06-06T13:18:34Z</time>
                <hdop>6.2</hdop>
                <extensions>
                    <osmand:speed>1</osmand:speed>
                </extensions>
            </trkpt>
            <trkpt lat="43.8506864" lon="19.7210418">
                <ele>578.2</ele>
                <time>2026-06-06T13:18:40Z</time>
                <hdop>6.3</hdop>
                <extensions>
                    <osmand:speed>1</osmand:speed>
                </extensions>
            </trkpt>
            <trkpt lat="43.8507454" lon="19.7209716">
                <ele>579</ele>
                <time>2026-06-06T13:18:46Z</time>
                <hdop>6</hdop>
                <extensions>
                    <osmand:speed>1.4</osmand:speed>
                </extensions>
            </trkpt>
            <trkpt lat="43.8507971" lon="19.7209244">
                <ele>577.8</ele>
                <time>2026-06-06T13:18:52Z</time>
                <hdop>6.5</hdop>
                <extensions>
                    <osmand:speed>1.1</osmand:speed>
                </extensions>
            </trkpt>
            <trkpt lat="43.8509167" lon="19.7208648">
                <ele>578</ele>
                <time>2026-06-06T13:19:02Z</time>
                <hdop>8.6</hdop>
                <extensions>
                    <osmand:speed>1.5</osmand:speed>
                </extensions>
            </trkpt>
            <trkpt lat="43.8510411" lon="19.7207496">
                <ele>579.4</ele>
                <time>2026-06-06T13:19:11Z</time>
                <hdop>7.8</hdop>
                <extensions>
                    <osmand:speed>1.4</osmand:speed>
                </extensions>
            </trkpt>
            <trkpt lat="43.851131" lon="19.7206627">
                <ele>580.4</ele>
                <time>2026-06-06T13:19:19Z</time>
                <hdop>7</hdop>
                <extensions>
                    <osmand:speed>1.5</osmand:speed>
                </extensions>
            </trkpt>
            <trkpt lat="43.8512084" lon="19.7205858">
                <ele>579.8</ele>
                <time>2026-06-06T13:19:27Z</time>
                <hdop>7</hdop>
                <extensions>
                    <osmand:speed>1.3</osmand:speed>
                </extensions>
            </trkpt>
            <trkpt lat="43.8513017" lon="19.720505">
                <ele>581.4</ele>
                <time>2026-06-06T13:19:34Z</time>
                <hdop>6.7</hdop>
                <extensions>
                    <osmand:speed>1.5</osmand:speed>
                </extensions>
            </trkpt>
            <trkpt lat="43.8513567" lon="19.7203778">
                <ele>579.6</ele>
                <time>2026-06-06T13:19:42Z</time>
                <hdop>6.4</hdop>
                <extensions>
                    <osmand:speed>1.4</osmand:speed>
                </extensions>
            </trkpt>
            <trkpt lat="43.8514367" lon="19.7203001">
                <ele>578</ele>
                <time>2026-06-06T13:19:49Z</time>
                <hdop>6.4</hdop>
                <extensions>
                    <osmand:speed>1.7</osmand:speed>
                </extensions>
            </trkpt>
            <trkpt lat="43.8515024" lon="19.7201778">
                <ele>578.7</ele>
                <time>2026-06-06T13:19:57Z</time>
                <hdop>6.1</hdop>
                <extensions>
                    <osmand:speed>1.4</osmand:speed>
                </extensions>
            </trkpt>
            <trkpt lat="43.8515514" lon="19.7200707">
                <ele>577.8</ele>
                <time>2026-06-06T13:20:06Z</time>
                <hdop>5.8</hdop>
                <extensions>
                    <osmand:speed>1.3</osmand:speed>
                </extensions>
            </trkpt>
            <trkpt lat="43.8515769" lon="19.7199341">
                <ele>578.8</ele>
                <time>2026-06-06T13:20:16Z</time>
                <hdop>6.1</hdop>
                <extensions>
                    <osmand:speed>1.3</osmand:speed>
                </extensions>
            </trkpt>
            <trkpt lat="43.8516052" lon="19.7197847">
                <ele>576.3</ele>
                <time>2026-06-06T13:20:24Z</time>
                <hdop>6.1</hdop>
                <extensions>
                    <osmand:speed>1.4</osmand:speed>
                </extensions>
            </trkpt>
            <trkpt lat="43.8516363" lon="19.7196392">
                <ele>575.4</ele>
                <time>2026-06-06T13:20:32Z</time>
                <hdop>6</hdop>
                <extensions>
                    <osmand:speed>1.6</osmand:speed>
                </extensions>
            </trkpt>
            <trkpt lat="43.851629" lon="19.7194881">
                <ele>576.5</ele>
                <time>2026-06-06T13:20:42Z</time>
                <hdop>6.2</hdop>
                <extensions>
                    <osmand:speed>1.8</osmand:speed>
                </extensions>
            </trkpt>
            <trkpt lat="43.8516256" lon="19.7193313">
                <ele>577.1</ele>
                <time>2026-06-06T13:20:50Z</time>
                <hdop>5.9</hdop>
                <extensions>
                    <osmand:speed>1.5</osmand:speed>
                </extensions>
            </trkpt>
            <trkpt lat="43.8516104" lon="19.7191926">
                <ele>577.2</ele>
                <time>2026-06-06T13:20:58Z</time>
                <hdop>6.6</hdop>
                <extensions>
                    <osmand:speed>1.4</osmand:speed>
                </extensions>
            </trkpt>
            <trkpt lat="43.8515697" lon="19.7190788">
                <ele>576.9</ele>
                <time>2026-06-06T13:21:06Z</time>
                <hdop>6.3</hdop>
                <extensions>
                    <osmand:speed>1.1</osmand:speed>
                </extensions>
            </trkpt>
            <trkpt lat="43.8515466" lon="19.7189965">
                <ele>577.7</ele>
                <time>2026-06-06T13:21:12Z</time>
                <hdop>6.4</hdop>
                <extensions>
                    <osmand:speed>1.1</osmand:speed>
                </extensions>
            </trkpt>
            <trkpt lat="43.851538" lon="19.7189208">
                <ele>578.6</ele>
                <time>2026-06-06T13:21:18Z</time>
                <hdop>6.5</hdop>
                <extensions>
                    <osmand:speed>0</osmand:speed>
                </extensions>
            </trkpt>
            <trkpt lat="43.8515235" lon="19.7188232">
                <ele>580.1</ele>
                <time>2026-06-06T13:21:24Z</time>
                <hdop>6.7</hdop>
                <extensions>
                    <osmand:speed>1.1</osmand:speed>
                </extensions>
            </trkpt>
            <trkpt lat="43.8515073" lon="19.718735">
                <ele>579.1</ele>
                <time>2026-06-06T13:21:30Z</time>
                <hdop>6.8</hdop>
                <extensions>
                    <osmand:speed>1.1</osmand:speed>
                </extensions>
            </trkpt>
            <trkpt lat="43.8514748" lon="19.7186316">
                <ele>580.7</ele>
                <time>2026-06-06T13:21:36Z</time>
                <hdop>7.1</hdop>
                <extensions>
                    <osmand:speed>1.1</osmand:speed>
                </extensions>
            </trkpt>
            <trkpt lat="43.8514526" lon="19.7185111">
                <ele>581.3</ele>
                <time>2026-06-06T13:21:42Z</time>
                <hdop>6.9</hdop>
                <extensions>
                    <osmand:speed>1.3</osmand:speed>
                </extensions>
            </trkpt>
            <trkpt lat="43.8514234" lon="19.7184332">
                <ele>581.2</ele>
                <time>2026-06-06T13:21:48Z</time>
                <hdop>6.8</hdop>
                <extensions>
                    <osmand:speed>0.7</osmand:speed>
                </extensions>
            </trkpt>
            <trkpt lat="43.8514233" lon="19.7183524">
                <ele>581.7</ele>
                <time>2026-06-06T13:21:54Z</time>
                <hdop>7</hdop>
                <extensions>
                    <osmand:speed>0.7</osmand:speed>
                </extensions>
            </trkpt>
            <trkpt lat="43.8514207" lon="19.7182606">
                <ele>580.7</ele>
                <time>2026-06-06T13:22:00Z</time>
                <hdop>7</hdop>
                <extensions>
                    <osmand:speed>0.9</osmand:speed>
                </extensions>
            </trkpt>
            <trkpt lat="43.851423" lon="19.7181608">
                <ele>579.2</ele>
                <time>2026-06-06T13:22:06Z</time>
                <hdop>7.4</hdop>
                <extensions>
                    <osmand:speed>1.2</osmand:speed>
                </extensions>
            </trkpt>
            <trkpt lat="43.8514254" lon="19.7180306">
                <ele>578.6</ele>
                <time>2026-06-06T13:22:12Z</time>
                <hdop>7.7</hdop>
                <extensions>
                    <osmand:speed>1.3</osmand:speed>
                </extensions>
            </trkpt>
            <trkpt lat="43.851426" lon="19.7179084">
                <ele>578.7</ele>
                <time>2026-06-06T13:22:18Z</time>
                <hdop>7.6</hdop>
                <extensions>
                    <osmand:speed>1.1</osmand:speed>
                </extensions>
            </trkpt>
            <trkpt lat="43.8514277" lon="19.7177755">
                <ele>577</ele>
                <time>2026-06-06T13:22:25Z</time>
                <hdop>6.9</hdop>
                <extensions>
                    <osmand:speed>1.3</osmand:speed>
                </extensions>
            </trkpt>
            <trkpt lat="43.851342" lon="19.7177267">
                <ele>574.7</ele>
                <time>2026-06-06T13:22:35Z</time>
                <hdop>5.8</hdop>
                <extensions>
                    <osmand:speed>1.2</osmand:speed>
                </extensions>
            </trkpt>
            <trkpt lat="43.8512523" lon="19.7176918">
                <ele>574.5</ele>
                <time>2026-06-06T13:22:45Z</time>
                <hdop>5.3</hdop>
                <extensions>
                    <osmand:speed>1.1</osmand:speed>
                </extensions>
            </trkpt>
            <trkpt lat="43.8512096" lon="19.7176683">
                <ele>573.5</ele>
                <time>2026-06-06T13:22:51Z</time>
                <hdop>5.1</hdop>
                <extensions>
                    <osmand:speed>0.6</osmand:speed>
                </extensions>
            </trkpt>
            <trkpt lat="43.8512159" lon="19.717644">
                <ele>572.7</ele>
                <time>2026-06-06T13:22:57Z</time>
                <hdop>5.5</hdop>
                <extensions>
                    <osmand:speed>0</osmand:speed>
                </extensions>
            </trkpt>
            <trkpt lat="43.8512191" lon="19.7176338">
                <ele>571.8</ele>
                <time>2026-06-06T13:23:03Z</time>
                <hdop>6.2</hdop>
                <extensions>
                    <osmand:speed>0.1</osmand:speed>
                </extensions>
            </trkpt>
            <trkpt lat="43.8512187" lon="19.7176054">
                <ele>574.8</ele>
                <time>2026-06-06T13:23:09Z</time>
                <hdop>7.2</hdop>
                <extensions>
                    <osmand:speed>0.1</osmand:speed>
                </extensions>
            </trkpt>
            <trkpt lat="43.851213" lon="19.7175885">
                <ele>574.5</ele>
                <time>2026-06-06T13:23:15Z</time>
                <hdop>8.1</hdop>
                <extensions>
                    <osmand:speed>0</osmand:speed>
                </extensions>
            </trkpt>
            <trkpt lat="43.8512398" lon="19.717636">
                <ele>570.2</ele>
                <time>2026-06-06T13:23:36Z</time>
                <hdop>12</hdop>
                <extensions>
                    <osmand:speed>0</osmand:speed>
                </extensions>
            </trkpt>
            <trkpt lat="43.8512481" lon="19.7176972">
                <ele>572.1</ele>
                <time>2026-06-06T13:23:44Z</time>
                <hdop>11.8</hdop>
                <extensions>
                    <osmand:speed>0.1</osmand:speed>
                </extensions>
            </trkpt>
            <trkpt lat="43.8512045" lon="19.7176376">
                <ele>572.9</ele>
                <time>2026-06-06T13:24:12Z</time>
                <hdop>14.6</hdop>
                <extensions>
                    <osmand:speed>0.7</osmand:speed>
                </extensions>
            </trkpt>
            <trkpt lat="43.851169" lon="19.7175958">
                <ele>572.7</ele>
                <time>2026-06-06T13:24:18Z</time>
                <hdop>15.1</hdop>
                <extensions>
                    <osmand:speed>0.7</osmand:speed>
                </extensions>
            </trkpt>
            <trkpt lat="43.8511045" lon="19.7175928">
                <ele>572.5</ele>
                <time>2026-06-06T13:24:24Z</time>
                <hdop>12.7</hdop>
                <extensions>
                    <osmand:speed>1.4</osmand:speed>
                </extensions>
            </trkpt>
            <trkpt lat="43.8510655" lon="19.7175326">
                <ele>573.3</ele>
                <time>2026-06-06T13:24:30Z</time>
                <hdop>11.2</hdop>
                <extensions>
                    <osmand:speed>1</osmand:speed>
                </extensions>
            </trkpt>
            <trkpt lat="43.8509889" lon="19.7174652">
                <ele>574</ele>
                <time>2026-06-06T13:24:38Z</time>
                <hdop>9.9</hdop>
                <extensions>
                    <osmand:speed>1.3</osmand:speed>
                </extensions>
            </trkpt>
            <trkpt lat="43.8509498" lon="19.7174987">
                <ele>576.7</ele>
                <time>2026-06-06T13:24:54Z</time>
                <hdop>8.7</hdop>
                <extensions>
                    <osmand:speed>0.4</osmand:speed>
                </extensions>
            </trkpt>
            <trkpt lat="43.8508634" lon="19.7175475">
                <ele>578.5</ele>
                <time>2026-06-06T13:25:01Z</time>
                <hdop>9.1</hdop>
                <extensions>
                    <osmand:speed>1</osmand:speed>
                </extensions>
            </trkpt>
            <trkpt lat="43.8507806" lon="19.7176121">
                <ele>578.1</ele>
                <time>2026-06-06T13:25:09Z</time>
                <hdop>7.8</hdop>
                <extensions>
                    <osmand:speed>1.4</osmand:speed>
                </extensions>
            </trkpt>
            <trkpt lat="43.8507514" lon="19.7175593">
                <ele>579.2</ele>
                <time>2026-06-06T13:25:28Z</time>
                <hdop>7.7</hdop>
                <extensions>
                    <osmand:speed>0.1</osmand:speed>
                </extensions>
            </trkpt>
            <trkpt lat="43.8507539" lon="19.7175313">
                <ele>577.6</ele>
                <time>2026-06-06T13:25:35Z</time>
                <hdop>7.9</hdop>
                <extensions>
                    <osmand:speed>0.1</osmand:speed>
                </extensions>
            </trkpt>
            <trkpt lat="43.8507743" lon="19.7175332">
                <ele>577.2</ele>
                <time>2026-06-06T13:25:41Z</time>
                <hdop>8.3</hdop>
                <extensions>
                    <osmand:speed>0.1</osmand:speed>
                </extensions>
            </trkpt>
            <trkpt lat="43.8507679" lon="19.7175364">
                <ele>576.8</ele>
                <time>2026-06-06T13:25:47Z</time>
                <hdop>8.6</hdop>
            </trkpt>
            <trkpt lat="43.8507608" lon="19.7175339">
                <ele>575.3</ele>
                <time>2026-06-06T13:25:53Z</time>
                <hdop>8.6</hdop>
                <extensions>
                    <osmand:speed>0</osmand:speed>
                </extensions>
            </trkpt>
            <trkpt lat="43.8507167" lon="19.7175741">
                <ele>577.8</ele>
                <time>2026-06-06T13:26:37Z</time>
                <hdop>10.3</hdop>
                <extensions>
                    <osmand:speed>0.8</osmand:speed>
                </extensions>
            </trkpt>
            <trkpt lat="43.8506118" lon="19.7175966">
                <ele>577.7</ele>
                <time>2026-06-06T13:26:46Z</time>
                <hdop>8.1</hdop>
                <extensions>
                    <osmand:speed>1.2</osmand:speed>
                </extensions>
            </trkpt>
            <trkpt lat="43.8505006" lon="19.7175772">
                <ele>577.9</ele>
                <time>2026-06-06T13:26:56Z</time>
                <hdop>6.8</hdop>
                <extensions>
                    <osmand:speed>1.3</osmand:speed>
                </extensions>
            </trkpt>
            <trkpt lat="43.8503986" lon="19.7175914">
                <ele>580.3</ele>
                <time>2026-06-06T13:27:05Z</time>
                <hdop>6.1</hdop>
                <extensions>
                    <osmand:speed>1.2</osmand:speed>
                </extensions>
            </trkpt>
            <trkpt lat="43.8503158" lon="19.7176866">
                <ele>581.2</ele>
                <time>2026-06-06T13:27:14Z</time>
                <hdop>5.4</hdop>
                <extensions>
                    <osmand:speed>1.1</osmand:speed>
                </extensions>
            </trkpt>
            <trkpt lat="43.8502487" lon="19.7177969">
                <ele>582.8</ele>
                <time>2026-06-06T13:27:22Z</time>
                <hdop>5.4</hdop>
                <extensions>
                    <osmand:speed>1.5</osmand:speed>
                </extensions>
            </trkpt>
            <trkpt lat="43.8501708" lon="19.7178572">
                <ele>585</ele>
                <time>2026-06-06T13:27:30Z</time>
                <hdop>4.9</hdop>
                <extensions>
                    <osmand:speed>1.4</osmand:speed>
                </extensions>
            </trkpt>
            <trkpt lat="43.8501247" lon="19.7178849">
                <ele>587.4</ele>
                <time>2026-06-06T13:27:43Z</time>
                <hdop>5.4</hdop>
                <extensions>
                    <osmand:speed>0.2</osmand:speed>
                </extensions>
            </trkpt>
            <trkpt lat="43.8501232" lon="19.7178818">
                <ele>586.7</ele>
                <time>2026-06-06T13:27:51Z</time>
                <hdop>6.1</hdop>
                <extensions>
                    <osmand:speed>0.1</osmand:speed>
                </extensions>
            </trkpt>
            <trkpt lat="43.8501031" lon="19.7178975">
                <ele>585.6</ele>
                <time>2026-06-06T13:27:57Z</time>
                <hdop>7</hdop>
                <extensions>
                    <osmand:speed>0.3</osmand:speed>
                </extensions>
            </trkpt>
            <trkpt lat="43.850062" lon="19.7178115">
                <ele>587.3</ele>
                <time>2026-06-06T13:28:03Z</time>
                <hdop>6.9</hdop>
                <extensions>
                    <osmand:speed>1</osmand:speed>
                </extensions>
            </trkpt>
            <trkpt lat="43.8500685" lon="19.7176731">
                <ele>587.6</ele>
                <time>2026-06-06T13:28:11Z</time>
                <hdop>6.4</hdop>
                <extensions>
                    <osmand:speed>1.1</osmand:speed>
                </extensions>
            </trkpt>
            <trkpt lat="43.8500666" lon="19.717519">
                <ele>587.4</ele>
                <time>2026-06-06T13:28:19Z</time>
                <hdop>5.9</hdop>
                <extensions>
                    <osmand:speed>1.6</osmand:speed>
                </extensions>
            </trkpt>
            <trkpt lat="43.850081" lon="19.7173749">
                <ele>588.9</ele>
                <time>2026-06-06T13:28:27Z</time>
                <hdop>5.7</hdop>
                <extensions>
                    <osmand:speed>1.7</osmand:speed>
                </extensions>
            </trkpt>
            <trkpt lat="43.8500863" lon="19.7172868">
                <ele>587.4</ele>
                <time>2026-06-06T13:28:33Z</time>
                <hdop>6.1</hdop>
                <extensions>
                    <osmand:speed>1.2</osmand:speed>
                </extensions>
            </trkpt>
            <trkpt lat="43.8501185" lon="19.7171447">
                <ele>588</ele>
                <time>2026-06-06T13:28:41Z</time>
                <hdop>6.3</hdop>
                <extensions>
                    <osmand:speed>1.4</osmand:speed>
                </extensions>
            </trkpt>
            <trkpt lat="43.8501808" lon="19.71703">
                <ele>588.9</ele>
                <time>2026-06-06T13:28:48Z</time>
                <hdop>6</hdop>
                <extensions>
                    <osmand:speed>1.5</osmand:speed>
                </extensions>
            </trkpt>
            <trkpt lat="43.8502488" lon="19.7169343">
                <ele>589.3</ele>
                <time>2026-06-06T13:28:55Z</time>
                <hdop>5.8</hdop>
                <extensions>
                    <osmand:speed>1.6</osmand:speed>
                </extensions>
            </trkpt>
            <trkpt lat="43.8503216" lon="19.7168124">
                <ele>591</ele>
                <time>2026-06-06T13:29:03Z</time>
                <hdop>6.4</hdop>
                <extensions>
                    <osmand:speed>1.5</osmand:speed>
                </extensions>
            </trkpt>
            <trkpt lat="43.850389" lon="19.716709">
                <ele>591</ele>
                <time>2026-06-06T13:29:10Z</time>
                <hdop>6.3</hdop>
                <extensions>
                    <osmand:speed>1.6</osmand:speed>
                </extensions>
            </trkpt>
            <trkpt lat="43.8504193" lon="19.7166519">
                <ele>590.2</ele>
                <time>2026-06-06T13:29:17Z</time>
                <hdop>5.9</hdop>
                <extensions>
                    <osmand:speed>0.5</osmand:speed>
                </extensions>
            </trkpt>
            <trkpt lat="43.8504273" lon="19.7166287">
                <ele>590.2</ele>
                <time>2026-06-06T13:29:23Z</time>
                <hdop>6.2</hdop>
            </trkpt>
            <trkpt lat="43.8504705" lon="19.7165718">
                <ele>590.5</ele>
                <time>2026-06-06T13:29:29Z</time>
                <hdop>6.4</hdop>
                <extensions>
                    <osmand:speed>0.6</osmand:speed>
                </extensions>
            </trkpt>
            <trkpt lat="43.850531" lon="19.7165375">
                <ele>591.9</ele>
                <time>2026-06-06T13:29:35Z</time>
                <hdop>6.2</hdop>
                <extensions>
                    <osmand:speed>1</osmand:speed>
                </extensions>
            </trkpt>
            <trkpt lat="43.8505854" lon="19.7164903">
                <ele>593.8</ele>
                <time>2026-06-06T13:29:41Z</time>
                <hdop>6.3</hdop>
                <extensions>
                    <osmand:speed>0.8</osmand:speed>
                </extensions>
            </trkpt>
            <trkpt lat="43.8506508" lon="19.7164558">
                <ele>595.2</ele>
                <time>2026-06-06T13:29:47Z</time>
                <hdop>6.5</hdop>
                <extensions>
                    <osmand:speed>0.8</osmand:speed>
                </extensions>
            </trkpt>
            <trkpt lat="43.8507327" lon="19.7164204">
                <ele>597.8</ele>
                <time>2026-06-06T13:29:53Z</time>
                <hdop>6.8</hdop>
                <extensions>
                    <osmand:speed>1.4</osmand:speed>
                </extensions>
            </trkpt>
            <trkpt lat="43.8508004" lon="19.716346">
                <ele>598.8</ele>
                <time>2026-06-06T13:29:59Z</time>
                <hdop>6.8</hdop>
                <extensions>
                    <osmand:speed>1.4</osmand:speed>
                </extensions>
            </trkpt>
            <trkpt lat="43.8507995" lon="19.7162635">
                <ele>598.9</ele>
                <time>2026-06-06T13:30:05Z</time>
                <hdop>6.7</hdop>
                <extensions>
                    <osmand:speed>1.4</osmand:speed>
                </extensions>
            </trkpt>
            <trkpt lat="43.8507475" lon="19.7162152">
                <ele>599.1</ele>
                <time>2026-06-06T13:30:11Z</time>
                <hdop>6.6</hdop>
                <extensions>
                    <osmand:speed>1.3</osmand:speed>
                </extensions>
            </trkpt>
            <trkpt lat="43.8506858" lon="19.7161627">
                <ele>598.9</ele>
                <time>2026-06-06T13:30:17Z</time>
                <hdop>5.9</hdop>
                <extensions>
                    <osmand:speed>1.4</osmand:speed>
                </extensions>
            </trkpt>
            <trkpt lat="43.8506291" lon="19.716108">
                <ele>599.7</ele>
                <time>2026-06-06T13:30:23Z</time>
                <hdop>5.8</hdop>
                <extensions>
                    <osmand:speed>1.1</osmand:speed>
                </extensions>
            </trkpt>
            <trkpt lat="43.8505785" lon="19.7160831">
                <ele>602.2</ele>
                <time>2026-06-06T13:30:29Z</time>
                <hdop>5.9</hdop>
                <extensions>
                    <osmand:speed>0.1</osmand:speed>
                </extensions>
            </trkpt>
            <trkpt lat="43.8505602" lon="19.7160485">
                <ele>604.2</ele>
                <time>2026-06-06T13:30:40Z</time>
                <hdop>6.8</hdop>
                <extensions>
                    <osmand:speed>0.2</osmand:speed>
                </extensions>
            </trkpt>
            <trkpt lat="43.8505028" lon="19.7160368">
                <ele>603.1</ele>
                <time>2026-06-06T13:30:46Z</time>
                <hdop>6.9</hdop>
                <extensions>
                    <osmand:speed>1.1</osmand:speed>
                </extensions>
            </trkpt>
            <trkpt lat="43.8504111" lon="19.7160222">
                <ele>603.8</ele>
                <time>2026-06-06T13:30:54Z</time>
                <hdop>7.4</hdop>
                <extensions>
                    <osmand:speed>1.1</osmand:speed>
                </extensions>
            </trkpt>
            <trkpt lat="43.8503796" lon="19.7159707">
                <ele>603.6</ele>
                <time>2026-06-06T13:31:03Z</time>
                <hdop>8.1</hdop>
                <extensions>
                    <osmand:speed>0.1</osmand:speed>
                </extensions>
            </trkpt>
            <trkpt lat="43.8503453" lon="19.7159269">
                <ele>603</ele>
                <time>2026-06-06T13:31:12Z</time>
                <hdop>10.8</hdop>
                <extensions>
                    <osmand:speed>1.5</osmand:speed>
                </extensions>
            </trkpt>
            <trkpt lat="43.850244" lon="19.7159502">
                <ele>604.7</ele>
                <time>2026-06-06T13:31:19Z</time>
                <hdop>11.6</hdop>
                <extensions>
                    <osmand:speed>1.4</osmand:speed>
                </extensions>
            </trkpt>
            <trkpt lat="43.8501459" lon="19.7159696">
                <ele>604.2</ele>
                <time>2026-06-06T13:31:28Z</time>
                <hdop>10.7</hdop>
                <extensions>
                    <osmand:speed>1.3</osmand:speed>
                </extensions>
            </trkpt>
            <trkpt lat="43.8500997" lon="19.7159225">
                <ele>603.9</ele>
                <time>2026-06-06T13:31:49Z</time>
                <hdop>12.1</hdop>
                <extensions>
                    <osmand:speed>2</osmand:speed>
                </extensions>
            </trkpt>
            <trkpt lat="43.850136" lon="19.7160342">
                <ele>605.4</ele>
                <time>2026-06-06T13:32:06Z</time>
                <hdop>13.4</hdop>
            </trkpt>
            <trkpt lat="43.8501566" lon="19.7160898">
                <ele>606.6</ele>
                <time>2026-06-06T13:32:25Z</time>
                <hdop>15.5</hdop>
                <extensions>
                    <osmand:speed>0</osmand:speed>
                </extensions>
            </trkpt>
            <trkpt lat="43.8501005" lon="19.7160883">
                <ele>608.3</ele>
                <time>2026-06-06T13:32:35Z</time>
                <hdop>13.6</hdop>
                <extensions>
                    <osmand:speed>1.2</osmand:speed>
                </extensions>
            </trkpt>
            <trkpt lat="43.850052" lon="19.7160892">
                <ele>608.8</ele>
                <time>2026-06-06T13:32:41Z</time>
                <hdop>12</hdop>
                <extensions>
                    <osmand:speed>0.9</osmand:speed>
                </extensions>
            </trkpt>
            <trkpt lat="43.8499429" lon="19.7160997">
                <ele>611.7</ele>
                <time>2026-06-06T13:32:50Z</time>
                <hdop>9.9</hdop>
                <extensions>
                    <osmand:speed>1.4</osmand:speed>
                </extensions>
            </trkpt>
            <trkpt lat="43.8498446" lon="19.7161631">
                <ele>612.4</ele>
                <time>2026-06-06T13:33:05Z</time>
                <hdop>8.4</hdop>
                <extensions>
                    <osmand:speed>0.8</osmand:speed>
                </extensions>
            </trkpt>
            <trkpt lat="43.8497581" lon="19.7162165">
                <ele>613.2</ele>
                <time>2026-06-06T13:33:13Z</time>
                <hdop>7.7</hdop>
                <extensions>
                    <osmand:speed>1.1</osmand:speed>
                </extensions>
            </trkpt>
            <trkpt lat="43.8496683" lon="19.7163011">
                <ele>615.5</ele>
                <time>2026-06-06T13:33:22Z</time>
                <hdop>7.4</hdop>
                <extensions>
                    <osmand:speed>1.4</osmand:speed>
                </extensions>
            </trkpt>
            <trkpt lat="43.8495667" lon="19.7163347">
                <ele>615.8</ele>
                <time>2026-06-06T13:33:33Z</time>
                <hdop>7.2</hdop>
                <extensions>
                    <osmand:speed>1</osmand:speed>
                </extensions>
            </trkpt>
            <trkpt lat="43.8495556" lon="19.716202">
                <ele>615.8</ele>
                <time>2026-06-06T13:33:42Z</time>
                <hdop>6.6</hdop>
                <extensions>
                    <osmand:speed>1.4</osmand:speed>
                </extensions>
            </trkpt>
            <trkpt lat="43.8496091" lon="19.7160868">
                <ele>616.6</ele>
                <time>2026-06-06T13:33:50Z</time>
                <hdop>6.7</hdop>
                <extensions>
                    <osmand:speed>1.3</osmand:speed>
                </extensions>
            </trkpt>
            <trkpt lat="43.8496481" lon="19.7160385">
                <ele>617.3</ele>
                <time>2026-06-06T13:33:56Z</time>
                <hdop>6.7</hdop>
                <extensions>
                    <osmand:speed>1.2</osmand:speed>
                </extensions>
            </trkpt>
            <trkpt lat="43.849694" lon="19.7159168">
                <ele>618.1</ele>
                <time>2026-06-06T13:34:14Z</time>
                <hdop>7.3</hdop>
                <extensions>
                    <osmand:speed>0.1</osmand:speed>
                </extensions>
            </trkpt>
            <trkpt lat="43.8497399" lon="19.7159028">
                <ele>618</ele>
                <time>2026-06-06T13:34:26Z</time>
                <hdop>8</hdop>
                <extensions>
                    <osmand:speed>0.2</osmand:speed>
                </extensions>
            </trkpt>
            <trkpt lat="43.849787" lon="19.7158086">
                <ele>618.2</ele>
                <time>2026-06-06T13:34:32Z</time>
                <hdop>7.6</hdop>
                <extensions>
                    <osmand:speed>1.2</osmand:speed>
                </extensions>
            </trkpt>
            <trkpt lat="43.8498577" lon="19.7157138">
                <ele>618.6</ele>
                <time>2026-06-06T13:34:40Z</time>
                <hdop>7.1</hdop>
                <extensions>
                    <osmand:speed>0.7</osmand:speed>
                </extensions>
            </trkpt>
            <trkpt lat="43.8499425" lon="19.7156367">
                <ele>620.4</ele>
                <time>2026-06-06T13:34:48Z</time>
                <hdop>7.1</hdop>
                <extensions>
                    <osmand:speed>1.4</osmand:speed>
                </extensions>
            </trkpt>
            <trkpt lat="43.8500127" lon="19.7155522">
                <ele>621</ele>
                <time>2026-06-06T13:34:55Z</time>
                <hdop>7.4</hdop>
                <extensions>
                    <osmand:speed>0.7</osmand:speed>
                </extensions>
            </trkpt>
            <trkpt lat="43.8500552" lon="19.7155262">
                <ele>621</ele>
                <time>2026-06-06T13:35:01Z</time>
                <hdop>7.3</hdop>
                <extensions>
                    <osmand:speed>1.2</osmand:speed>
                </extensions>
            </trkpt>
            <trkpt lat="43.8501391" lon="19.7154225">
                <ele>622.2</ele>
                <time>2026-06-06T13:35:10Z</time>
                <hdop>7</hdop>
                <extensions>
                    <osmand:speed>1.2</osmand:speed>
                </extensions>
            </trkpt>
            <trkpt lat="43.8502154" lon="19.7153213">
                <ele>623.9</ele>
                <time>2026-06-06T13:35:18Z</time>
                <hdop>6.9</hdop>
                <extensions>
                    <osmand:speed>1.2</osmand:speed>
                </extensions>
            </trkpt>
            <trkpt lat="43.8502871" lon="19.7152399">
                <ele>626.6</ele>
                <time>2026-06-06T13:35:25Z</time>
                <hdop>6.6</hdop>
                <extensions>
                    <osmand:speed>1.3</osmand:speed>
                </extensions>
            </trkpt>
            <trkpt lat="43.8503457" lon="19.7151368">
                <ele>629</ele>
                <time>2026-06-06T13:35:33Z</time>
                <hdop>6.9</hdop>
                <extensions>
                    <osmand:speed>1.2</osmand:speed>
                </extensions>
            </trkpt>
            <trkpt lat="43.8503838" lon="19.7150163">
                <ele>631.9</ele>
                <time>2026-06-06T13:35:41Z</time>
                <hdop>7</hdop>
                <extensions>
                    <osmand:speed>0.9</osmand:speed>
                </extensions>
            </trkpt>
            <trkpt lat="43.8503819" lon="19.714946">
                <ele>630.2</ele>
                <time>2026-06-06T13:35:57Z</time>
                <hdop>9.5</hdop>
                <extensions>
                    <osmand:speed>0.8</osmand:speed>
                </extensions>
            </trkpt>
            <trkpt lat="43.8503812" lon="19.714796">
                <ele>632.2</ele>
                <time>2026-06-06T13:36:05Z</time>
                <hdop>9.1</hdop>
                <extensions>
                    <osmand:speed>1.4</osmand:speed>
                </extensions>
            </trkpt>
            <trkpt lat="43.8503903" lon="19.714662">
                <ele>634.2</ele>
                <time>2026-06-06T13:36:14Z</time>
                <hdop>8.8</hdop>
                <extensions>
                    <osmand:speed>0.9</osmand:speed>
                </extensions>
            </trkpt>
            <trkpt lat="43.8503946" lon="19.7145134">
                <ele>634.1</ele>
                <time>2026-06-06T13:36:21Z</time>
                <hdop>8.9</hdop>
                <extensions>
                    <osmand:speed>1.2</osmand:speed>
                </extensions>
            </trkpt>
            <trkpt lat="43.8503598" lon="19.7143937">
                <ele>635.6</ele>
                <time>2026-06-06T13:36:27Z</time>
                <hdop>9.2</hdop>
                <extensions>
                    <osmand:speed>1.4</osmand:speed>
                </extensions>
            </trkpt>
            <trkpt lat="43.850352" lon="19.7142464">
                <ele>637.3</ele>
                <time>2026-06-06T13:36:35Z</time>
                <hdop>8.9</hdop>
                <extensions>
                    <osmand:speed>1.2</osmand:speed>
                </extensions>
            </trkpt>
            <trkpt lat="43.8503366" lon="19.7141019">
                <ele>637.4</ele>
                <time>2026-06-06T13:36:42Z</time>
                <hdop>8.9</hdop>
                <extensions>
                    <osmand:speed>1.5</osmand:speed>
                </extensions>
            </trkpt>
            <trkpt lat="43.850313" lon="19.7139507">
                <ele>637.2</ele>
                <time>2026-06-06T13:36:50Z</time>
                <hdop>8.6</hdop>
                <extensions>
                    <osmand:speed>1.3</osmand:speed>
                </extensions>
            </trkpt>
            <trkpt lat="43.8502804" lon="19.7138103">
                <ele>637.3</ele>
                <time>2026-06-06T13:36:57Z</time>
                <hdop>8.2</hdop>
                <extensions>
                    <osmand:speed>1.4</osmand:speed>
                </extensions>
            </trkpt>
            <trkpt lat="43.8502088" lon="19.7136887">
                <ele>635.5</ele>
                <time>2026-06-06T13:37:03Z</time>
                <hdop>8.2</hdop>
                <extensions>
                    <osmand:speed>1.5</osmand:speed>
                </extensions>
            </trkpt>
            <trkpt lat="43.8501544" lon="19.713562">
                <ele>633.8</ele>
                <time>2026-06-06T13:37:10Z</time>
                <hdop>7.4</hdop>
                <extensions>
                    <osmand:speed>1.6</osmand:speed>
                </extensions>
            </trkpt>
            <trkpt lat="43.8500696" lon="19.7134468">
                <ele>633</ele>
                <time>2026-06-06T13:37:18Z</time>
                <hdop>6.9</hdop>
                <extensions>
                    <osmand:speed>1.4</osmand:speed>
                </extensions>
            </trkpt>
            <trkpt lat="43.8500386" lon="19.7133974">
                <ele>631.8</ele>
                <time>2026-06-06T13:37:35Z</time>
                <hdop>6.4</hdop>
                <extensions>
                    <osmand:speed>0.3</osmand:speed>
                </extensions>
            </trkpt>
            <trkpt lat="43.8499611" lon="19.7133109">
                <ele>635.4</ele>
                <time>2026-06-06T13:37:44Z</time>
                <hdop>5.4</hdop>
                <extensions>
                    <osmand:speed>1.5</osmand:speed>
                </extensions>
            </trkpt>
            <trkpt lat="43.849883" lon="19.7132278">
                <ele>638.4</ele>
                <time>2026-06-06T13:37:52Z</time>
                <hdop>4.5</hdop>
                <extensions>
                    <osmand:speed>1.6</osmand:speed>
                </extensions>
            </trkpt>
            <trkpt lat="43.8497988" lon="19.7131518">
                <ele>638.8</ele>
                <time>2026-06-06T13:38:00Z</time>
                <hdop>3.9</hdop>
                <extensions>
                    <osmand:speed>1.5</osmand:speed>
                </extensions>
            </trkpt>
            <trkpt lat="43.8497147" lon="19.7130668">
                <ele>638.6</ele>
                <time>2026-06-06T13:38:09Z</time>
                <hdop>3.9</hdop>
                <extensions>
                    <osmand:speed>1.1</osmand:speed>
                </extensions>
            </trkpt>
            <trkpt lat="43.8497223" lon="19.7130045">
                <ele>637.8</ele>
                <time>2026-06-06T13:38:54Z</time>
                <hdop>7.5</hdop>
                <extensions>
                    <osmand:speed>0.1</osmand:speed>
                </extensions>
            </trkpt>
            <trkpt lat="43.8497076" lon="19.7129418">
                <ele>636.3</ele>
                <time>2026-06-06T13:39:12Z</time>
                <hdop>9.1</hdop>
                <extensions>
                    <osmand:speed>0.9</osmand:speed>
                </extensions>
            </trkpt>
            <trkpt lat="43.8496516" lon="19.7128908">
                <ele>636.7</ele>
                <time>2026-06-06T13:40:25Z</time>
                <hdop>9.9</hdop>
                <extensions>
                    <osmand:speed>1</osmand:speed>
                </extensions>
            </trkpt>
            <trkpt lat="43.8495781" lon="19.7127946">
                <ele>637.1</ele>
                <time>2026-06-06T13:40:35Z</time>
                <hdop>8.5</hdop>
                <extensions>
                    <osmand:speed>1</osmand:speed>
                </extensions>
            </trkpt>
            <trkpt lat="43.849547" lon="19.7127485">
                <ele>638.5</ele>
                <time>2026-06-06T13:40:41Z</time>
                <hdop>8.6</hdop>
                <extensions>
                    <osmand:speed>0.4</osmand:speed>
                </extensions>
            </trkpt>
            <trkpt lat="43.8495077" lon="19.71271">
                <ele>638.1</ele>
                <time>2026-06-06T13:41:01Z</time>
                <hdop>5.7</hdop>
                <extensions>
                    <osmand:speed>1.2</osmand:speed>
                </extensions>
            </trkpt>
            <trkpt lat="43.8494587" lon="19.7125907">
                <ele>637.8</ele>
                <time>2026-06-06T13:41:17Z</time>
                <hdop>5.3</hdop>
                <extensions>
                    <osmand:speed>0</osmand:speed>
                </extensions>
            </trkpt>
            <trkpt lat="43.8494264" lon="19.7125397">
                <ele>637.8</ele>
                <time>2026-06-06T13:41:45Z</time>
                <hdop>6.9</hdop>
                <extensions>
                    <osmand:speed>1.3</osmand:speed>
                </extensions>
            </trkpt>
            <trkpt lat="43.8493833" lon="19.7124014">
                <ele>636.6</ele>
                <time>2026-06-06T13:41:53Z</time>
                <hdop>7.1</hdop>
                <extensions>
                    <osmand:speed>1.7</osmand:speed>
                </extensions>
            </trkpt>
            <trkpt lat="43.8493811" lon="19.7123615">
                <ele>637.1</ele>
                <time>2026-06-06T13:42:18Z</time>
                <hdop>9.2</hdop>
                <extensions>
                    <osmand:speed>0</osmand:speed>
                </extensions>
            </trkpt>
            <trkpt lat="43.8493432" lon="19.7123074">
                <ele>634.7</ele>
                <time>2026-06-06T13:42:26Z</time>
                <hdop>8.3</hdop>
                <extensions>
                    <osmand:speed>0.7</osmand:speed>
                </extensions>
            </trkpt>
            <trkpt lat="43.849295" lon="19.7122006">
                <ele>635.9</ele>
                <time>2026-06-06T13:42:44Z</time>
                <hdop>6.2</hdop>
                <extensions>
                    <osmand:speed>1</osmand:speed>
                </extensions>
            </trkpt>
            <trkpt lat="43.8492593" lon="19.7120983">
                <ele>635</ele>
                <time>2026-06-06T13:43:00Z</time>
                <hdop>5.8</hdop>
                <extensions>
                    <osmand:speed>0.3</osmand:speed>
                </extensions>
            </trkpt>
            <trkpt lat="43.8492436" lon="19.7119693">
                <ele>636.3</ele>
                <time>2026-06-06T13:43:08Z</time>
                <hdop>6.9</hdop>
                <extensions>
                    <osmand:speed>1.3</osmand:speed>
                </extensions>
            </trkpt>
            <trkpt lat="43.849232" lon="19.7118949">
                <ele>636.3</ele>
                <time>2026-06-06T13:43:23Z</time>
                <hdop>7.6</hdop>
                <extensions>
                    <osmand:speed>1</osmand:speed>
                </extensions>
            </trkpt>
            <trkpt lat="43.8492218" lon="19.7118246">
                <ele>637.4</ele>
                <time>2026-06-06T13:43:29Z</time>
                <hdop>7.7</hdop>
                <extensions>
                    <osmand:speed>0.8</osmand:speed>
                </extensions>
            </trkpt>
            <trkpt lat="43.8492249" lon="19.7117498">
                <ele>638</ele>
                <time>2026-06-06T13:43:37Z</time>
                <hdop>8.9</hdop>
                <extensions>
                    <osmand:speed>1.1</osmand:speed>
                </extensions>
            </trkpt>
            <trkpt lat="43.8492278" lon="19.7116766">
                <ele>636.2</ele>
                <time>2026-06-06T13:44:07Z</time>
                <hdop>10.3</hdop>
                <extensions>
                    <osmand:speed>0.8</osmand:speed>
                </extensions>
            </trkpt>
            <trkpt lat="43.849245" lon="19.7115361">
                <ele>635.8</ele>
                <time>2026-06-06T13:44:15Z</time>
                <hdop>10.8</hdop>
                <extensions>
                    <osmand:speed>1.4</osmand:speed>
                </extensions>
            </trkpt>
            <trkpt lat="43.8492686" lon="19.7114009">
                <ele>635.6</ele>
                <time>2026-06-06T13:44:22Z</time>
                <hdop>9.3</hdop>
                <extensions>
                    <osmand:speed>1.5</osmand:speed>
                </extensions>
            </trkpt>
            <trkpt lat="43.8492599" lon="19.7113336">
                <ele>636.5</ele>
                <time>2026-06-06T13:44:35Z</time>
                <hdop>8.3</hdop>
                <extensions>
                    <osmand:speed>0.6</osmand:speed>
                </extensions>
            </trkpt>
            <trkpt lat="43.8492714" lon="19.7112617">
                <ele>637.3</ele>
                <time>2026-06-06T13:45:01Z</time>
                <hdop>8.6</hdop>
                <extensions>
                    <osmand:speed>1.3</osmand:speed>
                </extensions>
            </trkpt>
            <trkpt lat="43.8492929" lon="19.7111277">
                <ele>636.2</ele>
                <time>2026-06-06T13:45:10Z</time>
                <hdop>7.1</hdop>
                <extensions>
                    <osmand:speed>1.3</osmand:speed>
                </extensions>
            </trkpt>
            <trkpt lat="43.8493404" lon="19.7110065">
                <ele>637.6</ele>
                <time>2026-06-06T13:45:18Z</time>
                <hdop>6.5</hdop>
                <extensions>
                    <osmand:speed>1.4</osmand:speed>
                </extensions>
            </trkpt>
            <trkpt lat="43.8494062" lon="19.7108908">
                <ele>637.6</ele>
                <time>2026-06-06T13:45:27Z</time>
                <hdop>5.8</hdop>
                <extensions>
                    <osmand:speed>1.3</osmand:speed>
                </extensions>
            </trkpt>
            <trkpt lat="43.8494621" lon="19.7107664">
                <ele>637.3</ele>
                <time>2026-06-06T13:45:38Z</time>
                <hdop>5.7</hdop>
                <extensions>
                    <osmand:speed>1.4</osmand:speed>
                </extensions>
            </trkpt>
            <trkpt lat="43.849518" lon="19.7106391">
                <ele>634.7</ele>
                <time>2026-06-06T13:45:46Z</time>
                <hdop>5.7</hdop>
                <extensions>
                    <osmand:speed>1.4</osmand:speed>
                </extensions>
            </trkpt>
            <trkpt lat="43.8495188" lon="19.7105978">
                <ele>636</ele>
                <time>2026-06-06T13:45:52Z</time>
                <hdop>6.7</hdop>
            </trkpt>
            <trkpt lat="43.8495297" lon="19.7105633">
                <ele>638.2</ele>
                <time>2026-06-06T13:45:58Z</time>
                <hdop>6.8</hdop>
                <extensions>
                    <osmand:speed>0.9</osmand:speed>
                </extensions>
            </trkpt>
            <trkpt lat="43.8495555" lon="19.7105024">
                <ele>638.8</ele>
                <time>2026-06-06T13:46:04Z</time>
                <hdop>10.2</hdop>
                <extensions>
                    <osmand:speed>0.7</osmand:speed>
                </extensions>
            </trkpt>
            <trkpt lat="43.8495722" lon="19.7104309">
                <ele>638.4</ele>
                <time>2026-06-06T13:46:11Z</time>
                <hdop>11.2</hdop>
                <extensions>
                    <osmand:speed>0.8</osmand:speed>
                </extensions>
            </trkpt>
            <trkpt lat="43.8496469" lon="19.7103911">
                <ele>639</ele>
                <time>2026-06-06T13:46:17Z</time>
                <hdop>9.8</hdop>
                <extensions>
                    <osmand:speed>1.5</osmand:speed>
                </extensions>
            </trkpt>
            <trkpt lat="43.8496788" lon="19.7103797">
                <ele>638.9</ele>
                <time>2026-06-06T13:46:23Z</time>
                <hdop>8.4</hdop>
                <extensions>
                    <osmand:speed>0.4</osmand:speed>
                </extensions>
            </trkpt>
            <trkpt lat="43.8497342" lon="19.7103951">
                <ele>640</ele>
                <time>2026-06-06T13:46:29Z</time>
                <hdop>8</hdop>
                <extensions>
                    <osmand:speed>0.4</osmand:speed>
                </extensions>
            </trkpt>
            <trkpt lat="43.8497812" lon="19.7103875">
                <ele>640.1</ele>
                <time>2026-06-06T13:46:35Z</time>
                <hdop>7.3</hdop>
                <extensions>
                    <osmand:speed>0.9</osmand:speed>
                </extensions>
            </trkpt>
            <trkpt lat="43.849832" lon="19.7103422">
                <ele>641.2</ele>
                <time>2026-06-06T13:46:41Z</time>
                <hdop>8.3</hdop>
                <extensions>
                    <osmand:speed>1</osmand:speed>
                </extensions>
            </trkpt>
            <trkpt lat="43.8499186" lon="19.7103156">
                <ele>641.7</ele>
                <time>2026-06-06T13:46:52Z</time>
                <hdop>8.2</hdop>
                <extensions>
                    <osmand:speed>0.5</osmand:speed>
                </extensions>
            </trkpt>
            <trkpt lat="43.8499979" lon="19.7102797">
                <ele>642.1</ele>
                <time>2026-06-06T13:46:58Z</time>
                <hdop>7.9</hdop>
                <extensions>
                    <osmand:speed>1.2</osmand:speed>
                </extensions>
            </trkpt>
            <trkpt lat="43.8500467" lon="19.7102182">
                <ele>640.9</ele>
                <time>2026-06-06T13:47:04Z</time>
                <hdop>8.1</hdop>
                <extensions>
                    <osmand:speed>0.7</osmand:speed>
                </extensions>
            </trkpt>
            <trkpt lat="43.8500495" lon="19.7102025">
                <ele>642.9</ele>
                <time>2026-06-06T13:47:10Z</time>
                <hdop>8.4</hdop>
                <extensions>
                    <osmand:speed>0.1</osmand:speed>
                </extensions>
            </trkpt>
            <trkpt lat="43.8500982" lon="19.7101676">
                <ele>646.4</ele>
                <time>2026-06-06T13:47:28Z</time>
                <hdop>8.6</hdop>
                <extensions>
                    <osmand:speed>1.6</osmand:speed>
                </extensions>
            </trkpt>
            <trkpt lat="43.8502067" lon="19.7101666">
                <ele>646.3</ele>
                <time>2026-06-06T13:47:37Z</time>
                <hdop>8</hdop>
                <extensions>
                    <osmand:speed>1.2</osmand:speed>
                </extensions>
            </trkpt>
            <trkpt lat="43.8503095" lon="19.7101455">
                <ele>644.8</ele>
                <time>2026-06-06T13:47:46Z</time>
                <hdop>7.2</hdop>
                <extensions>
                    <osmand:speed>1.5</osmand:speed>
                </extensions>
            </trkpt>
            <trkpt lat="43.8504052" lon="19.7101368">
                <ele>644.5</ele>
                <time>2026-06-06T13:47:55Z</time>
                <hdop>6.5</hdop>
                <extensions>
                    <osmand:speed>1.3</osmand:speed>
                </extensions>
            </trkpt>
            <trkpt lat="43.8505002" lon="19.7101216">
                <ele>644.5</ele>
                <time>2026-06-06T13:48:04Z</time>
                <hdop>6</hdop>
                <extensions>
                    <osmand:speed>1.1</osmand:speed>
                </extensions>
            </trkpt>
            <trkpt lat="43.8506083" lon="19.7101371">
                <ele>644.4</ele>
                <time>2026-06-06T13:48:13Z</time>
                <hdop>5.7</hdop>
                <extensions>
                    <osmand:speed>1.5</osmand:speed>
                </extensions>
            </trkpt>
            <trkpt lat="43.8506998" lon="19.7101376">
                <ele>645.8</ele>
                <time>2026-06-06T13:48:22Z</time>
                <hdop>5.4</hdop>
                <extensions>
                    <osmand:speed>1.2</osmand:speed>
                </extensions>
            </trkpt>
            <trkpt lat="43.8508122" lon="19.7101688">
                <ele>647.2</ele>
                <time>2026-06-06T13:48:32Z</time>
                <hdop>5.4</hdop>
                <extensions>
                    <osmand:speed>1.1</osmand:speed>
                </extensions>
            </trkpt>
            <trkpt lat="43.8509129" lon="19.7101957">
                <ele>649.6</ele>
                <time>2026-06-06T13:48:40Z</time>
                <hdop>5.1</hdop>
                <extensions>
                    <osmand:speed>1.3</osmand:speed>
                </extensions>
            </trkpt>
            <trkpt lat="43.8510103" lon="19.710237">
                <ele>649.8</ele>
                <time>2026-06-06T13:48:48Z</time>
                <hdop>5.2</hdop>
                <extensions>
                    <osmand:speed>1.4</osmand:speed>
                </extensions>
            </trkpt>
            <trkpt lat="43.8510872" lon="19.7103211">
                <ele>651</ele>
                <time>2026-06-06T13:48:56Z</time>
                <hdop>5.6</hdop>
                <extensions>
                    <osmand:speed>0.9</osmand:speed>
                </extensions>
            </trkpt>
            <trkpt lat="43.8511681" lon="19.7104011">
                <ele>652.6</ele>
                <time>2026-06-06T13:49:03Z</time>
                <hdop>5.4</hdop>
                <extensions>
                    <osmand:speed>1.4</osmand:speed>
                </extensions>
            </trkpt>
            <trkpt lat="43.8512574" lon="19.7104686">
                <ele>653.9</ele>
                <time>2026-06-06T13:49:11Z</time>
                <hdop>5.4</hdop>
                <extensions>
                    <osmand:speed>1.4</osmand:speed>
                </extensions>
            </trkpt>
            <trkpt lat="43.8513665" lon="19.7104652">
                <ele>654.6</ele>
                <time>2026-06-06T13:49:19Z</time>
                <hdop>5.8</hdop>
                <extensions>
                    <osmand:speed>1.7</osmand:speed>
                </extensions>
            </trkpt>
            <trkpt lat="43.8513842" lon="19.710339">
                <ele>654.1</ele>
                <time>2026-06-06T13:49:26Z</time>
                <hdop>5.8</hdop>
                <extensions>
                    <osmand:speed>1.3</osmand:speed>
                </extensions>
            </trkpt>
            <trkpt lat="43.8513364" lon="19.7102376">
                <ele>655.6</ele>
                <time>2026-06-06T13:49:50Z</time>
                <hdop>6.6</hdop>
                <extensions>
                    <osmand:speed>1.1</osmand:speed>
                </extensions>
            </trkpt>
            <trkpt lat="43.8512488" lon="19.7101542">
                <ele>657</ele>
                <time>2026-06-06T13:49:58Z</time>
                <hdop>6.3</hdop>
                <extensions>
                    <osmand:speed>1.4</osmand:speed>
                </extensions>
            </trkpt>
            <trkpt lat="43.8511555" lon="19.7101081">
                <ele>657.1</ele>
                <time>2026-06-06T13:50:08Z</time>
                <hdop>6.1</hdop>
                <extensions>
                    <osmand:speed>0.5</osmand:speed>
                </extensions>
            </trkpt>
            <trkpt lat="43.8511094" lon="19.7101094">
                <ele>661</ele>
                <time>2026-06-06T13:50:21Z</time>
                <hdop>10</hdop>
                <extensions>
                    <osmand:speed>0</osmand:speed>
                </extensions>
            </trkpt>
            <trkpt lat="43.8510578" lon="19.7100896">
                <ele>660.8</ele>
                <time>2026-06-06T13:50:36Z</time>
                <hdop>10.8</hdop>
                <extensions>
                    <osmand:speed>1.6</osmand:speed>
                </extensions>
            </trkpt>
            <trkpt lat="43.8509772" lon="19.7100186">
                <ele>659.6</ele>
                <time>2026-06-06T13:50:43Z</time>
                <hdop>10.9</hdop>
                <extensions>
                    <osmand:speed>1.7</osmand:speed>
                </extensions>
            </trkpt>
            <trkpt lat="43.8508911" lon="19.7099541">
                <ele>657.6</ele>
                <time>2026-06-06T13:50:51Z</time>
                <hdop>9.3</hdop>
                <extensions>
                    <osmand:speed>1.5</osmand:speed>
                </extensions>
            </trkpt>
            <trkpt lat="43.8507971" lon="19.7099013">
                <ele>656.9</ele>
                <time>2026-06-06T13:50:59Z</time>
                <hdop>8.3</hdop>
                <extensions>
                    <osmand:speed>1.5</osmand:speed>
                </extensions>
            </trkpt>
            <trkpt lat="43.8507109" lon="19.7098766">
                <ele>657.3</ele>
                <time>2026-06-06T13:51:05Z</time>
                <hdop>7.5</hdop>
                <extensions>
                    <osmand:speed>1.5</osmand:speed>
                </extensions>
            </trkpt>
            <trkpt lat="43.8507186" lon="19.7098076">
                <ele>656.3</ele>
                <time>2026-06-06T13:51:15Z</time>
                <hdop>9</hdop>
                <extensions>
                    <osmand:speed>0.2</osmand:speed>
                </extensions>
            </trkpt>
            <trkpt lat="43.85067" lon="19.7097741">
                <ele>656</ele>
                <time>2026-06-06T13:51:23Z</time>
                <hdop>8.3</hdop>
                <extensions>
                    <osmand:speed>1.4</osmand:speed>
                </extensions>
            </trkpt>
            <trkpt lat="43.8505636" lon="19.709772">
                <ele>656</ele>
                <time>2026-06-06T13:51:30Z</time>
                <hdop>8.3</hdop>
                <extensions>
                    <osmand:speed>1.1</osmand:speed>
                </extensions>
            </trkpt>
            <trkpt lat="43.8504692" lon="19.7097895">
                <ele>656.8</ele>
                <time>2026-06-06T13:51:36Z</time>
                <hdop>8.3</hdop>
                <extensions>
                    <osmand:speed>1.5</osmand:speed>
                </extensions>
            </trkpt>
            <trkpt lat="43.8503614" lon="19.7097689">
                <ele>656.9</ele>
                <time>2026-06-06T13:51:44Z</time>
                <hdop>8.2</hdop>
                <extensions>
                    <osmand:speed>1.3</osmand:speed>
                </extensions>
            </trkpt>
            <trkpt lat="43.8502533" lon="19.7097778">
                <ele>659</ele>
                <time>2026-06-06T13:51:50Z</time>
                <hdop>8.2</hdop>
                <extensions>
                    <osmand:speed>1.5</osmand:speed>
                </extensions>
            </trkpt>
            <trkpt lat="43.8501296" lon="19.7097919">
                <ele>661.5</ele>
                <time>2026-06-06T13:52:00Z</time>
                <hdop>7.2</hdop>
                <extensions>
                    <osmand:speed>1.1</osmand:speed>
                </extensions>
            </trkpt>
            <trkpt lat="43.8500272" lon="19.7098011">
                <ele>662.9</ele>
                <time>2026-06-06T13:52:08Z</time>
                <hdop>7.2</hdop>
                <extensions>
                    <osmand:speed>1.3</osmand:speed>
                </extensions>
            </trkpt>
            <trkpt lat="43.8499246" lon="19.7098065">
                <ele>663.6</ele>
                <time>2026-06-06T13:52:16Z</time>
                <hdop>7</hdop>
                <extensions>
                    <osmand:speed>1.1</osmand:speed>
                </extensions>
            </trkpt>
            <trkpt lat="43.8498196" lon="19.7098294">
                <ele>665.2</ele>
                <time>2026-06-06T13:52:23Z</time>
                <hdop>7.2</hdop>
                <extensions>
                    <osmand:speed>1.5</osmand:speed>
                </extensions>
            </trkpt>
            <trkpt lat="43.8497331" lon="19.7098769">
                <ele>667.3</ele>
                <time>2026-06-06T13:52:30Z</time>
                <hdop>6.8</hdop>
                <extensions>
                    <osmand:speed>1.1</osmand:speed>
                </extensions>
            </trkpt>
            <trkpt lat="43.8496329" lon="19.7099044">
                <ele>668.7</ele>
                <time>2026-06-06T13:52:37Z</time>
                <hdop>6.9</hdop>
                <extensions>
                    <osmand:speed>1.6</osmand:speed>
                </extensions>
            </trkpt>
            <trkpt lat="43.8495342" lon="19.7099225">
                <ele>668.3</ele>
                <time>2026-06-06T13:52:44Z</time>
                <hdop>7.1</hdop>
                <extensions>
                    <osmand:speed>1.3</osmand:speed>
                </extensions>
            </trkpt>
            <trkpt lat="43.849422" lon="19.7099221">
                <ele>669.9</ele>
                <time>2026-06-06T13:52:53Z</time>
                <hdop>7</hdop>
                <extensions>
                    <osmand:speed>1.2</osmand:speed>
                </extensions>
            </trkpt>
            <trkpt lat="43.8493272" lon="19.7099185">
                <ele>671.4</ele>
                <time>2026-06-06T13:52:59Z</time>
                <hdop>7.2</hdop>
                <extensions>
                    <osmand:speed>1.5</osmand:speed>
                </extensions>
            </trkpt>
            <trkpt lat="43.8492728" lon="19.7099146">
                <ele>672</ele>
                <time>2026-06-06T13:53:21Z</time>
                <hdop>10.5</hdop>
                <extensions>
                    <osmand:speed>1</osmand:speed>
                </extensions>
            </trkpt>
            <trkpt lat="43.8491782" lon="19.7098372">
                <ele>673</ele>
                <time>2026-06-06T13:53:30Z</time>
                <hdop>10.4</hdop>
                <extensions>
                    <osmand:speed>1.3</osmand:speed>
                </extensions>
            </trkpt>
            <trkpt lat="43.8491013" lon="19.709768">
                <ele>673.5</ele>
                <time>2026-06-06T13:53:38Z</time>
                <hdop>9.3</hdop>
                <extensions>
                    <osmand:speed>1.3</osmand:speed>
                </extensions>
            </trkpt>
            <trkpt lat="43.8490294" lon="19.7096892">
                <ele>673.8</ele>
                <time>2026-06-06T13:53:45Z</time>
                <hdop>8.7</hdop>
                <extensions>
                    <osmand:speed>1.3</osmand:speed>
                </extensions>
            </trkpt>
            <trkpt lat="43.8489407" lon="19.7096664">
                <ele>673.8</ele>
                <time>2026-06-06T13:53:52Z</time>
                <hdop>8.3</hdop>
                <extensions>
                    <osmand:speed>1.2</osmand:speed>
                </extensions>
            </trkpt>
            <trkpt lat="43.848855" lon="19.7097255">
                <ele>676</ele>
                <time>2026-06-06T13:54:01Z</time>
                <hdop>7.5</hdop>
                <extensions>
                    <osmand:speed>0.7</osmand:speed>
                </extensions>
            </trkpt>
        </trkseg>
        <trkseg>
            <trkpt lat="43.8488983" lon="19.7096855">
                <ele>684.5</ele>
                <time>2026-06-06T14:02:35Z</time>
                <hdop>17</hdop>
                <extensions>
                    <osmand:speed>0</osmand:speed>
                </extensions>
            </trkpt>
            <trkpt lat="43.8488532" lon="19.7097035">
                <ele>676.7</ele>
                <time>2026-06-06T14:03:05Z</time>
                <hdop>13.9</hdop>
            </trkpt>
            <trkpt lat="43.848846" lon="19.7097026">
                <ele>677.8</ele>
                <time>2026-06-06T14:05:50Z</time>
                <hdop>8.9</hdop>
            </trkpt>
            <trkpt lat="43.8488665" lon="19.709685">
                <ele>682.9</ele>
                <time>2026-06-06T14:14:43Z</time>
                <hdop>14.8</hdop>
                <extensions>
                    <osmand:speed>0</osmand:speed>
                </extensions>
            </trkpt>
            <trkpt lat="43.8488583" lon="19.7096757">
                <ele>682.6</ele>
                <time>2026-06-06T14:14:49Z</time>
                <hdop>14.6</hdop>
                <extensions>
                    <osmand:speed>0</osmand:speed>
                </extensions>
            </trkpt>
            <trkpt lat="43.8488453" lon="19.7096582">
                <ele>682</ele>
                <time>2026-06-06T14:14:55Z</time>
                <hdop>15.1</hdop>
                <extensions>
                    <osmand:speed>0</osmand:speed>
                </extensions>
            </trkpt>
            <trkpt lat="43.8488469" lon="19.7096678">
                <ele>681.3</ele>
                <time>2026-06-06T14:15:01Z</time>
                <hdop>15.1</hdop>
            </trkpt>
            <trkpt lat="43.8488469" lon="19.7096678">
                <ele>681.3</ele>
                <time>2026-06-06T14:15:08Z</time>
                <hdop>14.9</hdop>
            </trkpt>
            <trkpt lat="43.8488697" lon="19.7097068">
                <ele>678.8</ele>
                <time>2026-06-06T14:15:24Z</time>
                <hdop>16.2</hdop>
                <extensions>
                    <osmand:speed>0</osmand:speed>
                </extensions>
            </trkpt>
            <trkpt lat="43.8488543" lon="19.709692">
                <ele>678.1</ele>
                <time>2026-06-06T14:15:30Z</time>
                <hdop>15.2</hdop>
                <extensions>
                    <osmand:speed>0.1</osmand:speed>
                </extensions>
            </trkpt>
            <trkpt lat="43.8488568" lon="19.7096953">
                <ele>678.5</ele>
                <time>2026-06-06T14:15:36Z</time>
                <hdop>14.2</hdop>
            </trkpt>
        </trkseg>
        <trkseg>
            <trkpt lat="43.8488599" lon="19.7097172">
                <ele>676.7</ele>
                <time>2026-06-06T14:18:20Z</time>
                <hdop>8.7</hdop>
            </trkpt>
            <trkpt lat="43.8488927" lon="19.7096589">
                <ele>677.9</ele>
                <time>2026-06-06T14:25:08Z</time>
                <hdop>10.1</hdop>
                <extensions>
                    <osmand:speed>1.5</osmand:speed>
                </extensions>
            </trkpt>
            <trkpt lat="43.8489097" lon="19.7095149">
                <ele>676.9</ele>
                <time>2026-06-06T14:25:15Z</time>
                <hdop>9.5</hdop>
                <extensions>
                    <osmand:speed>1.6</osmand:speed>
                </extensions>
            </trkpt>
            <trkpt lat="43.8489307" lon="19.7093912">
                <ele>678.7</ele>
                <time>2026-06-06T14:25:23Z</time>
                <hdop>8.4</hdop>
                <extensions>
                    <osmand:speed>1.1</osmand:speed>
                </extensions>
            </trkpt>
            <trkpt lat="43.848902" lon="19.7092542">
                <ele>679</ele>
                <time>2026-06-06T14:25:31Z</time>
                <hdop>7.4</hdop>
                <extensions>
                    <osmand:speed>1.4</osmand:speed>
                </extensions>
            </trkpt>
            <trkpt lat="43.8488705" lon="19.7091382">
                <ele>679.5</ele>
                <time>2026-06-06T14:25:39Z</time>
                <hdop>6.7</hdop>
                <extensions>
                    <osmand:speed>1.4</osmand:speed>
                </extensions>
            </trkpt>
            <trkpt lat="43.8488409" lon="19.7090249">
                <ele>680.3</ele>
                <time>2026-06-06T14:25:45Z</time>
                <hdop>6.1</hdop>
                <extensions>
                    <osmand:speed>1.4</osmand:speed>
                </extensions>
            </trkpt>
            <trkpt lat="43.8488041" lon="19.7089213">
                <ele>681.1</ele>
                <time>2026-06-06T14:25:51Z</time>
                <hdop>5.6</hdop>
                <extensions>
                    <osmand:speed>1.4</osmand:speed>
                </extensions>
            </trkpt>
            <trkpt lat="43.8487439" lon="19.7087846">
                <ele>681.3</ele>
                <time>2026-06-06T14:26:00Z</time>
                <hdop>5.3</hdop>
                <extensions>
                    <osmand:speed>1.3</osmand:speed>
                </extensions>
            </trkpt>
            <trkpt lat="43.8486606" lon="19.7086835">
                <ele>681.3</ele>
                <time>2026-06-06T14:26:08Z</time>
                <hdop>5.4</hdop>
                <extensions>
                    <osmand:speed>1.4</osmand:speed>
                </extensions>
            </trkpt>
            <trkpt lat="43.8485835" lon="19.7085892">
                <ele>682.8</ele>
                <time>2026-06-06T14:26:16Z</time>
                <hdop>5.3</hdop>
                <extensions>
                    <osmand:speed>1.5</osmand:speed>
                </extensions>
            </trkpt>
            <trkpt lat="43.848513" lon="19.7084835">
                <ele>684.4</ele>
                <time>2026-06-06T14:26:24Z</time>
                <hdop>5.4</hdop>
                <extensions>
                    <osmand:speed>1.5</osmand:speed>
                </extensions>
            </trkpt>
            <trkpt lat="43.8484822" lon="19.7083418">
                <ele>682.7</ele>
                <time>2026-06-06T14:26:30Z</time>
                <hdop>3.5</hdop>
                <extensions>
                    <osmand:speed>1.5</osmand:speed>
                </extensions>
            </trkpt>
            <trkpt lat="43.8484662" lon="19.7082081">
                <ele>683</ele>
                <time>2026-06-06T14:26:39Z</time>
                <hdop>3.5</hdop>
                <extensions>
                    <osmand:speed>1.4</osmand:speed>
                </extensions>
            </trkpt>
            <trkpt lat="43.8484578" lon="19.7080727">
                <ele>687.5</ele>
                <time>2026-06-06T14:26:47Z</time>
                <hdop>4.7</hdop>
                <extensions>
                    <osmand:speed>1.4</osmand:speed>
                </extensions>
            </trkpt>
            <trkpt lat="43.8484569" lon="19.7079768">
                <ele>689.1</ele>
                <time>2026-06-06T14:26:53Z</time>
                <hdop>4.7</hdop>
                <extensions>
                    <osmand:speed>1.3</osmand:speed>
                </extensions>
            </trkpt>
            <trkpt lat="43.8484675" lon="19.7078343">
                <ele>689.3</ele>
                <time>2026-06-06T14:27:02Z</time>
                <hdop>4.7</hdop>
                <extensions>
                    <osmand:speed>1.3</osmand:speed>
                </extensions>
            </trkpt>
            <trkpt lat="43.8484868" lon="19.7077081">
                <ele>689.1</ele>
                <time>2026-06-06T14:27:09Z</time>
                <hdop>4</hdop>
                <extensions>
                    <osmand:speed>1.3</osmand:speed>
                </extensions>
            </trkpt>
            <trkpt lat="43.8485039" lon="19.7075637">
                <ele>689.8</ele>
                <time>2026-06-06T14:27:17Z</time>
                <hdop>4.7</hdop>
                <extensions>
                    <osmand:speed>1.4</osmand:speed>
                </extensions>
            </trkpt>
            <trkpt lat="43.8485056" lon="19.7074152">
                <ele>690.8</ele>
                <time>2026-06-06T14:27:25Z</time>
                <hdop>4.6</hdop>
                <extensions>
                    <osmand:speed>1.4</osmand:speed>
                </extensions>
            </trkpt>
            <trkpt lat="43.8485224" lon="19.7072692">
                <ele>690.7</ele>
                <time>2026-06-06T14:27:33Z</time>
                <hdop>4.8</hdop>
                <extensions>
                    <osmand:speed>1.5</osmand:speed>
                </extensions>
            </trkpt>
            <trkpt lat="43.8484802" lon="19.707142">
                <ele>690.9</ele>
                <time>2026-06-06T14:27:41Z</time>
                <hdop>4.5</hdop>
                <extensions>
                    <osmand:speed>1</osmand:speed>
                </extensions>
            </trkpt>
            <trkpt lat="43.8484501" lon="19.7070183">
                <ele>691.7</ele>
                <time>2026-06-06T14:27:48Z</time>
                <hdop>4.4</hdop>
                <extensions>
                    <osmand:speed>0.8</osmand:speed>
                </extensions>
            </trkpt>
            <trkpt lat="43.8483749" lon="19.7069059">
                <ele>692</ele>
                <time>2026-06-06T14:27:56Z</time>
                <hdop>4.9</hdop>
                <extensions>
                    <osmand:speed>1.4</osmand:speed>
                </extensions>
            </trkpt>
            <trkpt lat="43.8483177" lon="19.7068204">
                <ele>693.7</ele>
                <time>2026-06-06T14:28:02Z</time>
                <hdop>5</hdop>
                <extensions>
                    <osmand:speed>1.2</osmand:speed>
                </extensions>
            </trkpt>
            <trkpt lat="43.8482473" lon="19.7067542">
                <ele>694.9</ele>
                <time>2026-06-06T14:28:08Z</time>
                <hdop>5.4</hdop>
                <extensions>
                    <osmand:speed>1.2</osmand:speed>
                </extensions>
            </trkpt>
            <trkpt lat="43.8482009" lon="19.7067019">
                <ele>695.6</ele>
                <time>2026-06-06T14:28:14Z</time>
                <hdop>5.1</hdop>
                <extensions>
                    <osmand:speed>1.3</osmand:speed>
                </extensions>
            </trkpt>
            <trkpt lat="43.8481427" lon="19.7066746">
                <ele>696.8</ele>
                <time>2026-06-06T14:28:20Z</time>
                <hdop>5</hdop>
                <extensions>
                    <osmand:speed>1.2</osmand:speed>
                </extensions>
            </trkpt>
            <trkpt lat="43.8480817" lon="19.7066489">
                <ele>697.1</ele>
                <time>2026-06-06T14:28:26Z</time>
                <hdop>5.1</hdop>
                <extensions>
                    <osmand:speed>1.1</osmand:speed>
                </extensions>
            </trkpt>
            <trkpt lat="43.8480212" lon="19.7066161">
                <ele>697.4</ele>
                <time>2026-06-06T14:28:32Z</time>
                <hdop>5.3</hdop>
                <extensions>
                    <osmand:speed>1.2</osmand:speed>
                </extensions>
            </trkpt>
            <trkpt lat="43.8479625" lon="19.7065829">
                <ele>698.2</ele>
                <time>2026-06-06T14:28:38Z</time>
                <hdop>4.8</hdop>
                <extensions>
                    <osmand:speed>1</osmand:speed>
                </extensions>
            </trkpt>
            <trkpt lat="43.8478961" lon="19.70655">
                <ele>698.6</ele>
                <time>2026-06-06T14:28:44Z</time>
                <hdop>4.8</hdop>
                <extensions>
                    <osmand:speed>0.8</osmand:speed>
                </extensions>
            </trkpt>
            <trkpt lat="43.8478401" lon="19.706525">
                <ele>699.8</ele>
                <time>2026-06-06T14:28:50Z</time>
                <hdop>4.6</hdop>
                <extensions>
                    <osmand:speed>1.1</osmand:speed>
                </extensions>
            </trkpt>
            <trkpt lat="43.847775" lon="19.7064902">
                <ele>701.3</ele>
                <time>2026-06-06T14:28:56Z</time>
                <hdop>4.3</hdop>
                <extensions>
                    <osmand:speed>1.2</osmand:speed>
                </extensions>
            </trkpt>
            <trkpt lat="43.8477185" lon="19.706465">
                <ele>701.1</ele>
                <time>2026-06-06T14:29:02Z</time>
                <hdop>4.3</hdop>
                <extensions>
                    <osmand:speed>1.1</osmand:speed>
                </extensions>
            </trkpt>
            <trkpt lat="43.8476516" lon="19.706449">
                <ele>701.5</ele>
                <time>2026-06-06T14:29:08Z</time>
                <hdop>4.6</hdop>
                <extensions>
                    <osmand:speed>1.2</osmand:speed>
                </extensions>
            </trkpt>
            <trkpt lat="43.8475846" lon="19.7064168">
                <ele>702.1</ele>
                <time>2026-06-06T14:29:14Z</time>
                <hdop>4.6</hdop>
                <extensions>
                    <osmand:speed>1.4</osmand:speed>
                </extensions>
            </trkpt>
            <trkpt lat="43.8475007" lon="19.7063934">
                <ele>702.1</ele>
                <time>2026-06-06T14:29:20Z</time>
                <hdop>4.4</hdop>
                <extensions>
                    <osmand:speed>1.4</osmand:speed>
                </extensions>
            </trkpt>
            <trkpt lat="43.8474324" lon="19.7063852">
                <ele>702.2</ele>
                <time>2026-06-06T14:29:26Z</time>
                <hdop>4</hdop>
                <extensions>
                    <osmand:speed>1.3</osmand:speed>
                </extensions>
            </trkpt>
            <trkpt lat="43.8473608" lon="19.7063863">
                <ele>702.9</ele>
                <time>2026-06-06T14:29:32Z</time>
                <hdop>3.8</hdop>
                <extensions>
                    <osmand:speed>1.2</osmand:speed>
                </extensions>
            </trkpt>
            <trkpt lat="43.8472803" lon="19.7063635">
                <ele>703.2</ele>
                <time>2026-06-06T14:29:38Z</time>
                <hdop>3.7</hdop>
                <extensions>
                    <osmand:speed>1.5</osmand:speed>
                </extensions>
            </trkpt>
            <trkpt lat="43.8472096" lon="19.7062342">
                <ele>702.4</ele>
                <time>2026-06-06T14:29:47Z</time>
                <hdop>3.9</hdop>
                <extensions>
                    <osmand:speed>1.4</osmand:speed>
                </extensions>
            </trkpt>
            <trkpt lat="43.847172" lon="19.7061181">
                <ele>700.8</ele>
                <time>2026-06-06T14:30:05Z</time>
                <hdop>4.9</hdop>
                <extensions>
                    <osmand:speed>0.8</osmand:speed>
                </extensions>
            </trkpt>
            <trkpt lat="43.8472226" lon="19.7060039">
                <ele>702.1</ele>
                <time>2026-06-06T14:30:13Z</time>
                <hdop>4.6</hdop>
                <extensions>
                    <osmand:speed>1.5</osmand:speed>
                </extensions>
            </trkpt>
            <trkpt lat="43.8473079" lon="19.705929">
                <ele>703</ele>
                <time>2026-06-06T14:30:21Z</time>
                <hdop>4.2</hdop>
                <extensions>
                    <osmand:speed>1.6</osmand:speed>
                </extensions>
            </trkpt>
            <trkpt lat="43.8473561" lon="19.7058072">
                <ele>704.4</ele>
                <time>2026-06-06T14:30:30Z</time>
                <hdop>4</hdop>
                <extensions>
                    <osmand:speed>1.3</osmand:speed>
                </extensions>
            </trkpt>
            <trkpt lat="43.8473692" lon="19.7056587">
                <ele>704</ele>
                <time>2026-06-06T14:30:39Z</time>
                <hdop>3.8</hdop>
                <extensions>
                    <osmand:speed>1.2</osmand:speed>
                </extensions>
            </trkpt>
            <trkpt lat="43.8473638" lon="19.7055164">
                <ele>703.3</ele>
                <time>2026-06-06T14:30:47Z</time>
                <hdop>4</hdop>
                <extensions>
                    <osmand:speed>1.4</osmand:speed>
                </extensions>
            </trkpt>
            <trkpt lat="43.8473155" lon="19.7053777">
                <ele>701.1</ele>
                <time>2026-06-06T14:30:56Z</time>
                <hdop>4.9</hdop>
                <extensions>
                    <osmand:speed>1</osmand:speed>
                </extensions>
            </trkpt>
            <trkpt lat="43.8472856" lon="19.705247">
                <ele>701.3</ele>
                <time>2026-06-06T14:31:04Z</time>
                <hdop>5.3</hdop>
                <extensions>
                    <osmand:speed>1.2</osmand:speed>
                </extensions>
            </trkpt>
            <trkpt lat="43.8472459" lon="19.7051094">
                <ele>701.4</ele>
                <time>2026-06-06T14:31:12Z</time>
                <hdop>5.5</hdop>
                <extensions>
                    <osmand:speed>1.3</osmand:speed>
                </extensions>
            </trkpt>
            <trkpt lat="43.8472328" lon="19.7050085">
                <ele>700.3</ele>
                <time>2026-06-06T14:31:18Z</time>
                <hdop>5.5</hdop>
                <extensions>
                    <osmand:speed>1.1</osmand:speed>
                </extensions>
            </trkpt>
            <trkpt lat="43.8472129" lon="19.7049008">
                <ele>700.1</ele>
                <time>2026-06-06T14:31:24Z</time>
                <hdop>5.6</hdop>
                <extensions>
                    <osmand:speed>1.1</osmand:speed>
                </extensions>
            </trkpt>
            <trkpt lat="43.8472091" lon="19.7047962">
                <ele>699.9</ele>
                <time>2026-06-06T14:31:30Z</time>
                <hdop>5.5</hdop>
                <extensions>
                    <osmand:speed>1</osmand:speed>
                </extensions>
            </trkpt>
            <trkpt lat="43.8472225" lon="19.7047084">
                <ele>696.5</ele>
                <time>2026-06-06T14:31:36Z</time>
                <hdop>5.3</hdop>
                <extensions>
                    <osmand:speed>1.1</osmand:speed>
                </extensions>
            </trkpt>
            <trkpt lat="43.8472085" lon="19.7046349">
                <ele>695.6</ele>
                <time>2026-06-06T14:31:42Z</time>
                <hdop>5.4</hdop>
                <extensions>
                    <osmand:speed>0.7</osmand:speed>
                </extensions>
            </trkpt>
            <trkpt lat="43.8471684" lon="19.7045017">
                <ele>696.8</ele>
                <time>2026-06-06T14:31:48Z</time>
                <hdop>5.2</hdop>
                <extensions>
                    <osmand:speed>1.5</osmand:speed>
                </extensions>
            </trkpt>
            <trkpt lat="43.8471526" lon="19.7044107">
                <ele>695.9</ele>
                <time>2026-06-06T14:31:54Z</time>
                <hdop>4.8</hdop>
                <extensions>
                    <osmand:speed>1.2</osmand:speed>
                </extensions>
            </trkpt>
            <trkpt lat="43.8471364" lon="19.704317">
                <ele>695</ele>
                <time>2026-06-06T14:32:00Z</time>
                <hdop>4.5</hdop>
                <extensions>
                    <osmand:speed>1</osmand:speed>
                </extensions>
            </trkpt>
            <trkpt lat="43.8471144" lon="19.7041611">
                <ele>693.8</ele>
                <time>2026-06-06T14:32:08Z</time>
                <hdop>4.6</hdop>
                <extensions>
                    <osmand:speed>1.6</osmand:speed>
                </extensions>
            </trkpt>
            <trkpt lat="43.8470951" lon="19.7040517">
                <ele>693.3</ele>
                <time>2026-06-06T14:32:14Z</time>
                <hdop>4.5</hdop>
                <extensions>
                    <osmand:speed>1.5</osmand:speed>
                </extensions>
            </trkpt>
            <trkpt lat="43.8471223" lon="19.7039225">
                <ele>691.9</ele>
                <time>2026-06-06T14:32:22Z</time>
                <hdop>4</hdop>
                <extensions>
                    <osmand:speed>1.5</osmand:speed>
                </extensions>
            </trkpt>
            <trkpt lat="43.8470994" lon="19.7037876">
                <ele>691.6</ele>
                <time>2026-06-06T14:32:30Z</time>
                <hdop>3.5</hdop>
                <extensions>
                    <osmand:speed>1.3</osmand:speed>
                </extensions>
            </trkpt>
            <trkpt lat="43.847088" lon="19.7036391">
                <ele>690.4</ele>
                <time>2026-06-06T14:32:39Z</time>
                <hdop>3.7</hdop>
                <extensions>
                    <osmand:speed>1.2</osmand:speed>
                </extensions>
            </trkpt>
            <trkpt lat="43.8470917" lon="19.7035738">
                <ele>688.6</ele>
                <time>2026-06-06T14:32:47Z</time>
                <hdop>4</hdop>
                <extensions>
                    <osmand:speed>0.9</osmand:speed>
                </extensions>
            </trkpt>
            <trkpt lat="43.8470585" lon="19.7034256">
                <ele>687.5</ele>
                <time>2026-06-06T14:32:57Z</time>
                <hdop>3.9</hdop>
                <extensions>
                    <osmand:speed>1.3</osmand:speed>
                </extensions>
            </trkpt>
            <trkpt lat="43.8470453" lon="19.7032864">
                <ele>686.2</ele>
                <time>2026-06-06T14:33:05Z</time>
                <hdop>4.4</hdop>
                <extensions>
                    <osmand:speed>1.5</osmand:speed>
                </extensions>
            </trkpt>
            <trkpt lat="43.8470518" lon="19.7031624">
                <ele>685.2</ele>
                <time>2026-06-06T14:33:13Z</time>
                <hdop>4.6</hdop>
                <extensions>
                    <osmand:speed>1.1</osmand:speed>
                </extensions>
            </trkpt>
            <trkpt lat="43.8470485" lon="19.7030608">
                <ele>685.4</ele>
                <time>2026-06-06T14:33:19Z</time>
                <hdop>4.2</hdop>
                <extensions>
                    <osmand:speed>1.3</osmand:speed>
                </extensions>
            </trkpt>
            <trkpt lat="43.847072" lon="19.7029496">
                <ele>684.4</ele>
                <time>2026-06-06T14:33:26Z</time>
                <hdop>4.2</hdop>
                <extensions>
                    <osmand:speed>1.5</osmand:speed>
                </extensions>
            </trkpt>
            <trkpt lat="43.847102" lon="19.7028091">
                <ele>682.4</ele>
                <time>2026-06-06T14:33:34Z</time>
                <hdop>4.4</hdop>
                <extensions>
                    <osmand:speed>1.5</osmand:speed>
                </extensions>
            </trkpt>
            <trkpt lat="43.8471456" lon="19.7027162">
                <ele>681.8</ele>
                <time>2026-06-06T14:33:40Z</time>
                <hdop>4.3</hdop>
                <extensions>
                    <osmand:speed>1.3</osmand:speed>
                </extensions>
            </trkpt>
            <trkpt lat="43.8471606" lon="19.7026113">
                <ele>681.2</ele>
                <time>2026-06-06T14:33:46Z</time>
                <hdop>4.2</hdop>
                <extensions>
                    <osmand:speed>1.4</osmand:speed>
                </extensions>
            </trkpt>
            <trkpt lat="43.8471982" lon="19.7025208">
                <ele>682.4</ele>
                <time>2026-06-06T14:33:52Z</time>
                <hdop>4.1</hdop>
                <extensions>
                    <osmand:speed>1.2</osmand:speed>
                </extensions>
            </trkpt>
            <trkpt lat="43.8472571" lon="19.7024545">
                <ele>682.9</ele>
                <time>2026-06-06T14:33:58Z</time>
                <hdop>4.3</hdop>
                <extensions>
                    <osmand:speed>1.3</osmand:speed>
                </extensions>
            </trkpt>
            <trkpt lat="43.847322" lon="19.7024195">
                <ele>684.3</ele>
                <time>2026-06-06T14:34:04Z</time>
                <hdop>4.4</hdop>
                <extensions>
                    <osmand:speed>1.1</osmand:speed>
                </extensions>
            </trkpt>
            <trkpt lat="43.8473993" lon="19.7023644">
                <ele>684.1</ele>
                <time>2026-06-06T14:34:10Z</time>
                <hdop>4.3</hdop>
                <extensions>
                    <osmand:speed>1.4</osmand:speed>
                </extensions>
            </trkpt>
            <trkpt lat="43.8474792" lon="19.7023132">
                <ele>685.2</ele>
                <time>2026-06-06T14:34:16Z</time>
                <hdop>4.4</hdop>
                <extensions>
                    <osmand:speed>1.5</osmand:speed>
                </extensions>
            </trkpt>
            <trkpt lat="43.8475569" lon="19.7022733">
                <ele>684.5</ele>
                <time>2026-06-06T14:34:22Z</time>
                <hdop>4.4</hdop>
                <extensions>
                    <osmand:speed>1.2</osmand:speed>
                </extensions>
            </trkpt>
            <trkpt lat="43.8476428" lon="19.702231">
                <ele>683.8</ele>
                <time>2026-06-06T14:34:28Z</time>
                <hdop>4.2</hdop>
                <extensions>
                    <osmand:speed>1.3</osmand:speed>
                </extensions>
            </trkpt>
            <trkpt lat="43.8477149" lon="19.7021649">
                <ele>684.2</ele>
                <time>2026-06-06T14:34:34Z</time>
                <hdop>4.4</hdop>
                <extensions>
                    <osmand:speed>1.6</osmand:speed>
                </extensions>
            </trkpt>
            <trkpt lat="43.847754" lon="19.7020502">
                <ele>685.3</ele>
                <time>2026-06-06T14:34:40Z</time>
                <hdop>4.4</hdop>
                <extensions>
                    <osmand:speed>1.5</osmand:speed>
                </extensions>
            </trkpt>
            <trkpt lat="43.8477384" lon="19.7020213">
                <ele>686.5</ele>
                <time>2026-06-06T14:34:46Z</time>
                <hdop>5</hdop>
                <extensions>
                    <osmand:speed>0.1</osmand:speed>
                </extensions>
            </trkpt>
            <trkpt lat="43.8477449" lon="19.7020188">
                <ele>686.9</ele>
                <time>2026-06-06T14:34:52Z</time>
                <hdop>5.2</hdop>
                <extensions>
                    <osmand:speed>0.1</osmand:speed>
                </extensions>
            </trkpt>
            <trkpt lat="43.8477566" lon="19.7020084">
                <ele>686.8</ele>
                <time>2026-06-06T14:34:58Z</time>
                <hdop>6.2</hdop>
                <extensions>
                    <osmand:speed>0.1</osmand:speed>
                </extensions>
            </trkpt>
            <trkpt lat="43.8477715" lon="19.7019287">
                <ele>686.7</ele>
                <time>2026-06-06T14:35:04Z</time>
                <hdop>7.3</hdop>
                <extensions>
                    <osmand:speed>1.1</osmand:speed>
                </extensions>
            </trkpt>
            <trkpt lat="43.8477917" lon="19.7017967">
                <ele>686.4</ele>
                <time>2026-06-06T14:35:13Z</time>
                <hdop>7.3</hdop>
                <extensions>
                    <osmand:speed>1.1</osmand:speed>
                </extensions>
            </trkpt>
            <trkpt lat="43.8478072" lon="19.7017338">
                <ele>687.4</ele>
                <time>2026-06-06T14:35:23Z</time>
                <hdop>8.3</hdop>
                <extensions>
                    <osmand:speed>1.2</osmand:speed>
                </extensions>
            </trkpt>
            <trkpt lat="43.847869" lon="19.7016185">
                <ele>689.4</ele>
                <time>2026-06-06T14:35:31Z</time>
                <hdop>7.8</hdop>
                <extensions>
                    <osmand:speed>1.5</osmand:speed>
                </extensions>
            </trkpt>
            <trkpt lat="43.847957" lon="19.7015225">
                <ele>691</ele>
                <time>2026-06-06T14:35:39Z</time>
                <hdop>7.1</hdop>
                <extensions>
                    <osmand:speed>1.1</osmand:speed>
                </extensions>
            </trkpt>
            <trkpt lat="43.848027" lon="19.7014354">
                <ele>694.5</ele>
                <time>2026-06-06T14:35:47Z</time>
                <hdop>6.4</hdop>
                <extensions>
                    <osmand:speed>1.2</osmand:speed>
                </extensions>
            </trkpt>
            <trkpt lat="43.848094" lon="19.7013356">
                <ele>695.6</ele>
                <time>2026-06-06T14:35:56Z</time>
                <hdop>6.2</hdop>
                <extensions>
                    <osmand:speed>1.1</osmand:speed>
                </extensions>
            </trkpt>
            <trkpt lat="43.8481603" lon="19.7012264">
                <ele>698</ele>
                <time>2026-06-06T14:36:17Z</time>
                <hdop>6.6</hdop>
                <extensions>
                    <osmand:speed>1.3</osmand:speed>
                </extensions>
            </trkpt>
            <trkpt lat="43.8482282" lon="19.701131">
                <ele>699.1</ele>
                <time>2026-06-06T14:36:24Z</time>
                <hdop>6.1</hdop>
                <extensions>
                    <osmand:speed>1.3</osmand:speed>
                </extensions>
            </trkpt>
            <trkpt lat="43.8483051" lon="19.7010363">
                <ele>697.1</ele>
                <time>2026-06-06T14:36:34Z</time>
                <hdop>5.4</hdop>
                <extensions>
                    <osmand:speed>0.9</osmand:speed>
                </extensions>
            </trkpt>
            <trkpt lat="43.8483226" lon="19.7009958">
                <ele>699.2</ele>
                <time>2026-06-06T14:36:40Z</time>
                <hdop>5.3</hdop>
                <extensions>
                    <osmand:speed>0.2</osmand:speed>
                </extensions>
            </trkpt>
            <trkpt lat="43.8483331" lon="19.7009802">
                <ele>699.8</ele>
                <time>2026-06-06T14:36:46Z</time>
                <hdop>5.2</hdop>
                <extensions>
                    <osmand:speed>1</osmand:speed>
                </extensions>
            </trkpt>
            <trkpt lat="43.8483688" lon="19.70088">
                <ele>701.1</ele>
                <time>2026-06-06T14:36:52Z</time>
                <hdop>5</hdop>
                <extensions>
                    <osmand:speed>1.4</osmand:speed>
                </extensions>
            </trkpt>
            <trkpt lat="43.8483652" lon="19.7007502">
                <ele>700.5</ele>
                <time>2026-06-06T14:37:02Z</time>
                <hdop>5.3</hdop>
                <extensions>
                    <osmand:speed>1.2</osmand:speed>
                </extensions>
            </trkpt>
            <trkpt lat="43.8483452" lon="19.700617">
                <ele>699.9</ele>
                <time>2026-06-06T14:37:11Z</time>
                <hdop>6.4</hdop>
                <extensions>
                    <osmand:speed>1.1</osmand:speed>
                </extensions>
            </trkpt>
            <trkpt lat="43.8483197" lon="19.7004573">
                <ele>699.2</ele>
                <time>2026-06-06T14:37:20Z</time>
                <hdop>6</hdop>
                <extensions>
                    <osmand:speed>1.4</osmand:speed>
                </extensions>
            </trkpt>
            <trkpt lat="43.8483334" lon="19.7003912">
                <ele>698.5</ele>
                <time>2026-06-06T14:37:27Z</time>
                <hdop>5.8</hdop>
                <extensions>
                    <osmand:speed>0.6</osmand:speed>
                </extensions>
            </trkpt>
            <trkpt lat="43.8483808" lon="19.7003625">
                <ele>699</ele>
                <time>2026-06-06T14:37:39Z</time>
                <hdop>8.8</hdop>
                <extensions>
                    <osmand:speed>1.6</osmand:speed>
                </extensions>
            </trkpt>
            <trkpt lat="43.8483675" lon="19.7002315">
                <ele>698.7</ele>
                <time>2026-06-06T14:37:48Z</time>
                <hdop>10.1</hdop>
                <extensions>
                    <osmand:speed>1.3</osmand:speed>
                </extensions>
            </trkpt>
            <trkpt lat="43.8483774" lon="19.7000977">
                <ele>695.3</ele>
                <time>2026-06-06T14:37:56Z</time>
                <hdop>8.5</hdop>
                <extensions>
                    <osmand:speed>1.3</osmand:speed>
                </extensions>
            </trkpt>
            <trkpt lat="43.8484134" lon="19.6999483">
                <ele>695.9</ele>
                <time>2026-06-06T14:38:07Z</time>
                <hdop>7.6</hdop>
                <extensions>
                    <osmand:speed>0.6</osmand:speed>
                </extensions>
            </trkpt>
            <trkpt lat="43.8484341" lon="19.6998753">
                <ele>694.9</ele>
                <time>2026-06-06T14:38:14Z</time>
                <hdop>7.7</hdop>
                <extensions>
                    <osmand:speed>0.9</osmand:speed>
                </extensions>
            </trkpt>
            <trkpt lat="43.8484528" lon="19.6997501">
                <ele>693.2</ele>
                <time>2026-06-06T14:38:22Z</time>
                <hdop>7.5</hdop>
                <extensions>
                    <osmand:speed>1.5</osmand:speed>
                </extensions>
            </trkpt>
            <trkpt lat="43.8484977" lon="19.6996187">
                <ele>689.6</ele>
                <time>2026-06-06T14:38:30Z</time>
                <hdop>7.2</hdop>
                <extensions>
                    <osmand:speed>1.4</osmand:speed>
                </extensions>
            </trkpt>
            <trkpt lat="43.8485466" lon="19.6995051">
                <ele>689.5</ele>
                <time>2026-06-06T14:38:38Z</time>
                <hdop>6.8</hdop>
                <extensions>
                    <osmand:speed>1.2</osmand:speed>
                </extensions>
            </trkpt>
            <trkpt lat="43.8485459" lon="19.6993735">
                <ele>689</ele>
                <time>2026-06-06T14:38:46Z</time>
                <hdop>6.7</hdop>
                <extensions>
                    <osmand:speed>1.3</osmand:speed>
                </extensions>
            </trkpt>
            <trkpt lat="43.8485647" lon="19.6992387">
                <ele>687.5</ele>
                <time>2026-06-06T14:38:54Z</time>
                <hdop>7.2</hdop>
                <extensions>
                    <osmand:speed>1.3</osmand:speed>
                </extensions>
            </trkpt>
            <trkpt lat="43.8485046" lon="19.6991153">
                <ele>685.7</ele>
                <time>2026-06-06T14:39:03Z</time>
                <hdop>6.9</hdop>
                <extensions>
                    <osmand:speed>1.1</osmand:speed>
                </extensions>
            </trkpt>
            <trkpt lat="43.8484088" lon="19.6990211">
                <ele>683.7</ele>
                <time>2026-06-06T14:39:15Z</time>
                <hdop>7.5</hdop>
                <extensions>
                    <osmand:speed>1.1</osmand:speed>
                </extensions>
            </trkpt>
            <trkpt lat="43.8483117" lon="19.6990043">
                <ele>682.9</ele>
                <time>2026-06-06T14:39:23Z</time>
                <hdop>7.9</hdop>
                <extensions>
                    <osmand:speed>1</osmand:speed>
                </extensions>
            </trkpt>
            <trkpt lat="43.8482528" lon="19.6989828">
                <ele>683.1</ele>
                <time>2026-06-06T14:39:29Z</time>
                <hdop>7.8</hdop>
                <extensions>
                    <osmand:speed>1.3</osmand:speed>
                </extensions>
            </trkpt>
            <trkpt lat="43.8481426" lon="19.6989713">
                <ele>681.8</ele>
                <time>2026-06-06T14:39:38Z</time>
                <hdop>7.9</hdop>
                <extensions>
                    <osmand:speed>1.2</osmand:speed>
                </extensions>
            </trkpt>
            <trkpt lat="43.8480365" lon="19.698941">
                <ele>680.8</ele>
                <time>2026-06-06T14:39:47Z</time>
                <hdop>7.4</hdop>
                <extensions>
                    <osmand:speed>1.2</osmand:speed>
                </extensions>
            </trkpt>
            <trkpt lat="43.8479314" lon="19.6989094">
                <ele>680.3</ele>
                <time>2026-06-06T14:39:55Z</time>
                <hdop>7.5</hdop>
                <extensions>
                    <osmand:speed>1.1</osmand:speed>
                </extensions>
            </trkpt>
            <trkpt lat="43.8478407" lon="19.698841">
                <ele>677.5</ele>
                <time>2026-06-06T14:40:02Z</time>
                <hdop>7.3</hdop>
                <extensions>
                    <osmand:speed>0.9</osmand:speed>
                </extensions>
            </trkpt>
            <trkpt lat="43.8477423" lon="19.6987866">
                <ele>675.6</ele>
                <time>2026-06-06T14:40:11Z</time>
                <hdop>7.3</hdop>
                <extensions>
                    <osmand:speed>0.9</osmand:speed>
                </extensions>
            </trkpt>
            <trkpt lat="43.8476531" lon="19.6987521">
                <ele>675.3</ele>
                <time>2026-06-06T14:40:18Z</time>
                <hdop>7.1</hdop>
                <extensions>
                    <osmand:speed>0.8</osmand:speed>
                </extensions>
            </trkpt>
            <trkpt lat="43.8475621" lon="19.6986975">
                <ele>672.9</ele>
                <time>2026-06-06T14:40:25Z</time>
                <hdop>7.5</hdop>
                <extensions>
                    <osmand:speed>1.1</osmand:speed>
                </extensions>
            </trkpt>
            <trkpt lat="43.8474701" lon="19.6986051">
                <ele>673.4</ele>
                <time>2026-06-06T14:40:33Z</time>
                <hdop>7.7</hdop>
                <extensions>
                    <osmand:speed>1.1</osmand:speed>
                </extensions>
            </trkpt>
            <trkpt lat="43.8474301" lon="19.6985651">
                <ele>674.3</ele>
                <time>2026-06-06T14:40:41Z</time>
                <hdop>8.5</hdop>
                <extensions>
                    <osmand:speed>0</osmand:speed>
                </extensions>
            </trkpt>
            <trkpt lat="43.8473856" lon="19.6985538">
                <ele>677.5</ele>
                <time>2026-06-06T14:40:52Z</time>
                <hdop>8.6</hdop>
                <extensions>
                    <osmand:speed>0.8</osmand:speed>
                </extensions>
            </trkpt>
            <trkpt lat="43.8473551" lon="19.6984979">
                <ele>675.6</ele>
                <time>2026-06-06T14:40:59Z</time>
                <hdop>8</hdop>
                <extensions>
                    <osmand:speed>1.1</osmand:speed>
                </extensions>
            </trkpt>
            <trkpt lat="43.8472826" lon="19.69839">
                <ele>675.5</ele>
                <time>2026-06-06T14:41:07Z</time>
                <hdop>7.5</hdop>
                <extensions>
                    <osmand:speed>1.3</osmand:speed>
                </extensions>
            </trkpt>
            <trkpt lat="43.8472444" lon="19.6982669">
                <ele>673.9</ele>
                <time>2026-06-06T14:41:17Z</time>
                <hdop>6.9</hdop>
                <extensions>
                    <osmand:speed>1.2</osmand:speed>
                </extensions>
            </trkpt>
            <trkpt lat="43.8472107" lon="19.6981249">
                <ele>672.2</ele>
                <time>2026-06-06T14:41:25Z</time>
                <hdop>6.5</hdop>
                <extensions>
                    <osmand:speed>1.3</osmand:speed>
                </extensions>
            </trkpt>
            <trkpt lat="43.8471693" lon="19.698002">
                <ele>670.6</ele>
                <time>2026-06-06T14:41:35Z</time>
                <hdop>6.3</hdop>
                <extensions>
                    <osmand:speed>0.6</osmand:speed>
                </extensions>
            </trkpt>
            <trkpt lat="43.8471658" lon="19.6978726">
                <ele>669.6</ele>
                <time>2026-06-06T14:41:43Z</time>
                <hdop>6.5</hdop>
                <extensions>
                    <osmand:speed>0.5</osmand:speed>
                </extensions>
            </trkpt>
            <trkpt lat="43.8471559" lon="19.6977355">
                <ele>669</ele>
                <time>2026-06-06T14:41:51Z</time>
                <hdop>6.5</hdop>
                <extensions>
                    <osmand:speed>1.3</osmand:speed>
                </extensions>
            </trkpt>
            <trkpt lat="43.8471395" lon="19.6975817">
                <ele>666.6</ele>
                <time>2026-06-06T14:41:59Z</time>
                <hdop>7.1</hdop>
                <extensions>
                    <osmand:speed>1.3</osmand:speed>
                </extensions>
            </trkpt>
            <trkpt lat="43.8471339" lon="19.69745">
                <ele>665.3</ele>
                <time>2026-06-06T14:42:05Z</time>
                <hdop>6.9</hdop>
                <extensions>
                    <osmand:speed>1.3</osmand:speed>
                </extensions>
            </trkpt>
            <trkpt lat="43.8471458" lon="19.6973298">
                <ele>663.7</ele>
                <time>2026-06-06T14:42:13Z</time>
                <hdop>6.8</hdop>
                <extensions>
                    <osmand:speed>1</osmand:speed>
                </extensions>
            </trkpt>
            <trkpt lat="43.8471822" lon="19.6971971">
                <ele>663.1</ele>
                <time>2026-06-06T14:42:21Z</time>
                <hdop>7.3</hdop>
                <extensions>
                    <osmand:speed>1.2</osmand:speed>
                </extensions>
            </trkpt>
            <trkpt lat="43.8471892" lon="19.6970523">
                <ele>662.5</ele>
                <time>2026-06-06T14:42:28Z</time>
                <hdop>7.5</hdop>
                <extensions>
                    <osmand:speed>1.4</osmand:speed>
                </extensions>
            </trkpt>
            <trkpt lat="43.8472125" lon="19.6969226">
                <ele>662.3</ele>
                <time>2026-06-06T14:42:35Z</time>
                <hdop>7.5</hdop>
                <extensions>
                    <osmand:speed>1.5</osmand:speed>
                </extensions>
            </trkpt>
            <trkpt lat="43.8472342" lon="19.6968505">
                <ele>660.9</ele>
                <time>2026-06-06T14:42:41Z</time>
                <hdop>7.5</hdop>
                <extensions>
                    <osmand:speed>1.1</osmand:speed>
                </extensions>
            </trkpt>
            <trkpt lat="43.8472653" lon="19.6967258">
                <ele>660.1</ele>
                <time>2026-06-06T14:42:49Z</time>
                <hdop>7.2</hdop>
                <extensions>
                    <osmand:speed>1.1</osmand:speed>
                </extensions>
            </trkpt>
            <trkpt lat="43.8473007" lon="19.6965895">
                <ele>657.9</ele>
                <time>2026-06-06T14:42:57Z</time>
                <hdop>8</hdop>
                <extensions>
                    <osmand:speed>0.9</osmand:speed>
                </extensions>
            </trkpt>
            <trkpt lat="43.8473314" lon="19.696523">
                <ele>656.8</ele>
                <time>2026-06-06T14:43:06Z</time>
                <hdop>8.8</hdop>
                <extensions>
                    <osmand:speed>0.1</osmand:speed>
                </extensions>
            </trkpt>
            <trkpt lat="43.8473868" lon="19.6965156">
                <ele>658.9</ele>
                <time>2026-06-06T14:43:13Z</time>
                <hdop>9.4</hdop>
                <extensions>
                    <osmand:speed>0.2</osmand:speed>
                </extensions>
            </trkpt>
            <trkpt lat="43.8473374" lon="19.6963758">
                <ele>656</ele>
                <time>2026-06-06T14:43:23Z</time>
                <hdop>11.1</hdop>
                <extensions>
                    <osmand:speed>1.1</osmand:speed>
                </extensions>
            </trkpt>
            <trkpt lat="43.8473142" lon="19.6962278">
                <ele>657</ele>
                <time>2026-06-06T14:43:31Z</time>
                <hdop>10.6</hdop>
                <extensions>
                    <osmand:speed>1.1</osmand:speed>
                </extensions>
            </trkpt>
            <trkpt lat="43.8472661" lon="19.696208">
                <ele>660</ele>
                <time>2026-06-06T14:43:44Z</time>
                <hdop>9.5</hdop>
                <extensions>
                    <osmand:speed>1.1</osmand:speed>
                </extensions>
            </trkpt>
            <trkpt lat="43.8471739" lon="19.6962739">
                <ele>661.1</ele>
                <time>2026-06-06T14:43:52Z</time>
                <hdop>8.3</hdop>
                <extensions>
                    <osmand:speed>1</osmand:speed>
                </extensions>
            </trkpt>
            <trkpt lat="43.8470985" lon="19.6963468">
                <ele>663.2</ele>
                <time>2026-06-06T14:43:59Z</time>
                <hdop>8</hdop>
                <extensions>
                    <osmand:speed>1.3</osmand:speed>
                </extensions>
            </trkpt>
            <trkpt lat="43.8470053" lon="19.6964044">
                <ele>664.2</ele>
                <time>2026-06-06T14:44:07Z</time>
                <hdop>7.7</hdop>
                <extensions>
                    <osmand:speed>1.3</osmand:speed>
                </extensions>
            </trkpt>
            <trkpt lat="43.8468934" lon="19.6964564">
                <ele>663.7</ele>
                <time>2026-06-06T14:44:15Z</time>
                <hdop>7.9</hdop>
                <extensions>
                    <osmand:speed>1.3</osmand:speed>
                </extensions>
            </trkpt>
            <trkpt lat="43.8468123" lon="19.6965149">
                <ele>664.5</ele>
                <time>2026-06-06T14:44:21Z</time>
                <hdop>7.9</hdop>
                <extensions>
                    <osmand:speed>1.2</osmand:speed>
                </extensions>
            </trkpt>
            <trkpt lat="43.8467025" lon="19.6965455">
                <ele>665.9</ele>
                <time>2026-06-06T14:44:30Z</time>
                <hdop>8.2</hdop>
                <extensions>
                    <osmand:speed>1.1</osmand:speed>
                </extensions>
            </trkpt>
            <trkpt lat="43.8465896" lon="19.6964718">
                <ele>663.2</ele>
                <time>2026-06-06T14:44:40Z</time>
                <hdop>8.6</hdop>
                <extensions>
                    <osmand:speed>1.1</osmand:speed>
                </extensions>
            </trkpt>
            <trkpt lat="43.8465129" lon="19.6964">
                <ele>669</ele>
                <time>2026-06-06T14:45:19Z</time>
                <hdop>5.5</hdop>
                <extensions>
                    <osmand:speed>0.3</osmand:speed>
                </extensions>
            </trkpt>
            <trkpt lat="43.8465113" lon="19.6963936">
                <ele>667.6</ele>
                <time>2026-06-06T14:45:28Z</time>
                <hdop>5.3</hdop>
                <extensions>
                    <osmand:speed>0.3</osmand:speed>
                </extensions>
            </trkpt>
            <trkpt lat="43.8465143" lon="19.6963966">
                <ele>667.1</ele>
                <time>2026-06-06T14:45:34Z</time>
                <hdop>6.8</hdop>
                <extensions>
                    <osmand:speed>0.1</osmand:speed>
                </extensions>
            </trkpt>
            <trkpt lat="43.8465052" lon="19.6963943">
                <ele>667.6</ele>
                <time>2026-06-06T14:45:40Z</time>
                <hdop>7.6</hdop>
                <extensions>
                    <osmand:speed>0.2</osmand:speed>
                </extensions>
            </trkpt>
            <trkpt lat="43.8465034" lon="19.6963897">
                <ele>668.1</ele>
                <time>2026-06-06T14:45:46Z</time>
                <hdop>9.1</hdop>
                <extensions>
                    <osmand:speed>0.5</osmand:speed>
                </extensions>
            </trkpt>
            <trkpt lat="43.8465084" lon="19.6963954">
                <ele>667.8</ele>
                <time>2026-06-06T14:45:52Z</time>
                <hdop>8.8</hdop>
                <extensions>
                    <osmand:speed>0.1</osmand:speed>
                </extensions>
            </trkpt>
            <trkpt lat="43.8465118" lon="19.6963941">
                <ele>667.2</ele>
                <time>2026-06-06T14:45:58Z</time>
                <hdop>10.3</hdop>
            </trkpt>
            <trkpt lat="43.8465174" lon="19.6963918">
                <ele>667.7</ele>
                <time>2026-06-06T14:46:04Z</time>
                <hdop>10.3</hdop>
                <extensions>
                    <osmand:speed>0.1</osmand:speed>
                </extensions>
            </trkpt>
            <trkpt lat="43.8465077" lon="19.6963764">
                <ele>667.2</ele>
                <time>2026-06-06T14:46:10Z</time>
                <hdop>11.3</hdop>
                <extensions>
                    <osmand:speed>0.2</osmand:speed>
                </extensions>
            </trkpt>
            <trkpt lat="43.8465129" lon="19.696374">
                <ele>666.4</ele>
                <time>2026-06-06T14:46:16Z</time>
                <hdop>11.7</hdop>
            </trkpt>
            <trkpt lat="43.8465148" lon="19.6963803">
                <ele>668.4</ele>
                <time>2026-06-06T14:46:22Z</time>
                <hdop>12.6</hdop>
            </trkpt>
            <trkpt lat="43.846507" lon="19.6963839">
                <ele>669.1</ele>
                <time>2026-06-06T14:46:28Z</time>
                <hdop>12.8</hdop>
            </trkpt>
            <trkpt lat="43.8465098" lon="19.6963764">
                <ele>668.2</ele>
                <time>2026-06-06T14:46:34Z</time>
                <hdop>12.7</hdop>
                <extensions>
                    <osmand:speed>0.1</osmand:speed>
                </extensions>
            </trkpt>
            <trkpt lat="43.8465087" lon="19.6963796">
                <ele>668.2</ele>
                <time>2026-06-06T14:46:40Z</time>
                <hdop>12.5</hdop>
                <extensions>
                    <osmand:speed>0.1</osmand:speed>
                </extensions>
            </trkpt>
            <trkpt lat="43.8465057" lon="19.6963835">
                <ele>668.5</ele>
                <time>2026-06-06T14:46:46Z</time>
                <hdop>11.6</hdop>
                <extensions>
                    <osmand:speed>0</osmand:speed>
                </extensions>
            </trkpt>
            <trkpt lat="43.8465173" lon="19.6964496">
                <ele>671.7</ele>
                <time>2026-06-06T14:47:40Z</time>
                <hdop>19.5</hdop>
                <extensions>
                    <osmand:speed>0</osmand:speed>
                </extensions>
            </trkpt>
            <trkpt lat="43.846541" lon="19.6963919">
                <ele>669.1</ele>
                <time>2026-06-06T14:47:52Z</time>
                <hdop>18.3</hdop>
                <extensions>
                    <osmand:speed>0.1</osmand:speed>
                </extensions>
            </trkpt>
            <trkpt lat="43.8466264" lon="19.6963361">
                <ele>669</ele>
                <time>2026-06-06T14:47:58Z</time>
                <hdop>16.1</hdop>
                <extensions>
                    <osmand:speed>1.5</osmand:speed>
                </extensions>
            </trkpt>
            <trkpt lat="43.846712" lon="19.6962399">
                <ele>669.4</ele>
                <time>2026-06-06T14:48:07Z</time>
                <hdop>13.6</hdop>
                <extensions>
                    <osmand:speed>1.1</osmand:speed>
                </extensions>
            </trkpt>
            <trkpt lat="43.8467554" lon="19.6961266">
                <ele>671</ele>
                <time>2026-06-06T14:48:15Z</time>
                <hdop>13.8</hdop>
                <extensions>
                    <osmand:speed>1</osmand:speed>
                </extensions>
            </trkpt>
            <trkpt lat="43.8467968" lon="19.6960237">
                <ele>671.3</ele>
                <time>2026-06-06T14:48:25Z</time>
                <hdop>13.9</hdop>
                <extensions>
                    <osmand:speed>0.6</osmand:speed>
                </extensions>
            </trkpt>
            <trkpt lat="43.8468261" lon="19.696005">
                <ele>672.8</ele>
                <time>2026-06-06T14:48:31Z</time>
                <hdop>12.6</hdop>
                <extensions>
                    <osmand:speed>1</osmand:speed>
                </extensions>
            </trkpt>
            <trkpt lat="43.8468711" lon="19.695934">
                <ele>673.1</ele>
                <time>2026-06-06T14:48:51Z</time>
                <hdop>13.1</hdop>
                <extensions>
                    <osmand:speed>1.2</osmand:speed>
                </extensions>
            </trkpt>
            <trkpt lat="43.8468996" lon="19.6958747">
                <ele>674.5</ele>
                <time>2026-06-06T14:48:57Z</time>
                <hdop>11.2</hdop>
                <extensions>
                    <osmand:speed>1.1</osmand:speed>
                </extensions>
            </trkpt>
            <trkpt lat="43.8469793" lon="19.6957786">
                <ele>675.9</ele>
                <time>2026-06-06T14:49:06Z</time>
                <hdop>8.9</hdop>
                <extensions>
                    <osmand:speed>1.3</osmand:speed>
                </extensions>
            </trkpt>
            <trkpt lat="43.8470496" lon="19.695678">
                <ele>676.9</ele>
                <time>2026-06-06T14:49:14Z</time>
                <hdop>8.1</hdop>
                <extensions>
                    <osmand:speed>1.1</osmand:speed>
                </extensions>
            </trkpt>
            <trkpt lat="43.8471272" lon="19.6955776">
                <ele>680.5</ele>
                <time>2026-06-06T14:49:23Z</time>
                <hdop>7.2</hdop>
                <extensions>
                    <osmand:speed>1.4</osmand:speed>
                </extensions>
            </trkpt>
            <trkpt lat="43.8472003" lon="19.6954844">
                <ele>681.8</ele>
                <time>2026-06-06T14:49:39Z</time>
                <hdop>6.8</hdop>
                <extensions>
                    <osmand:speed>0.9</osmand:speed>
                </extensions>
            </trkpt>
            <trkpt lat="43.8472263" lon="19.6954232">
                <ele>683.4</ele>
                <time>2026-06-06T14:49:45Z</time>
                <hdop>6.4</hdop>
                <extensions>
                    <osmand:speed>0.8</osmand:speed>
                </extensions>
            </trkpt>
            <trkpt lat="43.8472631" lon="19.6953073">
                <ele>686.1</ele>
                <time>2026-06-06T14:49:54Z</time>
                <hdop>6.1</hdop>
                <extensions>
                    <osmand:speed>0.9</osmand:speed>
                </extensions>
            </trkpt>
            <trkpt lat="43.8473016" lon="19.6951811">
                <ele>688.5</ele>
                <time>2026-06-06T14:50:02Z</time>
                <hdop>5.8</hdop>
                <extensions>
                    <osmand:speed>1.1</osmand:speed>
                </extensions>
            </trkpt>
            <trkpt lat="43.8473686" lon="19.6950585">
                <ele>690.7</ele>
                <time>2026-06-06T14:50:12Z</time>
                <hdop>5.6</hdop>
                <extensions>
                    <osmand:speed>1.2</osmand:speed>
                </extensions>
            </trkpt>
            <trkpt lat="43.8474212" lon="19.6949357">
                <ele>692.5</ele>
                <time>2026-06-06T14:50:22Z</time>
                <hdop>6.9</hdop>
                <extensions>
                    <osmand:speed>1.1</osmand:speed>
                </extensions>
            </trkpt>
            <trkpt lat="43.8474657" lon="19.6948041">
                <ele>694.7</ele>
                <time>2026-06-06T14:50:30Z</time>
                <hdop>6.7</hdop>
                <extensions>
                    <osmand:speed>1.2</osmand:speed>
                </extensions>
            </trkpt>
            <trkpt lat="43.8475051" lon="19.6946792">
                <ele>694.3</ele>
                <time>2026-06-06T14:50:39Z</time>
                <hdop>6</hdop>
                <extensions>
                    <osmand:speed>1.4</osmand:speed>
                </extensions>
            </trkpt>
            <trkpt lat="43.8475628" lon="19.6946475">
                <ele>694.7</ele>
                <time>2026-06-06T14:51:04Z</time>
                <hdop>5.9</hdop>
                <extensions>
                    <osmand:speed>0.1</osmand:speed>
                </extensions>
            </trkpt>
            <trkpt lat="43.8475666" lon="19.6945845">
                <ele>694.5</ele>
                <time>2026-06-06T14:51:11Z</time>
                <hdop>5.7</hdop>
                <extensions>
                    <osmand:speed>1.2</osmand:speed>
                </extensions>
            </trkpt>
            <trkpt lat="43.8476043" lon="19.6944659">
                <ele>696.3</ele>
                <time>2026-06-06T14:51:20Z</time>
                <hdop>5.7</hdop>
                <extensions>
                    <osmand:speed>1.1</osmand:speed>
                </extensions>
            </trkpt>
            <trkpt lat="43.847665" lon="19.6943592">
                <ele>698.1</ele>
                <time>2026-06-06T14:51:29Z</time>
                <hdop>5.7</hdop>
                <extensions>
                    <osmand:speed>0.9</osmand:speed>
                </extensions>
            </trkpt>
            <trkpt lat="43.8477292" lon="19.6942532">
                <ele>702.8</ele>
                <time>2026-06-06T14:51:39Z</time>
                <hdop>6.3</hdop>
                <extensions>
                    <osmand:speed>1.1</osmand:speed>
                </extensions>
            </trkpt>
            <trkpt lat="43.8477649" lon="19.6942064">
                <ele>703.9</ele>
                <time>2026-06-06T14:51:57Z</time>
                <hdop>10.1</hdop>
                <extensions>
                    <osmand:speed>1.2</osmand:speed>
                </extensions>
            </trkpt>
            <trkpt lat="43.8478126" lon="19.6940804">
                <ele>708.9</ele>
                <time>2026-06-06T14:52:07Z</time>
                <hdop>9.7</hdop>
                <extensions>
                    <osmand:speed>1.1</osmand:speed>
                </extensions>
            </trkpt>
            <trkpt lat="43.8478623" lon="19.6939602">
                <ele>711.1</ele>
                <time>2026-06-06T14:52:17Z</time>
                <hdop>8.2</hdop>
                <extensions>
                    <osmand:speed>1.1</osmand:speed>
                </extensions>
            </trkpt>
            <trkpt lat="43.8478514" lon="19.6938259">
                <ele>711.2</ele>
                <time>2026-06-06T14:52:24Z</time>
                <hdop>7.6</hdop>
                <extensions>
                    <osmand:speed>1.3</osmand:speed>
                </extensions>
            </trkpt>
            <trkpt lat="43.8478173" lon="19.6937021">
                <ele>714.4</ele>
                <time>2026-06-06T14:52:32Z</time>
                <hdop>7</hdop>
                <extensions>
                    <osmand:speed>1.4</osmand:speed>
                </extensions>
            </trkpt>
            <trkpt lat="43.847771" lon="19.6935795">
                <ele>717.5</ele>
                <time>2026-06-06T14:52:40Z</time>
                <hdop>6.2</hdop>
                <extensions>
                    <osmand:speed>1.4</osmand:speed>
                </extensions>
            </trkpt>
            <trkpt lat="43.8477789" lon="19.6935175">
                <ele>716.2</ele>
                <time>2026-06-06T14:52:52Z</time>
                <hdop>6</hdop>
                <extensions>
                    <osmand:speed>0</osmand:speed>
                </extensions>
            </trkpt>
            <trkpt lat="43.847761" lon="19.69346">
                <ele>718.9</ele>
                <time>2026-06-06T14:54:49Z</time>
                <hdop>12.3</hdop>
                <extensions>
                    <osmand:speed>0.3</osmand:speed>
                </extensions>
            </trkpt>
            <trkpt lat="43.8477256" lon="19.6933247">
                <ele>722.3</ele>
                <time>2026-06-06T14:54:58Z</time>
                <hdop>10.3</hdop>
                <extensions>
                    <osmand:speed>1.1</osmand:speed>
                </extensions>
            </trkpt>
            <trkpt lat="43.8476989" lon="19.6931913">
                <ele>725.4</ele>
                <time>2026-06-06T14:55:07Z</time>
                <hdop>9.7</hdop>
                <extensions>
                    <osmand:speed>1.3</osmand:speed>
                </extensions>
            </trkpt>
            <trkpt lat="43.84769" lon="19.6930645">
                <ele>728.6</ele>
                <time>2026-06-06T14:55:15Z</time>
                <hdop>10.4</hdop>
                <extensions>
                    <osmand:speed>1.2</osmand:speed>
                </extensions>
            </trkpt>
            <trkpt lat="43.8476786" lon="19.692912">
                <ele>735.1</ele>
                <time>2026-06-06T14:55:25Z</time>
                <hdop>8.9</hdop>
                <extensions>
                    <osmand:speed>0.9</osmand:speed>
                </extensions>
            </trkpt>
            <trkpt lat="43.8476675" lon="19.6927679">
                <ele>738.9</ele>
                <time>2026-06-06T14:55:34Z</time>
                <hdop>8.1</hdop>
                <extensions>
                    <osmand:speed>1</osmand:speed>
                </extensions>
            </trkpt>
            <trkpt lat="43.8476912" lon="19.6926263">
                <ele>739.3</ele>
                <time>2026-06-06T14:55:42Z</time>
                <hdop>7.2</hdop>
                <extensions>
                    <osmand:speed>1.1</osmand:speed>
                </extensions>
            </trkpt>
            <trkpt lat="43.8477456" lon="19.6925134">
                <ele>736.3</ele>
                <time>2026-06-06T14:55:53Z</time>
                <hdop>6.4</hdop>
                <extensions>
                    <osmand:speed>1.4</osmand:speed>
                </extensions>
            </trkpt>
            <trkpt lat="43.8477585" lon="19.6925731">
                <ele>738.7</ele>
                <time>2026-06-06T14:56:29Z</time>
                <hdop>6.9</hdop>
                <extensions>
                    <osmand:speed>0</osmand:speed>
                </extensions>
            </trkpt>
            <trkpt lat="43.8477048" lon="19.6926291">
                <ele>733.7</ele>
                <time>2026-06-06T14:57:13Z</time>
                <hdop>17.5</hdop>
                <extensions>
                    <osmand:speed>0.3</osmand:speed>
                </extensions>
            </trkpt>
            <trkpt lat="43.8477218" lon="19.6924847">
                <ele>733</ele>
                <time>2026-06-06T14:57:19Z</time>
                <hdop>17.8</hdop>
                <extensions>
                    <osmand:speed>1.1</osmand:speed>
                </extensions>
            </trkpt>
            <trkpt lat="43.8477602" lon="19.6923364">
                <ele>734.1</ele>
                <time>2026-06-06T14:57:25Z</time>
                <hdop>16.5</hdop>
                <extensions>
                    <osmand:speed>1.2</osmand:speed>
                </extensions>
            </trkpt>
            <trkpt lat="43.8478107" lon="19.6921805">
                <ele>734.9</ele>
                <time>2026-06-06T14:57:32Z</time>
                <hdop>13.4</hdop>
                <extensions>
                    <osmand:speed>1.5</osmand:speed>
                </extensions>
            </trkpt>
            <trkpt lat="43.8478571" lon="19.692054">
                <ele>736.4</ele>
                <time>2026-06-06T14:57:40Z</time>
                <hdop>10.9</hdop>
                <extensions>
                    <osmand:speed>1.1</osmand:speed>
                </extensions>
            </trkpt>
            <trkpt lat="43.8479202" lon="19.6919299">
                <ele>738.1</ele>
                <time>2026-06-06T14:57:48Z</time>
                <hdop>9.3</hdop>
                <extensions>
                    <osmand:speed>1.4</osmand:speed>
                </extensions>
            </trkpt>
            <trkpt lat="43.847957" lon="19.6917976">
                <ele>739.8</ele>
                <time>2026-06-06T14:57:56Z</time>
                <hdop>7.9</hdop>
                <extensions>
                    <osmand:speed>1.3</osmand:speed>
                </extensions>
            </trkpt>
            <trkpt lat="43.8479935" lon="19.6916744">
                <ele>743.6</ele>
                <time>2026-06-06T14:58:04Z</time>
                <hdop>6.9</hdop>
                <extensions>
                    <osmand:speed>1.5</osmand:speed>
                </extensions>
            </trkpt>
            <trkpt lat="43.8480217" lon="19.6915332">
                <ele>744.5</ele>
                <time>2026-06-06T14:58:13Z</time>
                <hdop>6.5</hdop>
                <extensions>
                    <osmand:speed>1.5</osmand:speed>
                </extensions>
            </trkpt>
            <trkpt lat="43.8480525" lon="19.6913996">
                <ele>746.5</ele>
                <time>2026-06-06T14:58:21Z</time>
                <hdop>6.2</hdop>
                <extensions>
                    <osmand:speed>1.2</osmand:speed>
                </extensions>
            </trkpt>
            <trkpt lat="43.848088" lon="19.6912387">
                <ele>748.1</ele>
                <time>2026-06-06T14:58:30Z</time>
                <hdop>6.4</hdop>
                <extensions>
                    <osmand:speed>1.7</osmand:speed>
                </extensions>
            </trkpt>
            <trkpt lat="43.8481125" lon="19.6912311">
                <ele>749</ele>
                <time>2026-06-06T14:58:36Z</time>
                <hdop>6.1</hdop>
                <extensions>
                    <osmand:speed>0.2</osmand:speed>
                </extensions>
            </trkpt>
            <trkpt lat="43.8481078" lon="19.6912431">
                <ele>751.5</ele>
                <time>2026-06-06T14:58:42Z</time>
                <hdop>6.3</hdop>
            </trkpt>
            <trkpt lat="43.8481082" lon="19.6912583">
                <ele>751.4</ele>
                <time>2026-06-06T14:58:48Z</time>
                <hdop>6.5</hdop>
                <extensions>
                    <osmand:speed>0</osmand:speed>
                </extensions>
            </trkpt>
            <trkpt lat="43.8480997" lon="19.6912406">
                <ele>752.1</ele>
                <time>2026-06-06T14:58:54Z</time>
                <hdop>6.9</hdop>
                <extensions>
                    <osmand:speed>0.1</osmand:speed>
                </extensions>
            </trkpt>
            <trkpt lat="43.8480924" lon="19.6912338">
                <ele>752.3</ele>
                <time>2026-06-06T14:59:00Z</time>
                <hdop>7.3</hdop>
                <extensions>
                    <osmand:speed>0</osmand:speed>
                </extensions>
            </trkpt>
            <trkpt lat="43.8480992" lon="19.6911838">
                <ele>752.8</ele>
                <time>2026-06-06T14:59:06Z</time>
                <hdop>6.9</hdop>
                <extensions>
                    <osmand:speed>0.6</osmand:speed>
                </extensions>
            </trkpt>
            <trkpt lat="43.8481155" lon="19.6910573">
                <ele>751.3</ele>
                <time>2026-06-06T14:59:13Z</time>
                <hdop>7.4</hdop>
                <extensions>
                    <osmand:speed>1.3</osmand:speed>
                </extensions>
            </trkpt>
            <trkpt lat="43.8481565" lon="19.6909109">
                <ele>749.2</ele>
                <time>2026-06-06T14:59:22Z</time>
                <hdop>7.8</hdop>
                <extensions>
                    <osmand:speed>1.2</osmand:speed>
                </extensions>
            </trkpt>
            <trkpt lat="43.8481714" lon="19.690772">
                <ele>747.6</ele>
                <time>2026-06-06T14:59:30Z</time>
                <hdop>7.5</hdop>
                <extensions>
                    <osmand:speed>1.3</osmand:speed>
                </extensions>
            </trkpt>
            <trkpt lat="43.8482251" lon="19.6906461">
                <ele>745.9</ele>
                <time>2026-06-06T14:59:38Z</time>
                <hdop>8.9</hdop>
                <extensions>
                    <osmand:speed>1.2</osmand:speed>
                </extensions>
            </trkpt>
            <trkpt lat="43.8482391" lon="19.6905137">
                <ele>745</ele>
                <time>2026-06-06T14:59:44Z</time>
                <hdop>8.6</hdop>
                <extensions>
                    <osmand:speed>1.5</osmand:speed>
                </extensions>
            </trkpt>
            <trkpt lat="43.8482627" lon="19.6903781">
                <ele>744.8</ele>
                <time>2026-06-06T14:59:51Z</time>
                <hdop>8.6</hdop>
                <extensions>
                    <osmand:speed>1.4</osmand:speed>
                </extensions>
            </trkpt>
            <trkpt lat="43.8482819" lon="19.690244">
                <ele>744</ele>
                <time>2026-06-06T14:59:59Z</time>
                <hdop>8.5</hdop>
                <extensions>
                    <osmand:speed>1.3</osmand:speed>
                </extensions>
            </trkpt>
            <trkpt lat="43.8482833" lon="19.6901737">
                <ele>741</ele>
                <time>2026-06-06T15:00:23Z</time>
                <hdop>7.6</hdop>
                <extensions>
                    <osmand:speed>1.4</osmand:speed>
                </extensions>
            </trkpt>
            <trkpt lat="43.8483407" lon="19.6899804">
                <ele>741.2</ele>
                <time>2026-06-06T15:00:32Z</time>
                <hdop>7.9</hdop>
                <extensions>
                    <osmand:speed>1.3</osmand:speed>
                </extensions>
            </trkpt>
            <trkpt lat="43.848359" lon="19.6898493">
                <ele>741</ele>
                <time>2026-06-06T15:00:39Z</time>
                <hdop>8</hdop>
                <extensions>
                    <osmand:speed>1.3</osmand:speed>
                </extensions>
            </trkpt>
            <trkpt lat="43.8483881" lon="19.6897247">
                <ele>740.7</ele>
                <time>2026-06-06T15:00:48Z</time>
                <hdop>7.9</hdop>
                <extensions>
                    <osmand:speed>1.1</osmand:speed>
                </extensions>
            </trkpt>
            <trkpt lat="43.8484142" lon="19.6895989">
                <ele>741.8</ele>
                <time>2026-06-06T15:00:56Z</time>
                <hdop>7.8</hdop>
                <extensions>
                    <osmand:speed>1.4</osmand:speed>
                </extensions>
            </trkpt>
            <trkpt lat="43.8484658" lon="19.6894686">
                <ele>743.7</ele>
                <time>2026-06-06T15:01:03Z</time>
                <hdop>8</hdop>
                <extensions>
                    <osmand:speed>1.3</osmand:speed>
                </extensions>
            </trkpt>
            <trkpt lat="43.8485235" lon="19.6893474">
                <ele>745.5</ele>
                <time>2026-06-06T15:01:11Z</time>
                <hdop>7.2</hdop>
                <extensions>
                    <osmand:speed>1.5</osmand:speed>
                </extensions>
            </trkpt>
            <trkpt lat="43.8486043" lon="19.6892398">
                <ele>746.2</ele>
                <time>2026-06-06T15:01:20Z</time>
                <hdop>7</hdop>
                <extensions>
                    <osmand:speed>1.5</osmand:speed>
                </extensions>
            </trkpt>
            <trkpt lat="43.8486621" lon="19.6891437">
                <ele>745.5</ele>
                <time>2026-06-06T15:01:28Z</time>
                <hdop>6.6</hdop>
                <extensions>
                    <osmand:speed>0.9</osmand:speed>
                </extensions>
            </trkpt>
            <trkpt lat="43.8487037" lon="19.6890753">
                <ele>747.3</ele>
                <time>2026-06-06T15:01:37Z</time>
                <hdop>7</hdop>
                <extensions>
                    <osmand:speed>1.3</osmand:speed>
                </extensions>
            </trkpt>
            <trkpt lat="43.8487192" lon="19.6890028">
                <ele>750.2</ele>
                <time>2026-06-06T15:01:43Z</time>
                <hdop>6.3</hdop>
                <extensions>
                    <osmand:speed>0.6</osmand:speed>
                </extensions>
            </trkpt>
            <trkpt lat="43.8487419" lon="19.6889058">
                <ele>751.5</ele>
                <time>2026-06-06T15:01:49Z</time>
                <hdop>6.1</hdop>
                <extensions>
                    <osmand:speed>1.1</osmand:speed>
                </extensions>
            </trkpt>
            <trkpt lat="43.8488106" lon="19.6887931">
                <ele>750.1</ele>
                <time>2026-06-06T15:01:58Z</time>
                <hdop>5.3</hdop>
                <extensions>
                    <osmand:speed>1.4</osmand:speed>
                </extensions>
            </trkpt>
            <trkpt lat="43.8488462" lon="19.6886782">
                <ele>751.7</ele>
                <time>2026-06-06T15:02:06Z</time>
                <hdop>5.1</hdop>
                <extensions>
                    <osmand:speed>1.4</osmand:speed>
                </extensions>
            </trkpt>
            <trkpt lat="43.8488705" lon="19.6885707">
                <ele>751.1</ele>
                <time>2026-06-06T15:02:12Z</time>
                <hdop>4.6</hdop>
                <extensions>
                    <osmand:speed>1</osmand:speed>
                </extensions>
            </trkpt>
            <trkpt lat="43.8489034" lon="19.6884734">
                <ele>750.5</ele>
                <time>2026-06-06T15:02:18Z</time>
                <hdop>4.4</hdop>
                <extensions>
                    <osmand:speed>1</osmand:speed>
                </extensions>
            </trkpt>
            <trkpt lat="43.8489245" lon="19.6883723">
                <ele>749.5</ele>
                <time>2026-06-06T15:02:24Z</time>
                <hdop>4.2</hdop>
                <extensions>
                    <osmand:speed>1.4</osmand:speed>
                </extensions>
            </trkpt>
            <trkpt lat="43.8489501" lon="19.6882862">
                <ele>748.9</ele>
                <time>2026-06-06T15:02:30Z</time>
                <hdop>4.4</hdop>
                <extensions>
                    <osmand:speed>1.1</osmand:speed>
                </extensions>
            </trkpt>
            <trkpt lat="43.8489656" lon="19.6881847">
                <ele>747.2</ele>
                <time>2026-06-06T15:02:36Z</time>
                <hdop>4.4</hdop>
                <extensions>
                    <osmand:speed>1</osmand:speed>
                </extensions>
            </trkpt>
            <trkpt lat="43.8489873" lon="19.6880735">
                <ele>747.2</ele>
                <time>2026-06-06T15:02:42Z</time>
                <hdop>4.7</hdop>
                <extensions>
                    <osmand:speed>1.3</osmand:speed>
                </extensions>
            </trkpt>
            <trkpt lat="43.8490112" lon="19.6879719">
                <ele>749.3</ele>
                <time>2026-06-06T15:02:48Z</time>
                <hdop>4.9</hdop>
                <extensions>
                    <osmand:speed>0.9</osmand:speed>
                </extensions>
            </trkpt>
            <trkpt lat="43.8490444" lon="19.6878709">
                <ele>749.9</ele>
                <time>2026-06-06T15:02:54Z</time>
                <hdop>5.1</hdop>
                <extensions>
                    <osmand:speed>1.4</osmand:speed>
                </extensions>
            </trkpt>
            <trkpt lat="43.8491323" lon="19.687793">
                <ele>751.4</ele>
                <time>2026-06-06T15:03:01Z</time>
                <hdop>5.7</hdop>
                <extensions>
                    <osmand:speed>1.7</osmand:speed>
                </extensions>
            </trkpt>
            <trkpt lat="43.8492179" lon="19.6877023">
                <ele>750.9</ele>
                <time>2026-06-06T15:03:08Z</time>
                <hdop>6.1</hdop>
                <extensions>
                    <osmand:speed>1.5</osmand:speed>
                </extensions>
            </trkpt>
            <trkpt lat="43.8492874" lon="19.6876002">
                <ele>752.9</ele>
                <time>2026-06-06T15:03:20Z</time>
                <hdop>6.4</hdop>
                <extensions>
                    <osmand:speed>1</osmand:speed>
                </extensions>
            </trkpt>
            <trkpt lat="43.8493752" lon="19.6875386">
                <ele>753.5</ele>
                <time>2026-06-06T15:03:27Z</time>
                <hdop>6.2</hdop>
                <extensions>
                    <osmand:speed>1.2</osmand:speed>
                </extensions>
            </trkpt>
            <trkpt lat="43.849451" lon="19.6874501">
                <ele>754</ele>
                <time>2026-06-06T15:03:33Z</time>
                <hdop>6.1</hdop>
                <extensions>
                    <osmand:speed>1.3</osmand:speed>
                </extensions>
            </trkpt>
            <trkpt lat="43.849522" lon="19.6873363">
                <ele>753.6</ele>
                <time>2026-06-06T15:03:41Z</time>
                <hdop>5.8</hdop>
                <extensions>
                    <osmand:speed>1.3</osmand:speed>
                </extensions>
            </trkpt>
            <trkpt lat="43.8496064" lon="19.6872782">
                <ele>752.6</ele>
                <time>2026-06-06T15:03:48Z</time>
                <hdop>5.6</hdop>
                <extensions>
                    <osmand:speed>1</osmand:speed>
                </extensions>
            </trkpt>
            <trkpt lat="43.8496837" lon="19.6872124">
                <ele>753.5</ele>
                <time>2026-06-06T15:03:55Z</time>
                <hdop>5.6</hdop>
                <extensions>
                    <osmand:speed>1.3</osmand:speed>
                </extensions>
            </trkpt>
            <trkpt lat="43.849767" lon="19.6871355">
                <ele>752.9</ele>
                <time>2026-06-06T15:04:02Z</time>
                <hdop>5.6</hdop>
                <extensions>
                    <osmand:speed>1.3</osmand:speed>
                </extensions>
            </trkpt>
            <trkpt lat="43.8498725" lon="19.6870563">
                <ele>751.9</ele>
                <time>2026-06-06T15:04:11Z</time>
                <hdop>5.3</hdop>
                <extensions>
                    <osmand:speed>1.4</osmand:speed>
                </extensions>
            </trkpt>
            <trkpt lat="43.8499672" lon="19.6870008">
                <ele>754.7</ele>
                <time>2026-06-06T15:04:20Z</time>
                <hdop>4.9</hdop>
                <extensions>
                    <osmand:speed>1.4</osmand:speed>
                </extensions>
            </trkpt>
            <trkpt lat="43.8500685" lon="19.6869761">
                <ele>754.9</ele>
                <time>2026-06-06T15:04:28Z</time>
                <hdop>4.6</hdop>
                <extensions>
                    <osmand:speed>1.5</osmand:speed>
                </extensions>
            </trkpt>
            <trkpt lat="43.8501835" lon="19.686937">
                <ele>755.3</ele>
                <time>2026-06-06T15:04:36Z</time>
                <hdop>4.4</hdop>
                <extensions>
                    <osmand:speed>1.5</osmand:speed>
                </extensions>
            </trkpt>
            <trkpt lat="43.8501842" lon="19.6868588">
                <ele>757.1</ele>
                <time>2026-06-06T15:04:57Z</time>
                <hdop>4.2</hdop>
                <extensions>
                    <osmand:speed>0</osmand:speed>
                </extensions>
            </trkpt>
            <trkpt lat="43.8501783" lon="19.6868697">
                <ele>758</ele>
                <time>2026-06-06T15:05:03Z</time>
                <hdop>6.5</hdop>
                <extensions>
                    <osmand:speed>0</osmand:speed>
                </extensions>
            </trkpt>
            <trkpt lat="43.8501822" lon="19.6868825">
                <ele>758.1</ele>
                <time>2026-06-06T15:05:09Z</time>
                <hdop>10.1</hdop>
                <extensions>
                    <osmand:speed>0</osmand:speed>
                </extensions>
            </trkpt>
            <trkpt lat="43.8501739" lon="19.6869038">
                <ele>756.3</ele>
                <time>2026-06-06T15:05:15Z</time>
                <hdop>12.8</hdop>
                <extensions>
                    <osmand:speed>0.1</osmand:speed>
                </extensions>
            </trkpt>
            <trkpt lat="43.8501404" lon="19.6868576">
                <ele>755.3</ele>
                <time>2026-06-06T15:05:38Z</time>
                <hdop>11.4</hdop>
                <extensions>
                    <osmand:speed>0.8</osmand:speed>
                </extensions>
            </trkpt>
            <trkpt lat="43.8501076" lon="19.6868129">
                <ele>754.4</ele>
                <time>2026-06-06T15:05:52Z</time>
                <hdop>13.7</hdop>
                <extensions>
                    <osmand:speed>1.1</osmand:speed>
                </extensions>
            </trkpt>
            <trkpt lat="43.8500218" lon="19.6867164">
                <ele>755.4</ele>
                <time>2026-06-06T15:06:00Z</time>
                <hdop>12</hdop>
                <extensions>
                    <osmand:speed>1.3</osmand:speed>
                </extensions>
            </trkpt>
            <trkpt lat="43.8499332" lon="19.686622">
                <ele>754.8</ele>
                <time>2026-06-06T15:06:07Z</time>
                <hdop>9.9</hdop>
                <extensions>
                    <osmand:speed>1.8</osmand:speed>
                </extensions>
            </trkpt>
            <trkpt lat="43.8498485" lon="19.6865334">
                <ele>755.8</ele>
                <time>2026-06-06T15:06:15Z</time>
                <hdop>8.2</hdop>
                <extensions>
                    <osmand:speed>1.6</osmand:speed>
                </extensions>
            </trkpt>
            <trkpt lat="43.8497908" lon="19.6864344">
                <ele>756.9</ele>
                <time>2026-06-06T15:06:21Z</time>
                <hdop>7.7</hdop>
                <extensions>
                    <osmand:speed>1.7</osmand:speed>
                </extensions>
            </trkpt>
            <trkpt lat="43.8497318" lon="19.6863054">
                <ele>757.3</ele>
                <time>2026-06-06T15:06:29Z</time>
                <hdop>6.9</hdop>
                <extensions>
                    <osmand:speed>1.6</osmand:speed>
                </extensions>
            </trkpt>
            <trkpt lat="43.8496953" lon="19.686155">
                <ele>757.4</ele>
                <time>2026-06-06T15:06:36Z</time>
                <hdop>6.3</hdop>
                <extensions>
                    <osmand:speed>2.1</osmand:speed>
                </extensions>
            </trkpt>
            <trkpt lat="43.849673" lon="19.6860231">
                <ele>758.6</ele>
                <time>2026-06-06T15:06:44Z</time>
                <hdop>5.8</hdop>
                <extensions>
                    <osmand:speed>1.4</osmand:speed>
                </extensions>
            </trkpt>
            <trkpt lat="43.8496735" lon="19.6858751">
                <ele>759</ele>
                <time>2026-06-06T15:06:52Z</time>
                <hdop>5.7</hdop>
                <extensions>
                    <osmand:speed>1.4</osmand:speed>
                </extensions>
            </trkpt>
            <trkpt lat="43.8496813" lon="19.6857294">
                <ele>760.4</ele>
                <time>2026-06-06T15:07:00Z</time>
                <hdop>6.1</hdop>
                <extensions>
                    <osmand:speed>1</osmand:speed>
                </extensions>
            </trkpt>
            <trkpt lat="43.8496642" lon="19.6855801">
                <ele>763.7</ele>
                <time>2026-06-06T15:07:08Z</time>
                <hdop>6.1</hdop>
                <extensions>
                    <osmand:speed>1.5</osmand:speed>
                </extensions>
            </trkpt>
            <trkpt lat="43.8496446" lon="19.6854422">
                <ele>764.9</ele>
                <time>2026-06-06T15:07:16Z</time>
                <hdop>6</hdop>
                <extensions>
                    <osmand:speed>1.4</osmand:speed>
                </extensions>
            </trkpt>
            <trkpt lat="43.8496282" lon="19.6852936">
                <ele>766.7</ele>
                <time>2026-06-06T15:07:24Z</time>
                <hdop>5.8</hdop>
                <extensions>
                    <osmand:speed>1.3</osmand:speed>
                </extensions>
            </trkpt>
            <trkpt lat="43.8496094" lon="19.6853568">
                <ele>780</ele>
                <time>2026-06-06T15:07:55Z</time>
                <hdop>8.6</hdop>
                <extensions>
                    <osmand:speed>0</osmand:speed>
                </extensions>
            </trkpt>
            <trkpt lat="43.84957" lon="19.6852198">
                <ele>774.9</ele>
                <time>2026-06-06T15:08:04Z</time>
                <hdop>7.5</hdop>
                <extensions>
                    <osmand:speed>1.1</osmand:speed>
                </extensions>
            </trkpt>
            <trkpt lat="43.8495317" lon="19.6851697">
                <ele>772.6</ele>
                <time>2026-06-06T15:08:10Z</time>
                <hdop>7</hdop>
                <extensions>
                    <osmand:speed>0.9</osmand:speed>
                </extensions>
            </trkpt>
            <trkpt lat="43.849444" lon="19.6851156">
                <ele>770.8</ele>
                <time>2026-06-06T15:08:20Z</time>
                <hdop>6.3</hdop>
                <extensions>
                    <osmand:speed>0.9</osmand:speed>
                </extensions>
            </trkpt>
            <trkpt lat="43.8493349" lon="19.6851051">
                <ele>768.4</ele>
                <time>2026-06-06T15:08:29Z</time>
                <hdop>6.1</hdop>
                <extensions>
                    <osmand:speed>1.1</osmand:speed>
                </extensions>
            </trkpt>
            <trkpt lat="43.8492321" lon="19.6850969">
                <ele>767.4</ele>
                <time>2026-06-06T15:08:39Z</time>
                <hdop>6.2</hdop>
                <extensions>
                    <osmand:speed>0.8</osmand:speed>
                </extensions>
            </trkpt>
            <trkpt lat="43.849147" lon="19.6850471">
                <ele>766.9</ele>
                <time>2026-06-06T15:08:47Z</time>
                <hdop>6</hdop>
                <extensions>
                    <osmand:speed>0.9</osmand:speed>
                </extensions>
            </trkpt>
            <trkpt lat="43.8490568" lon="19.6850122">
                <ele>766.9</ele>
                <time>2026-06-06T15:08:55Z</time>
                <hdop>5.7</hdop>
                <extensions>
                    <osmand:speed>1.1</osmand:speed>
                </extensions>
            </trkpt>
            <trkpt lat="43.8489695" lon="19.68495">
                <ele>766.3</ele>
                <time>2026-06-06T15:09:03Z</time>
                <hdop>5.7</hdop>
                <extensions>
                    <osmand:speed>1.2</osmand:speed>
                </extensions>
            </trkpt>
            <trkpt lat="43.8489237" lon="19.6849311">
                <ele>764.8</ele>
                <time>2026-06-06T15:09:13Z</time>
                <hdop>5.6</hdop>
                <extensions>
                    <osmand:speed>0.4</osmand:speed>
                </extensions>
            </trkpt>
            <trkpt lat="43.8488272" lon="19.684872">
                <ele>763.8</ele>
                <time>2026-06-06T15:09:21Z</time>
                <hdop>5.8</hdop>
                <extensions>
                    <osmand:speed>1.1</osmand:speed>
                </extensions>
            </trkpt>
            <trkpt lat="43.8487296" lon="19.6848408">
                <ele>762.8</ele>
                <time>2026-06-06T15:09:31Z</time>
                <hdop>4.8</hdop>
                <extensions>
                    <osmand:speed>0.9</osmand:speed>
                </extensions>
            </trkpt>
            <trkpt lat="43.8486664" lon="19.6848397">
                <ele>761.7</ele>
                <time>2026-06-06T15:09:37Z</time>
                <hdop>4.4</hdop>
                <extensions>
                    <osmand:speed>0.6</osmand:speed>
                </extensions>
            </trkpt>
            <trkpt lat="43.8486043" lon="19.6848274">
                <ele>761.9</ele>
                <time>2026-06-06T15:09:43Z</time>
                <hdop>4.4</hdop>
                <extensions>
                    <osmand:speed>0</osmand:speed>
                </extensions>
            </trkpt>
            <trkpt lat="43.8486089" lon="19.6848326">
                <ele>762.3</ele>
                <time>2026-06-06T15:09:49Z</time>
                <hdop>4.8</hdop>
                <extensions>
                    <osmand:speed>0</osmand:speed>
                </extensions>
            </trkpt>
            <trkpt lat="43.8485731" lon="19.6848389">
                <ele>762</ele>
                <time>2026-06-06T15:09:55Z</time>
                <hdop>5.3</hdop>
                <extensions>
                    <osmand:speed>1.1</osmand:speed>
                </extensions>
            </trkpt>
            <trkpt lat="43.8484935" lon="19.6848303">
                <ele>760.8</ele>
                <time>2026-06-06T15:10:01Z</time>
                <hdop>4.9</hdop>
                <extensions>
                    <osmand:speed>1.1</osmand:speed>
                </extensions>
            </trkpt>
            <trkpt lat="43.8484128" lon="19.6848227">
                <ele>759.2</ele>
                <time>2026-06-06T15:10:07Z</time>
                <hdop>4.8</hdop>
                <extensions>
                    <osmand:speed>1.2</osmand:speed>
                </extensions>
            </trkpt>
            <trkpt lat="43.8483321" lon="19.6848252">
                <ele>758.1</ele>
                <time>2026-06-06T15:10:13Z</time>
                <hdop>4.7</hdop>
                <extensions>
                    <osmand:speed>1.4</osmand:speed>
                </extensions>
            </trkpt>
            <trkpt lat="43.8482554" lon="19.6848132">
                <ele>757.5</ele>
                <time>2026-06-06T15:10:19Z</time>
                <hdop>4.5</hdop>
                <extensions>
                    <osmand:speed>1.6</osmand:speed>
                </extensions>
            </trkpt>
            <trkpt lat="43.8481837" lon="19.6848083">
                <ele>755.9</ele>
                <time>2026-06-06T15:10:25Z</time>
                <hdop>4.6</hdop>
                <extensions>
                    <osmand:speed>1.2</osmand:speed>
                </extensions>
            </trkpt>
            <trkpt lat="43.8481067" lon="19.6848054">
                <ele>755.9</ele>
                <time>2026-06-06T15:10:31Z</time>
                <hdop>4.4</hdop>
                <extensions>
                    <osmand:speed>1.3</osmand:speed>
                </extensions>
            </trkpt>
            <trkpt lat="43.8480256" lon="19.6848195">
                <ele>755.7</ele>
                <time>2026-06-06T15:10:37Z</time>
                <hdop>4.3</hdop>
                <extensions>
                    <osmand:speed>1.3</osmand:speed>
                </extensions>
            </trkpt>
            <trkpt lat="43.8479622" lon="19.6848012">
                <ele>754.5</ele>
                <time>2026-06-06T15:10:43Z</time>
                <hdop>4.2</hdop>
                <extensions>
                    <osmand:speed>1.3</osmand:speed>
                </extensions>
            </trkpt>
            <trkpt lat="43.8478917" lon="19.6847893">
                <ele>753.7</ele>
                <time>2026-06-06T15:10:49Z</time>
                <hdop>4.3</hdop>
                <extensions>
                    <osmand:speed>1.2</osmand:speed>
                </extensions>
            </trkpt>
            <trkpt lat="43.8478228" lon="19.6847682">
                <ele>753.7</ele>
                <time>2026-06-06T15:10:55Z</time>
                <hdop>4.4</hdop>
                <extensions>
                    <osmand:speed>1.2</osmand:speed>
                </extensions>
            </trkpt>
            <trkpt lat="43.8477319" lon="19.6847595">
                <ele>754</ele>
                <time>2026-06-06T15:11:01Z</time>
                <hdop>4.3</hdop>
                <extensions>
                    <osmand:speed>1.5</osmand:speed>
                </extensions>
            </trkpt>
            <trkpt lat="43.8476608" lon="19.6847358">
                <ele>753</ele>
                <time>2026-06-06T15:11:07Z</time>
                <hdop>4.3</hdop>
                <extensions>
                    <osmand:speed>1.3</osmand:speed>
                </extensions>
            </trkpt>
            <trkpt lat="43.8475882" lon="19.6847594">
                <ele>751.2</ele>
                <time>2026-06-06T15:11:13Z</time>
                <hdop>4.4</hdop>
                <extensions>
                    <osmand:speed>1.3</osmand:speed>
                </extensions>
            </trkpt>
            <trkpt lat="43.8475233" lon="19.6847944">
                <ele>751.6</ele>
                <time>2026-06-06T15:11:19Z</time>
                <hdop>4.5</hdop>
                <extensions>
                    <osmand:speed>1.2</osmand:speed>
                </extensions>
            </trkpt>
            <trkpt lat="43.8474606" lon="19.6848334">
                <ele>752.1</ele>
                <time>2026-06-06T15:11:25Z</time>
                <hdop>4.4</hdop>
                <extensions>
                    <osmand:speed>1.2</osmand:speed>
                </extensions>
            </trkpt>
            <trkpt lat="43.8473955" lon="19.6848528">
                <ele>751.6</ele>
                <time>2026-06-06T15:11:31Z</time>
                <hdop>4.2</hdop>
                <extensions>
                    <osmand:speed>1</osmand:speed>
                </extensions>
            </trkpt>
            <trkpt lat="43.8473057" lon="19.6848901">
                <ele>753.7</ele>
                <time>2026-06-06T15:11:46Z</time>
                <hdop>4.5</hdop>
                <extensions>
                    <osmand:speed>1.2</osmand:speed>
                </extensions>
            </trkpt>
            <trkpt lat="43.8472083" lon="19.6849357">
                <ele>752.1</ele>
                <time>2026-06-06T15:11:54Z</time>
                <hdop>4.6</hdop>
                <extensions>
                    <osmand:speed>1.5</osmand:speed>
                </extensions>
            </trkpt>
            <trkpt lat="43.847108" lon="19.6849664">
                <ele>750.6</ele>
                <time>2026-06-06T15:12:01Z</time>
                <hdop>4.7</hdop>
                <extensions>
                    <osmand:speed>1.6</osmand:speed>
                </extensions>
            </trkpt>
            <trkpt lat="43.8470093" lon="19.6849991">
                <ele>749.5</ele>
                <time>2026-06-06T15:12:08Z</time>
                <hdop>4.7</hdop>
                <extensions>
                    <osmand:speed>1.5</osmand:speed>
                </extensions>
            </trkpt>
            <trkpt lat="43.8470179" lon="19.6850388">
                <ele>751</ele>
                <time>2026-06-06T15:12:27Z</time>
                <hdop>6.3</hdop>
                <extensions>
                    <osmand:speed>0.1</osmand:speed>
                </extensions>
            </trkpt>
            <trkpt lat="43.8469695" lon="19.685045">
                <ele>749.1</ele>
                <time>2026-06-06T15:12:35Z</time>
                <hdop>8.7</hdop>
                <extensions>
                    <osmand:speed>0.8</osmand:speed>
                </extensions>
            </trkpt>
            <trkpt lat="43.8469245" lon="19.6850535">
                <ele>745.8</ele>
                <time>2026-06-06T15:12:50Z</time>
                <hdop>12.2</hdop>
                <extensions>
                    <osmand:speed>0</osmand:speed>
                </extensions>
            </trkpt>
            <trkpt lat="43.84688" lon="19.6850873">
                <ele>743.2</ele>
                <time>2026-06-06T15:13:10Z</time>
                <hdop>14.9</hdop>
                <extensions>
                    <osmand:speed>0.8</osmand:speed>
                </extensions>
            </trkpt>
            <trkpt lat="43.8467921" lon="19.6851438">
                <ele>743.1</ele>
                <time>2026-06-06T15:13:20Z</time>
                <hdop>12.5</hdop>
                <extensions>
                    <osmand:speed>0.5</osmand:speed>
                </extensions>
            </trkpt>
            <trkpt lat="43.8467519" lon="19.6851748">
                <ele>741.7</ele>
                <time>2026-06-06T15:13:26Z</time>
                <hdop>11.5</hdop>
                <extensions>
                    <osmand:speed>0.8</osmand:speed>
                </extensions>
            </trkpt>
            <trkpt lat="43.8466566" lon="19.6852125">
                <ele>739.8</ele>
                <time>2026-06-06T15:13:35Z</time>
                <hdop>10.5</hdop>
                <extensions>
                    <osmand:speed>1.2</osmand:speed>
                </extensions>
            </trkpt>
            <trkpt lat="43.8465682" lon="19.6852695">
                <ele>740.3</ele>
                <time>2026-06-06T15:13:44Z</time>
                <hdop>8.8</hdop>
                <extensions>
                    <osmand:speed>0.9</osmand:speed>
                </extensions>
            </trkpt>
            <trkpt lat="43.8464838" lon="19.68533">
                <ele>738.7</ele>
                <time>2026-06-06T15:13:52Z</time>
                <hdop>8.1</hdop>
                <extensions>
                    <osmand:speed>1.1</osmand:speed>
                </extensions>
            </trkpt>
            <trkpt lat="43.8463916" lon="19.685402">
                <ele>737.1</ele>
                <time>2026-06-06T15:13:59Z</time>
                <hdop>7.8</hdop>
                <extensions>
                    <osmand:speed>1.2</osmand:speed>
                </extensions>
            </trkpt>
            <trkpt lat="43.84629" lon="19.685442">
                <ele>738.1</ele>
                <time>2026-06-06T15:14:13Z</time>
                <hdop>6.3</hdop>
                <extensions>
                    <osmand:speed>2</osmand:speed>
                </extensions>
            </trkpt>
            <trkpt lat="43.8462504" lon="19.6854737">
                <ele>737.7</ele>
                <time>2026-06-06T15:14:19Z</time>
                <hdop>5.4</hdop>
                <extensions>
                    <osmand:speed>1.3</osmand:speed>
                </extensions>
            </trkpt>
            <trkpt lat="43.8461866" lon="19.6854978">
                <ele>736.6</ele>
                <time>2026-06-06T15:14:26Z</time>
                <hdop>5.1</hdop>
                <extensions>
                    <osmand:speed>1.6</osmand:speed>
                </extensions>
            </trkpt>
            <trkpt lat="43.8461097" lon="19.6855699">
                <ele>736.7</ele>
                <time>2026-06-06T15:14:35Z</time>
                <hdop>4.4</hdop>
                <extensions>
                    <osmand:speed>1.2</osmand:speed>
                </extensions>
            </trkpt>
            <trkpt lat="43.8460119" lon="19.6856043">
                <ele>736.5</ele>
                <time>2026-06-06T15:14:44Z</time>
                <hdop>3.7</hdop>
                <extensions>
                    <osmand:speed>0.9</osmand:speed>
                </extensions>
            </trkpt>
            <trkpt lat="43.845903" lon="19.6856588">
                <ele>735.1</ele>
                <time>2026-06-06T15:14:54Z</time>
                <hdop>3.9</hdop>
                <extensions>
                    <osmand:speed>1.5</osmand:speed>
                </extensions>
            </trkpt>
            <trkpt lat="43.8458108" lon="19.6856853">
                <ele>732.7</ele>
                <time>2026-06-06T15:15:01Z</time>
                <hdop>4</hdop>
                <extensions>
                    <osmand:speed>1.5</osmand:speed>
                </extensions>
            </trkpt>
            <trkpt lat="43.8456916" lon="19.6857164">
                <ele>732.1</ele>
                <time>2026-06-06T15:15:10Z</time>
                <hdop>4.6</hdop>
                <extensions>
                    <osmand:speed>1.7</osmand:speed>
                </extensions>
            </trkpt>
            <trkpt lat="43.8455954" lon="19.6857664">
                <ele>729.8</ele>
                <time>2026-06-06T15:15:18Z</time>
                <hdop>4.7</hdop>
                <extensions>
                    <osmand:speed>1.3</osmand:speed>
                </extensions>
            </trkpt>
            <trkpt lat="43.845494" lon="19.6858427">
                <ele>729.1</ele>
                <time>2026-06-06T15:15:39Z</time>
                <hdop>4.2</hdop>
                <extensions>
                    <osmand:speed>1.4</osmand:speed>
                </extensions>
            </trkpt>
            <trkpt lat="43.8453785" lon="19.6858856">
                <ele>728.3</ele>
                <time>2026-06-06T15:15:48Z</time>
                <hdop>4.1</hdop>
                <extensions>
                    <osmand:speed>1.4</osmand:speed>
                </extensions>
            </trkpt>
            <trkpt lat="43.8452766" lon="19.6859587">
                <ele>728.8</ele>
                <time>2026-06-06T15:15:57Z</time>
                <hdop>3.8</hdop>
                <extensions>
                    <osmand:speed>1.1</osmand:speed>
                </extensions>
            </trkpt>
            <trkpt lat="43.845186" lon="19.6860112">
                <ele>729.7</ele>
                <time>2026-06-06T15:16:07Z</time>
                <hdop>3.5</hdop>
                <extensions>
                    <osmand:speed>1.1</osmand:speed>
                </extensions>
            </trkpt>
            <trkpt lat="43.8451017" lon="19.6860852">
                <ele>728.8</ele>
                <time>2026-06-06T15:16:15Z</time>
                <hdop>3.5</hdop>
                <extensions>
                    <osmand:speed>1.4</osmand:speed>
                </extensions>
            </trkpt>
            <trkpt lat="43.8450146" lon="19.6861404">
                <ele>727.9</ele>
                <time>2026-06-06T15:16:22Z</time>
                <hdop>3.8</hdop>
                <extensions>
                    <osmand:speed>1.4</osmand:speed>
                </extensions>
            </trkpt>
            <trkpt lat="43.8449147" lon="19.6861836">
                <ele>728.4</ele>
                <time>2026-06-06T15:16:30Z</time>
                <hdop>3.7</hdop>
                <extensions>
                    <osmand:speed>1.4</osmand:speed>
                </extensions>
            </trkpt>
            <trkpt lat="43.844817" lon="19.6862165">
                <ele>729.2</ele>
                <time>2026-06-06T15:16:38Z</time>
                <hdop>3.7</hdop>
                <extensions>
                    <osmand:speed>1.3</osmand:speed>
                </extensions>
            </trkpt>
            <trkpt lat="43.8447756" lon="19.6862338">
                <ele>730.7</ele>
                <time>2026-06-06T15:16:58Z</time>
                <hdop>4.8</hdop>
                <extensions>
                    <osmand:speed>0.4</osmand:speed>
                </extensions>
            </trkpt>
            <trkpt lat="43.844731" lon="19.6863033">
                <ele>730.6</ele>
                <time>2026-06-06T15:17:04Z</time>
                <hdop>4.9</hdop>
                <extensions>
                    <osmand:speed>1.1</osmand:speed>
                </extensions>
            </trkpt>
            <trkpt lat="43.844637" lon="19.6863529">
                <ele>730</ele>
                <time>2026-06-06T15:17:13Z</time>
                <hdop>5.3</hdop>
                <extensions>
                    <osmand:speed>1.3</osmand:speed>
                </extensions>
            </trkpt>
            <trkpt lat="43.8445366" lon="19.6863748">
                <ele>731.2</ele>
                <time>2026-06-06T15:17:22Z</time>
                <hdop>4.8</hdop>
                <extensions>
                    <osmand:speed>1.5</osmand:speed>
                </extensions>
            </trkpt>
            <trkpt lat="43.8444286" lon="19.686364">
                <ele>733.2</ele>
                <time>2026-06-06T15:17:30Z</time>
                <hdop>4.6</hdop>
                <extensions>
                    <osmand:speed>1.4</osmand:speed>
                </extensions>
            </trkpt>
            <trkpt lat="43.8443325" lon="19.6863461">
                <ele>736.5</ele>
                <time>2026-06-06T15:17:51Z</time>
                <hdop>4.4</hdop>
                <extensions>
                    <osmand:speed>1</osmand:speed>
                </extensions>
            </trkpt>
            <trkpt lat="43.8442397" lon="19.6863735">
                <ele>736.2</ele>
                <time>2026-06-06T15:17:59Z</time>
                <hdop>4.5</hdop>
                <extensions>
                    <osmand:speed>1.3</osmand:speed>
                </extensions>
            </trkpt>
            <trkpt lat="43.8441442" lon="19.686357">
                <ele>738.8</ele>
                <time>2026-06-06T15:18:07Z</time>
                <hdop>4.5</hdop>
                <extensions>
                    <osmand:speed>0.9</osmand:speed>
                </extensions>
            </trkpt>
            <trkpt lat="43.8440994" lon="19.6863311">
                <ele>739.3</ele>
                <time>2026-06-06T15:18:13Z</time>
                <hdop>4.3</hdop>
                <extensions>
                    <osmand:speed>1</osmand:speed>
                </extensions>
            </trkpt>
            <trkpt lat="43.8440928" lon="19.6863449">
                <ele>739.4</ele>
                <time>2026-06-06T15:18:19Z</time>
                <hdop>4.6</hdop>
                <extensions>
                    <osmand:speed>0.4</osmand:speed>
                </extensions>
            </trkpt>
            <trkpt lat="43.8440689" lon="19.6863359">
                <ele>741.2</ele>
                <time>2026-06-06T15:18:25Z</time>
                <hdop>4.6</hdop>
                <extensions>
                    <osmand:speed>0.7</osmand:speed>
                </extensions>
            </trkpt>
            <trkpt lat="43.8440462" lon="19.6863322">
                <ele>740.6</ele>
                <time>2026-06-06T15:18:31Z</time>
                <hdop>4.3</hdop>
                <extensions>
                    <osmand:speed>0.3</osmand:speed>
                </extensions>
            </trkpt>
            <trkpt lat="43.8439953" lon="19.6863627">
                <ele>739.1</ele>
                <time>2026-06-06T15:18:37Z</time>
                <hdop>4.3</hdop>
                <extensions>
                    <osmand:speed>1</osmand:speed>
                </extensions>
            </trkpt>
            <trkpt lat="43.8439147" lon="19.6863381">
                <ele>739.5</ele>
                <time>2026-06-06T15:18:43Z</time>
                <hdop>4.6</hdop>
                <extensions>
                    <osmand:speed>1.2</osmand:speed>
                </extensions>
            </trkpt>
            <trkpt lat="43.8438336" lon="19.6863318">
                <ele>739.6</ele>
                <time>2026-06-06T15:18:49Z</time>
                <hdop>4.8</hdop>
                <extensions>
                    <osmand:speed>1.1</osmand:speed>
                </extensions>
            </trkpt>
            <trkpt lat="43.8437981" lon="19.6863474">
                <ele>739.7</ele>
                <time>2026-06-06T15:18:55Z</time>
                <hdop>4.8</hdop>
                <extensions>
                    <osmand:speed>0.6</osmand:speed>
                </extensions>
            </trkpt>
            <trkpt lat="43.8437975" lon="19.686345">
                <ele>740.7</ele>
                <time>2026-06-06T15:19:01Z</time>
                <hdop>5.4</hdop>
                <extensions>
                    <osmand:speed>0.1</osmand:speed>
                </extensions>
            </trkpt>
            <trkpt lat="43.8437905" lon="19.6863354">
                <ele>740.7</ele>
                <time>2026-06-06T15:19:07Z</time>
                <hdop>7.2</hdop>
                <extensions>
                    <osmand:speed>0.1</osmand:speed>
                </extensions>
            </trkpt>
            <trkpt lat="43.8437945" lon="19.686338">
                <ele>739.6</ele>
                <time>2026-06-06T15:19:13Z</time>
                <hdop>9.6</hdop>
                <extensions>
                    <osmand:speed>0.2</osmand:speed>
                </extensions>
            </trkpt>
            <trkpt lat="43.8437808" lon="19.6863417">
                <ele>741.4</ele>
                <time>2026-06-06T15:19:19Z</time>
                <hdop>10.7</hdop>
            </trkpt>
            <trkpt lat="43.8437655" lon="19.6863431">
                <ele>741</ele>
                <time>2026-06-06T15:19:25Z</time>
                <hdop>11.2</hdop>
                <extensions>
                    <osmand:speed>0.1</osmand:speed>
                </extensions>
            </trkpt>
            <trkpt lat="43.8437677" lon="19.6863395">
                <ele>739.9</ele>
                <time>2026-06-06T15:19:31Z</time>
                <hdop>11.6</hdop>
                <extensions>
                    <osmand:speed>0.1</osmand:speed>
                </extensions>
            </trkpt>
            <trkpt lat="43.8437636" lon="19.6863351">
                <ele>741</ele>
                <time>2026-06-06T15:19:37Z</time>
                <hdop>13.1</hdop>
            </trkpt>
            <trkpt lat="43.8437453" lon="19.6863482">
                <ele>740.6</ele>
                <time>2026-06-06T15:19:43Z</time>
                <hdop>13.5</hdop>
                <extensions>
                    <osmand:speed>0.3</osmand:speed>
                </extensions>
            </trkpt>
            <trkpt lat="43.8436865" lon="19.6864123">
                <ele>738.8</ele>
                <time>2026-06-06T15:19:49Z</time>
                <hdop>13.3</hdop>
                <extensions>
                    <osmand:speed>0.8</osmand:speed>
                </extensions>
            </trkpt>
            <trkpt lat="43.8436224" lon="19.6864606">
                <ele>739.9</ele>
                <time>2026-06-06T15:19:55Z</time>
                <hdop>11.3</hdop>
                <extensions>
                    <osmand:speed>1</osmand:speed>
                </extensions>
            </trkpt>
            <trkpt lat="43.8435863" lon="19.6865105">
                <ele>736.6</ele>
                <time>2026-06-06T15:20:01Z</time>
                <hdop>9.9</hdop>
                <extensions>
                    <osmand:speed>0.8</osmand:speed>
                </extensions>
            </trkpt>
            <trkpt lat="43.8435241" lon="19.6865768">
                <ele>735.3</ele>
                <time>2026-06-06T15:20:07Z</time>
                <hdop>9</hdop>
                <extensions>
                    <osmand:speed>0.8</osmand:speed>
                </extensions>
            </trkpt>
            <trkpt lat="43.8434478" lon="19.6865756">
                <ele>735.4</ele>
                <time>2026-06-06T15:20:13Z</time>
                <hdop>7.8</hdop>
                <extensions>
                    <osmand:speed>1.2</osmand:speed>
                </extensions>
            </trkpt>
            <trkpt lat="43.8433681" lon="19.6865337">
                <ele>733.9</ele>
                <time>2026-06-06T15:20:19Z</time>
                <hdop>6.7</hdop>
                <extensions>
                    <osmand:speed>1.4</osmand:speed>
                </extensions>
            </trkpt>
            <trkpt lat="43.843308" lon="19.6865029">
                <ele>734.6</ele>
                <time>2026-06-06T15:20:25Z</time>
                <hdop>6.1</hdop>
                <extensions>
                    <osmand:speed>0.9</osmand:speed>
                </extensions>
            </trkpt>
            <trkpt lat="43.8432548" lon="19.6864766">
                <ele>733.2</ele>
                <time>2026-06-06T15:20:31Z</time>
                <hdop>5.8</hdop>
                <extensions>
                    <osmand:speed>1.4</osmand:speed>
                </extensions>
            </trkpt>
            <trkpt lat="43.8431909" lon="19.6864476">
                <ele>732.8</ele>
                <time>2026-06-06T15:20:37Z</time>
                <hdop>5.1</hdop>
                <extensions>
                    <osmand:speed>1.2</osmand:speed>
                </extensions>
            </trkpt>
            <trkpt lat="43.8431259" lon="19.6864211">
                <ele>733.3</ele>
                <time>2026-06-06T15:20:43Z</time>
                <hdop>4.6</hdop>
                <extensions>
                    <osmand:speed>1.1</osmand:speed>
                </extensions>
            </trkpt>
            <trkpt lat="43.8430217" lon="19.6863953">
                <ele>731.3</ele>
                <time>2026-06-06T15:20:52Z</time>
                <hdop>4.2</hdop>
                <extensions>
                    <osmand:speed>1.2</osmand:speed>
                </extensions>
            </trkpt>
            <trkpt lat="43.8429306" lon="19.6863491">
                <ele>728.9</ele>
                <time>2026-06-06T15:21:00Z</time>
                <hdop>4</hdop>
                <extensions>
                    <osmand:speed>1.4</osmand:speed>
                </extensions>
            </trkpt>
            <trkpt lat="43.8428133" lon="19.686339">
                <ele>727.6</ele>
                <time>2026-06-06T15:21:09Z</time>
                <hdop>4</hdop>
                <extensions>
                    <osmand:speed>1.5</osmand:speed>
                </extensions>
            </trkpt>
            <trkpt lat="43.842707" lon="19.6863608">
                <ele>727</ele>
                <time>2026-06-06T15:21:18Z</time>
                <hdop>4.5</hdop>
                <extensions>
                    <osmand:speed>1.4</osmand:speed>
                </extensions>
            </trkpt>
            <trkpt lat="43.8426219" lon="19.6864037">
                <ele>726.6</ele>
                <time>2026-06-06T15:21:25Z</time>
                <hdop>4.9</hdop>
                <extensions>
                    <osmand:speed>1.5</osmand:speed>
                </extensions>
            </trkpt>
            <trkpt lat="43.8425205" lon="19.6863996">
                <ele>725.4</ele>
                <time>2026-06-06T15:21:36Z</time>
                <hdop>5.5</hdop>
                <extensions>
                    <osmand:speed>1.1</osmand:speed>
                </extensions>
            </trkpt>
            <trkpt lat="43.8423971" lon="19.6864058">
                <ele>722</ele>
                <time>2026-06-06T15:21:45Z</time>
                <hdop>5.5</hdop>
                <extensions>
                    <osmand:speed>1.4</osmand:speed>
                </extensions>
            </trkpt>
            <trkpt lat="43.8422963" lon="19.6864367">
                <ele>721.8</ele>
                <time>2026-06-06T15:21:53Z</time>
                <hdop>5.7</hdop>
                <extensions>
                    <osmand:speed>1.3</osmand:speed>
                </extensions>
            </trkpt>
            <trkpt lat="43.842199" lon="19.6864927">
                <ele>723.5</ele>
                <time>2026-06-06T15:22:00Z</time>
                <hdop>5.8</hdop>
                <extensions>
                    <osmand:speed>1.8</osmand:speed>
                </extensions>
            </trkpt>
            <trkpt lat="43.8421014" lon="19.686508">
                <ele>721.8</ele>
                <time>2026-06-06T15:22:07Z</time>
                <hdop>6.2</hdop>
                <extensions>
                    <osmand:speed>1.5</osmand:speed>
                </extensions>
            </trkpt>
            <trkpt lat="43.8420419" lon="19.6865001">
                <ele>720.2</ele>
                <time>2026-06-06T15:22:13Z</time>
                <hdop>6</hdop>
                <extensions>
                    <osmand:speed>1.2</osmand:speed>
                </extensions>
            </trkpt>
            <trkpt lat="43.8419705" lon="19.6864888">
                <ele>718.7</ele>
                <time>2026-06-06T15:22:19Z</time>
                <hdop>6.1</hdop>
                <extensions>
                    <osmand:speed>1</osmand:speed>
                </extensions>
            </trkpt>
            <trkpt lat="43.8418966" lon="19.6865258">
                <ele>718.8</ele>
                <time>2026-06-06T15:22:25Z</time>
                <hdop>6</hdop>
                <extensions>
                    <osmand:speed>1.2</osmand:speed>
                </extensions>
            </trkpt>
            <trkpt lat="43.8418207" lon="19.6865491">
                <ele>718.6</ele>
                <time>2026-06-06T15:22:31Z</time>
                <hdop>6.1</hdop>
                <extensions>
                    <osmand:speed>1.1</osmand:speed>
                </extensions>
            </trkpt>
            <trkpt lat="43.8417314" lon="19.6865771">
                <ele>719.1</ele>
                <time>2026-06-06T15:22:37Z</time>
                <hdop>6</hdop>
                <extensions>
                    <osmand:speed>1.2</osmand:speed>
                </extensions>
            </trkpt>
            <trkpt lat="43.8416519" lon="19.6865953">
                <ele>718.4</ele>
                <time>2026-06-06T15:22:44Z</time>
                <hdop>5.9</hdop>
                <extensions>
                    <osmand:speed>1.2</osmand:speed>
                </extensions>
            </trkpt>
            <trkpt lat="43.8415599" lon="19.6865647">
                <ele>715.9</ele>
                <time>2026-06-06T15:22:55Z</time>
                <hdop>6.2</hdop>
                <extensions>
                    <osmand:speed>1.2</osmand:speed>
                </extensions>
            </trkpt>
            <trkpt lat="43.8414527" lon="19.6864943">
                <ele>715.6</ele>
                <time>2026-06-06T15:23:05Z</time>
                <hdop>7</hdop>
                <extensions>
                    <osmand:speed>1.5</osmand:speed>
                </extensions>
            </trkpt>
            <trkpt lat="43.8413537" lon="19.6864427">
                <ele>714.1</ele>
                <time>2026-06-06T15:23:12Z</time>
                <hdop>6.9</hdop>
                <extensions>
                    <osmand:speed>1.5</osmand:speed>
                </extensions>
            </trkpt>
            <trkpt lat="43.8412515" lon="19.6864259">
                <ele>713.5</ele>
                <time>2026-06-06T15:23:20Z</time>
                <hdop>6.7</hdop>
                <extensions>
                    <osmand:speed>0.7</osmand:speed>
                </extensions>
            </trkpt>
            <trkpt lat="43.8411456" lon="19.6864151">
                <ele>711.3</ele>
                <time>2026-06-06T15:23:27Z</time>
                <hdop>6.5</hdop>
                <extensions>
                    <osmand:speed>1.1</osmand:speed>
                </extensions>
            </trkpt>
            <trkpt lat="43.8410439" lon="19.686393">
                <ele>709.8</ele>
                <time>2026-06-06T15:23:35Z</time>
                <hdop>6.6</hdop>
                <extensions>
                    <osmand:speed>1.1</osmand:speed>
                </extensions>
            </trkpt>
            <trkpt lat="43.8409451" lon="19.6863639">
                <ele>708.5</ele>
                <time>2026-06-06T15:23:42Z</time>
                <hdop>6.9</hdop>
                <extensions>
                    <osmand:speed>1.1</osmand:speed>
                </extensions>
            </trkpt>
            <trkpt lat="43.840847" lon="19.6863559">
                <ele>707.5</ele>
                <time>2026-06-06T15:23:50Z</time>
                <hdop>6.7</hdop>
                <extensions>
                    <osmand:speed>1.3</osmand:speed>
                </extensions>
            </trkpt>
            <trkpt lat="43.8407642" lon="19.6862955">
                <ele>705.4</ele>
                <time>2026-06-06T15:23:58Z</time>
                <hdop>6.6</hdop>
                <extensions>
                    <osmand:speed>1.6</osmand:speed>
                </extensions>
            </trkpt>
            <trkpt lat="43.8406578" lon="19.6862527">
                <ele>702.8</ele>
                <time>2026-06-06T15:24:06Z</time>
                <hdop>6.6</hdop>
                <extensions>
                    <osmand:speed>1.6</osmand:speed>
                </extensions>
            </trkpt>
            <trkpt lat="43.8405738" lon="19.6861973">
                <ele>698.8</ele>
                <time>2026-06-06T15:24:13Z</time>
                <hdop>6.7</hdop>
                <extensions>
                    <osmand:speed>1.7</osmand:speed>
                </extensions>
            </trkpt>
            <trkpt lat="43.8404645" lon="19.6861584">
                <ele>692.9</ele>
                <time>2026-06-06T15:24:21Z</time>
                <hdop>6.7</hdop>
                <extensions>
                    <osmand:speed>1.6</osmand:speed>
                </extensions>
            </trkpt>
            <trkpt lat="43.840382" lon="19.6861008">
                <ele>692.5</ele>
                <time>2026-06-06T15:24:29Z</time>
                <hdop>6.6</hdop>
                <extensions>
                    <osmand:speed>1.5</osmand:speed>
                </extensions>
            </trkpt>
            <trkpt lat="43.8403379" lon="19.6861378">
                <ele>694.6</ele>
                <time>2026-06-06T15:24:37Z</time>
                <hdop>7.1</hdop>
                <extensions>
                    <osmand:speed>1</osmand:speed>
                </extensions>
            </trkpt>
            <trkpt lat="43.8402397" lon="19.6861384">
                <ele>690.4</ele>
                <time>2026-06-06T15:24:47Z</time>
                <hdop>7.4</hdop>
                <extensions>
                    <osmand:speed>1</osmand:speed>
                </extensions>
            </trkpt>
            <trkpt lat="43.8401423" lon="19.6861498">
                <ele>687.4</ele>
                <time>2026-06-06T15:24:57Z</time>
                <hdop>6.7</hdop>
                <extensions>
                    <osmand:speed>1</osmand:speed>
                </extensions>
            </trkpt>
            <trkpt lat="43.8400693" lon="19.6860788">
                <ele>683.9</ele>
                <time>2026-06-06T15:25:06Z</time>
                <hdop>6.4</hdop>
                <extensions>
                    <osmand:speed>1.2</osmand:speed>
                </extensions>
            </trkpt>
            <trkpt lat="43.8399526" lon="19.6860348">
                <ele>680.8</ele>
                <time>2026-06-06T15:25:14Z</time>
                <hdop>5.8</hdop>
                <extensions>
                    <osmand:speed>1.6</osmand:speed>
                </extensions>
            </trkpt>
            <trkpt lat="43.8398645" lon="19.6860818">
                <ele>679.5</ele>
                <time>2026-06-06T15:25:21Z</time>
                <hdop>6</hdop>
                <extensions>
                    <osmand:speed>1.6</osmand:speed>
                </extensions>
            </trkpt>
            <trkpt lat="43.83978" lon="19.6861427">
                <ele>676.3</ele>
                <time>2026-06-06T15:25:52Z</time>
                <hdop>7.7</hdop>
                <extensions>
                    <osmand:speed>0.8</osmand:speed>
                </extensions>
            </trkpt>
            <trkpt lat="43.839746" lon="19.6861848">
                <ele>673.8</ele>
                <time>2026-06-06T15:26:07Z</time>
                <hdop>7.6</hdop>
                <extensions>
                    <osmand:speed>0.1</osmand:speed>
                </extensions>
            </trkpt>
            <trkpt lat="43.8397093" lon="19.6861388">
                <ele>674</ele>
                <time>2026-06-06T15:26:17Z</time>
                <hdop>7.1</hdop>
                <extensions>
                    <osmand:speed>0.4</osmand:speed>
                </extensions>
            </trkpt>
            <trkpt lat="43.8396561" lon="19.6860329">
                <ele>670.4</ele>
                <time>2026-06-06T15:26:24Z</time>
                <hdop>6.9</hdop>
                <extensions>
                    <osmand:speed>1.2</osmand:speed>
                </extensions>
            </trkpt>
            <trkpt lat="43.8396067" lon="19.6860523">
                <ele>665.8</ele>
                <time>2026-06-06T15:27:03Z</time>
                <hdop>9.6</hdop>
                <extensions>
                    <osmand:speed>0.4</osmand:speed>
                </extensions>
            </trkpt>
            <trkpt lat="43.8396432" lon="19.6860886">
                <ele>664.9</ele>
                <time>2026-06-06T15:27:11Z</time>
                <hdop>12.4</hdop>
                <extensions>
                    <osmand:speed>0</osmand:speed>
                </extensions>
            </trkpt>
            <trkpt lat="43.8396864" lon="19.6861109">
                <ele>665.3</ele>
                <time>2026-06-06T15:27:19Z</time>
                <hdop>13.9</hdop>
                <extensions>
                    <osmand:speed>0.1</osmand:speed>
                </extensions>
            </trkpt>
            <trkpt lat="43.8396415" lon="19.6860491">
                <ele>664.6</ele>
                <time>2026-06-06T15:27:51Z</time>
                <hdop>20.2</hdop>
                <extensions>
                    <osmand:speed>0.1</osmand:speed>
                </extensions>
            </trkpt>
            <trkpt lat="43.8395455" lon="19.6859754">
                <ele>663.8</ele>
                <time>2026-06-06T15:27:57Z</time>
                <hdop>18.3</hdop>
                <extensions>
                    <osmand:speed>0.8</osmand:speed>
                </extensions>
            </trkpt>
            <trkpt lat="43.8394838" lon="19.6858779">
                <ele>665.3</ele>
                <time>2026-06-06T15:28:05Z</time>
                <hdop>16.2</hdop>
                <extensions>
                    <osmand:speed>0.7</osmand:speed>
                </extensions>
            </trkpt>
            <trkpt lat="43.8393765" lon="19.6858209">
                <ele>663.2</ele>
                <time>2026-06-06T15:28:17Z</time>
                <hdop>14.3</hdop>
                <extensions>
                    <osmand:speed>0.5</osmand:speed>
                </extensions>
            </trkpt>
            <trkpt lat="43.8392852" lon="19.6857763">
                <ele>664</ele>
                <time>2026-06-06T15:28:23Z</time>
                <hdop>14.2</hdop>
                <extensions>
                    <osmand:speed>0.7</osmand:speed>
                </extensions>
            </trkpt>
            <trkpt lat="43.8391856" lon="19.6857122">
                <ele>663.9</ele>
                <time>2026-06-06T15:28:31Z</time>
                <hdop>14.8</hdop>
                <extensions>
                    <osmand:speed>0.8</osmand:speed>
                </extensions>
            </trkpt>
            <trkpt lat="43.8390882" lon="19.6856182">
                <ele>662.4</ele>
                <time>2026-06-06T15:28:39Z</time>
                <hdop>13.9</hdop>
                <extensions>
                    <osmand:speed>1.2</osmand:speed>
                </extensions>
            </trkpt>
            <trkpt lat="43.8390014" lon="19.6855515">
                <ele>660.6</ele>
                <time>2026-06-06T15:28:47Z</time>
                <hdop>12</hdop>
                <extensions>
                    <osmand:speed>0.9</osmand:speed>
                </extensions>
            </trkpt>
            <trkpt lat="43.8389134" lon="19.6854888">
                <ele>659.6</ele>
                <time>2026-06-06T15:28:54Z</time>
                <hdop>10.6</hdop>
                <extensions>
                    <osmand:speed>1</osmand:speed>
                </extensions>
            </trkpt>
            <trkpt lat="43.8388202" lon="19.685427">
                <ele>660</ele>
                <time>2026-06-06T15:29:02Z</time>
                <hdop>9.7</hdop>
                <extensions>
                    <osmand:speed>0.5</osmand:speed>
                </extensions>
            </trkpt>
            <trkpt lat="43.8387216" lon="19.6854031">
                <ele>659.5</ele>
                <time>2026-06-06T15:29:09Z</time>
                <hdop>9.2</hdop>
                <extensions>
                    <osmand:speed>0.9</osmand:speed>
                </extensions>
            </trkpt>
            <trkpt lat="43.838613" lon="19.6854031">
                <ele>658.2</ele>
                <time>2026-06-06T15:29:18Z</time>
                <hdop>8.7</hdop>
                <extensions>
                    <osmand:speed>0.9</osmand:speed>
                </extensions>
            </trkpt>
            <trkpt lat="43.8385551" lon="19.6853565">
                <ele>656.5</ele>
                <time>2026-06-06T15:29:32Z</time>
                <hdop>7.6</hdop>
                <extensions>
                    <osmand:speed>0</osmand:speed>
                </extensions>
            </trkpt>
            <trkpt lat="43.8385161" lon="19.685334">
                <ele>655.1</ele>
                <time>2026-06-06T15:29:38Z</time>
                <hdop>7.2</hdop>
                <extensions>
                    <osmand:speed>0.9</osmand:speed>
                </extensions>
            </trkpt>
            <trkpt lat="43.8384192" lon="19.6853085">
                <ele>653</ele>
                <time>2026-06-06T15:29:46Z</time>
                <hdop>7.9</hdop>
                <extensions>
                    <osmand:speed>1.5</osmand:speed>
                </extensions>
            </trkpt>
            <trkpt lat="43.8383361" lon="19.6852743">
                <ele>650.8</ele>
                <time>2026-06-06T15:29:53Z</time>
                <hdop>7.2</hdop>
                <extensions>
                    <osmand:speed>1.5</osmand:speed>
                </extensions>
            </trkpt>
            <trkpt lat="43.8382322" lon="19.6852996">
                <ele>648.6</ele>
                <time>2026-06-06T15:30:01Z</time>
                <hdop>7</hdop>
                <extensions>
                    <osmand:speed>1.5</osmand:speed>
                </extensions>
            </trkpt>
            <trkpt lat="43.8382494" lon="19.6852231">
                <ele>647.7</ele>
                <time>2026-06-06T15:30:19Z</time>
                <hdop>7.2</hdop>
            </trkpt>
            <trkpt lat="43.8381813" lon="19.6853077">
                <ele>646.2</ele>
                <time>2026-06-06T15:30:26Z</time>
                <hdop>9.8</hdop>
                <extensions>
                    <osmand:speed>0.9</osmand:speed>
                </extensions>
            </trkpt>
            <trkpt lat="43.8380583" lon="19.6852912">
                <ele>643.3</ele>
                <time>2026-06-06T15:30:33Z</time>
                <hdop>8.5</hdop>
                <extensions>
                    <osmand:speed>1.3</osmand:speed>
                </extensions>
            </trkpt>
            <trkpt lat="43.8379599" lon="19.6853234">
                <ele>639.1</ele>
                <time>2026-06-06T15:30:56Z</time>
                <hdop>5.8</hdop>
                <extensions>
                    <osmand:speed>1.2</osmand:speed>
                </extensions>
            </trkpt>
            <trkpt lat="43.8378642" lon="19.685346">
                <ele>636.5</ele>
                <time>2026-06-06T15:31:04Z</time>
                <hdop>5.7</hdop>
                <extensions>
                    <osmand:speed>1.5</osmand:speed>
                </extensions>
            </trkpt>
            <trkpt lat="43.8377704" lon="19.6853921">
                <ele>635.5</ele>
                <time>2026-06-06T15:31:12Z</time>
                <hdop>5.5</hdop>
                <extensions>
                    <osmand:speed>1.1</osmand:speed>
                </extensions>
            </trkpt>
            <trkpt lat="43.8377158" lon="19.6853694">
                <ele>633.8</ele>
                <time>2026-06-06T15:31:18Z</time>
                <hdop>5.5</hdop>
                <extensions>
                    <osmand:speed>1.1</osmand:speed>
                </extensions>
            </trkpt>
            <trkpt lat="43.8376723" lon="19.6853472">
                <ele>633</ele>
                <time>2026-06-06T15:31:25Z</time>
                <hdop>5.2</hdop>
                <extensions>
                    <osmand:speed>0.3</osmand:speed>
                </extensions>
            </trkpt>
            <trkpt lat="43.8376816" lon="19.6853406">
                <ele>632.9</ele>
                <time>2026-06-06T15:31:33Z</time>
                <hdop>5.6</hdop>
                <extensions>
                    <osmand:speed>0.1</osmand:speed>
                </extensions>
            </trkpt>
            <trkpt lat="43.8376604" lon="19.6853226">
                <ele>632.3</ele>
                <time>2026-06-06T15:31:39Z</time>
                <hdop>7.3</hdop>
                <extensions>
                    <osmand:speed>0.8</osmand:speed>
                </extensions>
            </trkpt>
            <trkpt lat="43.8376562" lon="19.6853204">
                <ele>633</ele>
                <time>2026-06-06T15:31:45Z</time>
                <hdop>8.6</hdop>
            </trkpt>
            <trkpt lat="43.8377742" lon="19.6853899"/>
            <trkpt lat="43.8378908" lon="19.685338"/>
            <trkpt lat="43.8380696" lon="19.6852912"/>
            <trkpt lat="43.8381709" lon="19.6853152"/>
            <trkpt lat="43.8382422" lon="19.6852267"/>
            <trkpt lat="43.8382349" lon="19.6852961"/>
            <trkpt lat="43.8383319" lon="19.6852756"/>
            <trkpt lat="43.8385305" lon="19.685335"/>
            <trkpt lat="43.8386105" lon="19.6854003"/>
            <trkpt lat="43.8388221" lon="19.685422"/>
            <trkpt lat="43.8391567" lon="19.6856873"/>
            <trkpt lat="43.8394945" lon="19.6858893"/>
            <trkpt lat="43.8395551" lon="19.6859894"/>
            <trkpt lat="43.8396489" lon="19.6860379"/>
            <trkpt lat="43.8397472" lon="19.6861867"/>
            <trkpt lat="43.8399466" lon="19.6860347"/>
            <trkpt lat="43.8400766" lon="19.6860882"/>
            <trkpt lat="43.840138" lon="19.6861468"/>
            <trkpt lat="43.8403214" lon="19.6861373"/>
            <trkpt lat="43.8403756" lon="19.6861036"/>
            <trkpt lat="43.8405862" lon="19.6862068"/>
            <trkpt lat="43.8407691" lon="19.6863093"/>
            <trkpt lat="43.840857" lon="19.6863651"/>
            <trkpt lat="43.8410961" lon="19.6863981"/>
            <trkpt lat="43.8413497" lon="19.6864451"/>
            <trkpt lat="43.8416381" lon="19.6865916"/>
            <trkpt lat="43.8417416" lon="19.6865693"/>
            <trkpt lat="43.8419685" lon="19.6864917"/>
            <trkpt lat="43.8421385" lon="19.6864995"/>
            <trkpt lat="43.8422168" lon="19.6864891"/>
            <trkpt lat="43.8423651" lon="19.6864052"/>
            <trkpt lat="43.8426243" lon="19.6864073"/>
            <trkpt lat="43.8427242" lon="19.6863498"/>
            <trkpt lat="43.8429116" lon="19.6863498"/>
            <trkpt lat="43.8430243" lon="19.6863929"/>
            <trkpt lat="43.8431873" lon="19.686441"/>
            <trkpt lat="43.8434578" lon="19.6865798"/>
            <trkpt lat="43.8435234" lon="19.6865726"/>
            <trkpt lat="43.8436199" lon="19.6864712"/>
            <trkpt lat="43.8437608" lon="19.6863314"/>
            <trkpt lat="43.843995" lon="19.6863572"/>
            <trkpt lat="43.8440491" lon="19.6863327"/>
            <trkpt lat="43.8442441" lon="19.6863728"/>
            <trkpt lat="43.8443428" lon="19.6863512"/>
            <trkpt lat="43.8447034" lon="19.6863252"/>
            <trkpt lat="43.8457943" lon="19.6856766"/>
            <trkpt lat="43.8475755" lon="19.6847926"/>
            <trkpt lat="43.8476319" lon="19.684731"/>
            <trkpt lat="43.8480925" lon="19.684831"/>
            <trkpt lat="43.8487955" lon="19.6848094"/>
            <trkpt lat="43.8492441" lon="19.6851023"/>
            <trkpt lat="43.8495716" lon="19.6851688"/>
            <trkpt lat="43.8497491" lon="19.6863639"/>
            <trkpt lat="43.8501637" lon="19.6868928"/>
            <trkpt lat="43.8495501" lon="19.6872755"/>
            <trkpt lat="43.8489964" lon="19.6879597"/>
            <trkpt lat="43.8488072" lon="19.6888976"/>
            <trkpt lat="43.8484036" lon="19.6895987"/>
            <trkpt lat="43.8480355" lon="19.6915728"/>
            <trkpt lat="43.8476754" lon="19.6926698"/>
            <trkpt lat="43.8478363" lon="19.6939167"/>
            <trkpt lat="43.8473451" lon="19.6951389"/>
            <trkpt lat="43.8471437" lon="19.6955959"/>
            <trkpt lat="43.8465363" lon="19.6964133"/>
            <trkpt lat="43.846691" lon="19.6965422"/>
            <trkpt lat="43.8472874" lon="19.6962289"/>
            <trkpt lat="43.8473395" lon="19.6964844"/>
            <trkpt lat="43.847104" lon="19.6974545"/>
            <trkpt lat="43.8473129" lon="19.6984863"/>
            <trkpt lat="43.8479869" lon="19.6989148"/>
            <trkpt lat="43.8484618" lon="19.6990932"/>
            <trkpt lat="43.8485773" lon="19.6993005"/>
            <trkpt lat="43.8483672" lon="19.700119"/>
            <trkpt lat="43.848343" lon="19.7008158"/>
            <trkpt lat="43.8478077" lon="19.701687"/>
            <trkpt lat="43.8476482" lon="19.7022568"/>
            <trkpt lat="43.8472224" lon="19.7025066"/>
            <trkpt lat="43.8470109" lon="19.703147"/>
            <trkpt lat="43.8473369" lon="19.7055384"/>
            <trkpt lat="43.8473203" lon="19.7059254"/>
            <trkpt lat="43.8471879" lon="19.7060889"/>
            <trkpt lat="43.8472541" lon="19.7063527"/>
            <trkpt lat="43.8482776" lon="19.7067479"/>
            <trkpt lat="43.8485067" lon="19.7072027"/>
            <trkpt lat="43.8484461" lon="19.7083126"/>
            <trkpt lat="43.8487131" lon="19.7088226"/>
            <trkpt lat="43.8489512" lon="19.7094187"/>
            <trkpt lat="43.8489055" lon="19.7096321"/>
            <trkpt lat="43.8492622" lon="19.7098961"/>
            <trkpt lat="43.8497559" lon="19.7098819"/>
            <trkpt lat="43.8506958" lon="19.7097954"/>
            <trkpt lat="43.851014" lon="19.7100855"/>
            <trkpt lat="43.8513101" lon="19.7101372"/>
            <trkpt lat="43.8513344" lon="19.7104932"/>
            <trkpt lat="43.8505787" lon="19.7100371"/>
            <trkpt lat="43.8501108" lon="19.7101908"/>
            <trkpt lat="43.8495992" lon="19.7104396"/>
            <trkpt lat="43.8493143" lon="19.7110657"/>
            <trkpt lat="43.8492079" lon="19.71187"/>
            <trkpt lat="43.8493079" lon="19.7121983"/>
            <trkpt lat="43.8494877" lon="19.7127037"/>
            <trkpt lat="43.8497542" lon="19.7130675"/>
            <trkpt lat="43.8501406" lon="19.7134913"/>
            <trkpt lat="43.8503226" lon="19.7140054"/>
            <trkpt lat="43.8503936" lon="19.7148223"/>
            <trkpt lat="43.8503261" lon="19.7152723"/>
            <trkpt lat="43.8496805" lon="19.7158919"/>
            <trkpt lat="43.8495527" lon="19.7162789"/>
            <trkpt lat="43.8499805" lon="19.7161168"/>
            <trkpt lat="43.8503402" lon="19.7159376"/>
            <trkpt lat="43.8508191" lon="19.7162474"/>
            <trkpt lat="43.8502959" lon="19.7167996"/>
            <trkpt lat="43.8500894" lon="19.7171597"/>
            <trkpt lat="43.8500928" lon="19.717899"/>
            <trkpt lat="43.850454" lon="19.7175632"/>
            <trkpt lat="43.8509857" lon="19.7174913"/>
            <trkpt lat="43.8514099" lon="19.7177758"/>
            <trkpt lat="43.8514646" lon="19.7185722"/>
            <trkpt lat="43.8516206" lon="19.7193108"/>
            <trkpt lat="43.8515965" lon="19.7199911"/>
            <trkpt lat="43.8509719" lon="19.7208437"/>
            <trkpt lat="43.8506406" lon="19.7210521"/>
            <trkpt lat="43.8500144" lon="19.7219848"/>
            <trkpt lat="43.8491723" lon="19.7236594"/>
            <trkpt lat="43.8491453" lon="19.7243641"/>
            <trkpt lat="43.849317" lon="19.7249649"/>
            <trkpt lat="43.8496271" lon="19.7254313"/>
            <trkpt lat="43.8504438" lon="19.7263925"/>
            <trkpt lat="43.8505876" lon="19.7269736"/>
            <trkpt lat="43.8505047" lon="19.7277491"/>
            <trkpt lat="43.8503422" lon="19.7293337"/>
            <trkpt lat="43.850355" lon="19.730466"/>
            <trkpt lat="43.8498148" lon="19.7311057"/>
            <trkpt lat="43.8486453" lon="19.7315385"/>
            <trkpt lat="43.8485527" lon="19.7320634"/>
            <trkpt lat="43.8479119" lon="19.7328729"/>
            <trkpt lat="43.847747" lon="19.7338476"/>
            <trkpt lat="43.8478374" lon="19.73421"/>
            <trkpt lat="43.8477583" lon="19.7346443"/>
            <trkpt lat="43.8477948" lon="19.7350935"/>
            <trkpt lat="43.8476862" lon="19.7350636"/>
            <trkpt lat="43.8476342" lon="19.7356912"/>
            <trkpt lat="43.8478113" lon="19.7368431"/>
            <trkpt lat="43.8475625" lon="19.7381684"/>
            <trkpt lat="43.8473728" lon="19.7386697"/>
            <trkpt lat="43.8468281" lon="19.7392467"/>
            <trkpt lat="43.846788" lon="19.7394308"/>
            <trkpt lat="43.8459384" lon="19.7397228"/>
            <trkpt lat="43.8453264" lon="19.7396815"/>
            <trkpt lat="43.8447761" lon="19.7398978"/>
            <trkpt lat="43.8441569" lon="19.7402963"/>
            <trkpt lat="43.8436932" lon="19.7408185"/>
            <trkpt lat="43.8431037" lon="19.7413752"/>
            <trkpt lat="43.8424572" lon="19.7420694"/>
            <trkpt lat="43.8421682" lon="19.7424068"/>
            <trkpt lat="43.8416368" lon="19.7430361"/>
            <trkpt lat="43.8410452" lon="19.7438168"/>
            <trkpt lat="43.8409948" lon="19.7440519"/>
            <trkpt lat="43.8410836" lon="19.7441181"/>
            <trkpt lat="43.8414505" lon="19.7461529"/>
            <trkpt lat="43.8416093" lon="19.7463073"/>
            <trkpt lat="43.8418532" lon="19.7463369"/>
            <trkpt lat="43.842073" lon="19.7466176"/>
            <trkpt lat="43.8423066" lon="19.7471543"/>
            <trkpt lat="43.8424822" lon="19.7486596"/>
            <trkpt lat="43.8425432" lon="19.7490168"/>
            <trkpt lat="43.842887" lon="19.7497611"/>
            <trkpt lat="43.8435376" lon="19.7512779"/>
            <trkpt lat="43.8438524" lon="19.7519079"/>
            <trkpt lat="43.8440928" lon="19.7525496"/>
            <trkpt lat="43.8443889" lon="19.7528327"/>
            <trkpt lat="43.8455326" lon="19.7534822"/>
            <trkpt lat="43.845795" lon="19.7539019"/>
            <trkpt lat="43.8460023" lon="19.7544624"/>
            <trkpt lat="43.8459937" lon="19.7548831"/>
            <trkpt lat="43.8457964" lon="19.7555847"/>
            <trkpt lat="43.8454709" lon="19.7566524"/>
            <trkpt lat="43.8454344" lon="19.7572876"/>
            <trkpt lat="43.8454682" lon="19.7588974"/>
            <trkpt lat="43.8456398" lon="19.7599587"/>
            <trkpt lat="43.8456426" lon="19.7607186"/>
            <trkpt lat="43.8453964" lon="19.7616239"/>
            <trkpt lat="43.845271" lon="19.7623608"/>
            <trkpt lat="43.8453293" lon="19.7633675"/>
            <trkpt lat="43.8451771" lon="19.7626731"/>
            <trkpt lat="43.8451199" lon="19.7613861"/>
            <trkpt lat="43.8451181" lon="19.7620339"/>
            <trkpt lat="43.845218" lon="19.7623804"/>
            <trkpt lat="43.8452662" lon="19.7632939"/>
            <trkpt lat="43.8453615" lon="19.7635322"/>
            <trkpt lat="43.8451892" lon="19.7642968"/>
            <trkpt lat="43.8453622" lon="19.7635265"/>
            <trkpt lat="43.8454487" lon="19.7633664"/>
            <trkpt lat="43.8455369" lon="19.7629879"/>
            <trkpt lat="43.8455686" lon="19.7629733"/>
            <trkpt lat="43.845828" lon="19.7629867"/>
            <trkpt lat="43.8460367" lon="19.7626761"/>
            <trkpt lat="43.8459799" lon="19.7626029"/>
            <trkpt lat="43.8458008" lon="19.7626064"/>
        </trkseg>
    </trk>
    <extensions>
        <osmand:show_arrows>true</osmand:show_arrows>
        <osmand:show_start_finish>true</osmand:show_start_finish>
        <osmand:is_join_segments>false</osmand:is_join_segments>
        <osmand:split_interval>0.0</osmand:split_interval>
        <osmand:split_type>no_split</osmand:split_type>
        <osmand:color>#F52887</osmand:color>
        <osmand:coloring_type>solid</osmand:coloring_type>
    </extensions>
</gpx>
