<?xml version="1.0" encoding="UTF-8" standalone="yes"?>
<gpx version="1.1" creator="merge_gpx_days.py" xmlns="http://www.topografix.com/GPX/1/1" xmlns:xsi="http://www.w3.org/2001/XMLSchema-instance" xsi:schemaLocation="http://www.topografix.com/GPX/1/1 https://www.topografix.com/GPX/1/1/gpx.xsd">
    <metadata>
        <name>Vrutci Camping 2</name>
    </metadata>
    <trk>
        <name>День 1</name>
        <trkseg>
            <trkpt lat="43.8445991" lon="19.7652975"><ele>520.0</ele></trkpt>
            <trkpt lat="43.8446101" lon="19.7652251"><ele>520.0</ele></trkpt>
            <trkpt lat="43.8446139" lon="19.7652036"><ele>520.0</ele></trkpt>
            <trkpt lat="43.8446333" lon="19.7650561"><ele>520.5</ele></trkpt>
            <trkpt lat="43.8446565" lon="19.7649005"><ele>521.1</ele></trkpt>
            <trkpt lat="43.8447068" lon="19.7647691"><ele>521.8</ele></trkpt>
            <trkpt lat="43.8447571" lon="19.7646376"><ele>521.5</ele></trkpt>
            <trkpt lat="43.8448306" lon="19.7645572"><ele>520.2</ele></trkpt>
            <trkpt lat="43.8449293" lon="19.7644848"><ele>518.2</ele></trkpt>
            <trkpt lat="43.8450124" lon="19.7644928"><ele>516.5</ele></trkpt>
            <trkpt lat="43.8450801" lon="19.7645545"><ele>514.8</ele></trkpt>
            <trkpt lat="43.8451885" lon="19.7642782"><ele>514.5</ele></trkpt>
            <trkpt lat="43.8452407" lon="19.7640851"><ele>514.1</ele></trkpt>
            <trkpt lat="43.8452562" lon="19.7640127"><ele>514.0</ele></trkpt>
            <trkpt lat="43.8452910" lon="19.7639617"><ele>514.5</ele></trkpt>
            <trkpt lat="43.8453432" lon="19.7638544"><ele>514.8</ele></trkpt>
            <trkpt lat="43.8453761" lon="19.7637284"><ele>515.2</ele></trkpt>
            <trkpt lat="43.8453955" lon="19.7635594"><ele>516.0</ele></trkpt>
            <trkpt lat="43.8454090" lon="19.7634789"><ele>515.8</ele></trkpt>
            <trkpt lat="43.8454593" lon="19.7630927"><ele>515.6</ele></trkpt>
            <trkpt lat="43.8455115" lon="19.7629720"><ele>515.5</ele></trkpt>
            <trkpt lat="43.8456063" lon="19.7629237"><ele>515.5</ele></trkpt>
            <trkpt lat="43.8457804" lon="19.7629532"><ele>518.0</ele></trkpt>
            <trkpt lat="43.8458056" lon="19.7629532"><ele>517.8</ele></trkpt>
            <trkpt lat="43.8459255" lon="19.7628513"><ele>519.2</ele></trkpt>
            <trkpt lat="43.8460764" lon="19.7626153"><ele>521.8</ele></trkpt>
            <trkpt lat="43.8461615" lon="19.7623390"><ele>523.5</ele></trkpt>
            <trkpt lat="43.8461924" lon="19.7621834"><ele>525.0</ele></trkpt>
            <trkpt lat="43.8462311" lon="19.7620279"><ele>526.8</ele></trkpt>
            <trkpt lat="43.8463646" lon="19.7617999"><ele>530.5</ele></trkpt>
            <trkpt lat="43.8465368" lon="19.7614887"><ele>536.0</ele></trkpt>
            <trkpt lat="43.8465735" lon="19.7614351"><ele>537.0</ele></trkpt>
            <trkpt lat="43.8468231" lon="19.7610542"><ele>544.8</ele></trkpt>
            <trkpt lat="43.8469875" lon="19.7608477"><ele>549.2</ele></trkpt>
            <trkpt lat="43.8471268" lon="19.7606653"><ele>553.2</ele></trkpt>
            <trkpt lat="43.8472506" lon="19.7603729"><ele>558.5</ele></trkpt>
            <trkpt lat="43.8473531" lon="19.7601289"><ele>562.8</ele></trkpt>
            <trkpt lat="43.8474943" lon="19.7598284"><ele>567.0</ele></trkpt>
            <trkpt lat="43.8475388" lon="19.7595924"><ele>570.0</ele></trkpt>
            <trkpt lat="43.8475504" lon="19.7592759"><ele>572.2</ele></trkpt>
            <trkpt lat="43.8475968" lon="19.7589889"><ele>571.5</ele></trkpt>
            <trkpt lat="43.8476587" lon="19.7588629"><ele>570.8</ele></trkpt>
            <trkpt lat="43.8478309" lon="19.7586483"><ele>571.0</ele></trkpt>
            <trkpt lat="43.8479682" lon="19.7584552"><ele>572.5</ele></trkpt>
            <trkpt lat="43.8480823" lon="19.7582084"><ele>573.8</ele></trkpt>
            <trkpt lat="43.8481945" lon="19.7579348"><ele>577.0</ele></trkpt>
            <trkpt lat="43.8482912" lon="19.7576451"><ele>581.2</ele></trkpt>
            <trkpt lat="43.8483299" lon="19.7574949"><ele>584.0</ele></trkpt>
            <trkpt lat="43.8482835" lon="19.7574145"><ele>583.8</ele></trkpt>
            <trkpt lat="43.8480862" lon="19.7570765"><ele>584.0</ele></trkpt>
            <trkpt lat="43.8479276" lon="19.7567922"><ele>583.7</ele></trkpt>
            <trkpt lat="43.8478154" lon="19.7565615"><ele>583.5</ele></trkpt>
            <trkpt lat="43.8477806" lon="19.7562933"><ele>586.0</ele></trkpt>
            <trkpt lat="43.8477574" lon="19.7559687"><ele>589.0</ele></trkpt>
            <trkpt lat="43.8477030" lon="19.7558910"><ele>589.6</ele></trkpt>
            <trkpt lat="43.8477030" lon="19.7558910"><ele>589.6</ele></trkpt>
            <trkpt lat="43.8477574" lon="19.7559687"><ele>589.0</ele></trkpt>
            <trkpt lat="43.8478019" lon="19.7560304"><ele>588.8</ele></trkpt>
            <trkpt lat="43.8478908" lon="19.7561485"><ele>589.1</ele></trkpt>
            <trkpt lat="43.8481036" lon="19.7563711"><ele>590.0</ele></trkpt>
            <trkpt lat="43.8483435" lon="19.7565374"><ele>594.2</ele></trkpt>
            <trkpt lat="43.8486317" lon="19.7567412"><ele>600.5</ele></trkpt>
            <trkpt lat="43.8487536" lon="19.7567841"><ele>603.2</ele></trkpt>
            <trkpt lat="43.8488735" lon="19.7567627"><ele>606.0</ele></trkpt>
            <trkpt lat="43.8490089" lon="19.7567412"><ele>609.0</ele></trkpt>
            <trkpt lat="43.8491482" lon="19.7567493"><ele>612.5</ele></trkpt>
            <trkpt lat="43.8492391" lon="19.7567385"><ele>614.8</ele></trkpt>
            <trkpt lat="43.8493048" lon="19.7567037"><ele>616.5</ele></trkpt>
            <trkpt lat="43.8493725" lon="19.7566500"><ele>618.2</ele></trkpt>
            <trkpt lat="43.8494867" lon="19.7565937"><ele>621.0</ele></trkpt>
            <trkpt lat="43.8496124" lon="19.7566178"><ele>623.5</ele></trkpt>
            <trkpt lat="43.8497246" lon="19.7567412"><ele>625.8</ele></trkpt>
            <trkpt lat="43.8497768" lon="19.7568297"><ele>627.0</ele></trkpt>
            <trkpt lat="43.8497710" lon="19.7569478"><ele>626.8</ele></trkpt>
            <trkpt lat="43.8497613" lon="19.7571328"><ele>626.5</ele></trkpt>
            <trkpt lat="43.8498078" lon="19.7573474"><ele>628.2</ele></trkpt>
            <trkpt lat="43.8498012" lon="19.7574401"><ele>628.2</ele></trkpt>
            <trkpt lat="43.8498183" lon="19.7574425"><ele>635.5</ele></trkpt>
            <trkpt lat="43.8503348" lon="19.7577135"><ele>642.8</ele></trkpt>
            <trkpt lat="43.8503357" lon="19.7577139"><ele>650.1</ele></trkpt>
            <trkpt lat="43.8503087" lon="19.7578087"><ele>650.2</ele></trkpt>
            <trkpt lat="43.8502817" lon="19.7579911"><ele>651.2</ele></trkpt>
            <trkpt lat="43.8504171" lon="19.7589943"><ele>668.0</ele></trkpt>
            <trkpt lat="43.8505603" lon="19.7592761"><ele>677.1</ele></trkpt>
            <trkpt lat="43.8505603" lon="19.7592761"><ele>677.1</ele></trkpt>
            <trkpt lat="43.8506337" lon="19.7594208"><ele>681.8</ele></trkpt>
            <trkpt lat="43.8507517" lon="19.7595522"><ele>687.0</ele></trkpt>
            <trkpt lat="43.8508755" lon="19.7596836"><ele>692.2</ele></trkpt>
            <trkpt lat="43.8509935" lon="19.7598553"><ele>694.5</ele></trkpt>
            <trkpt lat="43.8511714" lon="19.7599170"><ele>700.5</ele></trkpt>
            <trkpt lat="43.8514480" lon="19.7598633"><ele>710.0</ele></trkpt>
            <trkpt lat="43.8517942" lon="19.7597453"><ele>717.0</ele></trkpt>
            <trkpt lat="43.8519606" lon="19.7596997"><ele>718.2</ele></trkpt>
            <trkpt lat="43.8521110" lon="19.7596818"><ele>718.4</ele></trkpt>
            <trkpt lat="43.8521110" lon="19.7596818"><ele>718.4</ele></trkpt>
            <trkpt lat="43.8522082" lon="19.7596702"><ele>718.5</ele></trkpt>
            <trkpt lat="43.8524209" lon="19.7595951"><ele>719.5</ele></trkpt>
            <trkpt lat="43.8525234" lon="19.7595388"><ele>720.5</ele></trkpt>
            <trkpt lat="43.8526530" lon="19.7595844"><ele>719.2</ele></trkpt>
            <trkpt lat="43.8528213" lon="19.7595093"><ele>720.8</ele></trkpt>
            <trkpt lat="43.8530302" lon="19.7594664"><ele>722.5</ele></trkpt>
            <trkpt lat="43.8532198" lon="19.7595549"><ele>723.8</ele></trkpt>
            <trkpt lat="43.8533803" lon="19.7596219"><ele>725.8</ele></trkpt>
            <trkpt lat="43.8535911" lon="19.7595844"><ele>729.2</ele></trkpt>
            <trkpt lat="43.8538870" lon="19.7595468"><ele>735.2</ele></trkpt>
            <trkpt lat="43.8540650" lon="19.7595388"><ele>739.0</ele></trkpt>
            <trkpt lat="43.8544731" lon="19.7594449"><ele>746.0</ele></trkpt>
            <trkpt lat="43.8548773" lon="19.7594047"><ele>753.0</ele></trkpt>
            <trkpt lat="43.8551210" lon="19.7593671"><ele>757.2</ele></trkpt>
            <trkpt lat="43.8553415" lon="19.7592545"><ele>761.8</ele></trkpt>
            <trkpt lat="43.8555736" lon="19.7590989"><ele>767.2</ele></trkpt>
            <trkpt lat="43.8558038" lon="19.7590023"><ele>772.8</ele></trkpt>
            <trkpt lat="43.8559546" lon="19.7589648"><ele>775.5</ele></trkpt>
            <trkpt lat="43.8561229" lon="19.7589943"><ele>778.2</ele></trkpt>
            <trkpt lat="43.8563356" lon="19.7589755"><ele>782.0</ele></trkpt>
            <trkpt lat="43.8563550" lon="19.7589728"><ele>782.2</ele></trkpt>
            <trkpt lat="43.8564091" lon="19.7589862"><ele>783.2</ele></trkpt>
            <trkpt lat="43.8567650" lon="19.7591418"><ele>790.0</ele></trkpt>
            <trkpt lat="43.8570010" lon="19.7592437"><ele>795.2</ele></trkpt>
            <trkpt lat="43.8571093" lon="19.7592571"><ele>797.8</ele></trkpt>
            <trkpt lat="43.8573762" lon="19.7591096"><ele>803.8</ele></trkpt>
            <trkpt lat="43.8574651" lon="19.7589380"><ele>805.5</ele></trkpt>
            <trkpt lat="43.8575193" lon="19.7587878"><ele>806.5</ele></trkpt>
            <trkpt lat="43.8575502" lon="19.7586617"><ele>807.0</ele></trkpt>
            <trkpt lat="43.8574826" lon="19.7586402"><ele>805.2</ele></trkpt>
            <trkpt lat="43.8574439" lon="19.7585866"><ele>804.2</ele></trkpt>
            <trkpt lat="43.8574129" lon="19.7584391"><ele>803.5</ele></trkpt>
            <trkpt lat="43.8573472" lon="19.7579563"><ele>801.0</ele></trkpt>
            <trkpt lat="43.8571963" lon="19.7574091"><ele>799.8</ele></trkpt>
            <trkpt lat="43.8570048" lon="19.7569183"><ele>802.0</ele></trkpt>
            <trkpt lat="43.8567689" lon="19.7565669"><ele>803.5</ele></trkpt>
            <trkpt lat="43.8559682" lon="19.7558695"><ele>806.0</ele></trkpt>
            <trkpt lat="43.8558367" lon="19.7556871"><ele>808.8</ele></trkpt>
            <trkpt lat="43.8555198" lon="19.7554621"><ele>812.6</ele></trkpt>
            <trkpt lat="43.8555198" lon="19.7554621"><ele>812.6</ele></trkpt>
            <trkpt lat="43.8551829" lon="19.7552231"><ele>816.8</ele></trkpt>
            <trkpt lat="43.8549702" lon="19.7549871"><ele>820.5</ele></trkpt>
            <trkpt lat="43.8548348" lon="19.7547752"><ele>823.5</ele></trkpt>
            <trkpt lat="43.8548154" lon="19.7547457"><ele>824.0</ele></trkpt>
            <trkpt lat="43.8546124" lon="19.7543862"><ele>828.5</ele></trkpt>
            <trkpt lat="43.8542603" lon="19.7541127"><ele>824.2</ele></trkpt>
            <trkpt lat="43.8539683" lon="19.7538069"><ele>818.2</ele></trkpt>
            <trkpt lat="43.8537323" lon="19.7536299"><ele>811.8</ele></trkpt>
            <trkpt lat="43.8536588" lon="19.7535414"><ele>808.6</ele></trkpt>
            <trkpt lat="43.8536279" lon="19.7537264"><ele>809.0</ele></trkpt>
            <trkpt lat="43.8534422" lon="19.7542387"><ele>804.2</ele></trkpt>
            <trkpt lat="43.8531366" lon="19.7547001"><ele>792.8</ele></trkpt>
            <trkpt lat="43.8528987" lon="19.7552124"><ele>785.0</ele></trkpt>
            <trkpt lat="43.8526995" lon="19.7554699"><ele>778.8</ele></trkpt>
            <trkpt lat="43.8525451" lon="19.7554409"><ele>771.8</ele></trkpt>
            <trkpt lat="43.8525451" lon="19.7554409"><ele>771.8</ele></trkpt>
            <trkpt lat="43.8526995" lon="19.7554699"><ele>778.8</ele></trkpt>
            <trkpt lat="43.8528987" lon="19.7552124"><ele>785.0</ele></trkpt>
            <trkpt lat="43.8531366" lon="19.7547001"><ele>792.8</ele></trkpt>
            <trkpt lat="43.8534422" lon="19.7542387"><ele>804.2</ele></trkpt>
            <trkpt lat="43.8536279" lon="19.7537264"><ele>808.5</ele></trkpt>
            <trkpt lat="43.8536588" lon="19.7535414"><ele>808.6</ele></trkpt>
            <trkpt lat="43.8536685" lon="19.7533455"><ele>808.8</ele></trkpt>
            <trkpt lat="43.8536878" lon="19.7530103"><ele>810.0</ele></trkpt>
            <trkpt lat="43.8536511" lon="19.7518811"><ele>815.0</ele></trkpt>
            <trkpt lat="43.8535853" lon="19.7515109"><ele>812.5</ele></trkpt>
            <trkpt lat="43.8536105" lon="19.7512078"><ele>809.8</ele></trkpt>
            <trkpt lat="43.8536163" lon="19.7509825"><ele>807.0</ele></trkpt>
            <trkpt lat="43.8537149" lon="19.7508886"><ele>808.0</ele></trkpt>
            <trkpt lat="43.8537503" lon="19.7508273"><ele>808.2</ele></trkpt>
            <trkpt lat="43.8537503" lon="19.7508273"><ele>808.2</ele></trkpt>
            <trkpt lat="43.8538232" lon="19.7507009"><ele>808.5</ele></trkpt>
            <trkpt lat="43.8539083" lon="19.7506848"><ele>810.2</ele></trkpt>
            <trkpt lat="43.8540089" lon="19.7509637"><ele>815.5</ele></trkpt>
            <trkpt lat="43.8541133" lon="19.7510952"><ele>819.2</ele></trkpt>
            <trkpt lat="43.8544035" lon="19.7510067"><ele>824.5</ele></trkpt>
            <trkpt lat="43.8544654" lon="19.7509557"><ele>825.5</ele></trkpt>
            <trkpt lat="43.8546162" lon="19.7508001"><ele>826.8</ele></trkpt>
            <trkpt lat="43.8549102" lon="19.7505131"><ele>828.8</ele></trkpt>
            <trkpt lat="43.8549644" lon="19.7504890"><ele>829.5</ele></trkpt>
            <trkpt lat="43.8552777" lon="19.7503415"><ele>833.2</ele></trkpt>
            <trkpt lat="43.8555137" lon="19.7502476"><ele>836.2</ele></trkpt>
            <trkpt lat="43.8556239" lon="19.7501644"><ele>837.8</ele></trkpt>
            <trkpt lat="43.8557554" lon="19.7498158"><ele>837.9</ele></trkpt>
            <trkpt lat="43.8558927" lon="19.7493330"><ele>838.0</ele></trkpt>
            <trkpt lat="43.8559527" lon="19.7491050"><ele>839.0</ele></trkpt>
            <trkpt lat="43.8560455" lon="19.7489387"><ele>840.2</ele></trkpt>
            <trkpt lat="43.8561326" lon="19.7488233"><ele>842.0</ele></trkpt>
            <trkpt lat="43.8561771" lon="19.7486624"><ele>842.2</ele></trkpt>
            <trkpt lat="43.8562351" lon="19.7483459"><ele>841.5</ele></trkpt>
            <trkpt lat="43.8562544" lon="19.7481394"><ele>840.8</ele></trkpt>
            <trkpt lat="43.8563395" lon="19.7478819"><ele>842.2</ele></trkpt>
            <trkpt lat="43.8563705" lon="19.7477183"><ele>843.0</ele></trkpt>
            <trkpt lat="43.8563801" lon="19.7475708"><ele>842.8</ele></trkpt>
            <trkpt lat="43.8563666" lon="19.7471872"><ele>840.5</ele></trkpt>
            <trkpt lat="43.8563589" lon="19.7468117"><ele>840.0</ele></trkpt>
            <trkpt lat="43.8562892" lon="19.7466159"><ele>838.2</ele></trkpt>
            <trkpt lat="43.8562061" lon="19.7462940"><ele>836.0</ele></trkpt>
            <trkpt lat="43.8560726" lon="19.7459802"><ele>832.5</ele></trkpt>
            <trkpt lat="43.8560378" lon="19.7457469"><ele>831.2</ele></trkpt>
            <trkpt lat="43.8560378" lon="19.7455457"><ele>830.0</ele></trkpt>
            <trkpt lat="43.8560707" lon="19.7453901"><ele>829.2</ele></trkpt>
            <trkpt lat="43.8561945" lon="19.7451219"><ele>829.0</ele></trkpt>
            <trkpt lat="43.8562834" lon="19.7449529"><ele>827.8</ele></trkpt>
            <trkpt lat="43.8563685" lon="19.7447678"><ele>825.0</ele></trkpt>
            <trkpt lat="43.8562885" lon="19.7448009"><ele>824.1</ele></trkpt>
            <trkpt lat="43.8562885" lon="19.7448009"><ele>824.1</ele></trkpt>
            <trkpt lat="43.8563685" lon="19.7447678"><ele>825.0</ele></trkpt>
            <trkpt lat="43.8564130" lon="19.7447491"><ele>825.5</ele></trkpt>
            <trkpt lat="43.8565929" lon="19.7447330"><ele>828.2</ele></trkpt>
            <trkpt lat="43.8567495" lon="19.7445962"><ele>828.0</ele></trkpt>
            <trkpt lat="43.8569178" lon="19.7444218"><ele>826.5</ele></trkpt>
            <trkpt lat="43.8570938" lon="19.7442260"><ele>825.2</ele></trkpt>
            <trkpt lat="43.8572563" lon="19.7441134"><ele>826.0</ele></trkpt>
            <trkpt lat="43.8574284" lon="19.7440168"><ele>827.8</ele></trkpt>
            <trkpt lat="43.8575580" lon="19.7439471"><ele>829.2</ele></trkpt>
            <trkpt lat="43.8577359" lon="19.7438559"><ele>830.8</ele></trkpt>
            <trkpt lat="43.8580163" lon="19.7437781"><ele>833.8</ele></trkpt>
            <trkpt lat="43.8581827" lon="19.7437245"><ele>835.0</ele></trkpt>
            <trkpt lat="43.8583258" lon="19.7436440"><ele>835.3</ele></trkpt>
            <trkpt lat="43.8584148" lon="19.7435796"><ele>835.5</ele></trkpt>
            <trkpt lat="43.8584805" lon="19.7434911"><ele>835.3</ele></trkpt>
            <trkpt lat="43.8585598" lon="19.7434053"><ele>835.2</ele></trkpt>
            <trkpt lat="43.8586333" lon="19.7433087"><ele>835.0</ele></trkpt>
            <trkpt lat="43.8587010" lon="19.7431800"><ele>834.5</ele></trkpt>
            <trkpt lat="43.8587725" lon="19.7430727"><ele>834.8</ele></trkpt>
            <trkpt lat="43.8589157" lon="19.7429681"><ele>837.0</ele></trkpt>
            <trkpt lat="43.8590878" lon="19.7428715"><ele>839.0</ele></trkpt>
            <trkpt lat="43.8592116" lon="19.7427884"><ele>840.0</ele></trkpt>
            <trkpt lat="43.8591149" lon="19.7424772"><ele>839.0</ele></trkpt>
            <trkpt lat="43.8589021" lon="19.7418523"><ele>836.8</ele></trkpt>
            <trkpt lat="43.8587977" lon="19.7417530"><ele>836.0</ele></trkpt>
            <trkpt lat="43.8587551" lon="19.7417128"><ele>835.5</ele></trkpt>
            <trkpt lat="43.8586198" lon="19.7412810"><ele>830.8</ele></trkpt>
            <trkpt lat="43.8584689" lon="19.7409698"><ele>825.8</ele></trkpt>
            <trkpt lat="43.8584341" lon="19.7408679"><ele>823.8</ele></trkpt>
            <trkpt lat="43.8584264" lon="19.7407633"><ele>822.8</ele></trkpt>
            <trkpt lat="43.8584283" lon="19.7406828"><ele>822.2</ele></trkpt>
            <trkpt lat="43.8585617" lon="19.7399747"><ele>823.2</ele></trkpt>
            <trkpt lat="43.8585559" lon="19.7399265"><ele>823.0</ele></trkpt>
            <trkpt lat="43.8585385" lon="19.7398970"><ele>822.5</ele></trkpt>
            <trkpt lat="43.8582736" lon="19.7395992"><ele>815.5</ele></trkpt>
            <trkpt lat="43.8581169" lon="19.7394893"><ele>809.2</ele></trkpt>
            <trkpt lat="43.8580860" lon="19.7394973"><ele>807.8</ele></trkpt>
            <trkpt lat="43.8579545" lon="19.7398031"><ele>801.2</ele></trkpt>
            <trkpt lat="43.8578771" lon="19.7401223"><ele>796.5</ele></trkpt>
            <trkpt lat="43.8577727" lon="19.7404012"><ele>791.0</ele></trkpt>
            <trkpt lat="43.8576818" lon="19.7402215"><ele>786.5</ele></trkpt>
            <trkpt lat="43.8575909" lon="19.7399694"><ele>783.5</ele></trkpt>
            <trkpt lat="43.8575000" lon="19.7397414"><ele>780.0</ele></trkpt>
            <trkpt lat="43.8574787" lon="19.7395000"><ele>778.5</ele></trkpt>
            <trkpt lat="43.8574419" lon="19.7393176"><ele>775.8</ele></trkpt>
            <trkpt lat="43.8573742" lon="19.7390869"><ele>772.0</ele></trkpt>
            <trkpt lat="43.8572098" lon="19.7387812"><ele>764.0</ele></trkpt>
            <trkpt lat="43.8570977" lon="19.7385585"><ele>759.5</ele></trkpt>
            <trkpt lat="43.8569894" lon="19.7383788"><ele>754.8</ele></trkpt>
            <trkpt lat="43.8569120" lon="19.7381428"><ele>751.8</ele></trkpt>
            <trkpt lat="43.8568424" lon="19.7378290"><ele>748.8</ele></trkpt>
            <trkpt lat="43.8567186" lon="19.7376734"><ele>743.2</ele></trkpt>
            <trkpt lat="43.8565407" lon="19.7375286"><ele>735.2</ele></trkpt>
            <trkpt lat="43.8563569" lon="19.7374508"><ele>727.0</ele></trkpt>
            <trkpt lat="43.8562293" lon="19.7374347"><ele>721.0</ele></trkpt>
            <trkpt lat="43.8561577" lon="19.7372550"><ele>717.5</ele></trkpt>
            <trkpt lat="43.8561506" lon="19.7372359"><ele>717.1</ele></trkpt>
            <trkpt lat="43.8561506" lon="19.7372359"><ele>717.1</ele></trkpt>
            <trkpt lat="43.8560900" lon="19.7370753"><ele>713.5</ele></trkpt>
            <trkpt lat="43.8560339" lon="19.7367936"><ele>708.0</ele></trkpt>
            <trkpt lat="43.8559972" lon="19.7365630"><ele>704.8</ele></trkpt>
            <trkpt lat="43.8559566" lon="19.7361928"><ele>700.5</ele></trkpt>
            <trkpt lat="43.8560571" lon="19.7355089"><ele>697.5</ele></trkpt>
            <trkpt lat="43.8561519" lon="19.7348383"><ele>690.2</ele></trkpt>
            <trkpt lat="43.8562854" lon="19.7343770"><ele>685.0</ele></trkpt>
            <trkpt lat="43.8565445" lon="19.7336608"><ele>672.8</ele></trkpt>
            <trkpt lat="43.8566993" lon="19.7332451"><ele>670.0</ele></trkpt>
            <trkpt lat="43.8566955" lon="19.7328194"><ele>674.7</ele></trkpt>
            <trkpt lat="43.8566955" lon="19.7328194"><ele>674.7</ele></trkpt>
            <trkpt lat="43.8566954" lon="19.7328132"><ele>674.8</ele></trkpt>
            <trkpt lat="43.8566567" lon="19.7327489"><ele>676.0</ele></trkpt>
            <trkpt lat="43.8563898" lon="19.7326899"><ele>674.8</ele></trkpt>
            <trkpt lat="43.8562254" lon="19.7325745"><ele>677.5</ele></trkpt>
            <trkpt lat="43.8557225" lon="19.7321936"><ele>692.0</ele></trkpt>
            <trkpt lat="43.8553570" lon="19.7320300"><ele>701.8</ele></trkpt>
            <trkpt lat="43.8550243" lon="19.7318718"><ele>707.8</ele></trkpt>
            <trkpt lat="43.8546046" lon="19.7320864"><ele>703.0</ele></trkpt>
            <trkpt lat="43.8543512" lon="19.7321427"><ele>701.5</ele></trkpt>
            <trkpt lat="43.8540901" lon="19.7321802"><ele>698.2</ele></trkpt>
            <trkpt lat="43.8539876" lon="19.7321373"><ele>695.8</ele></trkpt>
            <trkpt lat="43.8540495" lon="19.7318423"><ele>692.2</ele></trkpt>
            <trkpt lat="43.8539567" lon="19.7315526"><ele>685.0</ele></trkpt>
            <trkpt lat="43.8538426" lon="19.7310403"><ele>676.2</ele></trkpt>
            <trkpt lat="43.8537613" lon="19.7310215"><ele>673.5</ele></trkpt>
            <trkpt lat="43.8535969" lon="19.7315311"><ele>673.8</ele></trkpt>
            <trkpt lat="43.8535157" lon="19.7316062"><ele>672.2</ele></trkpt>
            <trkpt lat="43.8534170" lon="19.7316867"><ele>670.5</ele></trkpt>
            <trkpt lat="43.8533203" lon="19.7317833"><ele>669.2</ele></trkpt>
            <trkpt lat="43.8532275" lon="19.7319067"><ele>668.5</ele></trkpt>
            <trkpt lat="43.8531172" lon="19.7320193"><ele>666.8</ele></trkpt>
            <trkpt lat="43.8530051" lon="19.7320917"><ele>664.5</ele></trkpt>
            <trkpt lat="43.8528755" lon="19.7321588"><ele>662.0</ele></trkpt>
            <trkpt lat="43.8527788" lon="19.7322232"><ele>660.5</ele></trkpt>
            <trkpt lat="43.8527091" lon="19.7322634"><ele>659.2</ele></trkpt>
            <trkpt lat="43.8526588" lon="19.7322875"><ele>658.2</ele></trkpt>
            <trkpt lat="43.8526047" lon="19.7323331"><ele>657.5</ele></trkpt>
            <trkpt lat="43.8524809" lon="19.7324753"><ele>656.2</ele></trkpt>
            <trkpt lat="43.8524441" lon="19.7325021"><ele>655.5</ele></trkpt>
            <trkpt lat="43.8524267" lon="19.7325128"><ele>655.0</ele></trkpt>
            <trkpt lat="43.8524132" lon="19.7325128"><ele>654.5</ele></trkpt>
            <trkpt lat="43.8523997" lon="19.7325021"><ele>653.8</ele></trkpt>
            <trkpt lat="43.8523900" lon="19.7324806"><ele>653.0</ele></trkpt>
            <trkpt lat="43.8523861" lon="19.7324431"><ele>652.0</ele></trkpt>
            <trkpt lat="43.8523900" lon="19.7323787"><ele>650.8</ele></trkpt>
            <trkpt lat="43.8523958" lon="19.7322902"><ele>649.0</ele></trkpt>
            <trkpt lat="43.8524093" lon="19.7322017"><ele>647.5</ele></trkpt>
            <trkpt lat="43.8524306" lon="19.7321025"><ele>646.0</ele></trkpt>
            <trkpt lat="43.8524577" lon="19.7320086"><ele>644.8</ele></trkpt>
            <trkpt lat="43.8524886" lon="19.7319388"><ele>644.0</ele></trkpt>
            <trkpt lat="43.8525176" lon="19.7318664"><ele>643.2</ele></trkpt>
            <trkpt lat="43.8525331" lon="19.7317994"><ele>642.2</ele></trkpt>
            <trkpt lat="43.8525428" lon="19.7317404"><ele>641.5</ele></trkpt>
            <trkpt lat="43.8525389" lon="19.7316921"><ele>640.5</ele></trkpt>
            <trkpt lat="43.8525292" lon="19.7316572"><ele>639.5</ele></trkpt>
            <trkpt lat="43.8525176" lon="19.7316357"><ele>638.8</ele></trkpt>
            <trkpt lat="43.8525002" lon="19.7316277"><ele>638.0</ele></trkpt>
            <trkpt lat="43.8524809" lon="19.7316250"><ele>637.2</ele></trkpt>
            <trkpt lat="43.8524577" lon="19.7316384"><ele>636.8</ele></trkpt>
            <trkpt lat="43.8523803" lon="19.7317162"><ele>635.2</ele></trkpt>
            <trkpt lat="43.8522546" lon="19.7318611"><ele>634.2</ele></trkpt>
            <trkpt lat="43.8521269" lon="19.7320139"><ele>633.5</ele></trkpt>
            <trkpt lat="43.8518987" lon="19.7322795"><ele>631.2</ele></trkpt>
            <trkpt lat="43.8517730" lon="19.7323868"><ele>630.2</ele></trkpt>
            <trkpt lat="43.8516492" lon="19.7324753"><ele>629.2</ele></trkpt>
            <trkpt lat="43.8514499" lon="19.7325450"><ele>627.5</ele></trkpt>
            <trkpt lat="43.8512469" lon="19.7325450"><ele>626.5</ele></trkpt>
            <trkpt lat="43.8509838" lon="19.7325236"><ele>628.5</ele></trkpt>
            <trkpt lat="43.8509490" lon="19.7324806"><ele>628.0</ele></trkpt>
            <trkpt lat="43.8509761" lon="19.7324270"><ele>626.0</ele></trkpt>
            <trkpt lat="43.8510902" lon="19.7322795"><ele>621.0</ele></trkpt>
            <trkpt lat="43.8512333" lon="19.7320729"><ele>615.0</ele></trkpt>
            <trkpt lat="43.8513726" lon="19.7317672"><ele>608.8</ele></trkpt>
            <trkpt lat="43.8515138" lon="19.7314399"><ele>602.8</ele></trkpt>
            <trkpt lat="43.8516530" lon="19.7310591"><ele>597.0</ele></trkpt>
            <trkpt lat="43.8517227" lon="19.7306326"><ele>591.2</ele></trkpt>
            <trkpt lat="43.8517072" lon="19.7303617"><ele>587.8</ele></trkpt>
            <trkpt lat="43.8516453" lon="19.7300988"><ele>584.2</ele></trkpt>
            <trkpt lat="43.8515370" lon="19.7297662"><ele>580.8</ele></trkpt>
            <trkpt lat="43.8514538" lon="19.7296911"><ele>579.0</ele></trkpt>
            <trkpt lat="43.8514074" lon="19.7296911"><ele>577.5</ele></trkpt>
            <trkpt lat="43.8513436" lon="19.7297904"><ele>575.5</ele></trkpt>
            <trkpt lat="43.8512062" lon="19.7299567"><ele>572.0</ele></trkpt>
            <trkpt lat="43.8510380" lon="19.7301123"><ele>568.2</ele></trkpt>
            <trkpt lat="43.8507091" lon="19.7304341"><ele>566.5</ele></trkpt>
            <trkpt lat="43.8505544" lon="19.7304448"><ele>565.2</ele></trkpt>
            <trkpt lat="43.8503552" lon="19.7305012"><ele>566.0</ele></trkpt>
            <trkpt lat="43.8503513" lon="19.7303832"><ele>566.0</ele></trkpt>
            <trkpt lat="43.8503377" lon="19.7302115"><ele>566.8</ele></trkpt>
            <trkpt lat="43.8503629" lon="19.7300881"><ele>566.0</ele></trkpt>
            <trkpt lat="43.8503764" lon="19.7298789"><ele>565.5</ele></trkpt>
            <trkpt lat="43.8503674" lon="19.7296273"><ele>564.2</ele></trkpt>
            <trkpt lat="43.8503675" lon="19.7296274"><ele>564.2</ele></trkpt>
            <trkpt lat="43.8503571" lon="19.7293425"><ele>562.8</ele></trkpt>
            <trkpt lat="43.8503552" lon="19.7289670"><ele>560.5</ele></trkpt>
            <trkpt lat="43.8503648" lon="19.7287631"><ele>559.2</ele></trkpt>
            <trkpt lat="43.8504248" lon="19.7284305"><ele>558.2</ele></trkpt>
            <trkpt lat="43.8505853" lon="19.7276956"><ele>558.8</ele></trkpt>
            <trkpt lat="43.8506163" lon="19.7274032"><ele>558.0</ele></trkpt>
            <trkpt lat="43.8506163" lon="19.7270921"><ele>558.5</ele></trkpt>
            <trkpt lat="43.8505776" lon="19.7268453"><ele>558.8</ele></trkpt>
            <trkpt lat="43.8505041" lon="19.7265851"><ele>558.8</ele></trkpt>
            <trkpt lat="43.8504248" lon="19.7263974"><ele>558.9</ele></trkpt>
            <trkpt lat="43.8503436" lon="19.7262499"><ele>559.0</ele></trkpt>
            <trkpt lat="43.8503145" lon="19.7261935"><ele>559.0</ele></trkpt>
            <trkpt lat="43.8501695" lon="19.7260246"><ele>558.9</ele></trkpt>
            <trkpt lat="43.8500553" lon="19.7259200"><ele>558.8</ele></trkpt>
            <trkpt lat="43.8495814" lon="19.7253701"><ele>559.2</ele></trkpt>
            <trkpt lat="43.8495079" lon="19.7252601"><ele>559.2</ele></trkpt>
            <trkpt lat="43.8494383" lon="19.7251341"><ele>559.2</ele></trkpt>
            <trkpt lat="43.8493358" lon="19.7249249"><ele>559.0</ele></trkpt>
            <trkpt lat="43.8492642" lon="19.7247317"><ele>559.1</ele></trkpt>
            <trkpt lat="43.8492062" lon="19.7245306"><ele>559.2</ele></trkpt>
            <trkpt lat="43.8491772" lon="19.7242811"><ele>559.3</ele></trkpt>
            <trkpt lat="43.8491733" lon="19.7240639"><ele>559.4</ele></trkpt>
            <trkpt lat="43.8491868" lon="19.7238654"><ele>559.5</ele></trkpt>
            <trkpt lat="43.8492333" lon="19.7236589"><ele>560.0</ele></trkpt>
            <trkpt lat="43.8492990" lon="19.7234684"><ele>561.0</ele></trkpt>
            <trkpt lat="43.8498348" lon="19.7223821"><ele>563.8</ele></trkpt>
            <trkpt lat="43.8501598" lon="19.7218215"><ele>565.5</ele></trkpt>
            <trkpt lat="43.8504422" lon="19.7214407"><ele>568.2</ele></trkpt>
            <trkpt lat="43.8511811" lon="19.7207138"><ele>575.2</ele></trkpt>
            <trkpt lat="43.8513726" lon="19.7204483"><ele>573.2</ele></trkpt>
            <trkpt lat="43.8515002" lon="19.7202176"><ele>572.0</ele></trkpt>
            <trkpt lat="43.8515892" lon="19.7199628"><ele>572.8</ele></trkpt>
            <trkpt lat="43.8516472" lon="19.7196624"><ele>575.0</ele></trkpt>
            <trkpt lat="43.8516530" lon="19.7193888"><ele>577.2</ele></trkpt>
            <trkpt lat="43.8516221" lon="19.7191259"><ele>578.0</ele></trkpt>
            <trkpt lat="43.8515080" lon="19.7185761"><ele>576.0</ele></trkpt>
            <trkpt lat="43.8514732" lon="19.7183213"><ele>574.0</ele></trkpt>
            <trkpt lat="43.8514712" lon="19.7181228"><ele>573.0</ele></trkpt>
            <trkpt lat="43.8514790" lon="19.7179028"><ele>572.5</ele></trkpt>
            <trkpt lat="43.8514867" lon="19.7177634"><ele>573.0</ele></trkpt>
            <trkpt lat="43.8513029" lon="19.7176936"><ele>573.0</ele></trkpt>
            <trkpt lat="43.8511927" lon="19.7176373"><ele>573.0</ele></trkpt>
            <trkpt lat="43.8511231" lon="19.7175810"><ele>574.5</ele></trkpt>
            <trkpt lat="43.8510631" lon="19.7175220"><ele>575.0</ele></trkpt>
            <trkpt lat="43.8510128" lon="19.7174710"><ele>575.5</ele></trkpt>
            <trkpt lat="43.8509374" lon="19.7174281"><ele>576.2</ele></trkpt>
            <trkpt lat="43.8508929" lon="19.7174361"><ele>576.8</ele></trkpt>
            <trkpt lat="43.8508291" lon="19.7174764"><ele>577.2</ele></trkpt>
            <trkpt lat="43.8507614" lon="19.7175515"><ele>578.0</ele></trkpt>
            <trkpt lat="43.8507265" lon="19.7175783"><ele>578.5</ele></trkpt>
            <trkpt lat="43.8507033" lon="19.7175971"><ele>579.0</ele></trkpt>
            <trkpt lat="43.8506337" lon="19.7176212"><ele>580.8</ele></trkpt>
            <trkpt lat="43.8505350" lon="19.7175810"><ele>583.5</ele></trkpt>
            <trkpt lat="43.8504383" lon="19.7175783"><ele>587.0</ele></trkpt>
            <trkpt lat="43.8503513" lon="19.7175944"><ele>590.8</ele></trkpt>
            <trkpt lat="43.8502642" lon="19.7176936"><ele>596.0</ele></trkpt>
            <trkpt lat="43.8502275" lon="19.7177982"><ele>599.8</ele></trkpt>
            <trkpt lat="43.8501888" lon="19.7178733"><ele>603.5</ele></trkpt>
            <trkpt lat="43.8501346" lon="19.7178948"><ele>607.0</ele></trkpt>
            <trkpt lat="43.8501018" lon="19.7178707"><ele>607.4</ele></trkpt>
            <trkpt lat="43.8500650" lon="19.7177446"><ele>608.5</ele></trkpt>
            <trkpt lat="43.8500534" lon="19.7175729"><ele>606.5</ele></trkpt>
            <trkpt lat="43.8500824" lon="19.7172859"><ele>602.2</ele></trkpt>
            <trkpt lat="43.8501443" lon="19.7170150"><ele>599.2</ele></trkpt>
            <trkpt lat="43.8503029" lon="19.7167280"><ele>595.2</ele></trkpt>
            <trkpt lat="43.8504190" lon="19.7165805"><ele>594.2</ele></trkpt>
            <trkpt lat="43.8504712" lon="19.7165108"><ele>593.8</ele></trkpt>
            <trkpt lat="43.8505563" lon="19.7164813"><ele>592.8</ele></trkpt>
            <trkpt lat="43.8506724" lon="19.7164437"><ele>592.0</ele></trkpt>
            <trkpt lat="43.8507362" lon="19.7164276"><ele>591.9</ele></trkpt>
            <trkpt lat="43.8507807" lon="19.7164035"><ele>591.8</ele></trkpt>
            <trkpt lat="43.8507923" lon="19.7163525"><ele>592.5</ele></trkpt>
            <trkpt lat="43.8507807" lon="19.7162506"><ele>594.5</ele></trkpt>
            <trkpt lat="43.8507362" lon="19.7161889"><ele>596.0</ele></trkpt>
            <trkpt lat="43.8506182" lon="19.7160789"><ele>599.0</ele></trkpt>
            <trkpt lat="43.8503900" lon="19.7159716"><ele>603.8</ele></trkpt>
            <trkpt lat="43.8502391" lon="19.7159556"><ele>607.2</ele></trkpt>
            <trkpt lat="43.8500089" lon="19.7160092"><ele>612.8</ele></trkpt>
            <trkpt lat="43.8497942" lon="19.7161782"><ele>617.8</ele></trkpt>
            <trkpt lat="43.8496549" lon="19.7162881"><ele>622.2</ele></trkpt>
            <trkpt lat="43.8495834" lon="19.7163364"><ele>624.8</ele></trkpt>
            <trkpt lat="43.8495273" lon="19.7163177"><ele>627.0</ele></trkpt>
            <trkpt lat="43.8494983" lon="19.7162533"><ele>628.5</ele></trkpt>
            <trkpt lat="43.8495002" lon="19.7161889"><ele>629.0</ele></trkpt>
            <trkpt lat="43.8495756" lon="19.7160280"><ele>628.8</ele></trkpt>
            <trkpt lat="43.8496782" lon="19.7158697"><ele>627.8</ele></trkpt>
            <trkpt lat="43.8498136" lon="19.7156873"><ele>627.2</ele></trkpt>
            <trkpt lat="43.8500573" lon="19.7154111"><ele>627.0</ele></trkpt>
            <trkpt lat="43.8501772" lon="19.7152877"><ele>627.5</ele></trkpt>
            <trkpt lat="43.8502565" lon="19.7151804"><ele>628.5</ele></trkpt>
            <trkpt lat="43.8503358" lon="19.7150168"><ele>631.0</ele></trkpt>
            <trkpt lat="43.8503281" lon="19.7148129"><ele>636.2</ele></trkpt>
            <trkpt lat="43.8502817" lon="19.7145098"><ele>642.0</ele></trkpt>
            <trkpt lat="43.8502449" lon="19.7142282"><ele>643.2</ele></trkpt>
            <trkpt lat="43.8502275" lon="19.7140163"><ele>641.2</ele></trkpt>
            <trkpt lat="43.8502023" lon="19.7138044"><ele>639.0</ele></trkpt>
            <trkpt lat="43.8501675" lon="19.7136354"><ele>637.2</ele></trkpt>
            <trkpt lat="43.8501018" lon="19.7134879"><ele>636.0</ele></trkpt>
            <trkpt lat="43.8500263" lon="19.7133753"><ele>635.0</ele></trkpt>
            <trkpt lat="43.8499625" lon="19.7133350"><ele>634.8</ele></trkpt>
            <trkpt lat="43.8498987" lon="19.7133216"><ele>635.0</ele></trkpt>
            <trkpt lat="43.8499025" lon="19.7132841"><ele>634.0</ele></trkpt>
            <trkpt lat="43.8499025" lon="19.7132841"><ele>634.0</ele></trkpt>
            <trkpt lat="43.8499025" lon="19.7132841"><ele>634.0</ele></trkpt>
            <trkpt lat="43.8499006" lon="19.7132492"><ele>633.5</ele></trkpt>
            <trkpt lat="43.8498890" lon="19.7132090"><ele>633.0</ele></trkpt>
            <trkpt lat="43.8498716" lon="19.7131768"><ele>632.8</ele></trkpt>
            <trkpt lat="43.8496878" lon="19.7129703"><ele>631.0</ele></trkpt>
            <trkpt lat="43.8495853" lon="19.7128361"><ele>630.0</ele></trkpt>
            <trkpt lat="43.8495273" lon="19.7127503"><ele>629.2</ele></trkpt>
            <trkpt lat="43.8494712" lon="19.7126618"><ele>628.8</ele></trkpt>
            <trkpt lat="43.8494170" lon="19.7125652"><ele>628.2</ele></trkpt>
            <trkpt lat="43.8493706" lon="19.7124740"><ele>627.8</ele></trkpt>
            <trkpt lat="43.8493261" lon="19.7123802"><ele>627.2</ele></trkpt>
            <trkpt lat="43.8492855" lon="19.7122836"><ele>626.8</ele></trkpt>
            <trkpt lat="43.8492545" lon="19.7121897"><ele>626.2</ele></trkpt>
            <trkpt lat="43.8492275" lon="19.7120824"><ele>625.8</ele></trkpt>
            <trkpt lat="43.8492062" lon="19.7119644"><ele>625.2</ele></trkpt>
            <trkpt lat="43.8491946" lon="19.7118437"><ele>625.0</ele></trkpt>
            <trkpt lat="43.8491907" lon="19.7117311"><ele>624.8</ele></trkpt>
            <trkpt lat="43.8491926" lon="19.7116211"><ele>624.6</ele></trkpt>
            <trkpt lat="43.8492023" lon="19.7114977"><ele>624.5</ele></trkpt>
            <trkpt lat="43.8492197" lon="19.7113636"><ele>624.8</ele></trkpt>
            <trkpt lat="43.8492468" lon="19.7112215"><ele>625.2</ele></trkpt>
            <trkpt lat="43.8492855" lon="19.7110873"><ele>625.8</ele></trkpt>
            <trkpt lat="43.8493242" lon="19.7109747"><ele>626.2</ele></trkpt>
            <trkpt lat="43.8493590" lon="19.7108835"><ele>627.2</ele></trkpt>
            <trkpt lat="43.8493957" lon="19.7108030"><ele>628.2</ele></trkpt>
            <trkpt lat="43.8494325" lon="19.7107252"><ele>629.5</ele></trkpt>
            <trkpt lat="43.8494770" lon="19.7106475"><ele>631.0</ele></trkpt>
            <trkpt lat="43.8495234" lon="19.7105670"><ele>632.8</ele></trkpt>
            <trkpt lat="43.8495640" lon="19.7105107"><ele>634.2</ele></trkpt>
            <trkpt lat="43.8496182" lon="19.7104490"><ele>636.0</ele></trkpt>
            <trkpt lat="43.8496685" lon="19.7104034"><ele>637.5</ele></trkpt>
            <trkpt lat="43.8497323" lon="19.7103658"><ele>638.8</ele></trkpt>
            <trkpt lat="43.8498020" lon="19.7103336"><ele>639.8</ele></trkpt>
            <trkpt lat="43.8500708" lon="19.7102290"><ele>642.0</ele></trkpt>
            <trkpt lat="43.8501675" lon="19.7101969"><ele>642.5</ele></trkpt>
            <trkpt lat="43.8502720" lon="19.7101700"><ele>642.8</ele></trkpt>
            <trkpt lat="43.8504654" lon="19.7101352"><ele>643.0</ele></trkpt>
            <trkpt lat="43.8506782" lon="19.7101110"><ele>643.4</ele></trkpt>
            <trkpt lat="43.8507575" lon="19.7101164"><ele>643.5</ele></trkpt>
            <trkpt lat="43.8508233" lon="19.7101325"><ele>643.0</ele></trkpt>
            <trkpt lat="43.8509026" lon="19.7101727"><ele>641.8</ele></trkpt>
            <trkpt lat="43.8509683" lon="19.7102183"><ele>640.5</ele></trkpt>
            <trkpt lat="43.8510205" lon="19.7102585"><ele>639.5</ele></trkpt>
            <trkpt lat="43.8512352" lon="19.7104436"><ele>636.5</ele></trkpt>
            <trkpt lat="43.8512643" lon="19.7104597"><ele>636.8</ele></trkpt>
            <trkpt lat="43.8512933" lon="19.7104651"><ele>637.5</ele></trkpt>
            <trkpt lat="43.8513184" lon="19.7104597"><ele>638.8</ele></trkpt>
            <trkpt lat="43.8513416" lon="19.7104383"><ele>640.5</ele></trkpt>
            <trkpt lat="43.8513571" lon="19.7104061"><ele>642.2</ele></trkpt>
            <trkpt lat="43.8513648" lon="19.7103631"><ele>644.2</ele></trkpt>
            <trkpt lat="43.8513552" lon="19.7103176"><ele>645.8</ele></trkpt>
            <trkpt lat="43.8513358" lon="19.7102720"><ele>647.0</ele></trkpt>
            <trkpt lat="43.8513010" lon="19.7102264"><ele>648.0</ele></trkpt>
            <trkpt lat="43.8512643" lon="19.7101942"><ele>648.2</ele></trkpt>
            <trkpt lat="43.8511211" lon="19.7101271"><ele>647.8</ele></trkpt>
            <trkpt lat="43.8510534" lon="19.7100842"><ele>648.5</ele></trkpt>
            <trkpt lat="43.8508948" lon="19.7099796"><ele>651.5</ele></trkpt>
            <trkpt lat="43.8508155" lon="19.7099394"><ele>652.8</ele></trkpt>
            <trkpt lat="43.8507362" lon="19.7099072"><ele>653.5</ele></trkpt>
            <trkpt lat="43.8506569" lon="19.7098857"><ele>654.0</ele></trkpt>
            <trkpt lat="43.8505563" lon="19.7098723"><ele>654.5</ele></trkpt>
            <trkpt lat="43.8503474" lon="19.7098589"><ele>656.0</ele></trkpt>
            <trkpt lat="43.8500070" lon="19.7098589"><ele>657.0</ele></trkpt>
            <trkpt lat="43.8499064" lon="19.7098643"><ele>657.2</ele></trkpt>
            <trkpt lat="43.8498000" lon="19.7098804"><ele>657.0</ele></trkpt>
            <trkpt lat="43.8496433" lon="19.7099152"><ele>656.0</ele></trkpt>
            <trkpt lat="43.8495718" lon="19.7099340"><ele>655.2</ele></trkpt>
            <trkpt lat="43.8494847" lon="19.7099420"><ele>654.5</ele></trkpt>
            <trkpt lat="43.8493648" lon="19.7099259"><ele>654.4</ele></trkpt>
            <trkpt lat="43.8492971" lon="19.7099072"><ele>654.3</ele></trkpt>
            <trkpt lat="43.8492333" lon="19.7098750"><ele>654.2</ele></trkpt>
            <trkpt lat="43.8491714" lon="19.7098321"><ele>654.8</ele></trkpt>
            <trkpt lat="43.8491153" lon="19.7097757"><ele>655.5</ele></trkpt>
            <trkpt lat="43.8490572" lon="19.7097060"><ele>656.8</ele></trkpt>
            <trkpt lat="43.8490128" lon="19.7096363"><ele>658.0</ele></trkpt>
            <trkpt lat="43.8489702" lon="19.7095558"><ele>659.5</ele></trkpt>
            <trkpt lat="43.8489334" lon="19.7094592"><ele>661.0</ele></trkpt>
            <trkpt lat="43.8489064" lon="19.7093546"><ele>662.8</ele></trkpt>
            <trkpt lat="43.8488096" lon="19.7089496"><ele>669.2</ele></trkpt>
            <trkpt lat="43.8487787" lon="19.7088557"><ele>670.5</ele></trkpt>
            <trkpt lat="43.8487477" lon="19.7087967"><ele>671.0</ele></trkpt>
            <trkpt lat="43.8487187" lon="19.7087485"><ele>671.1</ele></trkpt>
            <trkpt lat="43.8486781" lon="19.7086975"><ele>671.2</ele></trkpt>
            <trkpt lat="43.8485659" lon="19.7085688"><ele>671.2</ele></trkpt>
            <trkpt lat="43.8485272" lon="19.7085178"><ele>671.2</ele></trkpt>
            <trkpt lat="43.8484924" lon="19.7084534"><ele>671.1</ele></trkpt>
            <trkpt lat="43.8484673" lon="19.7083890"><ele>671.1</ele></trkpt>
            <trkpt lat="43.8484479" lon="19.7083193"><ele>671.1</ele></trkpt>
            <trkpt lat="43.8484363" lon="19.7082415"><ele>671.1</ele></trkpt>
            <trkpt lat="43.8484344" lon="19.7081637"><ele>671.0</ele></trkpt>
            <trkpt lat="43.8484402" lon="19.7080833"><ele>671.0</ele></trkpt>
            <trkpt lat="43.8485060" lon="19.7076058"><ele>673.0</ele></trkpt>
            <trkpt lat="43.8485214" lon="19.7075039"><ele>674.5</ele></trkpt>
            <trkpt lat="43.8485253" lon="19.7073966"><ele>676.0</ele></trkpt>
            <trkpt lat="43.8485176" lon="19.7072920"><ele>677.2</ele></trkpt>
            <trkpt lat="43.8484982" lon="19.7071928"><ele>678.2</ele></trkpt>
            <trkpt lat="43.8484653" lon="19.7070962"><ele>679.2</ele></trkpt>
            <trkpt lat="43.8484266" lon="19.7070211"><ele>680.2</ele></trkpt>
            <trkpt lat="43.8483299" lon="19.7068790"><ele>682.8</ele></trkpt>
            <trkpt lat="43.8482448" lon="19.7067744"><ele>685.0</ele></trkpt>
            <trkpt lat="43.8481674" lon="19.7066966"><ele>686.5</ele></trkpt>
            <trkpt lat="43.8480765" lon="19.7066268"><ele>688.0</ele></trkpt>
            <trkpt lat="43.8479798" lon="19.7065678"><ele>689.0</ele></trkpt>
            <trkpt lat="43.8478618" lon="19.7065115"><ele>690.5</ele></trkpt>
            <trkpt lat="43.8477670" lon="19.7064686"><ele>690.7</ele></trkpt>
            <trkpt lat="43.8476645" lon="19.7064310"><ele>691.0</ele></trkpt>
            <trkpt lat="43.8475620" lon="19.7063988"><ele>690.8</ele></trkpt>
            <trkpt lat="43.8474672" lon="19.7063774"><ele>690.2</ele></trkpt>
            <trkpt lat="43.8473260" lon="19.7063532"><ele>689.0</ele></trkpt>
            <trkpt lat="43.8472718" lon="19.7063398"><ele>688.2</ele></trkpt>
            <trkpt lat="43.8472351" lon="19.7063076"><ele>688.0</ele></trkpt>
            <trkpt lat="43.8472080" lon="19.7062621"><ele>687.8</ele></trkpt>
            <trkpt lat="43.8471925" lon="19.7062004"><ele>687.6</ele></trkpt>
            <trkpt lat="43.8471945" lon="19.7061253"><ele>687.5</ele></trkpt>
            <trkpt lat="43.8472157" lon="19.7060663"><ele>688.0</ele></trkpt>
            <trkpt lat="43.8472486" lon="19.7060207"><ele>688.8</ele></trkpt>
            <trkpt lat="43.8472912" lon="19.7059938"><ele>689.8</ele></trkpt>
            <trkpt lat="43.8473473" lon="19.7059911"><ele>691.0</ele></trkpt>
            <trkpt lat="43.8473473" lon="19.7058356"><ele>690.9</ele></trkpt>
            <trkpt lat="43.8473318" lon="19.7054601"><ele>690.5</ele></trkpt>
            <trkpt lat="43.8472370" lon="19.7050041"><ele>686.0</ele></trkpt>
            <trkpt lat="43.8472215" lon="19.7047386"><ele>683.5</ele></trkpt>
            <trkpt lat="43.8471790" lon="19.7044811"><ele>680.2</ele></trkpt>
            <trkpt lat="43.8471171" lon="19.7042075"><ele>676.5</ele></trkpt>
            <trkpt lat="43.8470977" lon="19.7040090"><ele>674.8</ele></trkpt>
            <trkpt lat="43.8470842" lon="19.7038454"><ele>673.8</ele></trkpt>
            <trkpt lat="43.8470687" lon="19.7035933"><ele>673.2</ele></trkpt>
            <trkpt lat="43.8470242" lon="19.7033277"><ele>672.8</ele></trkpt>
            <trkpt lat="43.8470223" lon="19.7030810"><ele>673.0</ele></trkpt>
            <trkpt lat="43.8470571" lon="19.7028100"><ele>673.5</ele></trkpt>
            <trkpt lat="43.8471093" lon="19.7026786"><ele>674.0</ele></trkpt>
            <trkpt lat="43.8471190" lon="19.7026116"><ele>673.9</ele></trkpt>
            <trkpt lat="43.8471074" lon="19.7025526"><ele>673.0</ele></trkpt>
            <trkpt lat="43.8471829" lon="19.7024587"><ele>674.0</ele></trkpt>
            <trkpt lat="43.8473937" lon="19.7023541"><ele>676.0</ele></trkpt>
            <trkpt lat="43.8475388" lon="19.7022575"><ele>677.0</ele></trkpt>
            <trkpt lat="43.8476432" lon="19.7021529"><ele>677.8</ele></trkpt>
            <trkpt lat="43.8477148" lon="19.7020322"><ele>678.5</ele></trkpt>
            <trkpt lat="43.8477322" lon="19.7019115"><ele>679.5</ele></trkpt>
            <trkpt lat="43.8477458" lon="19.7017881"><ele>680.5</ele></trkpt>
            <trkpt lat="43.8477960" lon="19.7016782"><ele>681.5</ele></trkpt>
            <trkpt lat="43.8478734" lon="19.7015601"><ele>682.5</ele></trkpt>
            <trkpt lat="43.8480069" lon="19.7013482"><ele>684.2</ele></trkpt>
            <trkpt lat="43.8481268" lon="19.7011819"><ele>685.5</ele></trkpt>
            <trkpt lat="43.8482371" lon="19.7010612"><ele>686.8</ele></trkpt>
            <trkpt lat="43.8483338" lon="19.7009479"><ele>688.0</ele></trkpt>
            <trkpt lat="43.8483338" lon="19.7009479"><ele>688.0</ele></trkpt>
            <trkpt lat="43.8483493" lon="19.7009298"><ele>688.0</ele></trkpt>
            <trkpt lat="43.8483280" lon="19.7008198"><ele>687.5</ele></trkpt>
            <trkpt lat="43.8483145" lon="19.7005758"><ele>686.0</ele></trkpt>
            <trkpt lat="43.8483164" lon="19.7004363"><ele>684.5</ele></trkpt>
            <trkpt lat="43.8483222" lon="19.7003183"><ele>683.5</ele></trkpt>
            <trkpt lat="43.8483570" lon="19.7001064"><ele>681.8</ele></trkpt>
            <trkpt lat="43.8484247" lon="19.6998757"><ele>679.8</ele></trkpt>
            <trkpt lat="43.8484808" lon="19.6997336"><ele>678.2</ele></trkpt>
            <trkpt lat="43.8485195" lon="19.6996182"><ele>676.8</ele></trkpt>
            <trkpt lat="43.8485504" lon="19.6994922"><ele>675.8</ele></trkpt>
            <trkpt lat="43.8485737" lon="19.6993983"><ele>675.7</ele></trkpt>
            <trkpt lat="43.8485833" lon="19.6993071"><ele>675.6</ele></trkpt>
            <trkpt lat="43.8485717" lon="19.6992293"><ele>675.5</ele></trkpt>
            <trkpt lat="43.8485369" lon="19.6991569"><ele>675.2</ele></trkpt>
            <trkpt lat="43.8484885" lon="19.6990791"><ele>675.0</ele></trkpt>
            <trkpt lat="43.8484208" lon="19.6990040"><ele>674.8</ele></trkpt>
            <trkpt lat="43.8482854" lon="19.6989316"><ele>673.2</ele></trkpt>
            <trkpt lat="43.8481597" lon="19.6988994"><ele>671.2</ele></trkpt>
            <trkpt lat="43.8478734" lon="19.6988243"><ele>666.0</ele></trkpt>
            <trkpt lat="43.8476897" lon="19.6987063"><ele>662.5</ele></trkpt>
            <trkpt lat="43.8474691" lon="19.6985641"><ele>657.8</ele></trkpt>
            <trkpt lat="43.8473763" lon="19.6984649"><ele>655.8</ele></trkpt>
            <trkpt lat="43.8473318" lon="19.6984059"><ele>655.0</ele></trkpt>
            <trkpt lat="43.8473047" lon="19.6983737"><ele>654.5</ele></trkpt>
            <trkpt lat="43.8472486" lon="19.6982664"><ele>653.5</ele></trkpt>
            <trkpt lat="43.8471809" lon="19.6980679"><ele>652.0</ele></trkpt>
            <trkpt lat="43.8471461" lon="19.6978050"><ele>650.8</ele></trkpt>
            <trkpt lat="43.8471364" lon="19.6975261"><ele>650.2</ele></trkpt>
            <trkpt lat="43.8471693" lon="19.6972445"><ele>650.5</ele></trkpt>
            <trkpt lat="43.8472989" lon="19.6966919"><ele>651.0</ele></trkpt>
            <trkpt lat="43.8473241" lon="19.6965283"><ele>651.5</ele></trkpt>
            <trkpt lat="43.8473279" lon="19.6964344"><ele>652.0</ele></trkpt>
            <trkpt lat="43.8473279" lon="19.6963352"><ele>652.8</ele></trkpt>
            <trkpt lat="43.8473105" lon="19.6962413"><ele>653.8</ele></trkpt>
            <trkpt lat="43.8472796" lon="19.6961743"><ele>654.5</ele></trkpt>
            <trkpt lat="43.8472428" lon="19.6961287"><ele>655.0</ele></trkpt>
            <trkpt lat="43.8472041" lon="19.6961072"><ele>655.2</ele></trkpt>
            <trkpt lat="43.8471364" lon="19.6961153"><ele>655.0</ele></trkpt>
            <trkpt lat="43.8470687" lon="19.6961421"><ele>654.5</ele></trkpt>
            <trkpt lat="43.8468811" lon="19.6962762"><ele>652.2</ele></trkpt>
            <trkpt lat="43.8467418" lon="19.6963969"><ele>650.2</ele></trkpt>
            <trkpt lat="43.8466915" lon="19.6964318"><ele>649.5</ele></trkpt>
            <trkpt lat="43.8466528" lon="19.6964318"><ele>649.0</ele></trkpt>
            <trkpt lat="43.8466219" lon="19.6964264"><ele>648.5</ele></trkpt>
            <trkpt lat="43.8465929" lon="19.6963996"><ele>648.2</ele></trkpt>
            <trkpt lat="43.8465058" lon="19.6965310"><ele>646.0</ele></trkpt>
            <trkpt lat="43.8459313" lon="19.6974966"><ele>638.0</ele></trkpt>
            <trkpt lat="43.8452059" lon="19.6982664"><ele>633.0</ele></trkpt>
            <trkpt lat="43.8445366" lon="19.6988028"><ele>629.0</ele></trkpt>
            <trkpt lat="43.8442174" lon="19.6991274"><ele>629.8</ele></trkpt>
            <trkpt lat="43.8440255" lon="19.6993203"><ele>630.0</ele></trkpt>
        </trkseg>
    </trk>
    <trk>
        <name>День 2</name>
        <trkseg>
            <trkpt lat="43.8440269" lon="19.6993188"><ele>630.0</ele></trkpt>
            <trkpt lat="43.8442174" lon="19.6991274"><ele>629.8</ele></trkpt>
            <trkpt lat="43.8445366" lon="19.6988028"><ele>629.0</ele></trkpt>
            <trkpt lat="43.8452059" lon="19.6982664"><ele>633.0</ele></trkpt>
            <trkpt lat="43.8459313" lon="19.6974966"><ele>638.0</ele></trkpt>
            <trkpt lat="43.8465058" lon="19.6965310"><ele>646.0</ele></trkpt>
            <trkpt lat="43.8465929" lon="19.6963996"><ele>648.0</ele></trkpt>
            <trkpt lat="43.8466219" lon="19.6964264"><ele>648.5</ele></trkpt>
            <trkpt lat="43.8466528" lon="19.6964318"><ele>649.0</ele></trkpt>
            <trkpt lat="43.8466915" lon="19.6964318"><ele>649.5</ele></trkpt>
            <trkpt lat="43.8467418" lon="19.6963969"><ele>650.2</ele></trkpt>
            <trkpt lat="43.8468811" lon="19.6962762"><ele>652.2</ele></trkpt>
            <trkpt lat="43.8470687" lon="19.6961421"><ele>654.5</ele></trkpt>
            <trkpt lat="43.8471364" lon="19.6961153"><ele>655.0</ele></trkpt>
            <trkpt lat="43.8472041" lon="19.6961072"><ele>655.2</ele></trkpt>
            <trkpt lat="43.8472428" lon="19.6961287"><ele>655.0</ele></trkpt>
            <trkpt lat="43.8472796" lon="19.6961743"><ele>654.5</ele></trkpt>
            <trkpt lat="43.8473105" lon="19.6962413"><ele>653.8</ele></trkpt>
            <trkpt lat="43.8473279" lon="19.6963352"><ele>652.8</ele></trkpt>
            <trkpt lat="43.8473279" lon="19.6964344"><ele>652.0</ele></trkpt>
            <trkpt lat="43.8473241" lon="19.6965283"><ele>651.5</ele></trkpt>
            <trkpt lat="43.8472989" lon="19.6966919"><ele>651.0</ele></trkpt>
            <trkpt lat="43.8471693" lon="19.6972445"><ele>650.5</ele></trkpt>
            <trkpt lat="43.8471364" lon="19.6975261"><ele>650.2</ele></trkpt>
            <trkpt lat="43.8471461" lon="19.6978050"><ele>650.8</ele></trkpt>
            <trkpt lat="43.8471809" lon="19.6980679"><ele>652.0</ele></trkpt>
            <trkpt lat="43.8472486" lon="19.6982664"><ele>653.5</ele></trkpt>
            <trkpt lat="43.8473047" lon="19.6983737"><ele>654.5</ele></trkpt>
            <trkpt lat="43.8473318" lon="19.6984059"><ele>655.0</ele></trkpt>
            <trkpt lat="43.8473763" lon="19.6984649"><ele>655.8</ele></trkpt>
            <trkpt lat="43.8474691" lon="19.6985641"><ele>657.8</ele></trkpt>
            <trkpt lat="43.8476897" lon="19.6987063"><ele>662.5</ele></trkpt>
            <trkpt lat="43.8478734" lon="19.6988243"><ele>666.0</ele></trkpt>
            <trkpt lat="43.8481597" lon="19.6988994"><ele>671.2</ele></trkpt>
            <trkpt lat="43.8482854" lon="19.6989316"><ele>673.2</ele></trkpt>
            <trkpt lat="43.8484208" lon="19.6990040"><ele>674.8</ele></trkpt>
            <trkpt lat="43.8484885" lon="19.6990791"><ele>675.0</ele></trkpt>
            <trkpt lat="43.8485369" lon="19.6991569"><ele>675.2</ele></trkpt>
            <trkpt lat="43.8485717" lon="19.6992293"><ele>675.5</ele></trkpt>
            <trkpt lat="43.8485833" lon="19.6993071"><ele>675.6</ele></trkpt>
            <trkpt lat="43.8485737" lon="19.6993983"><ele>675.7</ele></trkpt>
            <trkpt lat="43.8485504" lon="19.6994922"><ele>675.8</ele></trkpt>
            <trkpt lat="43.8485195" lon="19.6996182"><ele>676.8</ele></trkpt>
            <trkpt lat="43.8484808" lon="19.6997336"><ele>678.2</ele></trkpt>
            <trkpt lat="43.8484247" lon="19.6998757"><ele>679.8</ele></trkpt>
            <trkpt lat="43.8483570" lon="19.7001064"><ele>681.8</ele></trkpt>
            <trkpt lat="43.8483222" lon="19.7003183"><ele>683.5</ele></trkpt>
            <trkpt lat="43.8483164" lon="19.7004363"><ele>684.5</ele></trkpt>
            <trkpt lat="43.8483145" lon="19.7005758"><ele>686.0</ele></trkpt>
            <trkpt lat="43.8483280" lon="19.7008198"><ele>687.5</ele></trkpt>
            <trkpt lat="43.8483493" lon="19.7009298"><ele>688.2</ele></trkpt>
            <trkpt lat="43.8483802" lon="19.7009432"><ele>688.8</ele></trkpt>
            <trkpt lat="43.8484247" lon="19.7009298"><ele>689.5</ele></trkpt>
            <trkpt lat="43.8484963" lon="19.7008601"><ele>690.5</ele></trkpt>
            <trkpt lat="43.8485911" lon="19.7007233"><ele>691.5</ele></trkpt>
            <trkpt lat="43.8487129" lon="19.7005811"><ele>692.2</ele></trkpt>
            <trkpt lat="43.8489760" lon="19.7004390"><ele>694.5</ele></trkpt>
            <trkpt lat="43.8492255" lon="19.7002566"><ele>695.8</ele></trkpt>
            <trkpt lat="43.8493996" lon="19.7000635"><ele>696.8</ele></trkpt>
            <trkpt lat="43.8494751" lon="19.6998999"><ele>697.5</ele></trkpt>
            <trkpt lat="43.8495872" lon="19.6997631"><ele>698.8</ele></trkpt>
            <trkpt lat="43.8497575" lon="19.6995351"><ele>701.5</ele></trkpt>
            <trkpt lat="43.8499393" lon="19.6991971"><ele>707.0</ele></trkpt>
            <trkpt lat="43.8500051" lon="19.6990710"><ele>710.0</ele></trkpt>
            <trkpt lat="43.8500476" lon="19.6989799"><ele>712.5</ele></trkpt>
            <trkpt lat="43.8500650" lon="19.6989369"><ele>713.8</ele></trkpt>
            <trkpt lat="43.8500476" lon="19.6988645"><ele>714.8</ele></trkpt>
            <trkpt lat="43.8499470" lon="19.6986794"><ele>716.0</ele></trkpt>
            <trkpt lat="43.8499025" lon="19.6985480"><ele>717.5</ele></trkpt>
            <trkpt lat="43.8498967" lon="19.6984059"><ele>719.5</ele></trkpt>
            <trkpt lat="43.8499354" lon="19.6982825"><ele>721.8</ele></trkpt>
            <trkpt lat="43.8500263" lon="19.6982798"><ele>723.8</ele></trkpt>
            <trkpt lat="43.8501927" lon="19.6981859"><ele>728.0</ele></trkpt>
            <trkpt lat="43.8505389" lon="19.6979901"><ele>735.5</ele></trkpt>
            <trkpt lat="43.8508136" lon="19.6978775"><ele>740.5</ele></trkpt>
            <trkpt lat="43.8510728" lon="19.6976280"><ele>744.2</ele></trkpt>
            <trkpt lat="43.8512817" lon="19.6974161"><ele>746.2</ele></trkpt>
            <trkpt lat="43.8516414" lon="19.6972284"><ele>748.5</ele></trkpt>
            <trkpt lat="43.8517401" lon="19.6971935"><ele>749.0</ele></trkpt>
            <trkpt lat="43.8518167" lon="19.6971960"><ele>749.2</ele></trkpt>
            <trkpt lat="43.8518167" lon="19.6971960"><ele>749.2</ele></trkpt>
            <trkpt lat="43.8518213" lon="19.6971962"><ele>749.2</ele></trkpt>
            <trkpt lat="43.8521598" lon="19.6973705"><ele>749.5</ele></trkpt>
            <trkpt lat="43.8525699" lon="19.6974778"><ele>749.2</ele></trkpt>
            <trkpt lat="43.8529722" lon="19.6975476"><ele>749.8</ele></trkpt>
            <trkpt lat="43.8531230" lon="19.6975288"><ele>750.0</ele></trkpt>
            <trkpt lat="43.8532720" lon="19.6975020"><ele>751.5</ele></trkpt>
            <trkpt lat="43.8534828" lon="19.6974832"><ele>753.8</ele></trkpt>
            <trkpt lat="43.8536066" lon="19.6974725"><ele>755.0</ele></trkpt>
            <trkpt lat="43.8537342" lon="19.6974805"><ele>756.0</ele></trkpt>
            <trkpt lat="43.8538580" lon="19.6974993"><ele>757.2</ele></trkpt>
            <trkpt lat="43.8539180" lon="19.6975046"><ele>758.0</ele></trkpt>
            <trkpt lat="43.8540979" lon="19.6974993"><ele>760.2</ele></trkpt>
            <trkpt lat="43.8542565" lon="19.6975234"><ele>762.0</ele></trkpt>
            <trkpt lat="43.8544286" lon="19.6975154"><ele>764.2</ele></trkpt>
            <trkpt lat="43.8545601" lon="19.6975610"><ele>766.0</ele></trkpt>
            <trkpt lat="43.8546549" lon="19.6976656"><ele>768.0</ele></trkpt>
            <trkpt lat="43.8546684" lon="19.6976522"><ele>768.2</ele></trkpt>
            <trkpt lat="43.8546839" lon="19.6976119"><ele>768.5</ele></trkpt>
            <trkpt lat="43.8546881" lon="19.6975985"><ele>768.5</ele></trkpt>
            <trkpt lat="43.8546881" lon="19.6975985"><ele>768.5</ele></trkpt>
            <trkpt lat="43.8546839" lon="19.6976119"><ele>768.5</ele></trkpt>
            <trkpt lat="43.8546684" lon="19.6976522"><ele>768.2</ele></trkpt>
            <trkpt lat="43.8546549" lon="19.6976656"><ele>767.5</ele></trkpt>
            <trkpt lat="43.8546955" lon="19.6977514"><ele>768.0</ele></trkpt>
            <trkpt lat="43.8547961" lon="19.6979338"><ele>768.8</ele></trkpt>
            <trkpt lat="43.8548541" lon="19.6981269"><ele>767.8</ele></trkpt>
            <trkpt lat="43.8548947" lon="19.6984863"><ele>763.5</ele></trkpt>
            <trkpt lat="43.8549914" lon="19.6986124"><ele>763.8</ele></trkpt>
            <trkpt lat="43.8551346" lon="19.6986312"><ele>766.8</ele></trkpt>
            <trkpt lat="43.8552351" lon="19.6986607"><ele>768.2</ele></trkpt>
            <trkpt lat="43.8552796" lon="19.6987894"><ele>768.3</ele></trkpt>
            <trkpt lat="43.8552545" lon="19.6990603"><ele>768.5</ele></trkpt>
            <trkpt lat="43.8551907" lon="19.6994331"><ele>769.8</ele></trkpt>
            <trkpt lat="43.8551752" lon="19.6996182"><ele>772.0</ele></trkpt>
            <trkpt lat="43.8552231" lon="19.6995994"><ele>773.6</ele></trkpt>
            <trkpt lat="43.8552231" lon="19.6995994"><ele>773.6</ele></trkpt>
            <trkpt lat="43.8551752" lon="19.6996182"><ele>772.0</ele></trkpt>
            <trkpt lat="43.8550920" lon="19.6996289"><ele>770.5</ele></trkpt>
            <trkpt lat="43.8550011" lon="19.6996504"><ele>768.8</ele></trkpt>
            <trkpt lat="43.8549257" lon="19.6996880"><ele>767.5</ele></trkpt>
            <trkpt lat="43.8548754" lon="19.6997336"><ele>767.0</ele></trkpt>
            <trkpt lat="43.8548638" lon="19.6997845"><ele>766.8</ele></trkpt>
            <trkpt lat="43.8548696" lon="19.6998596"><ele>767.2</ele></trkpt>
            <trkpt lat="43.8549257" lon="19.6999910"><ele>769.0</ele></trkpt>
            <trkpt lat="43.8549895" lon="19.7000957"><ele>770.5</ele></trkpt>
            <trkpt lat="43.8550495" lon="19.7001681"><ele>771.8</ele></trkpt>
            <trkpt lat="43.8550843" lon="19.7002378"><ele>772.8</ele></trkpt>
            <trkpt lat="43.8551036" lon="19.7003129"><ele>773.5</ele></trkpt>
            <trkpt lat="43.8551075" lon="19.7003853"><ele>774.2</ele></trkpt>
            <trkpt lat="43.8550920" lon="19.7004497"><ele>774.8</ele></trkpt>
            <trkpt lat="43.8550591" lon="19.7005355"><ele>775.5</ele></trkpt>
            <trkpt lat="43.8550243" lon="19.7005865"><ele>776.0</ele></trkpt>
            <trkpt lat="43.8549876" lon="19.7006401"><ele>776.8</ele></trkpt>
            <trkpt lat="43.8548522" lon="19.7007743"><ele>779.0</ele></trkpt>
            <trkpt lat="43.8546530" lon="19.7009164"><ele>782.0</ele></trkpt>
            <trkpt lat="43.8545408" lon="19.7009835"><ele>783.5</ele></trkpt>
            <trkpt lat="43.8544441" lon="19.7010130"><ele>784.0</ele></trkpt>
            <trkpt lat="43.8543551" lon="19.7010291"><ele>784.2</ele></trkpt>
            <trkpt lat="43.8541772" lon="19.7010237"><ele>783.5</ele></trkpt>
            <trkpt lat="43.8539354" lon="19.7010291"><ele>782.0</ele></trkpt>
            <trkpt lat="43.8537362" lon="19.7010532"><ele>780.0</ele></trkpt>
            <trkpt lat="43.8535853" lon="19.7011364"><ele>779.0</ele></trkpt>
            <trkpt lat="43.8534248" lon="19.7012517"><ele>777.2</ele></trkpt>
            <trkpt lat="43.8533319" lon="19.7013322"><ele>776.0</ele></trkpt>
            <trkpt lat="43.8532217" lon="19.7014314"><ele>773.8</ele></trkpt>
            <trkpt lat="43.8531521" lon="19.7015306"><ele>772.2</ele></trkpt>
            <trkpt lat="43.8530921" lon="19.7017077"><ele>771.0</ele></trkpt>
            <trkpt lat="43.8530893" lon="19.7017450"><ele>770.8</ele></trkpt>
            <trkpt lat="43.8530893" lon="19.7017450"><ele>770.8</ele></trkpt>
            <trkpt lat="43.8530805" lon="19.7018632"><ele>770.2</ele></trkpt>
            <trkpt lat="43.8531521" lon="19.7020376"><ele>771.2</ele></trkpt>
            <trkpt lat="43.8532314" lon="19.7022414"><ele>771.0</ele></trkpt>
            <trkpt lat="43.8532468" lon="19.7024909"><ele>767.5</ele></trkpt>
            <trkpt lat="43.8532449" lon="19.7026733"><ele>765.0</ele></trkpt>
            <trkpt lat="43.8531985" lon="19.7028476"><ele>762.8</ele></trkpt>
            <trkpt lat="43.8531463" lon="19.7027403"><ele>762.0</ele></trkpt>
            <trkpt lat="43.8530921" lon="19.7026384"><ele>761.5</ele></trkpt>
            <trkpt lat="43.8530051" lon="19.7024935"><ele>760.8</ele></trkpt>
            <trkpt lat="43.8528793" lon="19.7023568"><ele>758.8</ele></trkpt>
            <trkpt lat="43.8526859" lon="19.7022200"><ele>754.8</ele></trkpt>
            <trkpt lat="43.8525660" lon="19.7020993"><ele>752.5</ele></trkpt>
            <trkpt lat="43.8524267" lon="19.7018605"><ele>751.8</ele></trkpt>
            <trkpt lat="43.8523706" lon="19.7017157"><ele>751.5</ele></trkpt>
            <trkpt lat="43.8523262" lon="19.7015601"><ele>751.0</ele></trkpt>
            <trkpt lat="43.8522836" lon="19.7014233"><ele>750.0</ele></trkpt>
            <trkpt lat="43.8522469" lon="19.7013617"><ele>749.0</ele></trkpt>
            <trkpt lat="43.8521888" lon="19.7013429"><ele>747.8</ele></trkpt>
            <trkpt lat="43.8520708" lon="19.7013724"><ele>746.0</ele></trkpt>
            <trkpt lat="43.8519374" lon="19.7014824"><ele>744.0</ele></trkpt>
            <trkpt lat="43.8518097" lon="19.7015682"><ele>741.8</ele></trkpt>
            <trkpt lat="43.8517362" lon="19.7015789"><ele>740.5</ele></trkpt>
            <trkpt lat="43.8516318" lon="19.7015575"><ele>739.0</ele></trkpt>
            <trkpt lat="43.8516124" lon="19.7013751"><ele>738.5</ele></trkpt>
            <trkpt lat="43.8515892" lon="19.7011578"><ele>738.0</ele></trkpt>
            <trkpt lat="43.8515273" lon="19.7011685"><ele>738.0</ele></trkpt>
            <trkpt lat="43.8515273" lon="19.7012678"><ele>738.0</ele></trkpt>
            <trkpt lat="43.8515273" lon="19.7012678"><ele>738.0</ele></trkpt>
            <trkpt lat="43.8515273" lon="19.7011685"><ele>737.0</ele></trkpt>
            <trkpt lat="43.8515892" lon="19.7011578"><ele>738.0</ele></trkpt>
            <trkpt lat="43.8516124" lon="19.7013751"><ele>738.5</ele></trkpt>
            <trkpt lat="43.8516318" lon="19.7015575"><ele>739.0</ele></trkpt>
            <trkpt lat="43.8517362" lon="19.7015789"><ele>740.5</ele></trkpt>
            <trkpt lat="43.8518097" lon="19.7015682"><ele>741.8</ele></trkpt>
            <trkpt lat="43.8519374" lon="19.7014824"><ele>744.0</ele></trkpt>
            <trkpt lat="43.8520708" lon="19.7013724"><ele>746.0</ele></trkpt>
            <trkpt lat="43.8521888" lon="19.7013429"><ele>747.8</ele></trkpt>
            <trkpt lat="43.8522469" lon="19.7013617"><ele>749.0</ele></trkpt>
            <trkpt lat="43.8522836" lon="19.7014233"><ele>750.0</ele></trkpt>
            <trkpt lat="43.8523262" lon="19.7015601"><ele>751.0</ele></trkpt>
            <trkpt lat="43.8523706" lon="19.7017157"><ele>751.5</ele></trkpt>
            <trkpt lat="43.8524267" lon="19.7018605"><ele>751.8</ele></trkpt>
            <trkpt lat="43.8525660" lon="19.7020993"><ele>752.5</ele></trkpt>
            <trkpt lat="43.8526859" lon="19.7022200"><ele>754.8</ele></trkpt>
            <trkpt lat="43.8528793" lon="19.7023568"><ele>758.8</ele></trkpt>
            <trkpt lat="43.8530051" lon="19.7024935"><ele>760.8</ele></trkpt>
            <trkpt lat="43.8530921" lon="19.7026384"><ele>761.5</ele></trkpt>
            <trkpt lat="43.8531463" lon="19.7027403"><ele>762.0</ele></trkpt>
            <trkpt lat="43.8531985" lon="19.7028476"><ele>762.8</ele></trkpt>
            <trkpt lat="43.8532082" lon="19.7029495"><ele>762.8</ele></trkpt>
            <trkpt lat="43.8531946" lon="19.7030756"><ele>762.9</ele></trkpt>
            <trkpt lat="43.8531579" lon="19.7031829"><ele>762.9</ele></trkpt>
            <trkpt lat="43.8530960" lon="19.7032741"><ele>763.0</ele></trkpt>
            <trkpt lat="43.8529586" lon="19.7034672"><ele>763.2</ele></trkpt>
            <trkpt lat="43.8529025" lon="19.7036228"><ele>764.2</ele></trkpt>
            <trkpt lat="43.8528929" lon="19.7037059"><ele>765.0</ele></trkpt>
            <trkpt lat="43.8528871" lon="19.7038534"><ele>766.0</ele></trkpt>
            <trkpt lat="43.8529161" lon="19.7040331"><ele>766.5</ele></trkpt>
            <trkpt lat="43.8529335" lon="19.7041056"><ele>766.2</ele></trkpt>
            <trkpt lat="43.8530225" lon="19.7042665"><ele>765.0</ele></trkpt>
            <trkpt lat="43.8531095" lon="19.7043577"><ele>764.0</ele></trkpt>
            <trkpt lat="43.8532043" lon="19.7044113"><ele>763.5</ele></trkpt>
            <trkpt lat="43.8533010" lon="19.7043926"><ele>764.0</ele></trkpt>
            <trkpt lat="43.8536433" lon="19.7042397"><ele>765.5</ele></trkpt>
            <trkpt lat="43.8539586" lon="19.7040895"><ele>765.2</ele></trkpt>
            <trkpt lat="43.8541675" lon="19.7040439"><ele>763.0</ele></trkpt>
            <trkpt lat="43.8540824" lon="19.7041351"><ele>762.2</ele></trkpt>
            <trkpt lat="43.8539973" lon="19.7042155"><ele>761.5</ele></trkpt>
            <trkpt lat="43.8537942" lon="19.7043872"><ele>760.2</ele></trkpt>
            <trkpt lat="43.8537304" lon="19.7044435"><ele>760.0</ele></trkpt>
            <trkpt lat="43.8536685" lon="19.7045133"><ele>759.0</ele></trkpt>
            <trkpt lat="43.8536124" lon="19.7045857"><ele>757.8</ele></trkpt>
            <trkpt lat="43.8535563" lon="19.7046715"><ele>756.2</ele></trkpt>
            <trkpt lat="43.8533880" lon="19.7050738"><ele>747.0</ele></trkpt>
            <trkpt lat="43.8533377" lon="19.7051570"><ele>745.2</ele></trkpt>
            <trkpt lat="43.8532778" lon="19.7052160"><ele>744.0</ele></trkpt>
            <trkpt lat="43.8532159" lon="19.7052535"><ele>743.2</ele></trkpt>
            <trkpt lat="43.8531424" lon="19.7052750"><ele>742.5</ele></trkpt>
            <trkpt lat="43.8530670" lon="19.7052750"><ele>742.2</ele></trkpt>
            <trkpt lat="43.8529993" lon="19.7052562"><ele>742.8</ele></trkpt>
            <trkpt lat="43.8527710" lon="19.7051167"><ele>745.0</ele></trkpt>
            <trkpt lat="43.8527033" lon="19.7050738"><ele>746.2</ele></trkpt>
            <trkpt lat="43.8526105" lon="19.7050524"><ele>747.2</ele></trkpt>
            <trkpt lat="43.8525389" lon="19.7050604"><ele>747.5</ele></trkpt>
            <trkpt lat="43.8524480" lon="19.7050953"><ele>747.0</ele></trkpt>
            <trkpt lat="43.8523552" lon="19.7051704"><ele>746.5</ele></trkpt>
            <trkpt lat="43.8522565" lon="19.7052670"><ele>745.2</ele></trkpt>
            <trkpt lat="43.8518987" lon="19.7057390"><ele>737.0</ele></trkpt>
            <trkpt lat="43.8518117" lon="19.7058275"><ele>735.5</ele></trkpt>
            <trkpt lat="43.8517304" lon="19.7058839"><ele>734.5</ele></trkpt>
            <trkpt lat="43.8516318" lon="19.7059187"><ele>733.5</ele></trkpt>
            <trkpt lat="43.8514886" lon="19.7059509"><ele>732.0</ele></trkpt>
            <trkpt lat="43.8507381" lon="19.7061199"><ele>727.0</ele></trkpt>
            <trkpt lat="43.8505408" lon="19.7061574"><ele>724.8</ele></trkpt>
            <trkpt lat="43.8504596" lon="19.7061682"><ele>724.0</ele></trkpt>
            <trkpt lat="43.8503687" lon="19.7061655"><ele>723.5</ele></trkpt>
            <trkpt lat="43.8502855" lon="19.7061521"><ele>723.2</ele></trkpt>
            <trkpt lat="43.8500225" lon="19.7060958"><ele>724.2</ele></trkpt>
            <trkpt lat="43.8499296" lon="19.7060850"><ele>725.0</ele></trkpt>
            <trkpt lat="43.8498503" lon="19.7060958"><ele>725.5</ele></trkpt>
            <trkpt lat="43.8497671" lon="19.7061253"><ele>725.8</ele></trkpt>
            <trkpt lat="43.8496975" lon="19.7061709"><ele>725.5</ele></trkpt>
            <trkpt lat="43.8496395" lon="19.7062245"><ele>725.0</ele></trkpt>
            <trkpt lat="43.8492584" lon="19.7067502"><ele>711.0</ele></trkpt>
            <trkpt lat="43.8492004" lon="19.7068119"><ele>708.2</ele></trkpt>
            <trkpt lat="43.8491520" lon="19.7068468"><ele>706.0</ele></trkpt>
            <trkpt lat="43.8491694" lon="19.7068870"><ele>705.2</ele></trkpt>
            <trkpt lat="43.8491907" lon="19.7069246"><ele>704.8</ele></trkpt>
            <trkpt lat="43.8491970" lon="19.7069344"><ele>704.7</ele></trkpt>
            <trkpt lat="43.8491970" lon="19.7069344"><ele>704.7</ele></trkpt>
            <trkpt lat="43.8492371" lon="19.7069997"><ele>704.0</ele></trkpt>
            <trkpt lat="43.8492990" lon="19.7070587"><ele>703.6</ele></trkpt>
            <trkpt lat="43.8493358" lon="19.7071311"><ele>703.2</ele></trkpt>
            <trkpt lat="43.8493706" lon="19.7071767"><ele>703.0</ele></trkpt>
            <trkpt lat="43.8494441" lon="19.7072598"><ele>702.5</ele></trkpt>
            <trkpt lat="43.8495524" lon="19.7073671"><ele>701.8</ele></trkpt>
            <trkpt lat="43.8496066" lon="19.7074422"><ele>700.5</ele></trkpt>
            <trkpt lat="43.8496453" lon="19.7075871"><ele>698.0</ele></trkpt>
            <trkpt lat="43.8496685" lon="19.7077319"><ele>695.8</ele></trkpt>
            <trkpt lat="43.8496453" lon="19.7078392"><ele>694.0</ele></trkpt>
            <trkpt lat="43.8495602" lon="19.7079679"><ele>692.2</ele></trkpt>
            <trkpt lat="43.8494480" lon="19.7080484"><ele>690.5</ele></trkpt>
            <trkpt lat="43.8493899" lon="19.7081074"><ele>689.2</ele></trkpt>
            <trkpt lat="43.8493435" lon="19.7082040"><ele>687.2</ele></trkpt>
            <trkpt lat="43.8493048" lon="19.7082523"><ele>686.0</ele></trkpt>
            <trkpt lat="43.8493513" lon="19.7084454"><ele>683.5</ele></trkpt>
            <trkpt lat="43.8493590" lon="19.7086599"><ele>680.5</ele></trkpt>
            <trkpt lat="43.8493203" lon="19.7089067"><ele>676.0</ele></trkpt>
            <trkpt lat="43.8493065" lon="19.7091471"><ele>672.4</ele></trkpt>
            <trkpt lat="43.8493065" lon="19.7091471"><ele>672.4</ele></trkpt>
            <trkpt lat="43.8493048" lon="19.7091749"><ele>672.0</ele></trkpt>
            <trkpt lat="43.8492391" lon="19.7092232"><ele>670.5</ele></trkpt>
            <trkpt lat="43.8491191" lon="19.7092205"><ele>669.0</ele></trkpt>
            <trkpt lat="43.8488240" lon="19.7089620"><ele>669.0</ele></trkpt>
            <trkpt lat="43.8488240" lon="19.7089620"><ele>669.0</ele></trkpt>
            <trkpt lat="43.8488096" lon="19.7089496"><ele>669.2</ele></trkpt>
            <trkpt lat="43.8489064" lon="19.7093546"><ele>662.8</ele></trkpt>
            <trkpt lat="43.8489334" lon="19.7094592"><ele>661.0</ele></trkpt>
            <trkpt lat="43.8489702" lon="19.7095558"><ele>659.5</ele></trkpt>
            <trkpt lat="43.8490128" lon="19.7096363"><ele>658.0</ele></trkpt>
            <trkpt lat="43.8490572" lon="19.7097060"><ele>656.8</ele></trkpt>
            <trkpt lat="43.8491153" lon="19.7097757"><ele>655.5</ele></trkpt>
            <trkpt lat="43.8491714" lon="19.7098321"><ele>654.8</ele></trkpt>
            <trkpt lat="43.8492333" lon="19.7098750"><ele>654.2</ele></trkpt>
            <trkpt lat="43.8492971" lon="19.7099072"><ele>654.3</ele></trkpt>
            <trkpt lat="43.8493648" lon="19.7099259"><ele>654.4</ele></trkpt>
            <trkpt lat="43.8494847" lon="19.7099420"><ele>654.5</ele></trkpt>
            <trkpt lat="43.8495718" lon="19.7099340"><ele>655.2</ele></trkpt>
            <trkpt lat="43.8496433" lon="19.7099152"><ele>656.0</ele></trkpt>
            <trkpt lat="43.8498000" lon="19.7098804"><ele>657.0</ele></trkpt>
            <trkpt lat="43.8499064" lon="19.7098643"><ele>657.2</ele></trkpt>
            <trkpt lat="43.8500070" lon="19.7098589"><ele>657.0</ele></trkpt>
            <trkpt lat="43.8503474" lon="19.7098589"><ele>656.0</ele></trkpt>
            <trkpt lat="43.8505563" lon="19.7098723"><ele>654.5</ele></trkpt>
            <trkpt lat="43.8506569" lon="19.7098857"><ele>654.0</ele></trkpt>
            <trkpt lat="43.8507362" lon="19.7099072"><ele>653.5</ele></trkpt>
            <trkpt lat="43.8508155" lon="19.7099394"><ele>652.8</ele></trkpt>
            <trkpt lat="43.8508948" lon="19.7099796"><ele>651.5</ele></trkpt>
            <trkpt lat="43.8510534" lon="19.7100842"><ele>648.5</ele></trkpt>
            <trkpt lat="43.8511211" lon="19.7101271"><ele>647.8</ele></trkpt>
            <trkpt lat="43.8512643" lon="19.7101942"><ele>648.2</ele></trkpt>
            <trkpt lat="43.8513010" lon="19.7102264"><ele>648.0</ele></trkpt>
            <trkpt lat="43.8513358" lon="19.7102720"><ele>647.0</ele></trkpt>
            <trkpt lat="43.8513552" lon="19.7103176"><ele>645.8</ele></trkpt>
            <trkpt lat="43.8513648" lon="19.7103631"><ele>644.2</ele></trkpt>
            <trkpt lat="43.8513571" lon="19.7104061"><ele>642.2</ele></trkpt>
            <trkpt lat="43.8513416" lon="19.7104383"><ele>640.5</ele></trkpt>
            <trkpt lat="43.8513184" lon="19.7104597"><ele>638.8</ele></trkpt>
            <trkpt lat="43.8512933" lon="19.7104651"><ele>637.5</ele></trkpt>
            <trkpt lat="43.8512643" lon="19.7104597"><ele>636.8</ele></trkpt>
            <trkpt lat="43.8512352" lon="19.7104436"><ele>636.5</ele></trkpt>
            <trkpt lat="43.8510205" lon="19.7102585"><ele>639.5</ele></trkpt>
            <trkpt lat="43.8509683" lon="19.7102183"><ele>640.5</ele></trkpt>
            <trkpt lat="43.8509026" lon="19.7101727"><ele>641.8</ele></trkpt>
            <trkpt lat="43.8508233" lon="19.7101325"><ele>643.0</ele></trkpt>
            <trkpt lat="43.8507575" lon="19.7101164"><ele>643.5</ele></trkpt>
            <trkpt lat="43.8506782" lon="19.7101110"><ele>643.4</ele></trkpt>
            <trkpt lat="43.8504654" lon="19.7101352"><ele>643.0</ele></trkpt>
            <trkpt lat="43.8502720" lon="19.7101700"><ele>642.8</ele></trkpt>
            <trkpt lat="43.8501675" lon="19.7101969"><ele>642.5</ele></trkpt>
            <trkpt lat="43.8500708" lon="19.7102290"><ele>642.0</ele></trkpt>
            <trkpt lat="43.8498020" lon="19.7103336"><ele>639.8</ele></trkpt>
            <trkpt lat="43.8497323" lon="19.7103658"><ele>638.8</ele></trkpt>
            <trkpt lat="43.8496685" lon="19.7104034"><ele>637.5</ele></trkpt>
            <trkpt lat="43.8496182" lon="19.7104490"><ele>636.0</ele></trkpt>
            <trkpt lat="43.8495640" lon="19.7105107"><ele>634.2</ele></trkpt>
            <trkpt lat="43.8495234" lon="19.7105670"><ele>632.8</ele></trkpt>
            <trkpt lat="43.8494770" lon="19.7106475"><ele>631.0</ele></trkpt>
            <trkpt lat="43.8494325" lon="19.7107252"><ele>629.5</ele></trkpt>
            <trkpt lat="43.8493957" lon="19.7108030"><ele>628.2</ele></trkpt>
            <trkpt lat="43.8493590" lon="19.7108835"><ele>627.2</ele></trkpt>
            <trkpt lat="43.8493242" lon="19.7109747"><ele>626.2</ele></trkpt>
            <trkpt lat="43.8492855" lon="19.7110873"><ele>625.8</ele></trkpt>
            <trkpt lat="43.8492468" lon="19.7112215"><ele>625.2</ele></trkpt>
            <trkpt lat="43.8492197" lon="19.7113636"><ele>624.8</ele></trkpt>
            <trkpt lat="43.8492023" lon="19.7114977"><ele>624.5</ele></trkpt>
            <trkpt lat="43.8491926" lon="19.7116211"><ele>624.6</ele></trkpt>
            <trkpt lat="43.8491907" lon="19.7117311"><ele>624.8</ele></trkpt>
            <trkpt lat="43.8491946" lon="19.7118437"><ele>625.0</ele></trkpt>
            <trkpt lat="43.8492062" lon="19.7119644"><ele>625.2</ele></trkpt>
            <trkpt lat="43.8492275" lon="19.7120824"><ele>625.8</ele></trkpt>
            <trkpt lat="43.8492545" lon="19.7121897"><ele>626.2</ele></trkpt>
            <trkpt lat="43.8492855" lon="19.7122836"><ele>626.8</ele></trkpt>
            <trkpt lat="43.8493261" lon="19.7123802"><ele>627.2</ele></trkpt>
            <trkpt lat="43.8493706" lon="19.7124740"><ele>627.8</ele></trkpt>
            <trkpt lat="43.8494170" lon="19.7125652"><ele>628.2</ele></trkpt>
            <trkpt lat="43.8494712" lon="19.7126618"><ele>628.8</ele></trkpt>
            <trkpt lat="43.8495273" lon="19.7127503"><ele>629.2</ele></trkpt>
            <trkpt lat="43.8495853" lon="19.7128361"><ele>630.0</ele></trkpt>
            <trkpt lat="43.8496878" lon="19.7129703"><ele>631.0</ele></trkpt>
            <trkpt lat="43.8498716" lon="19.7131768"><ele>632.8</ele></trkpt>
            <trkpt lat="43.8498890" lon="19.7132090"><ele>633.0</ele></trkpt>
            <trkpt lat="43.8499006" lon="19.7132492"><ele>633.5</ele></trkpt>
            <trkpt lat="43.8499025" lon="19.7132841"><ele>634.0</ele></trkpt>
            <trkpt lat="43.8498987" lon="19.7133216"><ele>635.0</ele></trkpt>
            <trkpt lat="43.8499625" lon="19.7133350"><ele>634.8</ele></trkpt>
            <trkpt lat="43.8500263" lon="19.7133753"><ele>635.0</ele></trkpt>
            <trkpt lat="43.8501018" lon="19.7134879"><ele>636.0</ele></trkpt>
            <trkpt lat="43.8501675" lon="19.7136354"><ele>637.2</ele></trkpt>
            <trkpt lat="43.8502023" lon="19.7138044"><ele>639.0</ele></trkpt>
            <trkpt lat="43.8502275" lon="19.7140163"><ele>641.2</ele></trkpt>
            <trkpt lat="43.8502449" lon="19.7142282"><ele>643.2</ele></trkpt>
            <trkpt lat="43.8502817" lon="19.7145098"><ele>642.0</ele></trkpt>
            <trkpt lat="43.8503281" lon="19.7148129"><ele>636.2</ele></trkpt>
            <trkpt lat="43.8503358" lon="19.7150168"><ele>631.0</ele></trkpt>
            <trkpt lat="43.8502565" lon="19.7151804"><ele>628.5</ele></trkpt>
            <trkpt lat="43.8501772" lon="19.7152877"><ele>627.5</ele></trkpt>
            <trkpt lat="43.8500573" lon="19.7154111"><ele>627.0</ele></trkpt>
            <trkpt lat="43.8498136" lon="19.7156873"><ele>627.2</ele></trkpt>
            <trkpt lat="43.8496782" lon="19.7158697"><ele>627.8</ele></trkpt>
            <trkpt lat="43.8495756" lon="19.7160280"><ele>628.8</ele></trkpt>
            <trkpt lat="43.8495002" lon="19.7161889"><ele>629.0</ele></trkpt>
            <trkpt lat="43.8494983" lon="19.7162533"><ele>628.5</ele></trkpt>
            <trkpt lat="43.8495273" lon="19.7163177"><ele>627.0</ele></trkpt>
            <trkpt lat="43.8495834" lon="19.7163364"><ele>624.8</ele></trkpt>
            <trkpt lat="43.8496549" lon="19.7162881"><ele>622.2</ele></trkpt>
            <trkpt lat="43.8497942" lon="19.7161782"><ele>617.8</ele></trkpt>
            <trkpt lat="43.8500089" lon="19.7160092"><ele>612.8</ele></trkpt>
            <trkpt lat="43.8502391" lon="19.7159556"><ele>607.2</ele></trkpt>
            <trkpt lat="43.8503900" lon="19.7159716"><ele>603.8</ele></trkpt>
            <trkpt lat="43.8506182" lon="19.7160789"><ele>599.0</ele></trkpt>
            <trkpt lat="43.8507362" lon="19.7161889"><ele>596.0</ele></trkpt>
            <trkpt lat="43.8507807" lon="19.7162506"><ele>594.5</ele></trkpt>
            <trkpt lat="43.8507923" lon="19.7163525"><ele>592.5</ele></trkpt>
            <trkpt lat="43.8507807" lon="19.7164035"><ele>591.8</ele></trkpt>
            <trkpt lat="43.8507362" lon="19.7164276"><ele>591.9</ele></trkpt>
            <trkpt lat="43.8506724" lon="19.7164437"><ele>592.0</ele></trkpt>
            <trkpt lat="43.8505563" lon="19.7164813"><ele>592.8</ele></trkpt>
            <trkpt lat="43.8504712" lon="19.7165108"><ele>593.8</ele></trkpt>
            <trkpt lat="43.8504190" lon="19.7165805"><ele>594.2</ele></trkpt>
            <trkpt lat="43.8503029" lon="19.7167280"><ele>595.2</ele></trkpt>
            <trkpt lat="43.8501443" lon="19.7170150"><ele>599.2</ele></trkpt>
            <trkpt lat="43.8500824" lon="19.7172859"><ele>602.2</ele></trkpt>
            <trkpt lat="43.8500534" lon="19.7175729"><ele>606.5</ele></trkpt>
            <trkpt lat="43.8500650" lon="19.7177446"><ele>608.5</ele></trkpt>
            <trkpt lat="43.8501018" lon="19.7178707"><ele>607.4</ele></trkpt>
            <trkpt lat="43.8501346" lon="19.7178948"><ele>607.0</ele></trkpt>
            <trkpt lat="43.8501888" lon="19.7178733"><ele>603.5</ele></trkpt>
            <trkpt lat="43.8502275" lon="19.7177982"><ele>599.8</ele></trkpt>
            <trkpt lat="43.8502642" lon="19.7176936"><ele>596.0</ele></trkpt>
            <trkpt lat="43.8503513" lon="19.7175944"><ele>590.8</ele></trkpt>
            <trkpt lat="43.8504383" lon="19.7175783"><ele>587.0</ele></trkpt>
            <trkpt lat="43.8505350" lon="19.7175810"><ele>583.5</ele></trkpt>
            <trkpt lat="43.8506337" lon="19.7176212"><ele>580.8</ele></trkpt>
            <trkpt lat="43.8507033" lon="19.7175971"><ele>579.0</ele></trkpt>
            <trkpt lat="43.8507265" lon="19.7175783"><ele>578.5</ele></trkpt>
            <trkpt lat="43.8507614" lon="19.7175515"><ele>578.0</ele></trkpt>
            <trkpt lat="43.8508291" lon="19.7174764"><ele>577.2</ele></trkpt>
            <trkpt lat="43.8508929" lon="19.7174361"><ele>576.8</ele></trkpt>
            <trkpt lat="43.8509374" lon="19.7174281"><ele>576.2</ele></trkpt>
            <trkpt lat="43.8510128" lon="19.7174710"><ele>575.5</ele></trkpt>
            <trkpt lat="43.8510631" lon="19.7175220"><ele>575.0</ele></trkpt>
            <trkpt lat="43.8511231" lon="19.7175810"><ele>574.5</ele></trkpt>
            <trkpt lat="43.8511927" lon="19.7176373"><ele>574.5</ele></trkpt>
            <trkpt lat="43.8512663" lon="19.7176749"><ele>574.5</ele></trkpt>
            <trkpt lat="43.8512663" lon="19.7176749"><ele>573.8</ele></trkpt>
            <trkpt lat="43.8513029" lon="19.7176936"><ele>573.0</ele></trkpt>
            <trkpt lat="43.8514867" lon="19.7177634"><ele>572.2</ele></trkpt>
            <trkpt lat="43.8514790" lon="19.7179028"><ele>572.5</ele></trkpt>
            <trkpt lat="43.8514712" lon="19.7181228"><ele>573.0</ele></trkpt>
            <trkpt lat="43.8514732" lon="19.7183213"><ele>574.0</ele></trkpt>
            <trkpt lat="43.8515080" lon="19.7185761"><ele>576.0</ele></trkpt>
            <trkpt lat="43.8516221" lon="19.7191259"><ele>578.0</ele></trkpt>
            <trkpt lat="43.8516530" lon="19.7193888"><ele>577.2</ele></trkpt>
            <trkpt lat="43.8516472" lon="19.7196624"><ele>575.0</ele></trkpt>
            <trkpt lat="43.8515892" lon="19.7199628"><ele>572.8</ele></trkpt>
            <trkpt lat="43.8515002" lon="19.7202176"><ele>572.0</ele></trkpt>
            <trkpt lat="43.8513726" lon="19.7204483"><ele>573.2</ele></trkpt>
            <trkpt lat="43.8511811" lon="19.7207138"><ele>575.2</ele></trkpt>
            <trkpt lat="43.8504422" lon="19.7214407"><ele>568.2</ele></trkpt>
            <trkpt lat="43.8501598" lon="19.7218215"><ele>565.5</ele></trkpt>
            <trkpt lat="43.8498348" lon="19.7223821"><ele>563.8</ele></trkpt>
            <trkpt lat="43.8492990" lon="19.7234684"><ele>561.0</ele></trkpt>
            <trkpt lat="43.8492333" lon="19.7236589"><ele>560.0</ele></trkpt>
            <trkpt lat="43.8491868" lon="19.7238654"><ele>559.5</ele></trkpt>
            <trkpt lat="43.8491733" lon="19.7240639"><ele>559.4</ele></trkpt>
            <trkpt lat="43.8491772" lon="19.7242811"><ele>559.3</ele></trkpt>
            <trkpt lat="43.8492062" lon="19.7245306"><ele>559.2</ele></trkpt>
            <trkpt lat="43.8492642" lon="19.7247317"><ele>559.1</ele></trkpt>
            <trkpt lat="43.8493358" lon="19.7249249"><ele>559.0</ele></trkpt>
            <trkpt lat="43.8494383" lon="19.7251341"><ele>559.2</ele></trkpt>
            <trkpt lat="43.8495079" lon="19.7252601"><ele>559.2</ele></trkpt>
            <trkpt lat="43.8495814" lon="19.7253701"><ele>559.0</ele></trkpt>
            <trkpt lat="43.8495544" lon="19.7253996"><ele>559.0</ele></trkpt>
            <trkpt lat="43.8495060" lon="19.7254747"><ele>559.0</ele></trkpt>
            <trkpt lat="43.8494867" lon="19.7255686"><ele>559.2</ele></trkpt>
            <trkpt lat="43.8495060" lon="19.7258931"><ele>560.0</ele></trkpt>
            <trkpt lat="43.8495099" lon="19.7259897"><ele>560.0</ele></trkpt>
            <trkpt lat="43.8495157" lon="19.7261345"><ele>561.0</ele></trkpt>
            <trkpt lat="43.8495368" lon="19.7262613"><ele>561.9</ele></trkpt>
            <trkpt lat="43.8495368" lon="19.7262613"><ele>561.9</ele></trkpt>
            <trkpt lat="43.8495389" lon="19.7262740"><ele>561.8</ele></trkpt>
            <trkpt lat="43.8497729" lon="19.7264323"><ele>558.2</ele></trkpt>
            <trkpt lat="43.8499954" lon="19.7266120"><ele>556.8</ele></trkpt>
            <trkpt lat="43.8500986" lon="19.7267152"><ele>556.0</ele></trkpt>
            <trkpt lat="43.8500986" lon="19.7267152"><ele>556.0</ele></trkpt>
            <trkpt lat="43.8500998" lon="19.7267166"><ele>556.0</ele></trkpt>
            <trkpt lat="43.8501405" lon="19.7269017"><ele>556.1</ele></trkpt>
            <trkpt lat="43.8502159" lon="19.7271377"><ele>556.3</ele></trkpt>
            <trkpt lat="43.8502681" lon="19.7274300"><ele>556.5</ele></trkpt>
            <trkpt lat="43.8502410" lon="19.7277090"><ele>557.5</ele></trkpt>
            <trkpt lat="43.8502062" lon="19.7279021"><ele>557.8</ele></trkpt>
            <trkpt lat="43.8502043" lon="19.7280148"><ele>557.8</ele></trkpt>
            <trkpt lat="43.8502291" lon="19.7281346"><ele>557.8</ele></trkpt>
            <trkpt lat="43.8502291" lon="19.7281346"><ele>557.9</ele></trkpt>
            <trkpt lat="43.8502468" lon="19.7282213"><ele>558.0</ele></trkpt>
            <trkpt lat="43.8502681" lon="19.7284251"><ele>558.2</ele></trkpt>
            <trkpt lat="43.8502971" lon="19.7286156"><ele>558.5</ele></trkpt>
            <trkpt lat="43.8503648" lon="19.7287631"><ele>559.2</ele></trkpt>
            <trkpt lat="43.8503552" lon="19.7289670"><ele>560.5</ele></trkpt>
            <trkpt lat="43.8503571" lon="19.7293425"><ele>562.8</ele></trkpt>
            <trkpt lat="43.8503764" lon="19.7298789"><ele>565.5</ele></trkpt>
            <trkpt lat="43.8503629" lon="19.7300881"><ele>566.0</ele></trkpt>
            <trkpt lat="43.8503377" lon="19.7302115"><ele>566.0</ele></trkpt>
            <trkpt lat="43.8503513" lon="19.7303832"><ele>566.0</ele></trkpt>
            <trkpt lat="43.8503552" lon="19.7305012"><ele>566.0</ele></trkpt>
            <trkpt lat="43.8503277" lon="19.7305334"><ele>566.2</ele></trkpt>
            <trkpt lat="43.8503277" lon="19.7305334"><ele>566.2</ele></trkpt>
            <trkpt lat="43.8503552" lon="19.7305012"><ele>566.0</ele></trkpt>
            <trkpt lat="43.8505544" lon="19.7304448"><ele>565.2</ele></trkpt>
            <trkpt lat="43.8507091" lon="19.7304341"><ele>566.5</ele></trkpt>
            <trkpt lat="43.8510380" lon="19.7301123"><ele>568.2</ele></trkpt>
            <trkpt lat="43.8512062" lon="19.7299567"><ele>572.0</ele></trkpt>
            <trkpt lat="43.8513436" lon="19.7297904"><ele>575.5</ele></trkpt>
            <trkpt lat="43.8514074" lon="19.7296911"><ele>577.5</ele></trkpt>
            <trkpt lat="43.8514538" lon="19.7296911"><ele>579.0</ele></trkpt>
            <trkpt lat="43.8515370" lon="19.7297662"><ele>580.8</ele></trkpt>
            <trkpt lat="43.8516453" lon="19.7300988"><ele>584.2</ele></trkpt>
            <trkpt lat="43.8517072" lon="19.7303617"><ele>587.8</ele></trkpt>
            <trkpt lat="43.8517227" lon="19.7306326"><ele>591.2</ele></trkpt>
            <trkpt lat="43.8516530" lon="19.7310591"><ele>597.0</ele></trkpt>
            <trkpt lat="43.8515138" lon="19.7314399"><ele>602.8</ele></trkpt>
            <trkpt lat="43.8513726" lon="19.7317672"><ele>608.8</ele></trkpt>
            <trkpt lat="43.8512333" lon="19.7320729"><ele>615.0</ele></trkpt>
            <trkpt lat="43.8510902" lon="19.7322795"><ele>621.0</ele></trkpt>
            <trkpt lat="43.8509761" lon="19.7324270"><ele>626.0</ele></trkpt>
            <trkpt lat="43.8509490" lon="19.7324806"><ele>628.0</ele></trkpt>
            <trkpt lat="43.8509620" lon="19.7324966"><ele>628.2</ele></trkpt>
            <trkpt lat="43.8509620" lon="19.7324966"><ele>628.2</ele></trkpt>
            <trkpt lat="43.8509490" lon="19.7324806"><ele>628.0</ele></trkpt>
            <trkpt lat="43.8507652" lon="19.7328186"><ele>639.2</ele></trkpt>
            <trkpt lat="43.8507014" lon="19.7332451"><ele>643.0</ele></trkpt>
            <trkpt lat="43.8505938" lon="19.7334570"><ele>641.0</ele></trkpt>
            <trkpt lat="43.8505938" lon="19.7334570"><ele>641.0</ele></trkpt>
            <trkpt lat="43.8507014" lon="19.7332451"><ele>643.0</ele></trkpt>
            <trkpt lat="43.8507652" lon="19.7328186"><ele>639.2</ele></trkpt>
            <trkpt lat="43.8509490" lon="19.7324806"><ele>628.0</ele></trkpt>
            <trkpt lat="43.8509761" lon="19.7324270"><ele>626.0</ele></trkpt>
            <trkpt lat="43.8510902" lon="19.7322795"><ele>621.0</ele></trkpt>
            <trkpt lat="43.8512333" lon="19.7320729"><ele>615.0</ele></trkpt>
            <trkpt lat="43.8513726" lon="19.7317672"><ele>608.8</ele></trkpt>
            <trkpt lat="43.8515138" lon="19.7314399"><ele>602.8</ele></trkpt>
            <trkpt lat="43.8516530" lon="19.7310591"><ele>597.0</ele></trkpt>
            <trkpt lat="43.8517227" lon="19.7306326"><ele>591.2</ele></trkpt>
            <trkpt lat="43.8517072" lon="19.7303617"><ele>587.8</ele></trkpt>
            <trkpt lat="43.8516453" lon="19.7300988"><ele>584.2</ele></trkpt>
            <trkpt lat="43.8515370" lon="19.7297662"><ele>580.8</ele></trkpt>
            <trkpt lat="43.8514538" lon="19.7296911"><ele>579.0</ele></trkpt>
            <trkpt lat="43.8514074" lon="19.7296911"><ele>577.5</ele></trkpt>
            <trkpt lat="43.8513436" lon="19.7297904"><ele>575.5</ele></trkpt>
            <trkpt lat="43.8512062" lon="19.7299567"><ele>572.0</ele></trkpt>
            <trkpt lat="43.8510380" lon="19.7301123"><ele>568.2</ele></trkpt>
            <trkpt lat="43.8507091" lon="19.7304341"><ele>566.5</ele></trkpt>
            <trkpt lat="43.8505544" lon="19.7304448"><ele>565.2</ele></trkpt>
            <trkpt lat="43.8503552" lon="19.7305012"><ele>566.0</ele></trkpt>
            <trkpt lat="43.8501327" lon="19.7307613"><ele>568.8</ele></trkpt>
            <trkpt lat="43.8500012" lon="19.7309169"><ele>569.0</ele></trkpt>
            <trkpt lat="43.8498406" lon="19.7310644"><ele>568.2</ele></trkpt>
            <trkpt lat="43.8496530" lon="19.7312093"><ele>567.8</ele></trkpt>
            <trkpt lat="43.8494731" lon="19.7312817"><ele>567.5</ele></trkpt>
            <trkpt lat="43.8492836" lon="19.7313488"><ele>568.0</ele></trkpt>
            <trkpt lat="43.8489818" lon="19.7313944"><ele>568.8</ele></trkpt>
            <trkpt lat="43.8487052" lon="19.7314990"><ele>573.2</ele></trkpt>
            <trkpt lat="43.8486104" lon="19.7315687"><ele>573.2</ele></trkpt>
            <trkpt lat="43.8484150" lon="19.7316840"><ele>573.2</ele></trkpt>
            <trkpt lat="43.8482642" lon="19.7318020"><ele>573.2</ele></trkpt>
            <trkpt lat="43.8482544" lon="19.7318101"><ele>573.2</ele></trkpt>
            <trkpt lat="43.8482544" lon="19.7318101"><ele>572.4</ele></trkpt>
            <trkpt lat="43.8481636" lon="19.7318852"><ele>571.6</ele></trkpt>
            <trkpt lat="43.8480707" lon="19.7320166"><ele>570.8</ele></trkpt>
            <trkpt lat="43.8479934" lon="19.7321427"><ele>570.0</ele></trkpt>
            <trkpt lat="43.8479237" lon="19.7323331"><ele>569.2</ele></trkpt>
            <trkpt lat="43.8478696" lon="19.7325397"><ele>568.4</ele></trkpt>
            <trkpt lat="43.8478483" lon="19.7327811"><ele>567.6</ele></trkpt>
            <trkpt lat="43.8478367" lon="19.7329581"><ele>566.8</ele></trkpt>
            <trkpt lat="43.8478328" lon="19.7331190"><ele>566.0</ele></trkpt>
            <trkpt lat="43.8478309" lon="19.7334811"><ele>565.5</ele></trkpt>
            <trkpt lat="43.8478309" lon="19.7338083"><ele>565.0</ele></trkpt>
            <trkpt lat="43.8478115" lon="19.7340792"><ele>565.2</ele></trkpt>
            <trkpt lat="43.8477806" lon="19.7343341"><ele>567.0</ele></trkpt>
            <trkpt lat="43.8477051" lon="19.7348383"><ele>568.8</ele></trkpt>
            <trkpt lat="43.8476761" lon="19.7350127"><ele>569.8</ele></trkpt>
            <trkpt lat="43.8476587" lon="19.7351977"><ele>570.0</ele></trkpt>
            <trkpt lat="43.8476529" lon="19.7353962"><ele>569.5</ele></trkpt>
            <trkpt lat="43.8476606" lon="19.7355974"><ele>568.2</ele></trkpt>
            <trkpt lat="43.8476897" lon="19.7358897"><ele>565.2</ele></trkpt>
            <trkpt lat="43.8477090" lon="19.7361070"><ele>562.2</ele></trkpt>
            <trkpt lat="43.8477612" lon="19.7366086"><ele>556.2</ele></trkpt>
            <trkpt lat="43.8477844" lon="19.7371101"><ele>556.2</ele></trkpt>
            <trkpt lat="43.8477883" lon="19.7372362"><ele>553.0</ele></trkpt>
            <trkpt lat="43.8477825" lon="19.7373837"><ele>552.2</ele></trkpt>
            <trkpt lat="43.8477612" lon="19.7375286"><ele>551.8</ele></trkpt>
            <trkpt lat="43.8477264" lon="19.7377324"><ele>551.2</ele></trkpt>
            <trkpt lat="43.8476781" lon="19.7379148"><ele>551.3</ele></trkpt>
            <trkpt lat="43.8475504" lon="19.7382823"><ele>551.5</ele></trkpt>
            <trkpt lat="43.8473492" lon="19.7387731"><ele>550.0</ele></trkpt>
            <trkpt lat="43.8472273" lon="19.7389957"><ele>550.2</ele></trkpt>
            <trkpt lat="43.8471442" lon="19.7391272"><ele>550.8</ele></trkpt>
            <trkpt lat="43.8470358" lon="19.7392398"><ele>551.2</ele></trkpt>
            <trkpt lat="43.8469159" lon="19.7393391"><ele>551.8</ele></trkpt>
            <trkpt lat="43.8467998" lon="19.7394195"><ele>551.4</ele></trkpt>
            <trkpt lat="43.8465929" lon="19.7395080"><ele>550.8</ele></trkpt>
            <trkpt lat="43.8464420" lon="19.7395429"><ele>550.0</ele></trkpt>
            <trkpt lat="43.8462814" lon="19.7396046"><ele>549.8</ele></trkpt>
            <trkpt lat="43.8461402" lon="19.7396609"><ele>550.0</ele></trkpt>
            <trkpt lat="43.8458094" lon="19.7397012"><ele>549.5</ele></trkpt>
            <trkpt lat="43.8456914" lon="19.7397065"><ele>549.2</ele></trkpt>
            <trkpt lat="43.8455889" lon="19.7396851"><ele>548.5</ele></trkpt>
            <trkpt lat="43.8454902" lon="19.7396797"><ele>548.0</ele></trkpt>
            <trkpt lat="43.8453877" lon="19.7396851"><ele>547.5</ele></trkpt>
            <trkpt lat="43.8451943" lon="19.7397333"><ele>546.2</ele></trkpt>
            <trkpt lat="43.8449931" lon="19.7397870"><ele>544.5</ele></trkpt>
            <trkpt lat="43.8448287" lon="19.7398648"><ele>543.5</ele></trkpt>
            <trkpt lat="43.8447242" lon="19.7399399"><ele>543.2</ele></trkpt>
            <trkpt lat="43.8446449" lon="19.7399774"><ele>542.8</ele></trkpt>
            <trkpt lat="43.8444901" lon="19.7400552"><ele>541.8</ele></trkpt>
            <trkpt lat="43.8443354" lon="19.7401652"><ele>541.2</ele></trkpt>
            <trkpt lat="43.8441187" lon="19.7403663"><ele>540.5</ele></trkpt>
            <trkpt lat="43.8440375" lon="19.7404656"><ele>540.2</ele></trkpt>
            <trkpt lat="43.8439291" lon="19.7405568"><ele>539.8</ele></trkpt>
            <trkpt lat="43.8437512" lon="19.7407579"><ele>539.2</ele></trkpt>
            <trkpt lat="43.8436254" lon="19.7408518"><ele>539.0</ele></trkpt>
            <trkpt lat="43.8435171" lon="19.7409511"><ele>538.9</ele></trkpt>
            <trkpt lat="43.8432695" lon="19.7412086"><ele>538.5</ele></trkpt>
            <trkpt lat="43.8431457" lon="19.7413427"><ele>538.4</ele></trkpt>
            <trkpt lat="43.8430141" lon="19.7414553"><ele>538.2</ele></trkpt>
            <trkpt lat="43.8426504" lon="19.7418308"><ele>537.5</ele></trkpt>
            <trkpt lat="43.8419521" lon="19.7426730"><ele>536.0</ele></trkpt>
            <trkpt lat="43.8417238" lon="19.7429761"><ele>535.8</ele></trkpt>
            <trkpt lat="43.8416483" lon="19.7430378"><ele>535.5</ele></trkpt>
            <trkpt lat="43.8414181" lon="19.7433221"><ele>536.4</ele></trkpt>
            <trkpt lat="43.8410776" lon="19.7437996"><ele>537.8</ele></trkpt>
            <trkpt lat="43.8409441" lon="19.7440571"><ele>537.8</ele></trkpt>
            <trkpt lat="43.8408339" lon="19.7443280"><ele>537.8</ele></trkpt>
            <trkpt lat="43.8407313" lon="19.7446632"><ele>537.8</ele></trkpt>
            <trkpt lat="43.8407296" lon="19.7450320"><ele>537.8</ele></trkpt>
            <trkpt lat="43.8407296" lon="19.7450320"><ele>538.8</ele></trkpt>
            <trkpt lat="43.8407294" lon="19.7450843"><ele>539.9</ele></trkpt>
            <trkpt lat="43.8407932" lon="19.7454572"><ele>540.9</ele></trkpt>
            <trkpt lat="43.8409345" lon="19.7457924"><ele>541.9</ele></trkpt>
            <trkpt lat="43.8411492" lon="19.7460419"><ele>543.0</ele></trkpt>
            <trkpt lat="43.8414452" lon="19.7461787"><ele>544.0</ele></trkpt>
            <trkpt lat="43.8415922" lon="19.7462484"><ele>540.0</ele></trkpt>
            <trkpt lat="43.8417393" lon="19.7463182"><ele>537.0</ele></trkpt>
            <trkpt lat="43.8419791" lon="19.7465032"><ele>532.2</ele></trkpt>
            <trkpt lat="43.8421591" lon="19.7468090"><ele>531.0</ele></trkpt>
            <trkpt lat="43.8422486" lon="19.7470789"><ele>531.2</ele></trkpt>
            <trkpt lat="43.8422486" lon="19.7470789"><ele>531.2</ele></trkpt>
            <trkpt lat="43.8422693" lon="19.7471416"><ele>531.2</ele></trkpt>
            <trkpt lat="43.8423196" lon="19.7476485"><ele>531.9</ele></trkpt>
            <trkpt lat="43.8423332" lon="19.7477397"><ele>532.1</ele></trkpt>
            <trkpt lat="43.8423815" lon="19.7482628"><ele>532.8</ele></trkpt>
            <trkpt lat="43.8424899" lon="19.7488528"><ele>532.0</ele></trkpt>
            <trkpt lat="43.8425750" lon="19.7490916"><ele>531.5</ele></trkpt>
            <trkpt lat="43.8426640" lon="19.7492713"><ele>531.0</ele></trkpt>
            <trkpt lat="43.8428013" lon="19.7495583"><ele>530.2</ele></trkpt>
            <trkpt lat="43.8431611" lon="19.7503951"><ele>528.2</ele></trkpt>
            <trkpt lat="43.8436951" lon="19.7516397"><ele>527.8</ele></trkpt>
            <trkpt lat="43.8437802" lon="19.7518355"><ele>527.0</ele></trkpt>
            <trkpt lat="43.8441071" lon="19.7525436"><ele>526.0</ele></trkpt>
            <trkpt lat="43.8443064" lon="19.7527447"><ele>526.5</ele></trkpt>
            <trkpt lat="43.8444998" lon="19.7528520"><ele>527.8</ele></trkpt>
            <trkpt lat="43.8450569" lon="19.7531819"><ele>532.8</ele></trkpt>
            <trkpt lat="43.8454129" lon="19.7534046"><ele>533.2</ele></trkpt>
            <trkpt lat="43.8455870" lon="19.7535789"><ele>531.0</ele></trkpt>
            <trkpt lat="43.8457262" lon="19.7537962"><ele>528.0</ele></trkpt>
            <trkpt lat="43.8458887" lon="19.7541904"><ele>525.8</ele></trkpt>
            <trkpt lat="43.8459468" lon="19.7544640"><ele>526.0</ele></trkpt>
            <trkpt lat="43.8459584" lon="19.7547162"><ele>525.5</ele></trkpt>
            <trkpt lat="43.8459294" lon="19.7550488"><ele>524.5</ele></trkpt>
            <trkpt lat="43.8458636" lon="19.7553170"><ele>523.5</ele></trkpt>
            <trkpt lat="43.8457379" lon="19.7555825"><ele>523.0</ele></trkpt>
            <trkpt lat="43.8455928" lon="19.7558293"><ele>523.0</ele></trkpt>
            <trkpt lat="43.8454361" lon="19.7562370"><ele>523.0</ele></trkpt>
            <trkpt lat="43.8453897" lon="19.7565883"><ele>523.0</ele></trkpt>
            <trkpt lat="43.8453839" lon="19.7567627"><ele>523.0</ele></trkpt>
            <trkpt lat="43.8454651" lon="19.7573394"><ele>524.8</ele></trkpt>
            <trkpt lat="43.8454748" lon="19.7577524"><ele>527.2</ele></trkpt>
            <trkpt lat="43.8454690" lon="19.7584981"><ele>525.2</ele></trkpt>
            <trkpt lat="43.8454844" lon="19.7589219"><ele>521.2</ele></trkpt>
            <trkpt lat="43.8456295" lon="19.7598097"><ele>520.0</ele></trkpt>
            <trkpt lat="43.8456469" lon="19.7603998"><ele>522.2</ele></trkpt>
            <trkpt lat="43.8456024" lon="19.7607645"><ele>523.2</ele></trkpt>
            <trkpt lat="43.8453355" lon="19.7618562"><ele>518.0</ele></trkpt>
            <trkpt lat="43.8453007" lon="19.7622398"><ele>517.7</ele></trkpt>
            <trkpt lat="43.8452949" lon="19.7625268"><ele>517.5</ele></trkpt>
            <trkpt lat="43.8453065" lon="19.7628406"><ele>517.0</ele></trkpt>
            <trkpt lat="43.8453181" lon="19.7631195"><ele>516.9</ele></trkpt>
            <trkpt lat="43.8453181" lon="19.7633448"><ele>516.8</ele></trkpt>
            <trkpt lat="43.8453161" lon="19.7635674"><ele>516.0</ele></trkpt>
            <trkpt lat="43.8453123" lon="19.7637150"><ele>515.2</ele></trkpt>
            <trkpt lat="43.8452987" lon="19.7638169"><ele>514.8</ele></trkpt>
            <trkpt lat="43.8452736" lon="19.7639295"><ele>514.2</ele></trkpt>
            <trkpt lat="43.8452562" lon="19.7640127"><ele>514.0</ele></trkpt>
            <trkpt lat="43.8452407" lon="19.7640851"><ele>514.1</ele></trkpt>
            <trkpt lat="43.8451885" lon="19.7642782"><ele>514.5</ele></trkpt>
            <trkpt lat="43.8450801" lon="19.7645545"><ele>514.8</ele></trkpt>
            <trkpt lat="43.8450531" lon="19.7646296"><ele>515.0</ele></trkpt>
            <trkpt lat="43.8450473" lon="19.7646457"><ele>515.0</ele></trkpt>
            <trkpt lat="43.8450202" lon="19.7648683"><ele>514.8</ele></trkpt>
            <trkpt lat="43.8450357" lon="19.7650936"><ele>512.5</ele></trkpt>
            <trkpt lat="43.8451595" lon="19.7656354"><ele>510.2</ele></trkpt>
            <trkpt lat="43.8452175" lon="19.7658285"><ele>510.1</ele></trkpt>
            <trkpt lat="43.8452426" lon="19.7659063"><ele>510.0</ele></trkpt>
            <trkpt lat="43.8451092" lon="19.7657722"><ele>509.5</ele></trkpt>
            <trkpt lat="43.8450279" lon="19.7657213"><ele>509.8</ele></trkpt>
            <trkpt lat="43.8449641" lon="19.7656810"><ele>510.0</ele></trkpt>
            <trkpt lat="43.8449873" lon="19.7657695"><ele>509.0</ele></trkpt>
        </trkseg>
    </trk>
</gpx>
