{"type":"FeatureCollection","features":[{"type":"Feature","properties":{"kind":"station","name":"Раковица","major":false},"geometry":{"type":"Point","coordinates":[20.44304,44.74665]}},{"type":"Feature","properties":{"kind":"station","name":"Дражањ-Шепшин","major":false},"geometry":{"type":"Point","coordinates":[20.68902,44.57113]}},{"type":"Feature","properties":{"kind":"station","name":"Рипањ","major":true},"geometry":{"type":"Point","coordinates":[20.50655,44.66265]}},{"type":"Feature","properties":{"kind":"station","name":"Раља","major":false},"geometry":{"type":"Point","coordinates":[20.56098,44.56834]}},{"type":"Feature","properties":{"kind":"station","name":"Земун","major":false},"geometry":{"type":"Point","coordinates":[20.37168,44.8366]}},{"type":"Feature","properties":{"kind":"station","name":"Земун","major":false},"geometry":{"type":"Point","coordinates":[20.37166,44.83655]}},{"type":"Feature","properties":{"kind":"station","name":"Земун","major":false},"geometry":{"type":"Point","coordinates":[20.37183,44.83689]}},{"type":"Feature","properties":{"kind":"station","name":"Сомбор","major":false},"geometry":{"type":"Point","coordinates":[19.11407,45.786]}},{"type":"Feature","properties":{"kind":"station","name":"Буковачки салаши","major":true},"geometry":{"type":"Point","coordinates":[19.07352,45.74058]}},{"type":"Feature","properties":{"kind":"station","name":"Пригревица","major":false},"geometry":{"type":"Point","coordinates":[19.09733,45.67588]}},{"type":"Feature","properties":{"kind":"station","name":"Чонопља","major":false},"geometry":{"type":"Point","coordinates":[19.24802,45.79773]}},{"type":"Feature","properties":{"kind":"station","name":"Сивац","major":true},"geometry":{"type":"Point","coordinates":[19.37799,45.69313]}},{"type":"Feature","properties":{"kind":"station","name":"Кула","major":true},"geometry":{"type":"Point","coordinates":[19.51523,45.60445]}},{"type":"Feature","properties":{"kind":"station","name":"Бајмок","major":false},"geometry":{"type":"Point","coordinates":[19.41309,45.97684]}},{"type":"Feature","properties":{"kind":"station","name":"Ратково","major":false},"geometry":{"type":"Point","coordinates":[19.32695,45.44817]}},{"type":"Feature","properties":{"kind":"station","name":"Параге","major":false},"geometry":{"type":"Point","coordinates":[19.38284,45.40812]}},{"type":"Feature","properties":{"kind":"station","name":"Гајдобра","major":false},"geometry":{"type":"Point","coordinates":[19.45626,45.35652]}},{"type":"Feature","properties":{"kind":"station","name":"Бачки Маглић","major":true},"geometry":{"type":"Point","coordinates":[19.53645,45.3517]}},{"type":"Feature","properties":{"kind":"station","name":"Футог","major":false},"geometry":{"type":"Point","coordinates":[19.70081,45.25473]}},{"type":"Feature","properties":{"kind":"station","name":"Сонта","major":true},"geometry":{"type":"Point","coordinates":[19.11061,45.59945]}},{"type":"Feature","properties":{"kind":"station","name":"Богојево","major":true},"geometry":{"type":"Point","coordinates":[19.1039,45.54475]}},{"type":"Feature","properties":{"kind":"station","name":"Богојево Село","major":false},"geometry":{"type":"Point","coordinates":[19.13796,45.53287]}},{"type":"Feature","properties":{"kind":"station","name":"Каравуково","major":false},"geometry":{"type":"Point","coordinates":[19.20849,45.50178]}},{"type":"Feature","properties":{"kind":"station","name":"Оџаци Калварија","major":true},"geometry":{"type":"Point","coordinates":[19.25509,45.51066]}},{"type":"Feature","properties":{"kind":"station","name":"Пријепоље","major":false},"geometry":{"type":"Point","coordinates":[19.63997,43.39285]}},{"type":"Feature","properties":{"kind":"station","name":"Прибој","major":false},"geometry":{"type":"Point","coordinates":[19.52493,43.58185]}},{"type":"Feature","properties":{"kind":"station","name":"Степојевац","major":false},"geometry":{"type":"Point","coordinates":[20.31032,44.49669]}},{"type":"Feature","properties":{"kind":"station","name":"Барајево центар","major":false},"geometry":{"type":"Point","coordinates":[20.41212,44.57728]}},{"type":"Feature","properties":{"kind":"station","name":"Вреоци","major":true},"geometry":{"type":"Point","coordinates":[20.27945,44.44898]}},{"type":"Feature","properties":{"kind":"station","name":"Лазаревац","major":true},"geometry":{"type":"Point","coordinates":[20.24543,44.38488]}},{"type":"Feature","properties":{"kind":"station","name":"Рума","major":true},"geometry":{"type":"Point","coordinates":[19.82699,44.98938]}},{"type":"Feature","properties":{"kind":"station","name":"Ужице","major":true},"geometry":{"type":"Point","coordinates":[19.83969,43.85345]}},{"type":"Feature","properties":{"kind":"station","name":"Бранешци","major":true},"geometry":{"type":"Point","coordinates":[19.68169,43.77925]}},{"type":"Feature","properties":{"kind":"station","name":"Пожега","major":false},"geometry":{"type":"Point","coordinates":[20.0288,43.8404]}},{"type":"Feature","properties":{"kind":"station","name":"Књажевац","major":true},"geometry":{"type":"Point","coordinates":[22.25134,43.57143]}},{"type":"Feature","properties":{"kind":"station","name":"Стубал","major":false},"geometry":{"type":"Point","coordinates":[22.03745,42.63261]}},{"type":"Feature","properties":{"kind":"station","name":"Владичин Хан","major":true},"geometry":{"type":"Point","coordinates":[22.06216,42.71024]}},{"type":"Feature","properties":{"kind":"station","name":"Шелинце","major":false},"geometry":{"type":"Point","coordinates":[22.05916,42.7338]}},{"type":"Feature","properties":{"kind":"station","name":"Палојска Росуља","major":false},"geometry":{"type":"Point","coordinates":[22.1197,42.86068]}},{"type":"Feature","properties":{"kind":"station","name":"Грделица","major":true},"geometry":{"type":"Point","coordinates":[22.05722,42.89552]}},{"type":"Feature","properties":{"kind":"station","name":"Дољевац","major":true},"geometry":{"type":"Point","coordinates":[21.83358,43.20166]}},{"type":"Feature","properties":{"kind":"station","name":"Белотинце","major":false},"geometry":{"type":"Point","coordinates":[21.84184,43.26465]}},{"type":"Feature","properties":{"kind":"station","name":"Мокра Гора","major":true},"geometry":{"type":"Point","coordinates":[19.50806,43.79266]}},{"type":"Feature","properties":{"kind":"station","name":"Јагодина","major":false},"geometry":{"type":"Point","coordinates":[21.26338,43.98229]}},{"type":"Feature","properties":{"kind":"station","name":"Вуков споменик","major":false},"geometry":{"type":"Point","coordinates":[20.47746,44.8052]}},{"type":"Feature","properties":{"kind":"station","name":"Панчево главна","major":false},"geometry":{"type":"Point","coordinates":[20.63741,44.8874]}},{"type":"Feature","properties":{"kind":"station","name":"Панчево главна","major":false},"geometry":{"type":"Point","coordinates":[20.63743,44.88757]}},{"type":"Feature","properties":{"kind":"station","name":"Божурат","major":false},"geometry":{"type":"Point","coordinates":[22.5991,43.14247]}},{"type":"Feature","properties":{"kind":"station","name":"Црквица","major":false},"geometry":{"type":"Point","coordinates":[22.36114,43.22579]}},{"type":"Feature","properties":{"kind":"station","name":"Рударе","major":true},"geometry":{"type":"Point","coordinates":[21.31909,43.06555]}},{"type":"Feature","properties":{"kind":"station","name":"Суково","major":true},"geometry":{"type":"Point","coordinates":[22.66812,43.0722]}},{"type":"Feature","properties":{"kind":"station","name":"Станичење","major":false},"geometry":{"type":"Point","coordinates":[22.51214,43.21325]}},{"type":"Feature","properties":{"kind":"station","name":"Црвенчево","major":false},"geometry":{"type":"Point","coordinates":[22.49262,43.22033]}},{"type":"Feature","properties":{"kind":"station","name":"Кнежевац","major":false},"geometry":{"type":"Point","coordinates":[20.43123,44.73152]}},{"type":"Feature","properties":{"kind":"station","name":"Сопот Космајски","major":true},"geometry":{"type":"Point","coordinates":[20.61163,44.52376]}},{"type":"Feature","properties":{"kind":"station","name":"Ковачевац","major":true},"geometry":{"type":"Point","coordinates":[20.75033,44.39924]}},{"type":"Feature","properties":{"kind":"station","name":"Рабровац","major":false},"geometry":{"type":"Point","coordinates":[20.77498,44.38475]}},{"type":"Feature","properties":{"kind":"station","name":"Кусадак","major":true},"geometry":{"type":"Point","coordinates":[20.8289,44.37599]}},{"type":"Feature","properties":{"kind":"station","name":"Глибовац","major":true},"geometry":{"type":"Point","coordinates":[20.90526,44.36849]}},{"type":"Feature","properties":{"kind":"station","name":"Мала Плана","major":false},"geometry":{"type":"Point","coordinates":[21.03504,44.33689]}},{"type":"Feature","properties":{"kind":"station","name":"Велика Плана","major":true},"geometry":{"type":"Point","coordinates":[21.0826,44.32516]}},{"type":"Feature","properties":{"kind":"station","name":"Марковац","major":true},"geometry":{"type":"Point","coordinates":[21.0964,44.23913]}},{"type":"Feature","properties":{"kind":"station","name":"Лапово Варош","major":true},"geometry":{"type":"Point","coordinates":[21.10258,44.18653]}},{"type":"Feature","properties":{"kind":"station","name":"Лапово","major":true},"geometry":{"type":"Point","coordinates":[21.10223,44.15775]}},{"type":"Feature","properties":{"kind":"station","name":"Лапово","major":false},"geometry":{"type":"Point","coordinates":[21.10218,44.15774]}},{"type":"Feature","properties":{"kind":"station","name":"Милатовац","major":false},"geometry":{"type":"Point","coordinates":[20.98331,44.08993]}},{"type":"Feature","properties":{"kind":"station","name":"Ресник Крагујевачки","major":false},"geometry":{"type":"Point","coordinates":[20.9653,44.10926]}},{"type":"Feature","properties":{"kind":"station","name":"Бадњевац","major":true},"geometry":{"type":"Point","coordinates":[20.98016,44.13003]}},{"type":"Feature","properties":{"kind":"station","name":"Баточина","major":true},"geometry":{"type":"Point","coordinates":[21.07526,44.15559]}},{"type":"Feature","properties":{"kind":"station","name":"Градац","major":false},"geometry":{"type":"Point","coordinates":[21.02166,44.14642]}},{"type":"Feature","properties":{"kind":"station","name":"Јовановац","major":true},"geometry":{"type":"Point","coordinates":[20.97669,44.05564]}},{"type":"Feature","properties":{"kind":"station","name":"Завод","major":false},"geometry":{"type":"Point","coordinates":[20.914,44.00848]}},{"type":"Feature","properties":{"kind":"station","name":"Грошница","major":true},"geometry":{"type":"Point","coordinates":[20.87637,43.99484]}},{"type":"Feature","properties":{"kind":"station","name":"Драгобраћа","major":true},"geometry":{"type":"Point","coordinates":[20.82063,43.97323]}},{"type":"Feature","properties":{"kind":"station","name":"Кнић","major":true},"geometry":{"type":"Point","coordinates":[20.74853,43.93292]}},{"type":"Feature","properties":{"kind":"station","name":"Гружа","major":true},"geometry":{"type":"Point","coordinates":[20.76784,43.89235]}},{"type":"Feature","properties":{"kind":"station","name":"Губеревац","major":true},"geometry":{"type":"Point","coordinates":[20.7738,43.83876]}},{"type":"Feature","properties":{"kind":"station","name":"Витковац","major":true},"geometry":{"type":"Point","coordinates":[20.79047,43.79144]}},{"type":"Feature","properties":{"kind":"station","name":"Милавчићи","major":false},"geometry":{"type":"Point","coordinates":[20.80558,43.7607]}},{"type":"Feature","properties":{"kind":"station","name":"Витановац","major":true},"geometry":{"type":"Point","coordinates":[20.80158,43.72707]}},{"type":"Feature","properties":{"kind":"station","name":"Шумарице","major":false},"geometry":{"type":"Point","coordinates":[20.76036,43.7264]}},{"type":"Feature","properties":{"kind":"station","name":"Сирча","major":false},"geometry":{"type":"Point","coordinates":[20.72632,43.72746]}},{"type":"Feature","properties":{"kind":"station","name":"Краљево","major":true},"geometry":{"type":"Point","coordinates":[20.69345,43.7286]}},{"type":"Feature","properties":{"kind":"station","name":"Матарушка Бања","major":true},"geometry":{"type":"Point","coordinates":[20.60163,43.69698]}},{"type":"Feature","properties":{"kind":"station","name":"Прогорелица","major":false},"geometry":{"type":"Point","coordinates":[20.57218,43.68135]}},{"type":"Feature","properties":{"kind":"station","name":"Богутовачка Бања","major":true},"geometry":{"type":"Point","coordinates":[20.55752,43.65278]}},{"type":"Feature","properties":{"kind":"station","name":"Полумир","major":true},"geometry":{"type":"Point","coordinates":[20.60992,43.5329]}},{"type":"Feature","properties":{"kind":"station","name":"Пусто Поље","major":false},"geometry":{"type":"Point","coordinates":[20.61066,43.49319]}},{"type":"Feature","properties":{"kind":"station","name":"Ушће","major":true},"geometry":{"type":"Point","coordinates":[20.6243,43.46549]}},{"type":"Feature","properties":{"kind":"station","name":"Лозно","major":false},"geometry":{"type":"Point","coordinates":[20.66273,43.4358]}},{"type":"Feature","properties":{"kind":"station","name":"Јошаничка Бања","major":true},"geometry":{"type":"Point","coordinates":[20.65895,43.41072]}},{"type":"Feature","properties":{"kind":"station","name":"Пискања","major":true},"geometry":{"type":"Point","coordinates":[20.6465,43.38879]}},{"type":"Feature","properties":{"kind":"station","name":"Бревник","major":true},"geometry":{"type":"Point","coordinates":[20.64509,43.35587]}},{"type":"Feature","properties":{"kind":"station","name":"Рашка","major":true},"geometry":{"type":"Point","coordinates":[20.61668,43.29079]}},{"type":"Feature","properties":{"kind":"station","name":"Казновићи","major":false},"geometry":{"type":"Point","coordinates":[20.6622,43.26039]}},{"type":"Feature","properties":{"kind":"station","name":"Рудница","major":true},"geometry":{"type":"Point","coordinates":[20.6808,43.23741]}},{"type":"Feature","properties":{"kind":"station","name":"Нови Београд","major":false},"geometry":{"type":"Point","coordinates":[20.41793,44.80691]}},{"type":"Feature","properties":{"kind":"station","name":"Нова Пазова","major":true},"geometry":{"type":"Point","coordinates":[20.21001,44.93767]}},{"type":"Feature","properties":{"kind":"station","name":"Паланка","major":true},"geometry":{"type":"Point","coordinates":[20.95978,44.36284]}},{"type":"Feature","properties":{"kind":"station","name":"Земун","major":true},"geometry":{"type":"Point","coordinates":[20.3718,44.83671]}},{"type":"Feature","properties":{"kind":"station","name":"Адровац","major":false},"geometry":{"type":"Point","coordinates":[21.65343,43.52152]}},{"type":"Feature","properties":{"kind":"station","name":"Зајечар","major":true},"geometry":{"type":"Point","coordinates":[22.27303,43.90498]}},{"type":"Feature","properties":{"kind":"station","name":"Панчево Војловица","major":false},"geometry":{"type":"Point","coordinates":[20.65551,44.85921]}},{"type":"Feature","properties":{"kind":"station","name":"Неготин","major":true},"geometry":{"type":"Point","coordinates":[22.54009,44.22894]}},{"type":"Feature","properties":{"kind":"station","name":"Суботица","major":true},"geometry":{"type":"Point","coordinates":[19.67081,46.10292]}},{"type":"Feature","properties":{"kind":"station","name":"Суботица предграђе","major":false},"geometry":{"type":"Point","coordinates":[19.63889,46.10917]}},{"type":"Feature","properties":{"kind":"station","name":"Палић","major":true},"geometry":{"type":"Point","coordinates":[19.7606,46.10341]}},{"type":"Feature","properties":{"kind":"station","name":"Сента","major":true},"geometry":{"type":"Point","coordinates":[20.07168,45.92968]}},{"type":"Feature","properties":{"kind":"station","name":"Шабац","major":true},"geometry":{"type":"Point","coordinates":[19.70161,44.75898]}},{"type":"Feature","properties":{"kind":"station","name":"Крушевац","major":true},"geometry":{"type":"Point","coordinates":[21.32741,43.58755]}},{"type":"Feature","properties":{"kind":"station","name":"Прешево","major":true},"geometry":{"type":"Point","coordinates":[21.68465,42.30054]}},{"type":"Feature","properties":{"kind":"station","name":"Томашевац","major":false},"geometry":{"type":"Point","coordinates":[20.60811,45.24448]}},{"type":"Feature","properties":{"kind":"station","name":"Нишка Бања","major":true},"geometry":{"type":"Point","coordinates":[22.00402,43.3005]}},{"type":"Feature","properties":{"kind":"station","name":"Zagrade","major":false},"geometry":{"type":"Point","coordinates":[22.2139,44.03381]}},{"type":"Feature","properties":{"kind":"station","name":"Брезоник","major":false},"geometry":{"type":"Point","coordinates":[22.07934,44.10116]}},{"type":"Feature","properties":{"kind":"station","name":"Лесковац","major":true},"geometry":{"type":"Point","coordinates":[21.95748,42.99645]}},{"type":"Feature","properties":{"kind":"station","name":"Дебељача","major":true},"geometry":{"type":"Point","coordinates":[20.6131,45.07194]}},{"type":"Feature","properties":{"kind":"station","name":"Жедник","major":true},"geometry":{"type":"Point","coordinates":[19.66827,45.93988]}},{"type":"Feature","properties":{"kind":"station","name":"Дреновачки Кик","major":false},"geometry":{"type":"Point","coordinates":[19.886,44.08804]}},{"type":"Feature","properties":{"kind":"station","name":"Црвенка","major":true},"geometry":{"type":"Point","coordinates":[19.45171,45.65093]}},{"type":"Feature","properties":{"kind":"station","name":"Раковица","major":false},"geometry":{"type":"Point","coordinates":[20.44283,44.7467]}},{"type":"Feature","properties":{"kind":"station","name":"Кнежевац","major":false},"geometry":{"type":"Point","coordinates":[20.43115,44.73184]}},{"type":"Feature","properties":{"kind":"station","name":"Кијево","major":false},"geometry":{"type":"Point","coordinates":[20.43696,44.72332]}},{"type":"Feature","properties":{"kind":"station","name":"Кијево","major":false},"geometry":{"type":"Point","coordinates":[20.43695,44.7234]}},{"type":"Feature","properties":{"kind":"station","name":"Ресник","major":false},"geometry":{"type":"Point","coordinates":[20.44857,44.70418]}},{"type":"Feature","properties":{"kind":"station","name":"Лучице","major":true},"geometry":{"type":"Point","coordinates":[19.69288,43.31324]}},{"type":"Feature","properties":{"kind":"station","name":"Бистрица на Лиму","major":false},"geometry":{"type":"Point","coordinates":[19.64633,43.48321]}},{"type":"Feature","properties":{"kind":"station","name":"Предејане","major":true},"geometry":{"type":"Point","coordinates":[22.12929,42.82959]}},{"type":"Feature","properties":{"kind":"station","name":"Голубићи","major":false},"geometry":{"type":"Point","coordinates":[19.52112,43.79724]}},{"type":"Feature","properties":{"kind":"station","name":"Јатаре","major":true},"geometry":{"type":"Point","coordinates":[19.51812,43.80275]}},{"type":"Feature","properties":{"kind":"station","name":"Шарган Витаси","major":true},"geometry":{"type":"Point","coordinates":[19.54233,43.82998]}},{"type":"Feature","properties":{"kind":"station","name":"Вељково","major":false},"geometry":{"type":"Point","coordinates":[22.60412,44.12842]}},{"type":"Feature","properties":{"kind":"station","name":"Прахово пристаниште","major":false},"geometry":{"type":"Point","coordinates":[22.60811,44.29108]}},{"type":"Feature","properties":{"kind":"station","name":"Рвати","major":false},"geometry":{"type":"Point","coordinates":[20.63706,43.32669]}},{"type":"Feature","properties":{"kind":"station","name":"Кљајићево","major":true},"geometry":{"type":"Point","coordinates":[19.27312,45.76544]}},{"type":"Feature","properties":{"kind":"station","name":"Сремски Карловци","major":true},"geometry":{"type":"Point","coordinates":[19.93016,45.20773]}},{"type":"Feature","properties":{"kind":"station","name":"Батајница","major":false},"geometry":{"type":"Point","coordinates":[20.27188,44.89912]}},{"type":"Feature","properties":{"kind":"station","name":"Уљма","major":true},"geometry":{"type":"Point","coordinates":[21.15543,45.05107]}},{"type":"Feature","properties":{"kind":"station","name":"Путинци","major":true},"geometry":{"type":"Point","coordinates":[19.96632,44.98064]}},{"type":"Feature","properties":{"kind":"station","name":"Шид","major":true},"geometry":{"type":"Point","coordinates":[19.22168,45.11751]}},{"type":"Feature","properties":{"kind":"station","name":"Степановићево","major":true},"geometry":{"type":"Point","coordinates":[19.70008,45.41665]}},{"type":"Feature","properties":{"kind":"station","name":"Змајево","major":true},"geometry":{"type":"Point","coordinates":[19.67301,45.46106]}},{"type":"Feature","properties":{"kind":"station","name":"Панчево Војловица","major":true},"geometry":{"type":"Point","coordinates":[20.65552,44.85925]}},{"type":"Feature","properties":{"kind":"station","name":"Кикинда","major":true},"geometry":{"type":"Point","coordinates":[20.48917,45.83808]}},{"type":"Feature","properties":{"kind":"station","name":"Рибари","major":false},"geometry":{"type":"Point","coordinates":[19.42075,44.71653]}},{"type":"Feature","properties":{"kind":"station","name":"Врбница","major":true},"geometry":{"type":"Point","coordinates":[19.78124,43.15507]}},{"type":"Feature","properties":{"kind":"station","name":"Пантелеј","major":false},"geometry":{"type":"Point","coordinates":[21.91583,43.34004]}},{"type":"Feature","properties":{"kind":"station","name":"Матејевац","major":true},"geometry":{"type":"Point","coordinates":[21.95598,43.34922]}},{"type":"Feature","properties":{"kind":"station","name":"Грамада","major":true},"geometry":{"type":"Point","coordinates":[22.04789,43.37772]}},{"type":"Feature","properties":{"kind":"station","name":"Горње Зуниче","major":false},"geometry":{"type":"Point","coordinates":[22.27157,43.60044]}},{"type":"Feature","properties":{"kind":"station","name":"Доње Зуниче","major":false},"geometry":{"type":"Point","coordinates":[22.27384,43.62415]}},{"type":"Feature","properties":{"kind":"station","name":"Трнавац","major":false},"geometry":{"type":"Point","coordinates":[22.32753,43.99745]}},{"type":"Feature","properties":{"kind":"station","name":"Водањ","major":false},"geometry":{"type":"Point","coordinates":[20.83539,44.59065]}},{"type":"Feature","properties":{"kind":"station","name":"Мала Плана","major":true},"geometry":{"type":"Point","coordinates":[21.03496,44.33686]}},{"type":"Feature","properties":{"kind":"station","name":"Пријепоље теретна","major":false},"geometry":{"type":"Point","coordinates":[19.63351,43.36645]}},{"type":"Feature","properties":{"kind":"station","name":"Нови Сад","major":false},"geometry":{"type":"Point","coordinates":[19.82915,45.26574]}},{"type":"Feature","properties":{"kind":"station","name":"Нови Сад","major":false},"geometry":{"type":"Point","coordinates":[19.8291,45.26589]}},{"type":"Feature","properties":{"kind":"station","name":"Бачки Виногради","major":true},"geometry":{"type":"Point","coordinates":[19.85798,46.12768]}},{"type":"Feature","properties":{"kind":"station","name":"Златибор","major":true},"geometry":{"type":"Point","coordinates":[19.61436,43.73504]}},{"type":"Feature","properties":{"kind":"station","name":"Алексинац","major":true},"geometry":{"type":"Point","coordinates":[21.69344,43.50817]}},{"type":"Feature","properties":{"kind":"station","name":"Бујановац","major":true},"geometry":{"type":"Point","coordinates":[21.75839,42.43964]}},{"type":"Feature","properties":{"kind":"station","name":"Ристовац","major":true},"geometry":{"type":"Point","coordinates":[21.84279,42.46633]}},{"type":"Feature","properties":{"kind":"station","name":"Врање","major":true},"geometry":{"type":"Point","coordinates":[21.92284,42.53727]}},{"type":"Feature","properties":{"kind":"station","name":"Сталаћ","major":true},"geometry":{"type":"Point","coordinates":[21.41496,43.68223]}},{"type":"Feature","properties":{"kind":"station","name":"Трупале","major":true},"geometry":{"type":"Point","coordinates":[21.81907,43.35758]}},{"type":"Feature","properties":{"kind":"station","name":"Ниш","major":true},"geometry":{"type":"Point","coordinates":[21.8773,43.31661]}},{"type":"Feature","properties":{"kind":"station","name":"Речица","major":false},"geometry":{"type":"Point","coordinates":[21.6942,43.19387]}},{"type":"Feature","properties":{"kind":"station","name":"Житорађа Центар","major":true},"geometry":{"type":"Point","coordinates":[21.71308,43.18931]}},{"type":"Feature","properties":{"kind":"station","name":"Влаоле Село","major":false},"geometry":{"type":"Point","coordinates":[21.98079,44.27058]}},{"type":"Feature","properties":{"kind":"station","name":"Дебели Луг","major":false},"geometry":{"type":"Point","coordinates":[21.90899,44.36566]}},{"type":"Feature","properties":{"kind":"station","name":"Мајданпек","major":true},"geometry":{"type":"Point","coordinates":[21.88928,44.38192]}},{"type":"Feature","properties":{"kind":"station","name":"Шушулајка","major":false},"geometry":{"type":"Point","coordinates":[22.02028,44.21536]}},{"type":"Feature","properties":{"kind":"station","name":"Волуја","major":true},"geometry":{"type":"Point","coordinates":[21.77874,44.4837]}},{"type":"Feature","properties":{"kind":"station","name":"Печењевце","major":true},"geometry":{"type":"Point","coordinates":[21.9325,43.10016]}},{"type":"Feature","properties":{"kind":"station","name":"Ковиљача","major":true},"geometry":{"type":"Point","coordinates":[19.16197,44.5171]}},{"type":"Feature","properties":{"kind":"station","name":"Лозница фабрика","major":false},"geometry":{"type":"Point","coordinates":[19.20169,44.53009]}},{"type":"Feature","properties":{"kind":"station","name":"Липница","major":false},"geometry":{"type":"Point","coordinates":[19.27045,44.57242]}},{"type":"Feature","properties":{"kind":"station","name":"Прокупље","major":true},"geometry":{"type":"Point","coordinates":[21.59291,43.22814]}},{"type":"Feature","properties":{"kind":"station","name":"Севојно","major":false},"geometry":{"type":"Point","coordinates":[19.90437,43.83783]}},{"type":"Feature","properties":{"kind":"station","name":"Ражана","major":true},"geometry":{"type":"Point","coordinates":[19.90867,44.06061]}},{"type":"Feature","properties":{"kind":"station","name":"Лесковице","major":false},"geometry":{"type":"Point","coordinates":[19.86784,44.17278]}},{"type":"Feature","properties":{"kind":"station","name":"Барлово","major":true},"geometry":{"type":"Point","coordinates":[21.35004,43.17438]}},{"type":"Feature","properties":{"kind":"station","name":"Плочник","major":true},"geometry":{"type":"Point","coordinates":[21.36281,43.2072]}},{"type":"Feature","properties":{"kind":"station","name":"Бресничићи","major":false},"geometry":{"type":"Point","coordinates":[21.44805,43.24211]}},{"type":"Feature","properties":{"kind":"station","name":"Пепељевац","major":false},"geometry":{"type":"Point","coordinates":[21.30598,43.14807]}},{"type":"Feature","properties":{"kind":"station","name":"Косаница","major":false},"geometry":{"type":"Point","coordinates":[21.29895,42.97706]}},{"type":"Feature","properties":{"kind":"station","name":"Васиљевац стајалиште","major":false},"geometry":{"type":"Point","coordinates":[21.28509,42.93488]}},{"type":"Feature","properties":{"kind":"station","name":"Шабац","major":false},"geometry":{"type":"Point","coordinates":[19.7017,44.75897]}},{"type":"Feature","properties":{"kind":"station","name":"Радаљ","major":false},"geometry":{"type":"Point","coordinates":[19.14905,44.41323]}},{"type":"Feature","properties":{"kind":"station","name":"Зворник","major":true},"geometry":{"type":"Point","coordinates":[19.1216,44.4003]}},{"type":"Feature","properties":{"kind":"station","name":"Доња Борина","major":false},"geometry":{"type":"Point","coordinates":[19.15336,44.43963]}},{"type":"Feature","properties":{"kind":"station","name":"Брасина","major":false},"geometry":{"type":"Point","coordinates":[19.1472,44.4599]}},{"type":"Feature","properties":{"kind":"station","name":"Брасина","major":true},"geometry":{"type":"Point","coordinates":[19.14724,44.45989]}},{"type":"Feature","properties":{"kind":"station","name":"Тубићи","major":false},"geometry":{"type":"Point","coordinates":[19.95389,43.973]}},{"type":"Feature","properties":{"kind":"station","name":"Грејач","major":true},"geometry":{"type":"Point","coordinates":[21.7478,43.42244]}},{"type":"Feature","properties":{"kind":"station","name":"Сушица","major":true},"geometry":{"type":"Point","coordinates":[19.75288,43.7887]}},{"type":"Feature","properties":{"kind":"station","name":"Пожаревац","major":true},"geometry":{"type":"Point","coordinates":[21.18703,44.61406]}},{"type":"Feature","properties":{"kind":"station","name":"Мала Крсна","major":true},"geometry":{"type":"Point","coordinates":[21.00249,44.58472]}},{"type":"Feature","properties":{"kind":"station","name":"Овчар Бања","major":true},"geometry":{"type":"Point","coordinates":[20.1928,43.90346]}},{"type":"Feature","properties":{"kind":"station","name":"Косанчић Иван","major":true},"geometry":{"type":"Point","coordinates":[21.2873,42.9584]}},{"type":"Feature","properties":{"kind":"station","name":"Панчевачки мост","major":false},"geometry":{"type":"Point","coordinates":[20.49037,44.82003]}},{"type":"Feature","properties":{"kind":"station","name":"Карађорђев парк","major":false},"geometry":{"type":"Point","coordinates":[20.466,44.79385]}},{"type":"Feature","properties":{"kind":"station","name":"Сараорци","major":false},"geometry":{"type":"Point","coordinates":[21.06893,44.48963]}},{"type":"Feature","properties":{"kind":"station","name":"Кукујевци - Ердевик","major":true},"geometry":{"type":"Point","coordinates":[19.34248,45.0624]}},{"type":"Feature","properties":{"kind":"station","name":"Мартинци","major":true},"geometry":{"type":"Point","coordinates":[19.46831,45.02097]}},{"type":"Feature","properties":{"kind":"station","name":"Адрани","major":true},"geometry":{"type":"Point","coordinates":[20.62849,43.76536]}},{"type":"Feature","properties":{"kind":"station","name":"Адровац","major":true},"geometry":{"type":"Point","coordinates":[21.6535,43.52151]}},{"type":"Feature","properties":{"kind":"station","name":"Алекса Шантић","major":true},"geometry":{"type":"Point","coordinates":[19.34887,45.92476]}},{"type":"Feature","properties":{"kind":"station","name":"Багрдан","major":true},"geometry":{"type":"Point","coordinates":[21.18011,44.08316]}},{"type":"Feature","properties":{"kind":"station","name":"Балуга","major":false},"geometry":{"type":"Point","coordinates":[20.41981,43.85739]}},{"type":"Feature","properties":{"kind":"station","name":"Кривељски мост","major":false},"geometry":{"type":"Point","coordinates":[22.01822,44.16759]}},{"type":"Feature","properties":{"kind":"station","name":"Шебешић","major":true},"geometry":{"type":"Point","coordinates":[19.59155,46.08599]}},{"type":"Feature","properties":{"kind":"station","name":"Љутово","major":false},"geometry":{"type":"Point","coordinates":[19.53655,46.05902]}},{"type":"Feature","properties":{"kind":"station","name":"Таванкут","major":true},"geometry":{"type":"Point","coordinates":[19.50298,46.04258]}},{"type":"Feature","properties":{"kind":"station","name":"Скендерево","major":false},"geometry":{"type":"Point","coordinates":[19.46576,46.02425]}},{"type":"Feature","properties":{"kind":"station","name":"Светозар Милетић","major":true},"geometry":{"type":"Point","coordinates":[19.20982,45.84314]}},{"type":"Feature","properties":{"kind":"station","name":"Биково","major":false},"geometry":{"type":"Point","coordinates":[19.77182,46.01963]}},{"type":"Feature","properties":{"kind":"station","name":"Габрић","major":false},"geometry":{"type":"Point","coordinates":[19.79497,46.00373]}},{"type":"Feature","properties":{"kind":"station","name":"Ором","major":true},"geometry":{"type":"Point","coordinates":[19.83177,45.97807]}},{"type":"Feature","properties":{"kind":"station","name":"Долине","major":false},"geometry":{"type":"Point","coordinates":[19.87199,45.9581]}},{"type":"Feature","properties":{"kind":"station","name":"Богараш","major":false},"geometry":{"type":"Point","coordinates":[19.92726,45.9352]}},{"type":"Feature","properties":{"kind":"station","name":"Горњи Брег","major":false},"geometry":{"type":"Point","coordinates":[20.0159,45.93219]}},{"type":"Feature","properties":{"kind":"station","name":"Сента","major":false},"geometry":{"type":"Point","coordinates":[20.07171,45.92959]}},{"type":"Feature","properties":{"kind":"station","name":"Чока","major":true},"geometry":{"type":"Point","coordinates":[20.13553,45.94297]}},{"type":"Feature","properties":{"kind":"station","name":"Остојићево","major":true},"geometry":{"type":"Point","coordinates":[20.15274,45.89113]}},{"type":"Feature","properties":{"kind":"station","name":"Падеј","major":true},"geometry":{"type":"Point","coordinates":[20.17164,45.82955]}},{"type":"Feature","properties":{"kind":"station","name":"Бочар","major":true},"geometry":{"type":"Point","coordinates":[20.2855,45.76122]}},{"type":"Feature","properties":{"kind":"station","name":"Банатско Милошево поље","major":false},"geometry":{"type":"Point","coordinates":[20.29593,45.69278]}},{"type":"Feature","properties":{"kind":"station","name":"Банатско Милошево","major":true},"geometry":{"type":"Point","coordinates":[20.32017,45.72627]}},{"type":"Feature","properties":{"kind":"station","name":"Кумане","major":false},"geometry":{"type":"Point","coordinates":[20.23218,45.54836]}},{"type":"Feature","properties":{"kind":"station","name":"Меленци","major":false},"geometry":{"type":"Point","coordinates":[20.2976,45.50849]}},{"type":"Feature","properties":{"kind":"station","name":"Наумовићево","major":true},"geometry":{"type":"Point","coordinates":[19.68124,46.02357]}},{"type":"Feature","properties":{"kind":"station","name":"Старо Трубарево","major":false},"geometry":{"type":"Point","coordinates":[21.48591,43.60997]}},{"type":"Feature","properties":{"kind":"station","name":"Никинци","major":false},"geometry":{"type":"Point","coordinates":[19.8212,44.85758]}},{"type":"Feature","properties":{"kind":"station","name":"Буђановци","major":false},"geometry":{"type":"Point","coordinates":[19.85623,44.89732]}},{"type":"Feature","properties":{"kind":"station","name":"Платичево","major":false},"geometry":{"type":"Point","coordinates":[19.77885,44.82949]}},{"type":"Feature","properties":{"kind":"station","name":"Уздин","major":true},"geometry":{"type":"Point","coordinates":[20.63422,45.2029]}},{"type":"Feature","properties":{"kind":"station","name":"Црепаја","major":false},"geometry":{"type":"Point","coordinates":[20.62593,45.00537]}},{"type":"Feature","properties":{"kind":"station","name":"Банатско Ново Село","major":true},"geometry":{"type":"Point","coordinates":[20.78566,44.97637]}},{"type":"Feature","properties":{"kind":"station","name":"Банатски Карловац","major":true},"geometry":{"type":"Point","coordinates":[21.01626,45.05578]}},{"type":"Feature","properties":{"kind":"station","name":"Николинци","major":true},"geometry":{"type":"Point","coordinates":[21.06621,45.0605]}},{"type":"Feature","properties":{"kind":"station","name":"Влајковац","major":false},"geometry":{"type":"Point","coordinates":[21.21147,45.06649]}},{"type":"Feature","properties":{"kind":"station","name":"Себеш","major":false},"geometry":{"type":"Point","coordinates":[20.51952,44.86125]}},{"type":"Feature","properties":{"kind":"station","name":"Раља","major":true},"geometry":{"type":"Point","coordinates":[20.56109,44.5682]}},{"type":"Feature","properties":{"kind":"station","name":"Ратаре","major":false},"geometry":{"type":"Point","coordinates":[20.86659,44.36806]}},{"type":"Feature","properties":{"kind":"station","name":"Велико Орашје","major":false},"geometry":{"type":"Point","coordinates":[21.07836,44.37256]}},{"type":"Feature","properties":{"kind":"station","name":"Крњево-Трновче","major":true},"geometry":{"type":"Point","coordinates":[21.07276,44.41029]}},{"type":"Feature","properties":{"kind":"station","name":"Милошевац","major":false},"geometry":{"type":"Point","coordinates":[21.07627,44.43842]}},{"type":"Feature","properties":{"kind":"station","name":"Лозовик-Сараорци","major":true},"geometry":{"type":"Point","coordinates":[21.07024,44.47703]}},{"type":"Feature","properties":{"kind":"station","name":"Лугавчина","major":false},"geometry":{"type":"Point","coordinates":[21.06336,44.5205]}},{"type":"Feature","properties":{"kind":"station","name":"Осипаоница","major":true},"geometry":{"type":"Point","coordinates":[21.05619,44.53473]}},{"type":"Feature","properties":{"kind":"station","name":"Скобаљ","major":false},"geometry":{"type":"Point","coordinates":[21.02147,44.56247]}},{"type":"Feature","properties":{"kind":"station","name":"Враново","major":false},"geometry":{"type":"Point","coordinates":[20.98856,44.59751]}},{"type":"Feature","properties":{"kind":"station","name":"Радинац","major":true},"geometry":{"type":"Point","coordinates":[20.96838,44.61668]}},{"type":"Feature","properties":{"kind":"station","name":"Годомин","major":false},"geometry":{"type":"Point","coordinates":[20.95263,44.64494]}},{"type":"Feature","properties":{"kind":"station","name":"Раља Смедеревска","major":false},"geometry":{"type":"Point","coordinates":[20.97395,44.58726]}},{"type":"Feature","properties":{"kind":"station","name":"Колари","major":true},"geometry":{"type":"Point","coordinates":[20.90022,44.58171]}},{"type":"Feature","properties":{"kind":"station","name":"Умчари","major":true},"geometry":{"type":"Point","coordinates":[20.74493,44.57899]}},{"type":"Feature","properties":{"kind":"station","name":"Мали Пожаревац","major":true},"geometry":{"type":"Point","coordinates":[20.66563,44.56926]}},{"type":"Feature","properties":{"kind":"station","name":"Мала Иванча","major":true},"geometry":{"type":"Point","coordinates":[20.6149,44.57725]}},{"type":"Feature","properties":{"kind":"station","name":"Липе","major":false},"geometry":{"type":"Point","coordinates":[20.58083,44.61974]}},{"type":"Feature","properties":{"kind":"station","name":"Врчин","major":false},"geometry":{"type":"Point","coordinates":[20.58229,44.67142]}},{"type":"Feature","properties":{"kind":"station","name":"Бели Поток","major":true},"geometry":{"type":"Point","coordinates":[20.51969,44.71472]}},{"type":"Feature","properties":{"kind":"station","name":"Бела Река","major":true},"geometry":{"type":"Point","coordinates":[20.47289,44.65614]}},{"type":"Feature","properties":{"kind":"station","name":"Барајево","major":false},"geometry":{"type":"Point","coordinates":[20.42527,44.59395]}},{"type":"Feature","properties":{"kind":"station","name":"Велики Борак","major":true},"geometry":{"type":"Point","coordinates":[20.37794,44.54035]}},{"type":"Feature","properties":{"kind":"station","name":"Степојевац","major":true},"geometry":{"type":"Point","coordinates":[20.31036,44.49673]}},{"type":"Feature","properties":{"kind":"station","name":"Лајковац","major":true},"geometry":{"type":"Point","coordinates":[20.16423,44.36787]}},{"type":"Feature","properties":{"kind":"station","name":"Словац","major":true},"geometry":{"type":"Point","coordinates":[20.09321,44.34717]}},{"type":"Feature","properties":{"kind":"station","name":"Дивци","major":false},"geometry":{"type":"Point","coordinates":[20.02797,44.30031]}},{"type":"Feature","properties":{"kind":"station","name":"Млађево","major":false},"geometry":{"type":"Point","coordinates":[20.0631,44.3125]}},{"type":"Feature","properties":{"kind":"station","name":"Иверак","major":false},"geometry":{"type":"Point","coordinates":[19.95893,44.29174]}},{"type":"Feature","properties":{"kind":"station","name":"Глумач","major":false},"geometry":{"type":"Point","coordinates":[19.99951,43.87781]}},{"type":"Feature","properties":{"kind":"station","name":"Отањ","major":false},"geometry":{"type":"Point","coordinates":[19.99724,43.89688]}},{"type":"Feature","properties":{"kind":"station","name":"Каленић","major":true},"geometry":{"type":"Point","coordinates":[19.98958,43.92748]}},{"type":"Feature","properties":{"kind":"station","name":"Ново Село","major":false},"geometry":{"type":"Point","coordinates":[21.09191,44.2621]}},{"type":"Feature","properties":{"kind":"station","name":"Старо Село","major":false},"geometry":{"type":"Point","coordinates":[21.08979,44.2944]}},{"type":"Feature","properties":{"kind":"station","name":"Лапово ранжирна","major":true},"geometry":{"type":"Point","coordinates":[21.09899,44.16815]}},{"type":"Feature","properties":{"kind":"station","name":"Заблаће","major":true},"geometry":{"type":"Point","coordinates":[20.44767,43.844]}},{"type":"Feature","properties":{"kind":"station","name":"Мрсаћ","major":false},"geometry":{"type":"Point","coordinates":[20.59353,43.76917]}},{"type":"Feature","properties":{"kind":"station","name":"Самаила","major":true},"geometry":{"type":"Point","coordinates":[20.55947,43.77768]}},{"type":"Feature","properties":{"kind":"station","name":"Горичани","major":false},"geometry":{"type":"Point","coordinates":[20.51457,43.79573]}},{"type":"Feature","properties":{"kind":"station","name":"Мршинци","major":true},"geometry":{"type":"Point","coordinates":[20.48295,43.81837]}},{"type":"Feature","properties":{"kind":"station","name":"Кукићи","major":false},"geometry":{"type":"Point","coordinates":[20.46547,43.83384]}},{"type":"Feature","properties":{"kind":"station","name":"Пријевор","major":true},"geometry":{"type":"Point","coordinates":[20.28225,43.90862]}},{"type":"Feature","properties":{"kind":"station","name":"Јелен До","major":false},"geometry":{"type":"Point","coordinates":[20.1196,43.89041]}},{"type":"Feature","properties":{"kind":"station","name":"Драгачево","major":true},"geometry":{"type":"Point","coordinates":[20.11448,43.88068]}},{"type":"Feature","properties":{"kind":"station","name":"Борачко","major":false},"geometry":{"type":"Point","coordinates":[20.06932,43.84831]}},{"type":"Feature","properties":{"kind":"station","name":"Расна","major":false},"geometry":{"type":"Point","coordinates":[20.02401,43.80798]}},{"type":"Feature","properties":{"kind":"station","name":"Узићи","major":true},"geometry":{"type":"Point","coordinates":[19.98056,43.81215]}},{"type":"Feature","properties":{"kind":"station","name":"Злакуса","major":false},"geometry":{"type":"Point","coordinates":[19.95379,43.80624]}},{"type":"Feature","properties":{"kind":"station","name":"Ристановића Поље","major":false},"geometry":{"type":"Point","coordinates":[19.74469,43.82913]}},{"type":"Feature","properties":{"kind":"station","name":"Трипкова","major":false},"geometry":{"type":"Point","coordinates":[19.74202,43.80728]}},{"type":"Feature","properties":{"kind":"station","name":"Štrpci","major":true},"geometry":{"type":"Point","coordinates":[19.50325,43.63874]}},{"type":"Feature","properties":{"kind":"station","name":"Рача","major":false},"geometry":{"type":"Point","coordinates":[19.50093,43.62026]}},{"type":"Feature","properties":{"kind":"station","name":"Пољице","major":false},"geometry":{"type":"Point","coordinates":[19.54188,43.56387]}},{"type":"Feature","properties":{"kind":"station","name":"Џурово","major":false},"geometry":{"type":"Point","coordinates":[19.63317,43.44335]}},{"type":"Feature","properties":{"kind":"station","name":"Бродарево","major":true},"geometry":{"type":"Point","coordinates":[19.72365,43.24381]}},{"type":"Feature","properties":{"kind":"station","name":"Брзан","major":false},"geometry":{"type":"Point","coordinates":[21.13479,44.12417]}},{"type":"Feature","properties":{"kind":"station","name":"Милошево","major":false},"geometry":{"type":"Point","coordinates":[21.16051,44.10712]}},{"type":"Feature","properties":{"kind":"station","name":"Ланиште","major":false},"geometry":{"type":"Point","coordinates":[21.23625,44.04298]}},{"type":"Feature","properties":{"kind":"station","name":"Буковче","major":false},"geometry":{"type":"Point","coordinates":[21.23205,44.00821]}},{"type":"Feature","properties":{"kind":"station","name":"Јагодина","major":true},"geometry":{"type":"Point","coordinates":[21.2634,43.98229]}},{"type":"Feature","properties":{"kind":"station","name":"Параћин","major":true},"geometry":{"type":"Point","coordinates":[21.39882,43.86483]}},{"type":"Feature","properties":{"kind":"station","name":"Сикирица-Ратари","major":false},"geometry":{"type":"Point","coordinates":[21.42203,43.79171]}},{"type":"Feature","properties":{"kind":"station","name":"Дреновац","major":false},"geometry":{"type":"Point","coordinates":[21.42791,43.76421]}},{"type":"Feature","properties":{"kind":"station","name":"Браљина","major":true},"geometry":{"type":"Point","coordinates":[21.48328,43.65752]}},{"type":"Feature","properties":{"kind":"station","name":"Церово-Ражањ","major":false},"geometry":{"type":"Point","coordinates":[21.48607,43.62591]}},{"type":"Feature","properties":{"kind":"station","name":"Ђунис","major":true},"geometry":{"type":"Point","coordinates":[21.51325,43.60491]}},{"type":"Feature","properties":{"kind":"station","name":"Витковац","major":false},"geometry":{"type":"Point","coordinates":[21.55237,43.59084]}},{"type":"Feature","properties":{"kind":"station","name":"Доњи Љубеш","major":false},"geometry":{"type":"Point","coordinates":[21.57095,43.57847]}},{"type":"Feature","properties":{"kind":"station","name":"Горњи Љубеш","major":false},"geometry":{"type":"Point","coordinates":[21.59369,43.56576]}},{"type":"Feature","properties":{"kind":"station","name":"Корман","major":true},"geometry":{"type":"Point","coordinates":[21.61244,43.55268]}},{"type":"Feature","properties":{"kind":"station","name":"Трњане","major":false},"geometry":{"type":"Point","coordinates":[21.6338,43.53572]}},{"type":"Feature","properties":{"kind":"station","name":"Нозрина","major":false},"geometry":{"type":"Point","coordinates":[21.71331,43.48229]}},{"type":"Feature","properties":{"kind":"station","name":"Лужане","major":false},"geometry":{"type":"Point","coordinates":[21.7203,43.47173]}},{"type":"Feature","properties":{"kind":"station","name":"Тешица","major":false},"geometry":{"type":"Point","coordinates":[21.73677,43.44423]}},{"type":"Feature","properties":{"kind":"station","name":"Суповачки мост","major":false},"geometry":{"type":"Point","coordinates":[21.76612,43.39632]}},{"type":"Feature","properties":{"kind":"station","name":"Мезграја","major":false},"geometry":{"type":"Point","coordinates":[21.77969,43.39261]}},{"type":"Feature","properties":{"kind":"station","name":"Вртиште","major":false},"geometry":{"type":"Point","coordinates":[21.80852,43.37514]}},{"type":"Feature","properties":{"kind":"station","name":"Хаџићево","major":false},"geometry":{"type":"Point","coordinates":[22.05042,43.39807]}},{"type":"Feature","properties":{"kind":"station","name":"Подвис","major":false},"geometry":{"type":"Point","coordinates":[22.18841,43.54548]}},{"type":"Feature","properties":{"kind":"station","name":"Ргоште","major":false},"geometry":{"type":"Point","coordinates":[22.20827,43.55113]}},{"type":"Feature","properties":{"kind":"station","name":"Минићево","major":true},"geometry":{"type":"Point","coordinates":[22.29114,43.68651]}},{"type":"Feature","properties":{"kind":"station","name":"Селачка Река","major":false},"geometry":{"type":"Point","coordinates":[22.30067,43.70798]}},{"type":"Feature","properties":{"kind":"station","name":"Мали Извор","major":false},"geometry":{"type":"Point","coordinates":[22.30528,43.72907]}},{"type":"Feature","properties":{"kind":"station","name":"Вратарница","major":false},"geometry":{"type":"Point","coordinates":[22.30299,43.7989]}},{"type":"Feature","properties":{"kind":"station","name":"Грљан","major":true},"geometry":{"type":"Point","coordinates":[22.29019,43.85594]}},{"type":"Feature","properties":{"kind":"station","name":"Тимок","major":false},"geometry":{"type":"Point","coordinates":[22.29061,43.89427]}},{"type":"Feature","properties":{"kind":"station","name":"Вражогрнац","major":true},"geometry":{"type":"Point","coordinates":[22.32441,43.95366]}},{"type":"Feature","properties":{"kind":"station","name":"Рготина","major":true},"geometry":{"type":"Point","coordinates":[22.2796,44.00719]}},{"type":"Feature","properties":{"kind":"station","name":"Кривељски поток","major":false},"geometry":{"type":"Point","coordinates":[22.04218,44.1416]}},{"type":"Feature","properties":{"kind":"station","name":"Мали Кривељ","major":true},"geometry":{"type":"Point","coordinates":[22.06419,44.1186]}},{"type":"Feature","properties":{"kind":"station","name":"Влаоле","major":true},"geometry":{"type":"Point","coordinates":[22.00231,44.2573]}},{"type":"Feature","properties":{"kind":"station","name":"Церово","major":true},"geometry":{"type":"Point","coordinates":[22.01562,44.18742]}},{"type":"Feature","properties":{"kind":"station","name":"Трнавац","major":true},"geometry":{"type":"Point","coordinates":[22.32754,43.99742]}},{"type":"Feature","properties":{"kind":"station","name":"Чокоњар","major":false},"geometry":{"type":"Point","coordinates":[22.35228,44.01604]}},{"type":"Feature","properties":{"kind":"station","name":"Табаковачка Река","major":false},"geometry":{"type":"Point","coordinates":[22.43208,44.06761]}},{"type":"Feature","properties":{"kind":"station","name":"Брусник","major":true},"geometry":{"type":"Point","coordinates":[22.48287,44.09782]}},{"type":"Feature","properties":{"kind":"station","name":"Тамнич","major":false},"geometry":{"type":"Point","coordinates":[22.51128,44.0867]}},{"type":"Feature","properties":{"kind":"station","name":"Црномасница","major":false},"geometry":{"type":"Point","coordinates":[22.54263,44.07772]}},{"type":"Feature","properties":{"kind":"station","name":"Рајац","major":true},"geometry":{"type":"Point","coordinates":[22.56114,44.08959]}},{"type":"Feature","properties":{"kind":"station","name":"Рогљево","major":true},"geometry":{"type":"Point","coordinates":[22.57355,44.11642]}},{"type":"Feature","properties":{"kind":"station","name":"Прахово","major":true},"geometry":{"type":"Point","coordinates":[22.58801,44.28746]}},{"type":"Feature","properties":{"kind":"station","name":"Прахово пристаниште","major":true},"geometry":{"type":"Point","coordinates":[22.60812,44.29111]}},{"type":"Feature","properties":{"kind":"station","name":"Пирот","major":true},"geometry":{"type":"Point","coordinates":[22.58647,43.16996]}},{"type":"Feature","properties":{"kind":"station","name":"Међурово","major":true},"geometry":{"type":"Point","coordinates":[21.83011,43.30395]}},{"type":"Feature","properties":{"kind":"station","name":"Чапљинац","major":false},"geometry":{"type":"Point","coordinates":[21.84583,43.25126]}},{"type":"Feature","properties":{"kind":"station","name":"Малошиште","major":false},"geometry":{"type":"Point","coordinates":[21.84909,43.23758]}},{"type":"Feature","properties":{"kind":"station","name":"Шајиновац","major":false},"geometry":{"type":"Point","coordinates":[21.80288,43.18781]}},{"type":"Feature","properties":{"kind":"station","name":"Топлички Бадњевац","major":false},"geometry":{"type":"Point","coordinates":[21.78664,43.18366]}},{"type":"Feature","properties":{"kind":"station","name":"Јасеница","major":false},"geometry":{"type":"Point","coordinates":[21.7652,43.1811]}},{"type":"Feature","properties":{"kind":"station","name":"Лукомир","major":false},"geometry":{"type":"Point","coordinates":[21.67209,43.20341]}},{"type":"Feature","properties":{"kind":"station","name":"Подина","major":false},"geometry":{"type":"Point","coordinates":[21.66025,43.21248]}},{"type":"Feature","properties":{"kind":"station","name":"Топличка Мала Плана","major":true},"geometry":{"type":"Point","coordinates":[21.48098,43.23995]}},{"type":"Feature","properties":{"kind":"station","name":"Белољин","major":true},"geometry":{"type":"Point","coordinates":[21.41122,43.22964]}},{"type":"Feature","properties":{"kind":"station","name":"Кочане","major":false},"geometry":{"type":"Point","coordinates":[21.84044,43.1862]}},{"type":"Feature","properties":{"kind":"station","name":"Пуковац","major":false},"geometry":{"type":"Point","coordinates":[21.85586,43.16601]}},{"type":"Feature","properties":{"kind":"station","name":"Липовица","major":false},"geometry":{"type":"Point","coordinates":[21.89405,43.13104]}},{"type":"Feature","properties":{"kind":"station","name":"Брестовац","major":true},"geometry":{"type":"Point","coordinates":[21.87191,43.15132]}},{"type":"Feature","properties":{"kind":"station","name":"Прибој Лесковачки","major":false},"geometry":{"type":"Point","coordinates":[21.93924,43.05735]}},{"type":"Feature","properties":{"kind":"station","name":"Живково","major":false},"geometry":{"type":"Point","coordinates":[21.94075,43.0718]}},{"type":"Feature","properties":{"kind":"station","name":"Винарци","major":false},"geometry":{"type":"Point","coordinates":[21.93779,43.0436]}},{"type":"Feature","properties":{"kind":"station","name":"Џеп","major":false},"geometry":{"type":"Point","coordinates":[22.09355,42.77982]}},{"type":"Feature","properties":{"kind":"station","name":"Момин камен","major":false},"geometry":{"type":"Point","coordinates":[22.08277,42.75288]}},{"type":"Feature","properties":{"kind":"station","name":"Лепенички мост","major":false},"geometry":{"type":"Point","coordinates":[22.04601,42.65653]}},{"type":"Feature","properties":{"kind":"station","name":"Прибој Врањски","major":false},"geometry":{"type":"Point","coordinates":[22.02263,42.61457]}},{"type":"Feature","properties":{"kind":"station","name":"Ђорђево","major":false},"geometry":{"type":"Point","coordinates":[22.01279,42.93476]}},{"type":"Feature","properties":{"kind":"station","name":"Кисач","major":true},"geometry":{"type":"Point","coordinates":[19.73389,45.35919]}},{"type":"Feature","properties":{"kind":"station","name":"Зуце","major":false},"geometry":{"type":"Point","coordinates":[20.56443,44.70528]}},{"type":"Feature","properties":{"kind":"station","name":"Јабланица","major":true},"geometry":{"type":"Point","coordinates":[19.52041,43.70093]}},{"type":"Feature","properties":{"kind":"station","name":"Липова","major":false},"geometry":{"type":"Point","coordinates":[20.88501,43.65036]}},{"type":"Feature","properties":{"kind":"station","name":"Рибница Златиборска","major":false},"geometry":{"type":"Point","coordinates":[19.57325,43.70814]}},{"type":"Feature","properties":{"kind":"station","name":"Стапари","major":true},"geometry":{"type":"Point","coordinates":[19.76232,43.84571]}},{"type":"Feature","properties":{"kind":"station","name":"Љубичевски мост","major":false},"geometry":{"type":"Point","coordinates":[21.13221,44.5871]}},{"type":"Feature","properties":{"kind":"station","name":"Ћеле кула","major":false},"geometry":{"type":"Point","coordinates":[21.94303,43.30828]}},{"type":"Feature","properties":{"kind":"station","name":"Просек","major":false},"geometry":{"type":"Point","coordinates":[22.0516,43.31253]}},{"type":"Feature","properties":{"kind":"station","name":"Сићево","major":false},"geometry":{"type":"Point","coordinates":[22.06241,43.3289]}},{"type":"Feature","properties":{"kind":"station","name":"Островица","major":true},"geometry":{"type":"Point","coordinates":[22.11834,43.33315]}},{"type":"Feature","properties":{"kind":"station","name":"Срећковац","major":false},"geometry":{"type":"Point","coordinates":[22.72111,43.03114]}},{"type":"Feature","properties":{"kind":"station","name":"Чиниглавци","major":false},"geometry":{"type":"Point","coordinates":[22.70455,43.04553]}},{"type":"Feature","properties":{"kind":"station","name":"Велики Јовановац","major":false},"geometry":{"type":"Point","coordinates":[22.63465,43.10425]}},{"type":"Feature","properties":{"kind":"station","name":"Сињац","major":false},"geometry":{"type":"Point","coordinates":[22.43614,43.2286]}},{"type":"Feature","properties":{"kind":"station","name":"Чифлик","major":false},"geometry":{"type":"Point","coordinates":[22.40937,43.22579]}},{"type":"Feature","properties":{"kind":"station","name":"Белановац","major":false},"geometry":{"type":"Point","coordinates":[22.26577,43.24372]}},{"type":"Feature","properties":{"kind":"station","name":"Црвена Река","major":true},"geometry":{"type":"Point","coordinates":[22.24678,43.26764]}},{"type":"Feature","properties":{"kind":"station","name":"Црвени Брег","major":false},"geometry":{"type":"Point","coordinates":[22.22645,43.27848]}},{"type":"Feature","properties":{"kind":"station","name":"Долац","major":false},"geometry":{"type":"Point","coordinates":[22.20721,43.29586]}},{"type":"Feature","properties":{"kind":"station","name":"Врњачка Бања","major":true},"geometry":{"type":"Point","coordinates":[20.92599,43.63902]}},{"type":"Feature","properties":{"kind":"station","name":"Кошеви","major":true},"geometry":{"type":"Point","coordinates":[21.24736,43.58545]}},{"type":"Feature","properties":{"kind":"station","name":"Косјерић","major":false},"geometry":{"type":"Point","coordinates":[19.91892,44.00042]}},{"type":"Feature","properties":{"kind":"station","name":"Majilovac","major":false},"geometry":{"type":"Point","coordinates":[21.34107,44.68086]}},{"type":"Feature","properties":{"kind":"station","name":"Косаничка Рача","major":true},"geometry":{"type":"Point","coordinates":[21.31944,43.00483]}},{"type":"Feature","properties":{"kind":"station","name":"Дешишка","major":false},"geometry":{"type":"Point","coordinates":[21.31508,43.02609]}},{"type":"Feature","properties":{"kind":"station","name":"Љуша","major":false},"geometry":{"type":"Point","coordinates":[21.30935,43.08083]}},{"type":"Feature","properties":{"kind":"station","name":"Висока","major":false},"geometry":{"type":"Point","coordinates":[21.30929,43.09362]}},{"type":"Feature","properties":{"kind":"station","name":"Орловат стајалиште","major":true},"geometry":{"type":"Point","coordinates":[20.58284,45.25093]}},{"type":"Feature","properties":{"kind":"station","name":"Београд центар","major":false},"geometry":{"type":"Point","coordinates":[20.453,44.79353]}},{"type":"Feature","properties":{"kind":"station","name":"Београд центар","major":false},"geometry":{"type":"Point","coordinates":[20.45331,44.7939]}},{"type":"Feature","properties":{"kind":"station","name":"Вуков споменик","major":false},"geometry":{"type":"Point","coordinates":[20.47774,44.80506]}},{"type":"Feature","properties":{"kind":"station","name":"Панчево главна","major":false},"geometry":{"type":"Point","coordinates":[20.63741,44.88744]}},{"type":"Feature","properties":{"kind":"station","name":"Панчево главна","major":false},"geometry":{"type":"Point","coordinates":[20.63741,44.88748]}},{"type":"Feature","properties":{"kind":"station","name":"Петроварадин","major":false},"geometry":{"type":"Point","coordinates":[19.88855,45.23946]}},{"type":"Feature","properties":{"kind":"station","name":"Алтина","major":false},"geometry":{"type":"Point","coordinates":[20.34546,44.84996]}},{"type":"Feature","properties":{"kind":"station","name":"Путинци","major":false},"geometry":{"type":"Point","coordinates":[19.96631,44.98061]}},{"type":"Feature","properties":{"kind":"station","name":"Сремска Митровица","major":false},"geometry":{"type":"Point","coordinates":[19.61362,44.9824]}},{"type":"Feature","properties":{"kind":"station","name":"3. Kolosek","major":false},"geometry":{"type":"Point","coordinates":[19.22169,45.11753]}},{"type":"Feature","properties":{"kind":"station","name":"Бачки Маглић","major":false},"geometry":{"type":"Point","coordinates":[19.53651,45.35173]}},{"type":"Feature","properties":{"kind":"station","name":"Пискања","major":false},"geometry":{"type":"Point","coordinates":[20.64652,43.38874]}},{"type":"Feature","properties":{"kind":"station","name":"Јасеновик","major":false},"geometry":{"type":"Point","coordinates":[22.02912,43.36393]}},{"type":"Feature","properties":{"kind":"station","name":"Сврљишки Миљковац","major":false},"geometry":{"type":"Point","coordinates":[22.13488,43.4893]}},{"type":"Feature","properties":{"kind":"station","name":"Горњане","major":false},"geometry":{"type":"Point","coordinates":[22.01606,44.23245]}},{"type":"Feature","properties":{"kind":"station","name":"Јасиково","major":false},"geometry":{"type":"Point","coordinates":[21.95619,44.28479]}},{"type":"Feature","properties":{"kind":"station","name":"Лесково","major":true},"geometry":{"type":"Point","coordinates":[21.94195,44.31682]}},{"type":"Feature","properties":{"kind":"station","name":"Мајданпек","major":false},"geometry":{"type":"Point","coordinates":[21.88926,44.3819]}},{"type":"Feature","properties":{"kind":"station","name":"Мала Иванча","major":false},"geometry":{"type":"Point","coordinates":[20.61488,44.57729]}},{"type":"Feature","properties":{"kind":"station","name":"Касаповац","major":false},"geometry":{"type":"Point","coordinates":[20.57602,44.64655]}},{"type":"Feature","properties":{"kind":"station","name":"Сопот Космајски","major":false},"geometry":{"type":"Point","coordinates":[20.6116,44.52379]}},{"type":"Feature","properties":{"kind":"station","name":"Драгобраћа","major":false},"geometry":{"type":"Point","coordinates":[20.82055,43.97321]}},{"type":"Feature","properties":{"kind":"station","name":"Томића брдо","major":false},"geometry":{"type":"Point","coordinates":[20.78783,43.80506]}},{"type":"Feature","properties":{"kind":"station","name":"Буковче","major":false},"geometry":{"type":"Point","coordinates":[21.23208,44.00822]}},{"type":"Feature","properties":{"kind":"station","name":"Димитровград","major":true},"geometry":{"type":"Point","coordinates":[22.76488,43.01113]}},{"type":"Feature","properties":{"kind":"station","name":"Стиг","major":true},"geometry":{"type":"Point","coordinates":[21.31477,44.67263]}},{"type":"Feature","properties":{"kind":"station","name":"Чешљева Бара","major":true},"geometry":{"type":"Point","coordinates":[21.48992,44.62413]}},{"type":"Feature","properties":{"kind":"station","name":"Раброво-Клење","major":true},"geometry":{"type":"Point","coordinates":[21.51355,44.59602]}},{"type":"Feature","properties":{"kind":"station","name":"Мустапић","major":false},"geometry":{"type":"Point","coordinates":[21.55161,44.55302]}},{"type":"Feature","properties":{"kind":"station","name":"Звижд","major":true},"geometry":{"type":"Point","coordinates":[21.59457,44.53156]}},{"type":"Feature","properties":{"kind":"station","name":"Кучевска Турија","major":false},"geometry":{"type":"Point","coordinates":[21.63905,44.52114]}},{"type":"Feature","properties":{"kind":"station","name":"Каона","major":true},"geometry":{"type":"Point","coordinates":[21.63519,44.48913]}},{"type":"Feature","properties":{"kind":"station","name":"Кучево","major":true},"geometry":{"type":"Point","coordinates":[21.67529,44.47225]}},{"type":"Feature","properties":{"kind":"station","name":"Бродица","major":true},"geometry":{"type":"Point","coordinates":[21.82163,44.48408]}},{"type":"Feature","properties":{"kind":"station","name":"Врбница","major":false},"geometry":{"type":"Point","coordinates":[19.78134,43.15476]}},{"type":"Feature","properties":{"kind":"station","name":"Сремска Митровица","major":false},"geometry":{"type":"Point","coordinates":[19.6136,44.98246]}},{"type":"Feature","properties":{"kind":"station","name":"Ратина","major":true},"geometry":{"type":"Point","coordinates":[20.75245,43.71317]}},{"type":"Feature","properties":{"kind":"station","name":"Врба","major":false},"geometry":{"type":"Point","coordinates":[20.78443,43.69046]}},{"type":"Feature","properties":{"kind":"station","name":"Подунавци","major":false},"geometry":{"type":"Point","coordinates":[20.83416,43.6724]}},{"type":"Feature","properties":{"kind":"station","name":"Томинац","major":false},"geometry":{"type":"Point","coordinates":[20.85232,43.66085]}},{"type":"Feature","properties":{"kind":"station","name":"Почековина","major":true},"geometry":{"type":"Point","coordinates":[21.07591,43.59193]}},{"type":"Feature","properties":{"kind":"station","name":"Ваљево","major":false},"geometry":{"type":"Point","coordinates":[19.90719,44.2707]}},{"type":"Feature","properties":{"kind":"station","name":"Прибој","major":true},"geometry":{"type":"Point","coordinates":[19.52493,43.58189]}},{"type":"Feature","properties":{"kind":"station","name":"Параћин","major":false},"geometry":{"type":"Point","coordinates":[21.39881,43.86481]}},{"type":"Feature","properties":{"kind":"station","name":"Нови Сад","major":true},"geometry":{"type":"Point","coordinates":[19.82912,45.26584]}},{"type":"Feature","properties":{"kind":"station","name":"Dinamica","major":false},"geometry":{"type":"Point","coordinates":[22.61588,44.62352]}},{"type":"Feature","properties":{"kind":"station","name":"Гиље","major":false},"geometry":{"type":"Point","coordinates":[21.31777,43.95415]}},{"type":"Feature","properties":{"kind":"station","name":"Сува Морава","major":false},"geometry":{"type":"Point","coordinates":[22.05051,42.67461]}},{"type":"Feature","properties":{"kind":"station","name":"Панчево варош","major":true},"geometry":{"type":"Point","coordinates":[20.66055,44.87903]}},{"type":"Feature","properties":{"kind":"station","name":"Панчево главна","major":true},"geometry":{"type":"Point","coordinates":[20.63741,44.88749]}},{"type":"Feature","properties":{"kind":"station","name":"Панчево Стрелиште","major":false},"geometry":{"type":"Point","coordinates":[20.66611,44.86983]}},{"type":"Feature","properties":{"kind":"station","name":"Табановце","major":true},"geometry":{"type":"Point","coordinates":[21.69766,42.22705]}},{"type":"Feature","properties":{"kind":"station","name":"Оџаци","major":false},"geometry":{"type":"Point","coordinates":[19.27375,45.51441]}},{"type":"Feature","properties":{"kind":"station","name":"Качарево","major":true},"geometry":{"type":"Point","coordinates":[20.68907,44.96506]}},{"type":"Feature","properties":{"kind":"station","name":"Овча","major":true},"geometry":{"type":"Point","coordinates":[20.54454,44.87552]}},{"type":"Feature","properties":{"kind":"station","name":"Зајечар","major":false},"geometry":{"type":"Point","coordinates":[22.27306,43.90505]}},{"type":"Feature","properties":{"kind":"station","name":"Црвени Крст","major":true},"geometry":{"type":"Point","coordinates":[21.88147,43.3324]}},{"type":"Feature","properties":{"kind":"station","name":"Tabakovac","major":false},"geometry":{"type":"Point","coordinates":[22.41392,44.05771]}},{"type":"Feature","properties":{"kind":"station","name":"Драгачево","major":false},"geometry":{"type":"Point","coordinates":[20.11443,43.88065]}},{"type":"Feature","properties":{"kind":"station","name":"Радов Дол","major":false},"geometry":{"type":"Point","coordinates":[22.18438,43.30514]}},{"type":"Feature","properties":{"kind":"station","name":"Стопања","major":true},"geometry":{"type":"Point","coordinates":[21.15333,43.57715]}},{"type":"Feature","properties":{"kind":"station","name":"Бор теретна","major":true},"geometry":{"type":"Point","coordinates":[22.12521,44.05996]}},{"type":"Feature","properties":{"kind":"station","name":"Ђурђево Поље","major":false},"geometry":{"type":"Point","coordinates":[22.45848,43.23112]}},{"type":"Feature","properties":{"kind":"station","name":"Гиље","major":false},"geometry":{"type":"Point","coordinates":[21.31773,43.95419]}},{"type":"Feature","properties":{"kind":"station","name":"Параћин","major":false},"geometry":{"type":"Point","coordinates":[21.39888,43.86481]}},{"type":"Feature","properties":{"kind":"station","name":"Земунско поље","major":false},"geometry":{"type":"Point","coordinates":[20.33473,44.85781]}},{"type":"Feature","properties":{"kind":"station","name":"Багрдан","major":false},"geometry":{"type":"Point","coordinates":[21.18021,44.08318]}},{"type":"Feature","properties":{"kind":"station","name":"Марковац","major":false},"geometry":{"type":"Point","coordinates":[21.09643,44.23912]}},{"type":"Feature","properties":{"kind":"station","name":"Марковац","major":false},"geometry":{"type":"Point","coordinates":[21.09649,44.23911]}},{"type":"Feature","properties":{"kind":"station","name":"Доњи Љубеш","major":false},"geometry":{"type":"Point","coordinates":[21.5709,43.57846]}},{"type":"Feature","properties":{"kind":"station","name":"Доњи Љубеш","major":false},"geometry":{"type":"Point","coordinates":[21.57097,43.57847]}},{"type":"Feature","properties":{"kind":"station","name":"Бабин Поток","major":false},"geometry":{"type":"Point","coordinates":[21.63189,43.22254]}},{"type":"Feature","properties":{"kind":"station","name":"Мердаре","major":false},"geometry":{"type":"Point","coordinates":[21.26289,42.94753]}},{"type":"Feature","properties":{"kind":"station","name":"Дедина","major":true},"geometry":{"type":"Point","coordinates":[21.35345,43.59258]}},{"type":"Feature","properties":{"kind":"station","name":"Крњача мост","major":false},"geometry":{"type":"Point","coordinates":[20.49793,44.8408]}},{"type":"Feature","properties":{"kind":"station","name":"Грејач","major":false},"geometry":{"type":"Point","coordinates":[21.74779,43.4225]}},{"type":"Feature","properties":{"kind":"station","name":"Голубинци","major":true},"geometry":{"type":"Point","coordinates":[20.05153,45.01622]}},{"type":"Feature","properties":{"kind":"station","name":"Лозница","major":true},"geometry":{"type":"Point","coordinates":[19.21617,44.53549]}},{"type":"Feature","properties":{"kind":"station","name":"Јадарска Стража","major":false},"geometry":{"type":"Point","coordinates":[19.30393,44.62433]}},{"type":"Feature","properties":{"kind":"station","name":"Лешница","major":true},"geometry":{"type":"Point","coordinates":[19.3212,44.65653]}},{"type":"Feature","properties":{"kind":"station","name":"Подрињско Ново Село","major":false},"geometry":{"type":"Point","coordinates":[19.34217,44.67332]}},{"type":"Feature","properties":{"kind":"station","name":"Прњавор Мачвански","major":true},"geometry":{"type":"Point","coordinates":[19.37702,44.69653]}},{"type":"Feature","properties":{"kind":"station","name":"Петловача","major":true},"geometry":{"type":"Point","coordinates":[19.44817,44.72854]}},{"type":"Feature","properties":{"kind":"station","name":"Дубље Мачванско","major":false},"geometry":{"type":"Point","coordinates":[19.5355,44.75655]}},{"type":"Feature","properties":{"kind":"station","name":"Штитар","major":true},"geometry":{"type":"Point","coordinates":[19.61027,44.78021]}},{"type":"Feature","properties":{"kind":"station","name":"Кнежевац","major":false},"geometry":{"type":"Point","coordinates":[20.43124,44.73165]}},{"type":"Feature","properties":{"kind":"station","name":"Кијево","major":false},"geometry":{"type":"Point","coordinates":[20.43694,44.72337]}},{"type":"Feature","properties":{"kind":"station","name":"Београд центар","major":true},"geometry":{"type":"Point","coordinates":[20.45313,44.79363]}},{"type":"Feature","properties":{"kind":"station","name":"Инђија","major":false},"geometry":{"type":"Point","coordinates":[20.09242,45.04855]}},{"type":"Feature","properties":{"kind":"station","name":"Инђија","major":false},"geometry":{"type":"Point","coordinates":[20.09259,45.04861]}},{"type":"Feature","properties":{"kind":"station","name":"Бешка","major":true},"geometry":{"type":"Point","coordinates":[20.04161,45.14094]}},{"type":"Feature","properties":{"kind":"station","name":"Град Сталаћ","major":false},"geometry":{"type":"Point","coordinates":[21.40452,43.67438]}},{"type":"Feature","properties":{"kind":"station","name":"Карађорђев парк","major":false},"geometry":{"type":"Point","coordinates":[20.46608,44.79382]}},{"type":"Feature","properties":{"kind":"station","name":"Карађорђев парк","major":false},"geometry":{"type":"Point","coordinates":[20.46597,44.79388]}},{"type":"Feature","properties":{"kind":"station","name":"Овча","major":false},"geometry":{"type":"Point","coordinates":[20.54453,44.87556]}},{"type":"Feature","properties":{"kind":"station","name":"Крњача","major":false},"geometry":{"type":"Point","coordinates":[20.50539,44.84803]}},{"type":"Feature","properties":{"kind":"station","name":"Крњача","major":false},"geometry":{"type":"Point","coordinates":[20.50556,44.84795]}},{"type":"Feature","properties":{"kind":"station","name":"Крњача мост","major":false},"geometry":{"type":"Point","coordinates":[20.49789,44.84085]}},{"type":"Feature","properties":{"kind":"station","name":"Крњача мост","major":false},"geometry":{"type":"Point","coordinates":[20.498,44.84079]}},{"type":"Feature","properties":{"kind":"station","name":"Панчевачки мост","major":false},"geometry":{"type":"Point","coordinates":[20.49032,44.81989]}},{"type":"Feature","properties":{"kind":"station","name":"Панчевачки мост","major":false},"geometry":{"type":"Point","coordinates":[20.49044,44.82016]}},{"type":"Feature","properties":{"kind":"station","name":"Нови Београд","major":false},"geometry":{"type":"Point","coordinates":[20.41788,44.80686]}},{"type":"Feature","properties":{"kind":"station","name":"Батајница","major":false},"geometry":{"type":"Point","coordinates":[20.27178,44.89906]}},{"type":"Feature","properties":{"kind":"station","name":"Земунско поље","major":false},"geometry":{"type":"Point","coordinates":[20.33464,44.85774]}},{"type":"Feature","properties":{"kind":"station","name":"Ћићевац","major":true},"geometry":{"type":"Point","coordinates":[21.43812,43.72043]}},{"type":"Feature","properties":{"kind":"station","name":"Лукићево","major":true},"geometry":{"type":"Point","coordinates":[20.4951,45.33297]}},{"type":"Feature","properties":{"kind":"station","name":"Нересница","major":true},"geometry":{"type":"Point","coordinates":[21.73969,44.46703]}},{"type":"Feature","properties":{"kind":"station","name":"Лучина","major":false},"geometry":{"type":"Point","coordinates":[21.43,43.70277]}},{"type":"Feature","properties":{"kind":"station","name":"Осипаоница стајалиште","major":false},"geometry":{"type":"Point","coordinates":[21.04539,44.54462]}},{"type":"Feature","properties":{"kind":"station","name":"Краљевци","major":false},"geometry":{"type":"Point","coordinates":[19.88749,44.98438]}},{"type":"Feature","properties":{"kind":"station","name":"Топлица Милан","major":false},"geometry":{"type":"Point","coordinates":[21.38066,43.21771]}},{"type":"Feature","properties":{"kind":"station","name":"Горња Драгања","major":false},"geometry":{"type":"Point","coordinates":[21.56165,43.22863]}},{"type":"Feature","properties":{"kind":"station","name":"Гугаљ","major":false},"geometry":{"type":"Point","coordinates":[20.09798,43.86632]}},{"type":"Feature","properties":{"kind":"station","name":"Мрзеница","major":false},"geometry":{"type":"Point","coordinates":[21.38521,43.65721]}},{"type":"Feature","properties":{"kind":"station","name":"Читлук","major":false},"geometry":{"type":"Point","coordinates":[21.26994,43.59069]}},{"type":"Feature","properties":{"kind":"station","name":"Београд центар","major":false},"geometry":{"type":"Point","coordinates":[20.45293,44.7934]}},{"type":"Feature","properties":{"kind":"station","name":"Београд центар","major":false},"geometry":{"type":"Point","coordinates":[20.45296,44.79344]}},{"type":"Feature","properties":{"kind":"station","name":"Београд центар","major":false},"geometry":{"type":"Point","coordinates":[20.45304,44.79358]}},{"type":"Feature","properties":{"kind":"station","name":"Београд центар","major":false},"geometry":{"type":"Point","coordinates":[20.45313,44.79367]}},{"type":"Feature","properties":{"kind":"station","name":"Београд центар","major":false},"geometry":{"type":"Point","coordinates":[20.45317,44.79372]}},{"type":"Feature","properties":{"kind":"station","name":"Београд центар","major":false},"geometry":{"type":"Point","coordinates":[20.45327,44.79385]}},{"type":"Feature","properties":{"kind":"station","name":"Гиље","major":false},"geometry":{"type":"Point","coordinates":[21.31779,43.95417]}},{"type":"Feature","properties":{"kind":"station","name":"Сикирица-Ратари","major":false},"geometry":{"type":"Point","coordinates":[21.422,43.7917]}},{"type":"Feature","properties":{"kind":"station","name":"Сикирица-Ратари","major":false},"geometry":{"type":"Point","coordinates":[21.42206,43.79171]}},{"type":"Feature","properties":{"kind":"station","name":"Горња Ковиљача","major":false},"geometry":{"type":"Point","coordinates":[19.13662,44.48979]}},{"type":"Feature","properties":{"kind":"station","name":"Врањска Бања","major":true},"geometry":{"type":"Point","coordinates":[21.98266,42.56868]}},{"type":"Feature","properties":{"kind":"station","name":"Стопања","major":false},"geometry":{"type":"Point","coordinates":[21.15333,43.57713]}},{"type":"Feature","properties":{"kind":"station","name":"Бадњевац","major":false},"geometry":{"type":"Point","coordinates":[20.9802,44.12998]}},{"type":"Feature","properties":{"kind":"station","name":"Владимировац","major":true},"geometry":{"type":"Point","coordinates":[20.89274,45.03144]}},{"type":"Feature","properties":{"kind":"station","name":"Бела Паланка","major":false},"geometry":{"type":"Point","coordinates":[22.31765,43.2217]}},{"type":"Feature","properties":{"kind":"station","name":"Бачки Петровац - Гложан","major":true},"geometry":{"type":"Point","coordinates":[19.58205,45.32899]}},{"type":"Feature","properties":{"kind":"station","name":"Банатско Милошево","major":false},"geometry":{"type":"Point","coordinates":[20.32023,45.72626]}},{"type":"Feature","properties":{"kind":"station","name":"Зворник","major":false},"geometry":{"type":"Point","coordinates":[19.12154,44.40024]}},{"type":"Feature","properties":{"kind":"station","name":"Чачак","major":false},"geometry":{"type":"Point","coordinates":[20.35633,43.89001]}},{"type":"Feature","properties":{"kind":"station","name":"Ћуприја","major":false},"geometry":{"type":"Point","coordinates":[21.36549,43.91629]}},{"type":"Feature","properties":{"kind":"station","name":"Jidoștița h","major":false},"geometry":{"type":"Point","coordinates":[22.53382,44.67556]}},{"type":"Feature","properties":{"kind":"station","name":"Ужице теретна","major":false},"geometry":{"type":"Point","coordinates":[19.85838,43.84671]}},{"type":"Feature","properties":{"kind":"station","name":"Gura Văii","major":false},"geometry":{"type":"Point","coordinates":[22.56044,44.66012]}},{"type":"Feature","properties":{"kind":"station","name":"Клење","major":false},"geometry":{"type":"Point","coordinates":[20.53279,44.64173]}},{"type":"Feature","properties":{"kind":"station","name":"Клење","major":false},"geometry":{"type":"Point","coordinates":[20.53285,44.64172]}},{"type":"Feature","properties":{"kind":"station","name":"Клење","major":false},"geometry":{"type":"Point","coordinates":[20.53292,44.64172]}},{"type":"Feature","properties":{"kind":"station","name":"Косјерић","major":false},"geometry":{"type":"Point","coordinates":[19.91897,44.00041]}},{"type":"Feature","properties":{"kind":"station","name":"Кобишница","major":false},"geometry":{"type":"Point","coordinates":[22.58725,44.18907]}},{"type":"Feature","properties":{"kind":"station","name":"Кусадак","major":false},"geometry":{"type":"Point","coordinates":[20.82888,44.37598]}},{"type":"Feature","properties":{"kind":"station","name":"Прибојска Бања","major":false},"geometry":{"type":"Point","coordinates":[19.57115,43.52931]}},{"type":"Feature","properties":{"kind":"station","name":"Батајница","major":true},"geometry":{"type":"Point","coordinates":[20.27185,44.89907]}},{"type":"Feature","properties":{"kind":"station","name":"Нови Београд","major":true},"geometry":{"type":"Point","coordinates":[20.41785,44.80692]}},{"type":"Feature","properties":{"kind":"station","name":"Вуков споменик","major":false},"geometry":{"type":"Point","coordinates":[20.47764,44.80515]}},{"type":"Feature","properties":{"kind":"station","name":"Тошин бунар","major":false},"geometry":{"type":"Point","coordinates":[20.39726,44.81635]}},{"type":"Feature","properties":{"kind":"station","name":"Смедерево","major":true},"geometry":{"type":"Point","coordinates":[20.92688,44.6678]}},{"type":"Feature","properties":{"kind":"station","name":"Словац","major":false},"geometry":{"type":"Point","coordinates":[20.09326,44.34716]}},{"type":"Feature","properties":{"kind":"station","name":"Сопот Космајски","major":false},"geometry":{"type":"Point","coordinates":[20.61157,44.52375]}},{"type":"Feature","properties":{"kind":"station","name":"Стиг","major":false},"geometry":{"type":"Point","coordinates":[21.31478,44.67271]}},{"type":"Feature","properties":{"kind":"station","name":"Tabakovac","major":false},"geometry":{"type":"Point","coordinates":[22.41423,44.05751]}},{"type":"Feature","properties":{"kind":"station","name":"Табаковац","major":true},"geometry":{"type":"Point","coordinates":[22.41402,44.05764]}},{"type":"Feature","properties":{"kind":"station","name":"Влашко Поље","major":true},"geometry":{"type":"Point","coordinates":[20.66035,44.48058]}},{"type":"Feature","properties":{"kind":"station","name":"Железничка Станица Вршац","major":true},"geometry":{"type":"Point","coordinates":[21.28317,45.10574]}},{"type":"Feature","properties":{"kind":"station","name":"Вршац","major":false},"geometry":{"type":"Point","coordinates":[21.28353,45.10578]}},{"type":"Feature","properties":{"kind":"station","name":"Врчин","major":false},"geometry":{"type":"Point","coordinates":[20.5823,44.67142]}},{"type":"Feature","properties":{"kind":"station","name":"Тошин бунар","major":false},"geometry":{"type":"Point","coordinates":[20.39724,44.81635]}},{"type":"Feature","properties":{"kind":"station","name":"Сврљиг","major":true},"geometry":{"type":"Point","coordinates":[22.11811,43.41432]}},{"type":"Feature","properties":{"kind":"station","name":"Палилула","major":false},"geometry":{"type":"Point","coordinates":[22.11114,43.48921]}},{"type":"Feature","properties":{"kind":"station","name":"Самари","major":true},"geometry":{"type":"Point","coordinates":[19.85788,44.12348]}},{"type":"Feature","properties":{"kind":"station","name":"Нишевац","major":false},"geometry":{"type":"Point","coordinates":[22.10254,43.45858]}},{"type":"Feature","properties":{"kind":"station","name":"Ужице","major":false},"geometry":{"type":"Point","coordinates":[19.83966,43.85335]}},{"type":"Feature","properties":{"kind":"station","name":"Ужице","major":false},"geometry":{"type":"Point","coordinates":[19.83971,43.85343]}},{"type":"Feature","properties":{"kind":"station","name":"Ужице","major":false},"geometry":{"type":"Point","coordinates":[19.83974,43.85348]}},{"type":"Feature","properties":{"kind":"station","name":"Елемир","major":false},"geometry":{"type":"Point","coordinates":[20.31123,45.43729]}},{"type":"Feature","properties":{"kind":"station","name":"Лесковац Колубарски","major":false},"geometry":{"type":"Point","coordinates":[20.34224,44.50844]}},{"type":"Feature","properties":{"kind":"station","name":"Младеновац","major":false},"geometry":{"type":"Point","coordinates":[20.69125,44.44018]}},{"type":"Feature","properties":{"kind":"station","name":"Младеновац","major":false},"geometry":{"type":"Point","coordinates":[20.69131,44.44019]}},{"type":"Feature","properties":{"kind":"station","name":"Камендин","major":false},"geometry":{"type":"Point","coordinates":[20.32059,44.86719]}},{"type":"Feature","properties":{"kind":"station","name":"Алтина","major":false},"geometry":{"type":"Point","coordinates":[20.34585,44.85031]}},{"type":"Feature","properties":{"kind":"station","name":"Младеновац","major":true},"geometry":{"type":"Point","coordinates":[20.69127,44.4402]}},{"type":"Feature","properties":{"kind":"station","name":"Алтина","major":false},"geometry":{"type":"Point","coordinates":[20.34555,44.8502]}},{"type":"Feature","properties":{"kind":"station","name":"Земунско поље","major":true},"geometry":{"type":"Point","coordinates":[20.33469,44.85777]}},{"type":"Feature","properties":{"kind":"station","name":"Земунско поље","major":false},"geometry":{"type":"Point","coordinates":[20.33433,44.85814]}},{"type":"Feature","properties":{"kind":"station","name":"Камендин","major":false},"geometry":{"type":"Point","coordinates":[20.32055,44.8672]}},{"type":"Feature","properties":{"kind":"station","name":"Камендин","major":false},"geometry":{"type":"Point","coordinates":[20.32058,44.86722]}},{"type":"Feature","properties":{"kind":"station","name":"Банатско Велико Село","major":true},"geometry":{"type":"Point","coordinates":[20.61562,45.80935]}},{"type":"Feature","properties":{"kind":"station","name":"Раковица","major":true},"geometry":{"type":"Point","coordinates":[20.44295,44.74665]}},{"type":"Feature","properties":{"kind":"station","name":"Ресник","major":true},"geometry":{"type":"Point","coordinates":[20.44842,44.70445]}},{"type":"Feature","properties":{"kind":"station","name":"Земунско поље","major":false},"geometry":{"type":"Point","coordinates":[20.33422,44.85798]}},{"type":"Feature","properties":{"kind":"station","name":"Земун","major":false},"geometry":{"type":"Point","coordinates":[20.37161,44.83648]}},{"type":"Feature","properties":{"kind":"station","name":"Земун","major":false},"geometry":{"type":"Point","coordinates":[20.37188,44.83697]}},{"type":"Feature","properties":{"kind":"station","name":"Земун","major":false},"geometry":{"type":"Point","coordinates":[20.37182,44.83685]}},{"type":"Feature","properties":{"kind":"station","name":"Земун","major":false},"geometry":{"type":"Point","coordinates":[20.37177,44.83677]}},{"type":"Feature","properties":{"kind":"station","name":"Земун","major":false},"geometry":{"type":"Point","coordinates":[20.37172,44.83668]}},{"type":"Feature","properties":{"kind":"station","name":"Инђија","major":true},"geometry":{"type":"Point","coordinates":[20.09248,45.04871]}},{"type":"Feature","properties":{"kind":"station","name":"Нова Пазова","major":false},"geometry":{"type":"Point","coordinates":[20.21046,44.93748]}},{"type":"Feature","properties":{"kind":"station","name":"Стара Пазова","major":false},"geometry":{"type":"Point","coordinates":[20.13762,44.98665]}},{"type":"Feature","properties":{"kind":"station","name":"Лукићево","major":false},"geometry":{"type":"Point","coordinates":[20.49508,45.33296]}},{"type":"Feature","properties":{"kind":"station","name":"Врбас Нова","major":true},"geometry":{"type":"Point","coordinates":[19.629,45.5544]}},{"type":"Feature","properties":{"kind":"station","name":"Хоргош","major":true},"geometry":{"type":"Point","coordinates":[19.95779,46.15583]}},{"type":"Feature","properties":{"kind":"station","name":"Зрењанин","major":true},"geometry":{"type":"Point","coordinates":[20.37898,45.37804]}},{"type":"Feature","properties":{"kind":"station","name":"Стара Пазова","major":true},"geometry":{"type":"Point","coordinates":[20.13744,44.98661]}},{"type":"Feature","properties":{"kind":"station","name":"4. Kolosek","major":false},"geometry":{"type":"Point","coordinates":[19.22166,45.11749]}},{"type":"Feature","properties":{"kind":"station","name":"Раковица","major":false},"geometry":{"type":"Point","coordinates":[20.44299,44.74666]}},{"type":"Feature","properties":{"kind":"station","name":"Раковица","major":false},"geometry":{"type":"Point","coordinates":[20.44287,44.74669]}},{"type":"Feature","properties":{"kind":"station","name":"Раковица","major":false},"geometry":{"type":"Point","coordinates":[20.44316,44.7466]}},{"type":"Feature","properties":{"kind":"station","name":"Ресник","major":false},"geometry":{"type":"Point","coordinates":[20.44869,44.7042]}},{"type":"Feature","properties":{"kind":"station","name":"Јајинци","major":true},"geometry":{"type":"Point","coordinates":[20.45711,44.72173]}},{"type":"Feature","properties":{"kind":"station","name":"Паланка","major":false},"geometry":{"type":"Point","coordinates":[20.95973,44.36285]}},{"type":"Feature","properties":{"kind":"station","name":"Велика Плана","major":false},"geometry":{"type":"Point","coordinates":[21.08263,44.32517]}},{"type":"Feature","properties":{"kind":"station","name":"Велика Плана","major":false},"geometry":{"type":"Point","coordinates":[21.08257,44.32516]}},{"type":"Feature","properties":{"kind":"station","name":"Марковац","major":false},"geometry":{"type":"Point","coordinates":[21.09637,44.23911]}},{"type":"Feature","properties":{"kind":"station","name":"Багрдан","major":false},"geometry":{"type":"Point","coordinates":[21.18012,44.08313]}},{"type":"Feature","properties":{"kind":"station","name":"Ћуприја","major":true},"geometry":{"type":"Point","coordinates":[21.36536,43.91629]}},{"type":"Feature","properties":{"kind":"station","name":"Сталаћ","major":false},"geometry":{"type":"Point","coordinates":[21.41489,43.68226]}},{"type":"Feature","properties":{"kind":"station","name":"Сталаћ","major":false},"geometry":{"type":"Point","coordinates":[21.41502,43.68223]}},{"type":"Feature","properties":{"kind":"station","name":"Јагодина","major":false},"geometry":{"type":"Point","coordinates":[21.26341,43.98231]}},{"type":"Feature","properties":{"kind":"station","name":"Грејач","major":false},"geometry":{"type":"Point","coordinates":[21.74785,43.42251]}},{"type":"Feature","properties":{"kind":"station","name":"Ниш","major":false},"geometry":{"type":"Point","coordinates":[21.8773,43.3166]}},{"type":"Feature","properties":{"kind":"station","name":"Ниш","major":false},"geometry":{"type":"Point","coordinates":[21.8773,43.31651]}},{"type":"Feature","properties":{"kind":"station","name":"Ниш","major":false},"geometry":{"type":"Point","coordinates":[21.87731,43.31646]}},{"type":"Feature","properties":{"kind":"station","name":"Ниш","major":false},"geometry":{"type":"Point","coordinates":[21.8773,43.31666]}},{"type":"Feature","properties":{"kind":"station","name":"Палилулска рампа","major":false},"geometry":{"type":"Point","coordinates":[21.89765,43.31306]}},{"type":"Feature","properties":{"kind":"station","name":"Букаревац","major":false},"geometry":{"type":"Point","coordinates":[21.70635,42.34473]}},{"type":"Feature","properties":{"kind":"station","name":"Врчин","major":false},"geometry":{"type":"Point","coordinates":[20.58225,44.67143]}},{"type":"Feature","properties":{"kind":"station","name":"Нишка Бања","major":false},"geometry":{"type":"Point","coordinates":[22.00407,43.30055]}},{"type":"Feature","properties":{"kind":"station","name":"Островица","major":false},"geometry":{"type":"Point","coordinates":[22.11835,43.33315]}},{"type":"Feature","properties":{"kind":"station","name":"Бела Паланка","major":true},"geometry":{"type":"Point","coordinates":[22.31762,43.22166]}},{"type":"Feature","properties":{"kind":"station","name":"Димитровград","major":false},"geometry":{"type":"Point","coordinates":[22.76495,43.01119]}},{"type":"Feature","properties":{"kind":"station","name":"Крњача","major":true},"geometry":{"type":"Point","coordinates":[20.50548,44.84797]}},{"type":"Feature","properties":{"kind":"station","name":"Панчево главна","major":false},"geometry":{"type":"Point","coordinates":[20.63742,44.88753]}},{"type":"Feature","properties":{"kind":"station","name":"Панчево варош","major":false},"geometry":{"type":"Point","coordinates":[20.66055,44.87902]}},{"type":"Feature","properties":{"kind":"station","name":"Панчево варош","major":false},"geometry":{"type":"Point","coordinates":[20.66059,44.87905]}},{"type":"Feature","properties":{"kind":"station","name":"Мајур","major":false},"geometry":{"type":"Point","coordinates":[19.6557,44.77183]}},{"type":"Feature","properties":{"kind":"station","name":"Тошин бунар","major":false},"geometry":{"type":"Point","coordinates":[20.39727,44.81638]}},{"type":"Feature","properties":{"kind":"station","name":"Нови Сад","major":false},"geometry":{"type":"Point","coordinates":[19.82913,45.26579]}},{"type":"Feature","properties":{"kind":"station","name":"Нова Пазова","major":false},"geometry":{"type":"Point","coordinates":[20.20984,44.93771]}},{"type":"Feature","properties":{"kind":"station","name":"Трупале","major":false},"geometry":{"type":"Point","coordinates":[21.8191,43.35737]}},{"type":"Feature","properties":{"kind":"station","name":"Трупале","major":false},"geometry":{"type":"Point","coordinates":[21.81915,43.35739]}},{"type":"Feature","properties":{"kind":"station","name":"Трупале","major":false},"geometry":{"type":"Point","coordinates":[21.81921,43.3574]}},{"type":"Feature","properties":{"kind":"station","name":"Трупале","major":false},"geometry":{"type":"Point","coordinates":[21.81927,43.35742]}},{"type":"Feature","properties":{"kind":"station","name":"Црвени Крст","major":false},"geometry":{"type":"Point","coordinates":[21.88096,43.33267]}},{"type":"Feature","properties":{"kind":"station","name":"Мезграја","major":false},"geometry":{"type":"Point","coordinates":[21.78026,43.39245]}},{"type":"Feature","properties":{"kind":"station","name":"Мезграја","major":false},"geometry":{"type":"Point","coordinates":[21.78028,43.39251]}},{"type":"Feature","properties":{"kind":"station","name":"Вртиште","major":false},"geometry":{"type":"Point","coordinates":[21.80847,43.37519]}},{"type":"Feature","properties":{"kind":"station","name":"Вртиште","major":false},"geometry":{"type":"Point","coordinates":[21.80854,43.3752]}},{"type":"Feature","properties":{"kind":"station","name":"Суповачки мост","major":false},"geometry":{"type":"Point","coordinates":[21.76623,43.39629]}},{"type":"Feature","properties":{"kind":"station","name":"Суповачки мост","major":false},"geometry":{"type":"Point","coordinates":[21.76617,43.39625]}},{"type":"Feature","properties":{"kind":"station","name":"Адровац","major":false},"geometry":{"type":"Point","coordinates":[21.65346,43.52156]}},{"type":"Feature","properties":{"kind":"station","name":"Алексинац","major":false},"geometry":{"type":"Point","coordinates":[21.69352,43.50807]}},{"type":"Feature","properties":{"kind":"station","name":"Алексинац","major":false},"geometry":{"type":"Point","coordinates":[21.69357,43.5081]}},{"type":"Feature","properties":{"kind":"station","name":"Нозрина","major":false},"geometry":{"type":"Point","coordinates":[21.71332,43.48231]}},{"type":"Feature","properties":{"kind":"station","name":"Нозрина","major":false},"geometry":{"type":"Point","coordinates":[21.71327,43.4823]}},{"type":"Feature","properties":{"kind":"station","name":"Лужане","major":false},"geometry":{"type":"Point","coordinates":[21.72025,43.47173]}},{"type":"Feature","properties":{"kind":"station","name":"Лужане","major":false},"geometry":{"type":"Point","coordinates":[21.72031,43.47175]}},{"type":"Feature","properties":{"kind":"station","name":"Тешица","major":false},"geometry":{"type":"Point","coordinates":[21.73674,43.44422]}},{"type":"Feature","properties":{"kind":"station","name":"Тешица","major":false},"geometry":{"type":"Point","coordinates":[21.73679,43.44423]}},{"type":"Feature","properties":{"kind":"station","name":"Барајево","major":true},"geometry":{"type":"Point","coordinates":[20.42521,44.59394]}},{"type":"Feature","properties":{"kind":"station","name":"Лазаревац","major":false},"geometry":{"type":"Point","coordinates":[20.24542,44.38489]}},{"type":"Feature","properties":{"kind":"station","name":"Лајковац","major":false},"geometry":{"type":"Point","coordinates":[20.16425,44.36784]}},{"type":"Feature","properties":{"kind":"station","name":"Ваљево","major":false},"geometry":{"type":"Point","coordinates":[19.90723,44.27056]}},{"type":"Feature","properties":{"kind":"station","name":"Ваљево","major":false},"geometry":{"type":"Point","coordinates":[19.90721,44.27066]}},{"type":"Feature","properties":{"kind":"station","name":"Ваљево","major":true},"geometry":{"type":"Point","coordinates":[19.90723,44.2706]}},{"type":"Feature","properties":{"kind":"station","name":"Ластра","major":true},"geometry":{"type":"Point","coordinates":[19.88647,44.15631]}},{"type":"Feature","properties":{"kind":"station","name":"Самари","major":false},"geometry":{"type":"Point","coordinates":[19.85786,44.12348]}},{"type":"Feature","properties":{"kind":"station","name":"Косјерић","major":true},"geometry":{"type":"Point","coordinates":[19.91889,44.00043]}},{"type":"Feature","properties":{"kind":"station","name":"Каленић","major":false},"geometry":{"type":"Point","coordinates":[19.98954,43.92749]}},{"type":"Feature","properties":{"kind":"station","name":"Пожега","major":true},"geometry":{"type":"Point","coordinates":[20.02887,43.84041]}},{"type":"Feature","properties":{"kind":"station","name":"Ужице теретна","major":true},"geometry":{"type":"Point","coordinates":[19.85838,43.84673]}},{"type":"Feature","properties":{"kind":"station","name":"Пријепоље","major":true},"geometry":{"type":"Point","coordinates":[19.64003,43.39285]}},{"type":"Feature","properties":{"kind":"station","name":"Пријепоље теретна","major":true},"geometry":{"type":"Point","coordinates":[19.63348,43.36644]}},{"type":"Feature","properties":{"kind":"station","name":"Врбница","major":false},"geometry":{"type":"Point","coordinates":[19.78119,43.1551]}},{"type":"Feature","properties":{"kind":"station","name":"Меленци","major":true},"geometry":{"type":"Point","coordinates":[20.29765,45.50854]}},{"type":"Feature","properties":{"kind":"station","name":"Кумане","major":true},"geometry":{"type":"Point","coordinates":[20.23213,45.5483]}},{"type":"Feature","properties":{"kind":"station","name":"Банатско Милошево поље","major":true},"geometry":{"type":"Point","coordinates":[20.29583,45.69279]}},{"type":"Feature","properties":{"kind":"station","name":"Богараш","major":true},"geometry":{"type":"Point","coordinates":[19.92733,45.93514]}},{"type":"Feature","properties":{"kind":"station","name":"Долине","major":false},"geometry":{"type":"Point","coordinates":[19.87197,45.95808]}},{"type":"Feature","properties":{"kind":"station","name":"Ором","major":false},"geometry":{"type":"Point","coordinates":[19.83185,45.97812]}},{"type":"Feature","properties":{"kind":"station","name":"Зрењанин","major":false},"geometry":{"type":"Point","coordinates":[20.3789,45.37802]}},{"type":"Feature","properties":{"kind":"station","name":"Нови Бечеј","major":false},"geometry":{"type":"Point","coordinates":[20.15239,45.60382]}},{"type":"Feature","properties":{"kind":"station","name":"Бочар","major":false},"geometry":{"type":"Point","coordinates":[20.28548,45.7612]}},{"type":"Feature","properties":{"kind":"station","name":"Сопот Пожаревачки","major":false},"geometry":{"type":"Point","coordinates":[21.19382,44.63379]}},{"type":"Feature","properties":{"kind":"station","name":"Врбница","major":false},"geometry":{"type":"Point","coordinates":[19.78125,43.15513]}},{"type":"Feature","properties":{"kind":"station","name":"Бродарево","major":false},"geometry":{"type":"Point","coordinates":[19.72366,43.24383]}},{"type":"Feature","properties":{"kind":"station","name":"Пријепоље","major":false},"geometry":{"type":"Point","coordinates":[19.64005,43.39286]}},{"type":"Feature","properties":{"kind":"station","name":"Бистрица на Лиму","major":true},"geometry":{"type":"Point","coordinates":[19.64637,43.48321]}},{"type":"Feature","properties":{"kind":"station","name":"Панчево Стрелиште","major":false},"geometry":{"type":"Point","coordinates":[20.6661,44.86984]}},{"type":"Feature","properties":{"kind":"station","name":"Панчево Војловица","major":false},"geometry":{"type":"Point","coordinates":[20.65547,44.85924]}},{"type":"Feature","properties":{"kind":"station","name":"Вршац","major":false},"geometry":{"type":"Point","coordinates":[21.2834,45.10576]}},{"type":"Feature","properties":{"kind":"station","name":"Вршац","major":false},"geometry":{"type":"Point","coordinates":[21.28347,45.10577]}},{"type":"Feature","properties":{"kind":"station","name":"Влајковац","major":false},"geometry":{"type":"Point","coordinates":[21.2115,45.06643]}},{"type":"Feature","properties":{"kind":"station","name":"Уљма","major":false},"geometry":{"type":"Point","coordinates":[21.15544,45.05104]}},{"type":"Feature","properties":{"kind":"station","name":"Уљма","major":false},"geometry":{"type":"Point","coordinates":[21.15543,45.05109]}},{"type":"Feature","properties":{"kind":"station","name":"Николинци","major":false},"geometry":{"type":"Point","coordinates":[21.06622,45.06053]}},{"type":"Feature","properties":{"kind":"station","name":"Банатски Карловац","major":false},"geometry":{"type":"Point","coordinates":[21.01628,45.05582]}},{"type":"Feature","properties":{"kind":"station","name":"Алибунар","major":false},"geometry":{"type":"Point","coordinates":[20.95689,45.07313]}},{"type":"Feature","properties":{"kind":"station","name":"Алибунар","major":false},"geometry":{"type":"Point","coordinates":[20.95681,45.07307]}},{"type":"Feature","properties":{"kind":"station","name":"Алибунар","major":false},"geometry":{"type":"Point","coordinates":[20.95685,45.0731]}},{"type":"Feature","properties":{"kind":"station","name":"Владимировац","major":false},"geometry":{"type":"Point","coordinates":[20.89262,45.03147]}},{"type":"Feature","properties":{"kind":"station","name":"Владимировац","major":false},"geometry":{"type":"Point","coordinates":[20.89268,45.03148]}},{"type":"Feature","properties":{"kind":"station","name":"Владимировац","major":false},"geometry":{"type":"Point","coordinates":[20.89274,45.03148]}},{"type":"Feature","properties":{"kind":"station","name":"Банатско Ново Село","major":false},"geometry":{"type":"Point","coordinates":[20.7855,44.97627]}},{"type":"Feature","properties":{"kind":"station","name":"Банатско Ново Село","major":false},"geometry":{"type":"Point","coordinates":[20.78567,44.97628]}},{"type":"Feature","properties":{"kind":"station","name":"Црвени Крст","major":false},"geometry":{"type":"Point","coordinates":[21.88092,43.33264]}},{"type":"Feature","properties":{"kind":"station","name":"Ново Село","major":false},"geometry":{"type":"Point","coordinates":[21.0919,44.26232]}},{"type":"Feature","properties":{"kind":"station","name":"Ново Село","major":false},"geometry":{"type":"Point","coordinates":[21.0919,44.26198]}},{"type":"Feature","properties":{"kind":"station","name":"Лапово Варош","major":false},"geometry":{"type":"Point","coordinates":[21.10259,44.18658]}},{"type":"Feature","properties":{"kind":"station","name":"Лапово Варош","major":false},"geometry":{"type":"Point","coordinates":[21.10254,44.18657]}},{"type":"Feature","properties":{"kind":"station","name":"Кикинда","major":false},"geometry":{"type":"Point","coordinates":[20.48896,45.83806]}},{"type":"Feature","properties":{"kind":"station","name":"Заблаће","major":false},"geometry":{"type":"Point","coordinates":[20.4479,43.84403]}},{"type":"Feature","properties":{"kind":"station","name":"Чачак","major":true},"geometry":{"type":"Point","coordinates":[20.35616,43.88998]}},{"type":"Feature","properties":{"kind":"station","name":"Трстеник","major":true},"geometry":{"type":"Point","coordinates":[20.99763,43.61501]}},{"type":"Feature","properties":{"kind":"station","name":"Кошеви","major":false},"geometry":{"type":"Point","coordinates":[21.24738,43.58543]}},{"type":"Feature","properties":{"kind":"station","name":"Севојно","major":true},"geometry":{"type":"Point","coordinates":[19.9044,43.83784]}},{"type":"Feature","properties":{"kind":"station","name":"Трбушани","major":false},"geometry":{"type":"Point","coordinates":[20.31538,43.91]}},{"type":"Feature","properties":{"kind":"station","name":"Сремска Митровица","major":true},"geometry":{"type":"Point","coordinates":[19.61364,44.98242]}},{"type":"Feature","properties":{"kind":"station","name":"Хајдуково","major":false},"geometry":{"type":"Point","coordinates":[19.81033,46.11512]}},{"type":"Feature","properties":{"kind":"station","name":"Ковачица","major":true},"geometry":{"type":"Point","coordinates":[20.61082,45.1123]}},{"type":"Feature","properties":{"kind":"station","name":"Зрењанин фабрика","major":true},"geometry":{"type":"Point","coordinates":[20.42454,45.37122]}},{"type":"Feature","properties":{"kind":"station","name":"Нова Пазова","major":false},"geometry":{"type":"Point","coordinates":[20.20974,44.93763]}},{"type":"Feature","properties":{"kind":"station","name":"Стара Пазова","major":false},"geometry":{"type":"Point","coordinates":[20.13735,44.98659]}},{"type":"Feature","properties":{"kind":"station","name":"Стара Пазова","major":false},"geometry":{"type":"Point","coordinates":[20.13724,44.98657]}},{"type":"Feature","properties":{"kind":"station","name":"Голубинци","major":false},"geometry":{"type":"Point","coordinates":[20.05157,45.01622]}},{"type":"Feature","properties":{"kind":"station","name":"Голубинци","major":false},"geometry":{"type":"Point","coordinates":[20.05155,45.01626]}},{"type":"Feature","properties":{"kind":"station","name":"Путинци","major":false},"geometry":{"type":"Point","coordinates":[19.96628,44.98065]}},{"type":"Feature","properties":{"kind":"station","name":"Краљевци","major":false},"geometry":{"type":"Point","coordinates":[19.8875,44.9844]}},{"type":"Feature","properties":{"kind":"station","name":"Краљевци","major":false},"geometry":{"type":"Point","coordinates":[19.88749,44.98436]}},{"type":"Feature","properties":{"kind":"station","name":"Рума","major":false},"geometry":{"type":"Point","coordinates":[19.82698,44.98941]}},{"type":"Feature","properties":{"kind":"station","name":"Рума","major":false},"geometry":{"type":"Point","coordinates":[19.82698,44.98937]}},{"type":"Feature","properties":{"kind":"station","name":"Рума","major":false},"geometry":{"type":"Point","coordinates":[19.82697,44.98933]}},{"type":"Feature","properties":{"kind":"station","name":"Вогањ","major":false},"geometry":{"type":"Point","coordinates":[19.71841,44.98849]}},{"type":"Feature","properties":{"kind":"station","name":"Вогањ","major":false},"geometry":{"type":"Point","coordinates":[19.71841,44.98844]}},{"type":"Feature","properties":{"kind":"station","name":"Мартинци","major":false},"geometry":{"type":"Point","coordinates":[19.4683,45.02095]}},{"type":"Feature","properties":{"kind":"station","name":"Мартинци","major":false},"geometry":{"type":"Point","coordinates":[19.46832,45.02099]}},{"type":"Feature","properties":{"kind":"station","name":"Кукујевци - Ердевик","major":false},"geometry":{"type":"Point","coordinates":[19.34247,45.06238]}},{"type":"Feature","properties":{"kind":"station","name":"Елемир","major":true},"geometry":{"type":"Point","coordinates":[20.31115,45.43728]}},{"type":"Feature","properties":{"kind":"station","name":"Петроварадин","major":true},"geometry":{"type":"Point","coordinates":[19.88864,45.23975]}},{"type":"Feature","properties":{"kind":"station","name":"Крагујевац","major":true},"geometry":{"type":"Point","coordinates":[20.92843,44.01013]}},{"type":"Feature","properties":{"kind":"station","name":"Алибунар","major":true},"geometry":{"type":"Point","coordinates":[20.95686,45.07311]}},{"type":"Feature","properties":{"kind":"station","name":"Вранеши","major":false},"geometry":{"type":"Point","coordinates":[20.80549,43.68405]}},{"type":"Feature","properties":{"kind":"station","name":"Заграђе","major":true},"geometry":{"type":"Point","coordinates":[22.21384,44.03377]}},{"type":"Feature","properties":{"kind":"station","name":"Кобишница","major":true},"geometry":{"type":"Point","coordinates":[22.58746,44.18916]}},{"type":"Feature","properties":{"kind":"station","name":"Суботица јавна складишта","major":false},"geometry":{"type":"Point","coordinates":[19.69315,46.09371]}},{"type":"Feature","properties":{"kind":"station","name":"Богојево","major":false},"geometry":{"type":"Point","coordinates":[19.10394,45.54476]}},{"type":"Feature","properties":{"kind":"station","name":"Дивци","major":true},"geometry":{"type":"Point","coordinates":[20.02796,44.30035]}},{"type":"Feature","properties":{"kind":"station","name":"Кленак","major":false},"geometry":{"type":"Point","coordinates":[19.71448,44.78177]}},{"type":"Feature","properties":{"kind":"station","name":"Палић","major":false},"geometry":{"type":"Point","coordinates":[19.76331,46.10399]}},{"type":"Feature","properties":{"kind":"station","name":"Bački Vinogradi","major":false},"geometry":{"type":"Point","coordinates":[19.85684,46.12743]}},{"type":"Feature","properties":{"kind":"station","name":"Хоргош","major":false},"geometry":{"type":"Point","coordinates":[19.95779,46.15591]}},{"type":"Feature","properties":{"kind":"station","name":"Сингидунум","major":false},"geometry":{"type":"Point","coordinates":[20.26533,44.83943]}},{"type":"Feature","properties":{"kind":"station","name":"Аеродром Београд","major":false},"geometry":{"type":"Point","coordinates":[20.28711,44.81447]}},{"type":"Feature","properties":{"kind":"station","name":"Сурчин (нова)","major":false},"geometry":{"type":"Point","coordinates":[20.313,44.79648]}},{"type":"Feature","properties":{"kind":"station","name":"[Beograd Donji Grad]","major":true},"geometry":{"type":"Point","coordinates":[20.45815,44.82889]}},{"type":"Feature","properties":{"kind":"station","name":"Пријевор","major":false},"geometry":{"type":"Point","coordinates":[20.28227,43.90856]}},{"type":"Feature","properties":{"kind":"station","name":"Узићи","major":false},"geometry":{"type":"Point","coordinates":[19.98063,43.81211]}},{"type":"Feature","properties":{"kind":"station","name":"Бранешци","major":false},"geometry":{"type":"Point","coordinates":[19.68168,43.77923]}},{"type":"Feature","properties":{"kind":"station","name":"Сушица","major":false},"geometry":{"type":"Point","coordinates":[19.75293,43.78869]}},{"type":"Feature","properties":{"kind":"station","name":"Златибор","major":false},"geometry":{"type":"Point","coordinates":[19.61439,43.73504]}},{"type":"Feature","properties":{"kind":"station","name":"Ражана","major":false},"geometry":{"type":"Point","coordinates":[19.90869,44.06064]}},{"type":"Feature","properties":{"kind":"station","name":"Стапари","major":false},"geometry":{"type":"Point","coordinates":[19.76231,43.84569]}},{"type":"Feature","properties":{"kind":"station","name":"Ластра","major":false},"geometry":{"type":"Point","coordinates":[19.88644,44.15629]}},{"type":"Feature","properties":{"kind":"station","name":"Јабланица","major":false},"geometry":{"type":"Point","coordinates":[19.52042,43.70092]}},{"type":"Feature","properties":{"kind":"station","name":"Štrpci","major":false},"geometry":{"type":"Point","coordinates":[19.50328,43.63875]}},{"type":"Feature","properties":{"kind":"station","name":"Качарево","major":false},"geometry":{"type":"Point","coordinates":[20.68903,44.96506]}},{"type":"Feature","properties":{"kind":"station","name":"ТПС Нови Сад","major":false},"geometry":{"type":"Point","coordinates":[19.80479,45.27437]}},{"type":"Feature","properties":{"kind":"station","name":"Наумовићево","major":false},"geometry":{"type":"Point","coordinates":[19.68119,46.02357]}},{"type":"Feature","properties":{"kind":"station","name":"Нови Пазар","major":true},"geometry":{"type":"Point","coordinates":[20.52489,43.15284]}},{"type":"Feature","properties":{"kind":"station","name":"Вражогрнци","major":true},"geometry":{"type":"Point","coordinates":[20.54414,43.18966]}},{"type":"Feature","properties":{"kind":"station","name":"Пожежина","major":true},"geometry":{"type":"Point","coordinates":[20.55309,43.21686]}},{"type":"Feature","properties":{"kind":"station","name":"Батњик","major":true},"geometry":{"type":"Point","coordinates":[20.56925,43.22046]}},{"type":"Feature","properties":{"kind":"station","name":"Панојевиће","major":true},"geometry":{"type":"Point","coordinates":[20.58499,43.23866]}},{"type":"Feature","properties":{"kind":"station","name":"Драганићи","major":true},"geometry":{"type":"Point","coordinates":[20.59664,43.26797]}},{"type":"Feature","properties":{"kind":"station","name":"Супње","major":true},"geometry":{"type":"Point","coordinates":[20.60828,43.2754]}},{"type":"Feature","properties":{"kind":"station","name":"Нови Сад ранжирна","major":false},"geometry":{"type":"Point","coordinates":[19.81388,45.27091]}},{"type":"Feature","properties":{"kind":"station","name":"Собовица","major":true},"geometry":{"type":"Point","coordinates":[20.85668,44.11152]}},{"type":"Feature","properties":{"kind":"station","name":"Нови Милановац","major":true},"geometry":{"type":"Point","coordinates":[20.93313,44.0768]}},{"type":"Feature","properties":{"kind":"station","name":"Цветојевац","major":true},"geometry":{"type":"Point","coordinates":[20.9769,44.07252]}},{"type":"Feature","properties":{"kind":"station","name":"Сурчин (нова)","major":false},"geometry":{"type":"Point","coordinates":[20.31291,44.79648]}},{"type":"Feature","properties":{"kind":"station","name":"Сингидунум","major":false},"geometry":{"type":"Point","coordinates":[20.26526,44.83948]}},{"type":"Feature","properties":{"kind":"station","name":"Експо","major":false},"geometry":{"type":"Point","coordinates":[20.28533,44.77388]}},{"type":"Feature","properties":{"kind":"station","name":"Експо","major":false},"geometry":{"type":"Point","coordinates":[20.28524,44.77398]}},{"type":"Feature","properties":{"kind":"station","name":"Руменка","major":true},"geometry":{"type":"Point","coordinates":[19.77155,45.30892]}},{"type":"Feature","properties":{"kind":"station","name":"Шебешић","major":false},"geometry":{"type":"Point","coordinates":[19.59156,46.08598]}},{"type":"Feature","properties":{"kind":"station","name":"Ловћенац-Мали Иђош","major":true},"geometry":{"type":"Point","coordinates":[19.65069,45.69179]}},{"type":"Feature","properties":{"kind":"station","name":"Љубиње","major":true},"geometry":{"type":"Point","coordinates":[21.42693,44.62709]}},{"type":"Feature","properties":{"kind":"station","name":"Зајечар","major":false},"geometry":{"type":"Point","coordinates":[22.27304,43.9051]}},{"type":"Feature","properties":{"kind":"station","name":"Зајечар","major":false},"geometry":{"type":"Point","coordinates":[22.27307,43.90501]}},{"type":"Feature","properties":{"kind":"station","name":"Зајечар","major":false},"geometry":{"type":"Point","coordinates":[22.2731,43.90496]}},{"type":"Feature","properties":{"kind":"station","name":"Овча","major":false},"geometry":{"type":"Point","coordinates":[20.5446,44.87544]}},{"type":"Feature","properties":{"kind":"station","name":"Овча","major":false},"geometry":{"type":"Point","coordinates":[20.54465,44.87537]}},{"type":"Feature","properties":{"kind":"station","name":"Црепаја","major":false},"geometry":{"type":"Point","coordinates":[20.626,45.00538]}},{"type":"Feature","properties":{"kind":"station","name":"Дебељачв","major":false},"geometry":{"type":"Point","coordinates":[20.61327,45.07196]}},{"type":"Feature","properties":{"kind":"station","name":"Ковачица","major":false},"geometry":{"type":"Point","coordinates":[20.61075,45.11231]}},{"type":"Feature","properties":{"kind":"station","name":"Уздин","major":false},"geometry":{"type":"Point","coordinates":[20.6343,45.20288]}},{"type":"Feature","properties":{"kind":"station","name":"Томашевац","major":true},"geometry":{"type":"Point","coordinates":[20.60803,45.24445]}},{"type":"Feature","properties":{"kind":"station","name":"Орловат стајалиште","major":false},"geometry":{"type":"Point","coordinates":[20.58275,45.25094]}},{"type":"Feature","properties":{"kind":"station","name":"Зрењанин фабрика","major":false},"geometry":{"type":"Point","coordinates":[20.42457,45.37113]}},{"type":"Feature","properties":{"kind":"station","name":"Бела Река","major":false},"geometry":{"type":"Point","coordinates":[20.4729,44.65613]}},{"type":"Feature","properties":{"kind":"station","name":"Барајево центар","major":false},"geometry":{"type":"Point","coordinates":[20.41214,44.57727]}},{"type":"Feature","properties":{"kind":"station","name":"Велики Борак","major":false},"geometry":{"type":"Point","coordinates":[20.37791,44.54037]}},{"type":"Feature","properties":{"kind":"station","name":"Лесковац Колубарски","major":false},"geometry":{"type":"Point","coordinates":[20.34222,44.50846]}},{"type":"Feature","properties":{"kind":"station","name":"Вреоци","major":false},"geometry":{"type":"Point","coordinates":[20.27949,44.44898]}},{"type":"Feature","properties":{"kind":"station","name":"Лазаревац","major":false},"geometry":{"type":"Point","coordinates":[20.24546,44.38486]}},{"type":"Feature","properties":{"kind":"station","name":"Смедерево","major":false},"geometry":{"type":"Point","coordinates":[20.92677,44.66783]}},{"type":"Feature","properties":{"kind":"station","name":"Радинац","major":false},"geometry":{"type":"Point","coordinates":[20.96833,44.61668]}},{"type":"Feature","properties":{"kind":"station","name":"Мала Крсна","major":false},"geometry":{"type":"Point","coordinates":[21.00253,44.58472]}},{"type":"Feature","properties":{"kind":"station","name":"Пожаревац","major":false},"geometry":{"type":"Point","coordinates":[21.18706,44.61405]}},{"type":"Feature","properties":{"kind":"station","name":"Суботица","major":false},"geometry":{"type":"Point","coordinates":[19.6706,46.10327]}},{"type":"Feature","properties":{"kind":"station","name":"Суботица","major":false},"geometry":{"type":"Point","coordinates":[19.67068,46.10328]}},{"type":"Feature","properties":{"kind":"station","name":"Суботица","major":false},"geometry":{"type":"Point","coordinates":[19.67083,46.10329]}},{"type":"Feature","properties":{"kind":"station","name":"Суботица","major":false},"geometry":{"type":"Point","coordinates":[19.67088,46.10329]}},{"type":"Feature","properties":{"kind":"station","name":"Суботица","major":false},"geometry":{"type":"Point","coordinates":[19.671,46.10331]}},{"type":"Feature","properties":{"kind":"station","name":"Суботица","major":false},"geometry":{"type":"Point","coordinates":[19.67106,46.10331]}},{"type":"Feature","properties":{"kind":"station","name":"Суботица","major":false},"geometry":{"type":"Point","coordinates":[19.67121,46.10333]}},{"type":"Feature","properties":{"kind":"station","name":"Суботица предграђе","major":false},"geometry":{"type":"Point","coordinates":[19.63885,46.10919]}},{"type":"Feature","properties":{"kind":"station","name":"Љутово","major":false},"geometry":{"type":"Point","coordinates":[19.53652,46.05904]}},{"type":"Feature","properties":{"kind":"station","name":"Таванкут","major":false},"geometry":{"type":"Point","coordinates":[19.50299,46.04257]}},{"type":"Feature","properties":{"kind":"station","name":"Бајмок","major":true},"geometry":{"type":"Point","coordinates":[19.4132,45.97679]}},{"type":"Feature","properties":{"kind":"station","name":"Алекса Шантић","major":false},"geometry":{"type":"Point","coordinates":[19.34885,45.92478]}},{"type":"Feature","properties":{"kind":"station","name":"Алекса Шантић","major":false},"geometry":{"type":"Point","coordinates":[19.3489,45.92475]}},{"type":"Feature","properties":{"kind":"station","name":"Светозар Милетић","major":false},"geometry":{"type":"Point","coordinates":[19.20984,45.84313]}},{"type":"Feature","properties":{"kind":"station","name":"Сомбор","major":true},"geometry":{"type":"Point","coordinates":[19.11408,45.78598]}},{"type":"Feature","properties":{"kind":"station","name":"Нови Сад","major":false},"geometry":{"type":"Point","coordinates":[19.82908,45.26593]}},{"type":"Feature","properties":{"kind":"station","name":"Нови Сад","major":false},"geometry":{"type":"Point","coordinates":[19.82904,45.26604]}},{"type":"Feature","properties":{"kind":"station","name":"Нови Сад","major":false},"geometry":{"type":"Point","coordinates":[19.829,45.26608]}},{"type":"Feature","properties":{"kind":"station","name":"Петроварадин","major":false},"geometry":{"type":"Point","coordinates":[19.88869,45.23949]}},{"type":"Feature","properties":{"kind":"station","name":"Петроварадин","major":false},"geometry":{"type":"Point","coordinates":[19.88888,45.23956]}},{"type":"Feature","properties":{"kind":"station","name":"Петроварадин","major":false},"geometry":{"type":"Point","coordinates":[19.88899,45.2396]}},{"type":"Feature","properties":{"kind":"station","name":"Врбас Нова","major":false},"geometry":{"type":"Point","coordinates":[19.62928,45.55486]}},{"type":"Feature","properties":{"kind":"station","name":"Врбас Нова","major":false},"geometry":{"type":"Point","coordinates":[19.62902,45.5548]}},{"type":"Feature","properties":{"kind":"station","name":"Врбас Нова","major":false},"geometry":{"type":"Point","coordinates":[19.62861,45.55472]}},{"type":"Feature","properties":{"kind":"station","name":"Врбас Нова","major":false},"geometry":{"type":"Point","coordinates":[19.62834,45.55467]}},{"type":"Feature","properties":{"kind":"station","name":"Бачка Топола","major":true},"geometry":{"type":"Point","coordinates":[19.64961,45.81799]}},{"type":"Feature","properties":{"kind":"station","name":"Бачка Топола","major":false},"geometry":{"type":"Point","coordinates":[19.64954,45.81804]}},{"type":"Feature","properties":{"kind":"station","name":"Бачка Топола","major":false},"geometry":{"type":"Point","coordinates":[19.64973,45.81803]}},{"type":"Feature","properties":{"kind":"station","name":"Кукујевци - Ердевик","major":false},"geometry":{"type":"Point","coordinates":[19.34249,45.06242]}},{"type":"Feature","properties":{"kind":"station","name":"Батајница","major":false},"geometry":{"type":"Point","coordinates":[20.27169,44.89901]}},{"type":"Feature","properties":{"kind":"station","name":"Батајница","major":false},"geometry":{"type":"Point","coordinates":[20.2716,44.89893]}},{"type":"Feature","properties":{"kind":"station","name":"Буђановци","major":true},"geometry":{"type":"Point","coordinates":[19.85632,44.89729]}},{"type":"Feature","properties":{"kind":"station","name":"Никинци","major":false},"geometry":{"type":"Point","coordinates":[19.8212,44.85756]}},{"type":"Feature","properties":{"kind":"station","name":"Платичево","major":true},"geometry":{"type":"Point","coordinates":[19.77888,44.82953]}},{"type":"Feature","properties":{"kind":"station","name":"Кленак","major":false},"geometry":{"type":"Point","coordinates":[19.7145,44.7818]}},{"type":"Feature","properties":{"kind":"station","name":"Мајур","major":false},"geometry":{"type":"Point","coordinates":[19.65564,44.77182]}},{"type":"Feature","properties":{"kind":"station","name":"Прњавор Мачвански","major":false},"geometry":{"type":"Point","coordinates":[19.37698,44.69656]}},{"type":"Feature","properties":{"kind":"station","name":"Лешница","major":false},"geometry":{"type":"Point","coordinates":[19.32125,44.65653]}},{"type":"Feature","properties":{"kind":"station","name":"Лозница","major":false},"geometry":{"type":"Point","coordinates":[19.21615,44.53555]}},{"type":"Feature","properties":{"kind":"station","name":"Ковиљача","major":false},"geometry":{"type":"Point","coordinates":[19.16197,44.51712]}},{"type":"Feature","properties":{"kind":"station","name":"Доња Борина","major":false},"geometry":{"type":"Point","coordinates":[19.1534,44.43964]}},{"type":"Feature","properties":{"kind":"station","name":"Инђија","major":false},"geometry":{"type":"Point","coordinates":[20.09278,45.04867]}},{"type":"Feature","properties":{"kind":"station","name":"Бешка","major":false},"geometry":{"type":"Point","coordinates":[20.04144,45.14092]}},{"type":"Feature","properties":{"kind":"station","name":"Бешка","major":false},"geometry":{"type":"Point","coordinates":[20.04174,45.141]}},{"type":"Feature","properties":{"kind":"station","name":"Сремски Карловци","major":false},"geometry":{"type":"Point","coordinates":[19.93011,45.20766]}},{"type":"Feature","properties":{"kind":"station","name":"Сремски Карловци","major":false},"geometry":{"type":"Point","coordinates":[19.9302,45.20781]}},{"type":"Feature","properties":{"kind":"station","name":"Буковачки салаши","major":false},"geometry":{"type":"Point","coordinates":[19.07348,45.74057]}},{"type":"Feature","properties":{"kind":"station","name":"Пригревица","major":true},"geometry":{"type":"Point","coordinates":[19.09725,45.67588]}},{"type":"Feature","properties":{"kind":"station","name":"Сонта","major":false},"geometry":{"type":"Point","coordinates":[19.11056,45.59946]}},{"type":"Feature","properties":{"kind":"station","name":"Каравуково","major":true},"geometry":{"type":"Point","coordinates":[19.20846,45.50178]}},{"type":"Feature","properties":{"kind":"station","name":"Оџаци Калварија","major":false},"geometry":{"type":"Point","coordinates":[19.25507,45.51067]}},{"type":"Feature","properties":{"kind":"station","name":"Оџаци","major":true},"geometry":{"type":"Point","coordinates":[19.2738,45.5144]}},{"type":"Feature","properties":{"kind":"station","name":"Ратково","major":true},"geometry":{"type":"Point","coordinates":[19.32691,45.44823]}},{"type":"Feature","properties":{"kind":"station","name":"Гајдобра","major":true},"geometry":{"type":"Point","coordinates":[19.45621,45.35652]}},{"type":"Feature","properties":{"kind":"station","name":"Бачки Петровац - Гложан","major":false},"geometry":{"type":"Point","coordinates":[19.58199,45.32899]}},{"type":"Feature","properties":{"kind":"station","name":"Футог","major":true},"geometry":{"type":"Point","coordinates":[19.70083,45.25475]}},{"type":"Feature","properties":{"kind":"station","name":"Нови Сад ранжирна","major":false},"geometry":{"type":"Point","coordinates":[19.81358,45.27061]}},{"type":"Feature","properties":{"kind":"station","name":"Банатско Милошево","major":false},"geometry":{"type":"Point","coordinates":[20.32031,45.72624]}},{"type":"Feature","properties":{"kind":"station","name":"Косјерић","major":false},"geometry":{"type":"Point","coordinates":[19.91903,44.0004]}},{"type":"Feature","properties":{"kind":"station","name":"Узићи","major":false},"geometry":{"type":"Point","coordinates":[19.98062,43.81214]}},{"type":"Feature","properties":{"kind":"station","name":"Узићи","major":false},"geometry":{"type":"Point","coordinates":[19.98062,43.81219]}},{"type":"Feature","properties":{"kind":"station","name":"Ужице теретна","major":false},"geometry":{"type":"Point","coordinates":[19.85843,43.84673]}},{"type":"Feature","properties":{"kind":"station","name":"Ужице теретна","major":false},"geometry":{"type":"Point","coordinates":[19.85848,43.84676]}},{"type":"Feature","properties":{"kind":"station","name":"Рипањ","major":false},"geometry":{"type":"Point","coordinates":[20.50626,44.66268]}},{"type":"Feature","properties":{"kind":"station","name":"Рипањ","major":false},"geometry":{"type":"Point","coordinates":[20.50631,44.66271]}},{"type":"Feature","properties":{"kind":"station","name":"Рипањ","major":false},"geometry":{"type":"Point","coordinates":[20.50635,44.66275]}},{"type":"Feature","properties":{"kind":"station","name":"Влашко Поље","major":false},"geometry":{"type":"Point","coordinates":[20.66031,44.48058]}},{"type":"Feature","properties":{"kind":"station","name":"Ковачевац","major":false},"geometry":{"type":"Point","coordinates":[20.75031,44.39922]}},{"type":"Feature","properties":{"kind":"station","name":"Глибовац","major":false},"geometry":{"type":"Point","coordinates":[20.90528,44.36843]}},{"type":"Feature","properties":{"kind":"station","name":"Старо Село","major":false},"geometry":{"type":"Point","coordinates":[21.08974,44.29444]}},{"type":"Feature","properties":{"kind":"station","name":"Старо Село","major":false},"geometry":{"type":"Point","coordinates":[21.08978,44.29445]}},{"type":"Feature","properties":{"kind":"station","name":"Лапово ранжирна","major":false},"geometry":{"type":"Point","coordinates":[21.09896,44.16816]}},{"type":"Feature","properties":{"kind":"station","name":"Лапово ранжирна","major":false},"geometry":{"type":"Point","coordinates":[21.09901,44.16815]}},{"type":"Feature","properties":{"kind":"station","name":"Лапово","major":false},"geometry":{"type":"Point","coordinates":[21.10225,44.15776]}},{"type":"Feature","properties":{"kind":"station","name":"Брзан","major":false},"geometry":{"type":"Point","coordinates":[21.13479,44.1242]}},{"type":"Feature","properties":{"kind":"station","name":"Брзан","major":false},"geometry":{"type":"Point","coordinates":[21.13474,44.12418]}},{"type":"Feature","properties":{"kind":"station","name":"Милошево","major":false},"geometry":{"type":"Point","coordinates":[21.16052,44.10713]}},{"type":"Feature","properties":{"kind":"station","name":"Милошево","major":false},"geometry":{"type":"Point","coordinates":[21.16049,44.10711]}},{"type":"Feature","properties":{"kind":"station","name":"Ланиште","major":false},"geometry":{"type":"Point","coordinates":[21.23622,44.04298]}},{"type":"Feature","properties":{"kind":"station","name":"Ланиште","major":false},"geometry":{"type":"Point","coordinates":[21.23628,44.04299]}},{"type":"Feature","properties":{"kind":"station","name":"Буковче","major":false},"geometry":{"type":"Point","coordinates":[21.23202,44.00821]}},{"type":"Feature","properties":{"kind":"station","name":"Дреновац","major":false},"geometry":{"type":"Point","coordinates":[21.42794,43.76422]}},{"type":"Feature","properties":{"kind":"station","name":"Дреновац","major":false},"geometry":{"type":"Point","coordinates":[21.42788,43.76421]}},{"type":"Feature","properties":{"kind":"station","name":"Ћићевац","major":false},"geometry":{"type":"Point","coordinates":[21.43808,43.72045]}},{"type":"Feature","properties":{"kind":"station","name":"Ћићевац","major":false},"geometry":{"type":"Point","coordinates":[21.43815,43.72044]}},{"type":"Feature","properties":{"kind":"station","name":"Лучина","major":false},"geometry":{"type":"Point","coordinates":[21.43002,43.70277]}},{"type":"Feature","properties":{"kind":"station","name":"Лучина","major":false},"geometry":{"type":"Point","coordinates":[21.42998,43.70279]}},{"type":"Feature","properties":{"kind":"station","name":"Браљина","major":false},"geometry":{"type":"Point","coordinates":[21.48324,43.65749]}},{"type":"Feature","properties":{"kind":"station","name":"Ђунис","major":false},"geometry":{"type":"Point","coordinates":[21.51324,43.60493]}},{"type":"Feature","properties":{"kind":"station","name":"Ђунис","major":false},"geometry":{"type":"Point","coordinates":[21.51326,43.60489]}},{"type":"Feature","properties":{"kind":"station","name":"Витковац","major":false},"geometry":{"type":"Point","coordinates":[21.55239,43.59085]}},{"type":"Feature","properties":{"kind":"station","name":"Витковац","major":false},"geometry":{"type":"Point","coordinates":[21.55235,43.59084]}},{"type":"Feature","properties":{"kind":"station","name":"Горњи Љубеш","major":false},"geometry":{"type":"Point","coordinates":[21.5937,43.56577]}},{"type":"Feature","properties":{"kind":"station","name":"Горњи Љубеш","major":false},"geometry":{"type":"Point","coordinates":[21.59367,43.56575]}},{"type":"Feature","properties":{"kind":"station","name":"Корман","major":false},"geometry":{"type":"Point","coordinates":[21.61245,43.55269]}},{"type":"Feature","properties":{"kind":"station","name":"Корман","major":false},"geometry":{"type":"Point","coordinates":[21.61242,43.55267]}},{"type":"Feature","properties":{"kind":"station","name":"Трњане","major":false},"geometry":{"type":"Point","coordinates":[21.63381,43.53573]}},{"type":"Feature","properties":{"kind":"station","name":"Трњане","major":false},"geometry":{"type":"Point","coordinates":[21.63377,43.53571]}},{"type":"Feature","properties":{"kind":"station","name":"Грамада","major":false},"geometry":{"type":"Point","coordinates":[22.04792,43.37772]}},{"type":"Feature","properties":{"kind":"station","name":"Сврљиг","major":false},"geometry":{"type":"Point","coordinates":[22.1181,43.41434]}},{"type":"Feature","properties":{"kind":"station","name":"Књажевац","major":false},"geometry":{"type":"Point","coordinates":[22.25139,43.57142]}},{"type":"Feature","properties":{"kind":"station","name":"Минићево","major":false},"geometry":{"type":"Point","coordinates":[22.29111,43.68651]}},{"type":"Feature","properties":{"kind":"station","name":"Грљан","major":false},"geometry":{"type":"Point","coordinates":[22.29016,43.85594]}},{"type":"Feature","properties":{"kind":"station","name":"Вражогрнац","major":false},"geometry":{"type":"Point","coordinates":[22.32437,43.95368]}},{"type":"Feature","properties":{"kind":"station","name":"Брусник","major":false},"geometry":{"type":"Point","coordinates":[22.48277,44.0978]}},{"type":"Feature","properties":{"kind":"station","name":"Рајац","major":false},"geometry":{"type":"Point","coordinates":[22.56122,44.08955]}},{"type":"Feature","properties":{"kind":"station","name":"Рогљево","major":false},"geometry":{"type":"Point","coordinates":[22.57357,44.11641]}},{"type":"Feature","properties":{"kind":"station","name":"Неготин","major":false},"geometry":{"type":"Point","coordinates":[22.54022,44.2289]}},{"type":"Feature","properties":{"kind":"station","name":"Прахово","major":false},"geometry":{"type":"Point","coordinates":[22.58795,44.28745]}},{"type":"Feature","properties":{"kind":"station","name":"Рготина","major":false},"geometry":{"type":"Point","coordinates":[22.2796,44.00722]}},{"type":"Feature","properties":{"kind":"station","name":"Бор теретна","major":false},"geometry":{"type":"Point","coordinates":[22.1252,44.05992]}},{"type":"Feature","properties":{"kind":"station","name":"Мали Кривељ","major":false},"geometry":{"type":"Point","coordinates":[22.06422,44.11861]}},{"type":"Feature","properties":{"kind":"station","name":"Церово","major":false},"geometry":{"type":"Point","coordinates":[22.01558,44.18743]}},{"type":"Feature","properties":{"kind":"station","name":"Влаоле","major":false},"geometry":{"type":"Point","coordinates":[22.00235,44.25732]}},{"type":"Feature","properties":{"kind":"station","name":"Лесково","major":false},"geometry":{"type":"Point","coordinates":[21.94204,44.31683]}},{"type":"Feature","properties":{"kind":"station","name":"Дедина","major":false},"geometry":{"type":"Point","coordinates":[21.35354,43.59254]}},{"type":"Feature","properties":{"kind":"station","name":"Крушевац","major":false},"geometry":{"type":"Point","coordinates":[21.32739,43.58762]}},{"type":"Feature","properties":{"kind":"station","name":"Почековина","major":false},"geometry":{"type":"Point","coordinates":[21.07593,43.59196]}},{"type":"Feature","properties":{"kind":"station","name":"Трстеник","major":false},"geometry":{"type":"Point","coordinates":[20.99761,43.61493]}},{"type":"Feature","properties":{"kind":"station","name":"Врњачка Бања","major":false},"geometry":{"type":"Point","coordinates":[20.92602,43.63908]}},{"type":"Feature","properties":{"kind":"station","name":"Ратина","major":false},"geometry":{"type":"Point","coordinates":[20.75258,43.71324]}},{"type":"Feature","properties":{"kind":"station","name":"Сирча","major":false},"geometry":{"type":"Point","coordinates":[20.72663,43.72749]}},{"type":"Feature","properties":{"kind":"station","name":"Сирча","major":false},"geometry":{"type":"Point","coordinates":[20.72606,43.72743]}},{"type":"Feature","properties":{"kind":"station","name":"Краљево","major":false},"geometry":{"type":"Point","coordinates":[20.69366,43.72856]}},{"type":"Feature","properties":{"kind":"station","name":"Краљево","major":false},"geometry":{"type":"Point","coordinates":[20.69366,43.7286]}},{"type":"Feature","properties":{"kind":"station","name":"Краљево","major":false},"geometry":{"type":"Point","coordinates":[20.69368,43.72864]}},{"type":"Feature","properties":{"kind":"station","name":"Сталаћ","major":false},"geometry":{"type":"Point","coordinates":[21.41474,43.68229]}},{"type":"Feature","properties":{"kind":"station","name":"Сталаћ","major":false},"geometry":{"type":"Point","coordinates":[21.41463,43.68231]}},{"type":"Feature","properties":{"kind":"station","name":"Адрани","major":false},"geometry":{"type":"Point","coordinates":[20.62854,43.76532]}},{"type":"Feature","properties":{"kind":"station","name":"Самаила","major":false},"geometry":{"type":"Point","coordinates":[20.55944,43.77771]}},{"type":"Feature","properties":{"kind":"station","name":"Мршинци","major":false},"geometry":{"type":"Point","coordinates":[20.48294,43.81844]}},{"type":"Feature","properties":{"kind":"station","name":"Чачак","major":false},"geometry":{"type":"Point","coordinates":[20.35627,43.89]}},{"type":"Feature","properties":{"kind":"station","name":"Овчар Бања","major":false},"geometry":{"type":"Point","coordinates":[20.19281,43.90345]}},{"type":"Feature","properties":{"kind":"station","name":"Пожега","major":false},"geometry":{"type":"Point","coordinates":[20.02888,43.84045]}},{"type":"Feature","properties":{"kind":"station","name":"Пожега","major":false},"geometry":{"type":"Point","coordinates":[20.02893,43.84048]}},{"type":"Feature","properties":{"kind":"station","name":"Ресник","major":false},"geometry":{"type":"Point","coordinates":[20.44874,44.70422]}},{"type":"Feature","properties":{"kind":"station","name":"Ресник","major":false},"geometry":{"type":"Point","coordinates":[20.4488,44.70424]}},{"type":"Feature","properties":{"kind":"station","name":"Змајево","major":false},"geometry":{"type":"Point","coordinates":[19.6731,45.46109]}},{"type":"Feature","properties":{"kind":"station","name":"Змајево","major":false},"geometry":{"type":"Point","coordinates":[19.67289,45.46106]}},{"type":"Feature","properties":{"kind":"station","name":"Ловћенац-Мали Иђош","major":false},"geometry":{"type":"Point","coordinates":[19.65079,45.69181]}},{"type":"Feature","properties":{"kind":"station","name":"Ловћенац-Мали Иђош","major":false},"geometry":{"type":"Point","coordinates":[19.65058,45.69181]}},{"type":"Feature","properties":{"kind":"station","name":"Жедник","major":false},"geometry":{"type":"Point","coordinates":[19.66836,45.93984]}},{"type":"Feature","properties":{"kind":"station","name":"Жедник","major":false},"geometry":{"type":"Point","coordinates":[19.66818,45.93985]}},{"type":"Feature","properties":{"kind":"station","name":"Баточина","major":false},"geometry":{"type":"Point","coordinates":[21.07523,44.15562]}},{"type":"Feature","properties":{"kind":"station","name":"Јовановац","major":false},"geometry":{"type":"Point","coordinates":[20.97675,44.05561]}},{"type":"Feature","properties":{"kind":"station","name":"Крагујевац","major":false},"geometry":{"type":"Point","coordinates":[20.92843,44.0101]}},{"type":"Feature","properties":{"kind":"station","name":"Грошница","major":false},"geometry":{"type":"Point","coordinates":[20.87641,43.99478]}},{"type":"Feature","properties":{"kind":"station","name":"Кнић","major":false},"geometry":{"type":"Point","coordinates":[20.74856,43.93291]}},{"type":"Feature","properties":{"kind":"station","name":"Гружа","major":false},"geometry":{"type":"Point","coordinates":[20.76782,43.89235]}},{"type":"Feature","properties":{"kind":"station","name":"Губеревац","major":false},"geometry":{"type":"Point","coordinates":[20.77385,43.83874]}},{"type":"Feature","properties":{"kind":"station","name":"Витковац","major":false},"geometry":{"type":"Point","coordinates":[20.79049,43.79145]}},{"type":"Feature","properties":{"kind":"station","name":"Витановац","major":false},"geometry":{"type":"Point","coordinates":[20.80161,43.72704]}},{"type":"Feature","properties":{"kind":"station","name":"Матарушка Бања","major":false},"geometry":{"type":"Point","coordinates":[20.60163,43.69701]}},{"type":"Feature","properties":{"kind":"station","name":"Богутовачка Бања","major":false},"geometry":{"type":"Point","coordinates":[20.55749,43.65278]}},{"type":"Feature","properties":{"kind":"station","name":"Полумир","major":false},"geometry":{"type":"Point","coordinates":[20.60993,43.53288]}},{"type":"Feature","properties":{"kind":"station","name":"Ушће","major":false},"geometry":{"type":"Point","coordinates":[20.62431,43.46546]}},{"type":"Feature","properties":{"kind":"station","name":"Јошаничка Бања","major":false},"geometry":{"type":"Point","coordinates":[20.65897,43.41071]}},{"type":"Feature","properties":{"kind":"station","name":"Бревник","major":false},"geometry":{"type":"Point","coordinates":[20.6451,43.35585]}},{"type":"Feature","properties":{"kind":"station","name":"Рашка","major":false},"geometry":{"type":"Point","coordinates":[20.61666,43.29079]}},{"type":"Feature","properties":{"kind":"station","name":"Рудница","major":false},"geometry":{"type":"Point","coordinates":[20.68074,43.23741]}},{"type":"Feature","properties":{"kind":"station","name":"Лапово","major":false},"geometry":{"type":"Point","coordinates":[21.10214,44.15773]}},{"type":"Feature","properties":{"kind":"station","name":"Нови Сад","major":false},"geometry":{"type":"Point","coordinates":[19.82811,45.26543]}},{"type":"Feature","properties":{"kind":"station","name":"Нови Сад","major":false},"geometry":{"type":"Point","coordinates":[19.82811,45.2654]}},{"type":"Feature","properties":{"kind":"station","name":"Нови Сад","major":false},"geometry":{"type":"Point","coordinates":[19.82811,45.26531]}},{"type":"Feature","properties":{"kind":"station","name":"Нови Сад","major":false},"geometry":{"type":"Point","coordinates":[19.83095,45.266]}},{"type":"Feature","properties":{"kind":"station","name":"Нови Сад","major":false},"geometry":{"type":"Point","coordinates":[19.83048,45.26583]}},{"type":"Feature","properties":{"kind":"station","name":"Матејевац","major":false},"geometry":{"type":"Point","coordinates":[21.95601,43.34922]}},{"type":"Feature","properties":{"kind":"station","name":"Церовац","major":true},"geometry":{"type":"Point","coordinates":[20.88102,44.10397]}},{"type":"Feature","properties":{"kind":"station","name":"Vršac, Vašarište","major":true},"geometry":{"type":"Point","coordinates":[21.28283,45.1309]}},{"type":"Feature","properties":{"kind":"rail"},"geometry":{"type":"LineString","coordinates":[[19.66357,45.4811],[19.66822,45.47068],[19.67023,45.46634]]}},{"type":"Feature","properties":{"kind":"rail"},"geometry":{"type":"LineString","coordinates":[[20.3654,44.83872],[20.36444,44.83907],[20.36321,44.83966],[20.35077,44.847],[20.33626,44.85679]]}},{"type":"Feature","properties":{"kind":"rail"},"geometry":{"type":"LineString","coordinates":[[20.35291,44.84106],[20.3534,44.84077]]}},{"type":"Feature","properties":{"kind":"rail"},"geometry":{"type":"LineString","coordinates":[[20.3534,44.84077],[20.35495,44.8399],[20.35593,44.83949],[20.35699,44.83917]]}},{"type":"Feature","properties":{"kind":"rail"},"geometry":{"type":"LineString","coordinates":[[20.35699,44.83917],[20.35753,44.83907]]}},{"type":"Feature","properties":{"kind":"rail"},"geometry":{"type":"LineString","coordinates":[[20.35753,44.83907],[20.35926,44.83883],[20.36365,44.83865],[20.36442,44.83855],[20.36518,44.83837]]}},{"type":"Feature","properties":{"kind":"rail"},"geometry":{"type":"LineString","coordinates":[[20.36617,44.8385],[20.3654,44.83872]]}},{"type":"Feature","properties":{"kind":"rail"},"geometry":{"type":"LineString","coordinates":[[20.36518,44.83837],[20.36601,44.83815]]}},{"type":"Feature","properties":{"kind":"rail"},"geometry":{"type":"LineString","coordinates":[[20.43337,44.80174],[20.43178,44.80241],[20.43091,44.80265],[20.42488,44.80389]]}},{"type":"Feature","properties":{"kind":"rail"},"geometry":{"type":"LineString","coordinates":[[20.44628,44.79507],[20.44487,44.79535]]}},{"type":"Feature","properties":{"kind":"rail"},"geometry":{"type":"LineString","coordinates":[[20.42476,44.80387],[20.43082,44.80263],[20.43225,44.8022],[20.43333,44.80171]]}},{"type":"Feature","properties":{"kind":"rail"},"geometry":{"type":"LineString","coordinates":[[20.4905,44.82091],[20.49032,44.81989]]}},{"type":"Feature","properties":{"kind":"rail"},"geometry":{"type":"LineString","coordinates":[[20.45815,44.78536],[20.45855,44.786],[20.45881,44.78662],[20.45897,44.78728],[20.45911,44.78863],[20.45908,44.78929],[20.45887,44.7902],[20.45842,44.79097],[20.45768,44.79166]]}},{"type":"Feature","properties":{"kind":"rail"},"geometry":{"type":"LineString","coordinates":[[20.44713,44.79486],[20.4481,44.79472]]}},{"type":"Feature","properties":{"kind":"rail"},"geometry":{"type":"LineString","coordinates":[[20.44485,44.7953],[20.44627,44.79502]]}},{"type":"Feature","properties":{"kind":"rail"},"geometry":{"type":"LineString","coordinates":[[20.4486,44.79462],[20.45051,44.79427]]}},{"type":"Feature","properties":{"kind":"rail"},"geometry":{"type":"LineString","coordinates":[[20.45313,44.79367],[20.45554,44.79269]]}},{"type":"Feature","properties":{"kind":"rail"},"geometry":{"type":"LineString","coordinates":[[20.43494,44.72203],[20.43512,44.72177]]}},{"type":"Feature","properties":{"kind":"rail"},"geometry":{"type":"LineString","coordinates":[[20.43447,44.72371],[20.43453,44.72309],[20.4347,44.72252],[20.43494,44.72203]]}},{"type":"Feature","properties":{"kind":"rail"},"geometry":{"type":"LineString","coordinates":[[20.44749,44.72092],[20.45199,44.72284]]}},{"type":"Feature","properties":{"kind":"rail"},"geometry":{"type":"LineString","coordinates":[[20.45199,44.72284],[20.45259,44.72298],[20.45367,44.72296]]}},{"type":"Feature","properties":{"kind":"rail"},"geometry":{"type":"LineString","coordinates":[[20.45367,44.72296],[20.45432,44.72281]]}},{"type":"Feature","properties":{"kind":"rail"},"geometry":{"type":"LineString","coordinates":[[20.49359,44.7124],[20.51229,44.71347]]}},{"type":"Feature","properties":{"kind":"rail"},"geometry":{"type":"LineString","coordinates":[[20.51886,44.71475],[20.51993,44.71473],[20.52096,44.71462],[20.52212,44.71435],[20.52494,44.71351],[20.52554,44.71339],[20.52657,44.71334],[20.53332,44.71348],[20.53432,44.71361],[20.5352,44.71393],[20.53664,44.71472],[20.53711,44.71489],[20.53812,44.71511],[20.53914,44.71513],[20.54215,44.71498],[20.54849,44.715],[20.5496,44.7149],[20.55053,44.71463],[20.55342,44.7136],[20.55421,44.71316],[20.55483,44.71259],[20.55555,44.7118],[20.5562,44.71137],[20.5571,44.71101],[20.55908,44.71045],[20.56016,44.7099],[20.56098,44.70928],[20.56164,44.70859],[20.56291,44.70636],[20.56354,44.70582],[20.56466,44.70512]]}},{"type":"Feature","properties":{"kind":"rail"},"geometry":{"type":"LineString","coordinates":[[20.45432,44.72281],[20.45504,44.72258],[20.46215,44.71961],[20.46295,44.71933],[20.46436,44.71905],[20.46672,44.71876],[20.4676,44.71856],[20.4727,44.71685],[20.47365,44.71676],[20.47579,44.71689],[20.47661,44.7168],[20.47746,44.7165],[20.47875,44.71576],[20.47979,44.71537],[20.48093,44.71522],[20.48244,44.71515]]}},{"type":"Feature","properties":{"kind":"rail"},"geometry":{"type":"LineString","coordinates":[[20.58964,44.60903],[20.59061,44.60729],[20.59293,44.60458],[20.59328,44.60399],[20.59417,44.60193],[20.59473,44.60048],[20.59501,44.59941],[20.59506,44.59899],[20.59503,44.59818],[20.59473,44.59625],[20.59483,44.59566],[20.59513,44.59499],[20.59562,44.59441],[20.59712,44.59332],[20.59753,44.59291],[20.59832,44.59158],[20.60061,44.58864],[20.60094,44.58829],[20.60186,44.58763],[20.60306,44.58714],[20.60384,44.58673],[20.60419,44.58648],[20.60471,44.58595]]}},{"type":"Feature","properties":{"kind":"rail"},"geometry":{"type":"LineString","coordinates":[[20.58467,44.6167],[20.58593,44.61487],[20.58964,44.60903]]}},{"type":"Feature","properties":{"kind":"rail"},"geometry":{"type":"LineString","coordinates":[[20.5821,44.67831],[20.58368,44.67736],[20.58427,44.67668],[20.58458,44.67598],[20.58462,44.67561],[20.58454,44.67502],[20.58425,44.67442],[20.58078,44.66909],[20.58038,44.66833],[20.5802,44.66776],[20.58014,44.66726],[20.58003,44.66308],[20.57998,44.66276],[20.57972,44.66214],[20.57925,44.66159],[20.57872,44.66119],[20.57661,44.66012],[20.57589,44.65961],[20.57544,44.65909],[20.57517,44.65847],[20.57514,44.65772],[20.57533,44.65701],[20.57638,44.6553],[20.57654,44.65495],[20.57668,44.65435],[20.57667,44.65402],[20.57648,44.65333],[20.57602,44.65246],[20.57592,44.65215],[20.57585,44.65076],[20.5753,44.64882],[20.57523,44.64824],[20.57531,44.64775],[20.57568,44.64696],[20.57602,44.64655],[20.57711,44.64554],[20.57747,44.64494],[20.57779,44.64407],[20.57796,44.64377],[20.57843,44.64325],[20.57963,44.6424],[20.58013,44.64196],[20.58041,44.64161],[20.58147,44.63981],[20.5826,44.63862]]}},{"type":"Feature","properties":{"kind":"rail"},"geometry":{"type":"LineString","coordinates":[[20.4456,44.757],[20.44602,44.75201],[20.446,44.75155],[20.44579,44.75075],[20.44548,44.75005],[20.44511,44.74944],[20.44441,44.74853]]}},{"type":"Feature","properties":{"kind":"rail"},"geometry":{"type":"LineString","coordinates":[[20.44537,44.71031],[20.44481,44.71183],[20.44451,44.71238],[20.44394,44.7131],[20.44226,44.71478],[20.44177,44.71552],[20.44143,44.71644],[20.44088,44.71926]]}},{"type":"Feature","properties":{"kind":"rail"},"geometry":{"type":"LineString","coordinates":[[20.44088,44.71926],[20.44073,44.71972],[20.44021,44.72083]]}},{"type":"Feature","properties":{"kind":"rail"},"geometry":{"type":"LineString","coordinates":[[20.53484,44.58237],[20.53492,44.58199],[20.53508,44.58166],[20.53586,44.58053],[20.53609,44.5801],[20.5377,44.5743],[20.53798,44.57378],[20.53833,44.57334],[20.53906,44.57272]]}},{"type":"Feature","properties":{"kind":"rail"},"geometry":{"type":"LineString","coordinates":[[20.53244,44.59688],[20.53484,44.58237]]}},{"type":"Feature","properties":{"kind":"rail"},"geometry":{"type":"LineString","coordinates":[[20.54986,44.57065],[20.55084,44.57042],[20.55141,44.57038],[20.55258,44.57052],[20.55404,44.57093],[20.55458,44.57102],[20.55579,44.57102],[20.55681,44.5708]]}},{"type":"Feature","properties":{"kind":"rail"},"geometry":{"type":"LineString","coordinates":[[20.54711,44.57102],[20.54834,44.57103],[20.54924,44.57087],[20.54986,44.57065]]}},{"type":"Feature","properties":{"kind":"rail"},"geometry":{"type":"LineString","coordinates":[[20.53534,44.60461],[20.53516,44.60408],[20.53462,44.60324],[20.53281,44.60155],[20.53242,44.60106],[20.53217,44.60056],[20.532,44.59991],[20.53201,44.59932],[20.53244,44.59688]]}},{"type":"Feature","properties":{"kind":"rail"},"geometry":{"type":"LineString","coordinates":[[20.53312,44.63832],[20.53343,44.6375],[20.53353,44.63689],[20.53332,44.63545]]}},{"type":"Feature","properties":{"kind":"rail"},"geometry":{"type":"LineString","coordinates":[[20.43273,44.71915],[20.4335,44.71958],[20.43483,44.71995]]}},{"type":"Feature","properties":{"kind":"rail"},"geometry":{"type":"LineString","coordinates":[[20.43483,44.71995],[20.43665,44.72016],[20.43917,44.7202]]}},{"type":"Feature","properties":{"kind":"rail"},"geometry":{"type":"LineString","coordinates":[[20.40536,44.71746],[20.42273,44.71475],[20.42423,44.71464]]}},{"type":"Feature","properties":{"kind":"rail"},"geometry":{"type":"LineString","coordinates":[[20.42423,44.71464],[20.42607,44.71485],[20.42676,44.71502],[20.42756,44.71528],[20.42889,44.7159],[20.4299,44.7165],[20.43093,44.71731],[20.43208,44.71862],[20.43273,44.71915]]}},{"type":"Feature","properties":{"kind":"rail"},"geometry":{"type":"LineString","coordinates":[[20.31196,44.74103],[20.31874,44.7372]]}},{"type":"Feature","properties":{"kind":"rail"},"geometry":{"type":"LineString","coordinates":[[20.31874,44.7372],[20.32144,44.73571]]}},{"type":"Feature","properties":{"kind":"rail"},"geometry":{"type":"LineString","coordinates":[[20.26,44.78424],[20.26014,44.78402]]}},{"type":"Feature","properties":{"kind":"rail"},"geometry":{"type":"LineString","coordinates":[[20.26014,44.78402],[20.26208,44.78096],[20.2635,44.77907],[20.28067,44.7597],[20.28154,44.75879],[20.28257,44.75789],[20.28384,44.75697],[20.28524,44.75611],[20.31196,44.74103]]}},{"type":"Feature","properties":{"kind":"rail"},"geometry":{"type":"LineString","coordinates":[[20.39409,44.81838],[20.39504,44.81756]]}},{"type":"Feature","properties":{"kind":"rail"},"geometry":{"type":"LineString","coordinates":[[20.38368,44.83348],[20.38473,44.83308],[20.3859,44.83245],[20.38688,44.83177],[20.38788,44.83084],[20.39367,44.81899],[20.39409,44.81838]]}},{"type":"Feature","properties":{"kind":"rail"},"geometry":{"type":"LineString","coordinates":[[20.38093,44.83431],[20.37746,44.83529]]}},{"type":"Feature","properties":{"kind":"rail"},"geometry":{"type":"LineString","coordinates":[[20.39414,44.81841],[20.39375,44.81901],[20.38794,44.83086],[20.3873,44.83149],[20.38647,44.83214],[20.38532,44.83285],[20.38373,44.83353]]}},{"type":"Feature","properties":{"kind":"rail"},"geometry":{"type":"LineString","coordinates":[[20.36667,44.83798],[20.36758,44.83771]]}},{"type":"Feature","properties":{"kind":"rail"},"geometry":{"type":"LineString","coordinates":[[20.02948,46.19221],[19.99897,46.17621]]}},{"type":"Feature","properties":{"kind":"rail"},"geometry":{"type":"LineString","coordinates":[[19.68262,46.09275],[19.68628,46.0929],[19.73961,46.09914],[19.74373,46.09983],[19.78763,46.10917],[19.79158,46.11016],[19.82515,46.11906]]}},{"type":"Feature","properties":{"kind":"rail"},"geometry":{"type":"LineString","coordinates":[[19.65027,45.82217],[19.65314,45.84111],[19.66178,45.8967],[19.66538,45.92079]]}},{"type":"Feature","properties":{"kind":"rail"},"geometry":{"type":"LineString","coordinates":[[19.10452,45.7848],[19.09449,45.78363]]}},{"type":"Feature","properties":{"kind":"rail"},"geometry":{"type":"LineString","coordinates":[[19.12112,45.78682],[19.1326,45.7874],[19.14409,45.78862]]}},{"type":"Feature","properties":{"kind":"rail"},"geometry":{"type":"LineString","coordinates":[[19.1011,45.54141],[19.09951,45.53955],[19.0919,45.52997]]}},{"type":"Feature","properties":{"kind":"rail"},"geometry":{"type":"LineString","coordinates":[[19.20849,45.50178],[19.20929,45.50076],[19.20993,45.50016],[19.21038,45.49988],[19.21109,45.49958],[19.21209,45.49937],[19.21292,45.49935],[19.2202,45.49962],[19.23596,45.50003],[19.23701,45.50009],[19.23777,45.50026],[19.23862,45.50062],[19.24536,45.50422],[19.24835,45.50615],[19.25836,45.5129],[19.2642,45.51725],[19.26669,45.51902],[19.26741,45.51937],[19.26809,45.51956],[19.2687,45.51964],[19.26977,45.5196],[19.27105,45.51925],[19.27185,45.51881],[19.27246,45.51835],[19.27299,45.51781],[19.27327,45.51731],[19.27342,45.51678],[19.27408,45.5119],[19.27423,45.51123],[19.27452,45.51075],[19.27739,45.50729]]}},{"type":"Feature","properties":{"kind":"rail"},"geometry":{"type":"LineString","coordinates":[[19.09339,45.69129],[19.09624,45.68031],[19.09974,45.66586],[19.10012,45.66477],[19.10144,45.65951],[19.10651,45.63895],[19.10706,45.63629],[19.10736,45.63524],[19.108,45.63246]]}},{"type":"Feature","properties":{"kind":"rail"},"geometry":{"type":"LineString","coordinates":[[19.10795,45.5494],[19.1089,45.55044],[19.10997,45.55119],[19.11134,45.55176],[19.11266,45.55205],[19.11418,45.55212],[19.11579,45.55193],[19.11697,45.55158],[19.11803,45.55106],[19.11868,45.55061],[19.11935,45.55003],[19.13796,45.53287],[19.14916,45.52265],[19.14986,45.52204],[19.15065,45.52148],[19.15148,45.521],[19.15295,45.52029],[19.15401,45.51991],[19.15585,45.51939],[19.15902,45.5186],[19.18386,45.51385],[19.18514,45.51372],[19.18649,45.51375],[19.19298,45.51448],[19.19388,45.51449],[19.19531,45.51434],[19.19671,45.514],[19.19845,45.51322],[19.1994,45.51253],[19.20095,45.51105]]}},{"type":"Feature","properties":{"kind":"rail"},"geometry":{"type":"LineString","coordinates":[[19.29078,45.49114],[19.31731,45.4591],[19.31828,45.45779],[19.32193,45.45225],[19.32261,45.45144],[19.32309,45.451],[19.32695,45.44817],[19.36065,45.42408],[19.39044,45.40265],[19.39946,45.39606],[19.40713,45.39035],[19.42239,45.37878],[19.44015,45.36543],[19.44125,45.36472],[19.46739,45.35049],[19.46839,45.35005],[19.4692,45.34978],[19.4699,45.3496],[19.47132,45.34936],[19.47317,45.34932],[19.51645,45.35183],[19.53586,45.3517]]}},{"type":"Feature","properties":{"kind":"rail"},"geometry":{"type":"LineString","coordinates":[[19.53703,45.35168],[19.53927,45.35164],[19.54083,45.35146]]}},{"type":"Feature","properties":{"kind":"rail"},"geometry":{"type":"LineString","coordinates":[[19.6974,45.25499],[19.69874,45.25482],[19.74103,45.25273],[19.74231,45.25275],[19.7436,45.25286],[19.74496,45.25316],[19.74635,45.25361],[19.74777,45.25428],[19.74828,45.25461],[19.74925,45.25533],[19.75814,45.26268]]}},{"type":"Feature","properties":{"kind":"rail"},"geometry":{"type":"LineString","coordinates":[[19.50103,43.62016],[19.50074,43.62044],[19.49929,43.62152],[19.49864,43.62221],[19.49844,43.62256],[19.49833,43.62295],[19.49824,43.62399]]}},{"type":"Feature","properties":{"kind":"rail"},"geometry":{"type":"LineString","coordinates":[[20.44985,44.70271],[20.45174,44.70051],[20.45231,44.69995],[20.45262,44.69974],[20.45346,44.69938],[20.45434,44.69916],[20.45735,44.69911],[20.45852,44.69883],[20.45912,44.69855],[20.45975,44.69806],[20.46025,44.69748],[20.46048,44.69688]]}},{"type":"Feature","properties":{"kind":"rail"},"geometry":{"type":"LineString","coordinates":[[19.9325,45.20696],[19.93502,45.20613],[19.93631,45.2056],[19.93741,45.20506],[19.93854,45.20439],[19.9403,45.20314],[19.94296,45.20082],[19.94441,45.19964],[19.94817,45.19698],[19.9498,45.19555],[19.95548,45.18946],[19.9562,45.18877],[19.95773,45.1876],[19.96063,45.18591],[19.9675,45.18259]]}},{"type":"Feature","properties":{"kind":"rail"},"geometry":{"type":"LineString","coordinates":[[22.24971,43.56966],[22.25911,43.57954],[22.26018,43.58046],[22.26069,43.58081]]}},{"type":"Feature","properties":{"kind":"rail"},"geometry":{"type":"LineString","coordinates":[[21.69775,42.23092],[21.69755,42.23205],[21.69737,42.2327]]}},{"type":"Feature","properties":{"kind":"rail"},"geometry":{"type":"LineString","coordinates":[[21.69782,42.25435],[21.69822,42.255],[21.69854,42.25592],[21.69864,42.25682],[21.69855,42.25761],[21.69835,42.25832],[21.69804,42.25899],[21.69697,42.26056],[21.6966,42.26121],[21.69633,42.26199],[21.69626,42.26261],[21.6963,42.26327],[21.69708,42.26818],[21.69701,42.26931],[21.69683,42.26997],[21.69649,42.27068],[21.69521,42.2725],[21.69468,42.27339],[21.69461,42.27448],[21.69515,42.27628],[21.69529,42.27701],[21.69482,42.27953],[21.6942,42.28078],[21.6906,42.28431],[21.69035,42.28463]]}},{"type":"Feature","properties":{"kind":"rail"},"geometry":{"type":"LineString","coordinates":[[21.89183,42.51565],[21.89281,42.51657],[21.89351,42.51712],[21.8944,42.5177],[21.89516,42.51809],[21.89675,42.51869],[21.89959,42.51953],[21.90077,42.51982],[21.90196,42.51999],[21.90336,42.52006],[21.91313,42.52012],[21.91407,42.52025],[21.91504,42.5205]]}},{"type":"Feature","properties":{"kind":"rail"},"geometry":{"type":"LineString","coordinates":[[22.04781,42.65944],[22.0481,42.66045],[22.04818,42.66096],[22.04875,42.67025],[22.04882,42.67084],[22.0492,42.6722],[22.04965,42.67316],[22.05331,42.67951],[22.05411,42.68048],[22.05817,42.68427],[22.05859,42.68486],[22.05885,42.68564]]}},{"type":"Feature","properties":{"kind":"rail"},"geometry":{"type":"LineString","coordinates":[[22.05817,42.73519],[22.05785,42.73588],[22.05772,42.73635],[22.05772,42.7373],[22.05797,42.73812],[22.05829,42.73863],[22.0587,42.73907],[22.05998,42.74001],[22.06046,42.74047],[22.06149,42.7417],[22.06286,42.7435],[22.06323,42.74431],[22.06338,42.74485],[22.06371,42.74706]]}},{"type":"Feature","properties":{"kind":"rail"},"geometry":{"type":"LineString","coordinates":[[22.13264,42.83645],[22.13444,42.8403],[22.13465,42.84094],[22.13468,42.84136],[22.13452,42.84218],[22.13364,42.84327],[22.13238,42.84464],[22.13138,42.84556],[22.13095,42.84613],[22.1307,42.84676],[22.13017,42.84854],[22.12954,42.84972],[22.12918,42.85023],[22.12767,42.85183],[22.12621,42.85362],[22.12581,42.85403],[22.12513,42.8544],[22.12341,42.85498]]}},{"type":"Feature","properties":{"kind":"rail"},"geometry":{"type":"LineString","coordinates":[[22.03548,42.9153],[22.03376,42.91579],[22.03094,42.91701],[22.02923,42.918],[22.02832,42.91866],[22.02746,42.91936],[22.0266,42.9202],[22.01803,42.92933],[22.00718,42.94064],[22.005,42.94302],[21.98138,42.96799],[21.97777,42.9722],[21.9702,42.98123]]}},{"type":"Feature","properties":{"kind":"rail"},"geometry":{"type":"LineString","coordinates":[[20.48521,44.67787],[20.48593,44.67746],[20.48621,44.67722],[20.48665,44.67666]]}},{"type":"Feature","properties":{"kind":"rail"},"geometry":{"type":"LineString","coordinates":[[20.48665,44.67666],[20.48687,44.6762],[20.48709,44.67465],[20.48729,44.67398],[20.48756,44.67352],[20.48891,44.67194],[20.48912,44.67153]]}},{"type":"Feature","properties":{"kind":"rail"},"geometry":{"type":"LineString","coordinates":[[20.48912,44.67153],[20.48927,44.6709],[20.48925,44.67052],[20.48918,44.67014],[20.4889,44.66967]]}},{"type":"Feature","properties":{"kind":"rail"},"geometry":{"type":"LineString","coordinates":[[20.4889,44.66967],[20.48759,44.66791],[20.48681,44.66611],[20.48662,44.66575],[20.48627,44.66534],[20.4856,44.66485],[20.48396,44.66404],[20.48349,44.66374],[20.48087,44.6613],[20.47919,44.66007]]}},{"type":"Feature","properties":{"kind":"rail"},"geometry":{"type":"LineString","coordinates":[[20.46684,44.65313],[20.43954,44.62449]]}},{"type":"Feature","properties":{"kind":"rail"},"geometry":{"type":"LineString","coordinates":[[20.43954,44.62449],[20.43824,44.62318],[20.43761,44.62245],[20.4372,44.62178],[20.43661,44.62019],[20.43633,44.61966],[20.43586,44.619],[20.43379,44.61685],[20.43165,44.61371],[20.43101,44.61252],[20.43006,44.6101],[20.42959,44.6077],[20.42918,44.60693],[20.42787,44.60508],[20.42762,44.60448],[20.42734,44.60264],[20.42715,44.60206],[20.42577,44.5997],[20.42552,44.59913],[20.42535,44.59841],[20.42532,44.5979],[20.42519,44.59053],[20.42489,44.58974],[20.42368,44.58756],[20.4228,44.5866],[20.42134,44.58538],[20.42071,44.58453],[20.42011,44.58339],[20.41981,44.58296],[20.41792,44.58105],[20.4171,44.58043],[20.41667,44.58019],[20.41453,44.5793],[20.41364,44.57884],[20.41314,44.57847],[20.41248,44.57775],[20.40709,44.57066],[20.40645,44.56948],[20.40583,44.56782],[20.40532,44.56698],[20.40456,44.56611],[20.40132,44.56273],[20.40084,44.56181],[20.40054,44.56001],[20.40039,44.55956],[20.40005,44.55893],[20.39965,44.55847],[20.39773,44.557],[20.39657,44.55624],[20.39577,44.55583],[20.39503,44.55558],[20.39409,44.5554],[20.39206,44.55524],[20.39085,44.55504],[20.38973,44.55464],[20.38707,44.55347],[20.38568,44.55268],[20.38465,44.55175],[20.38319,44.55005],[20.38065,44.54572],[20.37966,44.54372]]}},{"type":"Feature","properties":{"kind":"rail"},"geometry":{"type":"LineString","coordinates":[[19.89305,44.26453],[19.89248,44.26411],[19.89213,44.2637],[19.8918,44.26302]]}},{"type":"Feature","properties":{"kind":"rail"},"geometry":{"type":"LineString","coordinates":[[19.8918,44.26302],[19.89172,44.26232],[19.89202,44.26064],[19.89202,44.26036],[19.8919,44.25979],[19.89156,44.25918],[19.89104,44.25866],[19.89034,44.25823],[19.88812,44.25738],[19.88745,44.25699]]}},{"type":"Feature","properties":{"kind":"rail"},"geometry":{"type":"LineString","coordinates":[[19.89626,44.26701],[19.8955,44.2663]]}},{"type":"Feature","properties":{"kind":"rail"},"geometry":{"type":"LineString","coordinates":[[19.8955,44.2663],[19.8949,44.26574],[19.89401,44.26511]]}},{"type":"Feature","properties":{"kind":"rail"},"geometry":{"type":"LineString","coordinates":[[22.01877,44.17061],[22.01813,44.1671]]}},{"type":"Feature","properties":{"kind":"rail"},"geometry":{"type":"LineString","coordinates":[[19.95597,44.29044],[19.95325,44.28927],[19.94905,44.288],[19.93048,44.28199]]}},{"type":"Feature","properties":{"kind":"rail"},"geometry":{"type":"LineString","coordinates":[[19.90723,44.27056],[19.90178,44.26995],[19.90044,44.26966],[19.89925,44.26923],[19.8981,44.26862],[19.89742,44.26809],[19.89626,44.26701]]}},{"type":"Feature","properties":{"kind":"rail"},"geometry":{"type":"LineString","coordinates":[[20.69112,43.21584],[20.69147,43.21522],[20.69202,43.21465],[20.69281,43.21415],[20.6953,43.21279]]}},{"type":"Feature","properties":{"kind":"rail"},"geometry":{"type":"LineString","coordinates":[[20.61486,44.88926],[20.61821,44.88901]]}},{"type":"Feature","properties":{"kind":"rail"},"geometry":{"type":"LineString","coordinates":[[21.00997,44.57563],[21.01168,44.57187],[21.01269,44.57038],[21.01326,44.56975],[21.01433,44.5687],[21.03798,44.5481],[21.03935,44.54715],[21.0406,44.5465],[21.04823,44.5435],[21.04911,44.54304],[21.04972,44.54263],[21.05055,44.54194],[21.05315,44.53908],[21.05445,44.53739],[21.05786,44.53201],[21.05924,44.52994],[21.06084,44.52734],[21.06115,44.52669],[21.06321,44.52093],[21.06817,44.50659],[21.06844,44.50546],[21.06886,44.49038],[21.0696,44.48333],[21.06995,44.4793],[21.07071,44.47241],[21.07138,44.46699],[21.07162,44.46398],[21.07299,44.45238],[21.07457,44.44746],[21.07589,44.44367],[21.07616,44.44247],[21.07636,44.43374],[21.07631,44.4332],[21.07597,44.43142],[21.07468,44.4223],[21.07458,44.4217],[21.07421,44.42052],[21.07393,44.41991],[21.07209,44.4167],[21.07176,44.41583],[21.07155,44.41501],[21.07144,44.41416],[21.07153,44.41347],[21.07184,44.41226],[21.07221,44.41127],[21.07565,44.40304],[21.07643,44.40167],[21.07932,44.39758],[21.07959,44.39697],[21.07985,44.39613],[21.08235,44.38674],[21.0825,44.38581],[21.08253,44.38494],[21.08235,44.38366],[21.08114,44.3802]]}},{"type":"Feature","properties":{"kind":"rail"},"geometry":{"type":"LineString","coordinates":[[20.6524,44.89158],[20.65173,44.89891],[20.6518,44.89994],[20.65224,44.90148],[20.65274,44.90245],[20.65846,44.91155],[20.6635,44.91966],[20.66452,44.9214],[20.66757,44.93257],[20.6681,44.93378],[20.66918,44.93536]]}},{"type":"Feature","properties":{"kind":"rail"},"geometry":{"type":"LineString","coordinates":[[20.64689,44.88684],[20.64837,44.88678],[20.64947,44.88692],[20.65062,44.88733],[20.65146,44.88786],[20.65203,44.88843],[20.65234,44.88897],[20.65247,44.88941],[20.65252,44.88987],[20.6524,44.89158]]}},{"type":"Feature","properties":{"kind":"rail"},"geometry":{"type":"LineString","coordinates":[[20.63743,44.88757],[20.64524,44.88696]]}},{"type":"Feature","properties":{"kind":"rail"},"geometry":{"type":"LineString","coordinates":[[22.04917,42.90703],[22.049,42.90751]]}},{"type":"Feature","properties":{"kind":"rail"},"geometry":{"type":"LineString","coordinates":[[22.04827,42.90935],[22.04704,42.91244],[22.04671,42.91292],[22.04624,42.91338],[22.04567,42.91379],[22.04494,42.91415],[22.04429,42.91436],[22.04339,42.91455],[22.03922,42.91475],[22.03679,42.91504]]}},{"type":"Feature","properties":{"kind":"rail"},"geometry":{"type":"LineString","coordinates":[[19.08631,45.5233],[19.08434,45.52098]]}},{"type":"Feature","properties":{"kind":"rail"},"geometry":{"type":"LineString","coordinates":[[19.6723,46.09982],[19.67219,46.10006]]}},{"type":"Feature","properties":{"kind":"rail"},"geometry":{"type":"LineString","coordinates":[[20.44438,44.76477],[20.44436,44.766],[20.4445,44.76665],[20.44474,44.76731],[20.44502,44.76781]]}},{"type":"Feature","properties":{"kind":"rail"},"geometry":{"type":"LineString","coordinates":[[20.43885,44.74311],[20.43568,44.7414],[20.43491,44.74089],[20.43425,44.74028],[20.43374,44.73963],[20.43227,44.73748],[20.43125,44.73574],[20.43102,44.73528],[20.43079,44.73458],[20.43072,44.73383],[20.43077,44.73334],[20.43107,44.73245],[20.4323,44.73027],[20.43396,44.72782],[20.43434,44.72704],[20.43444,44.72668],[20.43448,44.726],[20.43447,44.72371]]}},{"type":"Feature","properties":{"kind":"rail"},"geometry":{"type":"LineString","coordinates":[[20.4407,44.7202],[20.44501,44.72025]]}},{"type":"Feature","properties":{"kind":"rail"},"geometry":{"type":"LineString","coordinates":[[20.56591,44.56693],[20.56683,44.5665],[20.56727,44.56622],[20.5676,44.56592],[20.56792,44.5656],[20.56974,44.56336],[20.56994,44.56304]]}},{"type":"Feature","properties":{"kind":"rail"},"geometry":{"type":"LineString","coordinates":[[20.56994,44.56304],[20.57178,44.55997],[20.57262,44.55735],[20.57301,44.55661],[20.57362,44.55596],[20.57402,44.55567],[20.57498,44.55515],[20.57638,44.55455],[20.57716,44.55396],[20.57753,44.55357],[20.58276,44.54587],[20.58349,44.54501],[20.58439,44.54437],[20.58502,44.54408],[20.58589,44.54381],[20.58723,44.54364],[20.58977,44.5437],[20.59133,44.54358],[20.59274,44.54325],[20.59342,44.54299],[20.59401,44.54267],[20.59452,44.54232],[20.59499,44.54189],[20.59542,44.54141],[20.59579,44.54082],[20.59748,44.53696]]}},{"type":"Feature","properties":{"kind":"rail"},"geometry":{"type":"LineString","coordinates":[[21.05002,44.1538],[21.04655,44.15501],[21.04554,44.15524],[21.0443,44.15536],[21.04304,44.15538],[21.03176,44.15513],[21.0308,44.15497],[21.02972,44.15466],[21.02891,44.15433],[21.0281,44.15385],[21.0256,44.1518],[21.02464,44.15081],[21.02393,44.14988],[21.01993,44.14382],[21.01919,44.14289],[21.0184,44.14225],[21.01494,44.14012],[21.01334,44.13886],[21.01087,44.13631],[21.0104,44.13595],[21.00922,44.13529],[21.00801,44.13487],[21.00712,44.13468],[21.00578,44.13456],[21.0026,44.13452],[21.00125,44.13434],[21.00027,44.1341],[20.99764,44.1333],[20.99613,44.13301],[20.99473,44.13289],[20.99187,44.13289],[20.99019,44.13273],[20.98945,44.13261],[20.98317,44.1312],[20.98221,44.13094],[20.98135,44.13059],[20.97966,44.12967],[20.97822,44.12874],[20.97763,44.12843],[20.97618,44.12788],[20.97485,44.12762],[20.97083,44.12736],[20.96997,44.12723],[20.96921,44.12705],[20.96765,44.12652],[20.96582,44.12575],[20.96457,44.12508],[20.96398,44.12463],[20.96315,44.12377],[20.96239,44.1225],[20.96076,44.11947],[20.96046,44.11839],[20.96043,44.11782],[20.9605,44.11731],[20.96082,44.11632],[20.96117,44.11572],[20.96159,44.11518],[20.96332,44.11342],[20.96412,44.11241],[20.96444,44.11182],[20.96468,44.11118],[20.96579,44.10777],[20.96608,44.10712],[20.96683,44.1061],[20.96805,44.1049],[20.97084,44.10224],[20.97365,44.0999],[20.98383,44.08941],[20.98505,44.08808],[20.98581,44.08687],[20.98613,44.08605],[20.98679,44.08305],[20.98693,44.08194],[20.98693,44.0813],[20.98679,44.08064],[20.98588,44.07816],[20.98573,44.07722],[20.98562,44.07576],[20.98552,44.07378],[20.98557,44.07309],[20.98621,44.07033],[20.98624,44.06954],[20.98612,44.06887],[20.98588,44.06821],[20.98533,44.06723],[20.98417,44.06574],[20.98368,44.06485],[20.98295,44.0624],[20.98247,44.06126],[20.98174,44.06027],[20.98063,44.05922]]}},{"type":"Feature","properties":{"kind":"rail"},"geometry":{"type":"LineString","coordinates":[[21.09925,44.16248],[21.10218,44.15774]]}},{"type":"Feature","properties":{"kind":"rail"},"geometry":{"type":"LineString","coordinates":[[20.91101,44.00786],[20.91016,44.00747],[20.90934,44.00685],[20.90476,44.00256],[20.90413,44.00218],[20.90344,44.00192],[20.90252,44.00176],[20.9001,44.00172],[20.89928,44.00162],[20.89675,44.00075],[20.89592,44.00063],[20.8938,44.00051],[20.89283,44.00034],[20.89229,44.00016],[20.88999,43.99903],[20.88896,43.99868],[20.88779,43.99851],[20.88545,43.99847],[20.88451,43.99829],[20.88363,43.99794],[20.88067,43.99639],[20.87402,43.99394],[20.87254,43.99356],[20.86679,43.99254],[20.86607,43.99232],[20.86563,43.9921]]}},{"type":"Feature","properties":{"kind":"rail"},"geometry":{"type":"LineString","coordinates":[[20.80427,43.95291],[20.80315,43.95243],[20.80188,43.95212],[20.77924,43.94905]]}},{"type":"Feature","properties":{"kind":"rail"},"geometry":{"type":"LineString","coordinates":[[20.77924,43.94905],[20.77569,43.94853]]}},{"type":"Feature","properties":{"kind":"rail"},"geometry":{"type":"LineString","coordinates":[[20.81812,43.97267],[20.8137,43.97112],[20.8131,43.97072],[20.8126,43.97022],[20.81226,43.96962],[20.81217,43.96929],[20.81078,43.96325],[20.81044,43.96226],[20.8101,43.96161],[20.8096,43.96091],[20.80673,43.95762],[20.80626,43.95695],[20.806,43.95635],[20.80544,43.95416],[20.80523,43.95377],[20.80483,43.95332]]}},{"type":"Feature","properties":{"kind":"rail"},"geometry":{"type":"LineString","coordinates":[[20.80579,43.76166],[20.80562,43.76108]]}},{"type":"Feature","properties":{"kind":"rail"},"geometry":{"type":"LineString","coordinates":[[20.79756,43.7165],[20.79677,43.71571]]}},{"type":"Feature","properties":{"kind":"rail"},"geometry":{"type":"LineString","coordinates":[[20.79677,43.71571],[20.79577,43.71509],[20.79319,43.71379],[20.79178,43.71264],[20.79084,43.71205],[20.79037,43.71186],[20.78928,43.71163],[20.78865,43.7116],[20.78807,43.71166],[20.7871,43.7119],[20.78671,43.71206],[20.78589,43.71261],[20.78558,43.71293],[20.78531,43.71336],[20.78501,43.71418],[20.78457,43.71574],[20.78404,43.71647],[20.78333,43.71699],[20.78285,43.71722],[20.77933,43.71869]]}},{"type":"Feature","properties":{"kind":"rail"},"geometry":{"type":"LineString","coordinates":[[20.74506,43.73131],[20.74279,43.73105]]}},{"type":"Feature","properties":{"kind":"rail"},"geometry":{"type":"LineString","coordinates":[[20.6824,43.73029],[20.67961,43.7289],[20.67807,43.72827],[20.67724,43.72805],[20.6709,43.72683],[20.66916,43.72664],[20.66739,43.72664],[20.66195,43.72715]]}},{"type":"Feature","properties":{"kind":"rail"},"geometry":{"type":"LineString","coordinates":[[20.57224,43.6746],[20.56926,43.66641]]}},{"type":"Feature","properties":{"kind":"rail"},"geometry":{"type":"LineString","coordinates":[[20.56926,43.66641],[20.5691,43.66608],[20.56841,43.66533],[20.56663,43.66398],[20.5641,43.66066],[20.56267,43.65952],[20.56244,43.65926],[20.562,43.6585],[20.56173,43.65764]]}},{"type":"Feature","properties":{"kind":"rail"},"geometry":{"type":"LineString","coordinates":[[20.54648,43.63389],[20.5457,43.63311]]}},{"type":"Feature","properties":{"kind":"rail"},"geometry":{"type":"LineString","coordinates":[[20.5457,43.63311],[20.54526,43.63263],[20.54476,43.63183],[20.54462,43.6315]]}},{"type":"Feature","properties":{"kind":"rail"},"geometry":{"type":"LineString","coordinates":[[20.54462,43.6315],[20.54456,43.63119],[20.54457,43.63049],[20.54477,43.62989]]}},{"type":"Feature","properties":{"kind":"rail"},"geometry":{"type":"LineString","coordinates":[[20.54477,43.62989],[20.54601,43.6282],[20.54678,43.62663],[20.54764,43.62521],[20.54787,43.62494],[20.54843,43.62445],[20.55334,43.6214],[20.55385,43.62102],[20.55568,43.61911],[20.5559,43.61875],[20.55602,43.61841],[20.55612,43.61756],[20.55589,43.6167],[20.55565,43.61624]]}},{"type":"Feature","properties":{"kind":"rail"},"geometry":{"type":"LineString","coordinates":[[20.55565,43.61624],[20.55391,43.61274]]}},{"type":"Feature","properties":{"kind":"rail"},"geometry":{"type":"LineString","coordinates":[[20.55378,43.6121],[20.55382,43.61154],[20.55395,43.61113],[20.55458,43.61002],[20.55514,43.60793],[20.55533,43.60742],[20.55557,43.60701],[20.55784,43.60449],[20.55904,43.60285],[20.55951,43.60207],[20.55997,43.60111],[20.56006,43.60072],[20.5601,43.59997]]}},{"type":"Feature","properties":{"kind":"rail"},"geometry":{"type":"LineString","coordinates":[[20.5601,43.59997],[20.56015,43.59952],[20.56046,43.5985],[20.56077,43.59792],[20.56114,43.5974],[20.56158,43.59698],[20.56221,43.59661]]}},{"type":"Feature","properties":{"kind":"rail"},"geometry":{"type":"LineString","coordinates":[[20.57004,43.59565],[20.57085,43.59517],[20.57123,43.59481],[20.57149,43.59437],[20.5727,43.59158],[20.57334,43.59074],[20.57385,43.59018],[20.57418,43.58992],[20.57514,43.58945],[20.57591,43.58921],[20.57955,43.58831]]}},{"type":"Feature","properties":{"kind":"rail"},"geometry":{"type":"LineString","coordinates":[[20.58171,43.58519],[20.58184,43.58447],[20.58225,43.58377],[20.58304,43.58308],[20.58368,43.58272]]}},{"type":"Feature","properties":{"kind":"rail"},"geometry":{"type":"LineString","coordinates":[[20.59944,43.56908],[20.6006,43.56882],[20.60116,43.56858],[20.60193,43.56808],[20.60289,43.56724],[20.60395,43.56562],[20.60424,43.56527],[20.6073,43.56293],[20.60794,43.56257],[20.60855,43.56233],[20.60975,43.56204],[20.61116,43.56192]]}},{"type":"Feature","properties":{"kind":"rail"},"geometry":{"type":"LineString","coordinates":[[20.62105,43.55873],[20.62099,43.55835],[20.62064,43.55745],[20.61743,43.55097],[20.61738,43.5502]]}},{"type":"Feature","properties":{"kind":"rail"},"geometry":{"type":"LineString","coordinates":[[20.61767,43.54947],[20.61799,43.54885],[20.61816,43.54832],[20.61832,43.54711],[20.6185,43.54654],[20.61919,43.54516],[20.61933,43.54438],[20.61928,43.54388],[20.61911,43.54346],[20.61876,43.54292],[20.61824,43.54245]]}},{"type":"Feature","properties":{"kind":"rail"},"geometry":{"type":"LineString","coordinates":[[20.61824,43.54245],[20.6137,43.53893],[20.61329,43.53851],[20.61305,43.53811],[20.6129,43.53771]]}},{"type":"Feature","properties":{"kind":"rail"},"geometry":{"type":"LineString","coordinates":[[20.6129,43.53771],[20.61277,43.5373],[20.61266,43.53646]]}},{"type":"Feature","properties":{"kind":"rail"},"geometry":{"type":"LineString","coordinates":[[20.61821,43.50507],[20.61856,43.50429],[20.61863,43.50363],[20.61858,43.50323],[20.61834,43.50248],[20.61792,43.50175]]}},{"type":"Feature","properties":{"kind":"rail"},"geometry":{"type":"LineString","coordinates":[[20.61792,43.50175],[20.6177,43.50109],[20.61766,43.50074],[20.61759,43.49752],[20.6175,43.4971],[20.61731,43.49669],[20.61664,43.49602],[20.61623,43.49578],[20.61358,43.49486]]}},{"type":"Feature","properties":{"kind":"rail"},"geometry":{"type":"LineString","coordinates":[[20.61047,43.49287],[20.60998,43.49202]]}},{"type":"Feature","properties":{"kind":"rail"},"geometry":{"type":"LineString","coordinates":[[20.60998,43.49202],[20.60965,43.49132]]}},{"type":"Feature","properties":{"kind":"rail"},"geometry":{"type":"LineString","coordinates":[[20.60945,43.49062],[20.60929,43.48687],[20.60943,43.48601],[20.60973,43.4853]]}},{"type":"Feature","properties":{"kind":"rail"},"geometry":{"type":"LineString","coordinates":[[20.60973,43.4853],[20.61022,43.4843]]}},{"type":"Feature","properties":{"kind":"rail"},"geometry":{"type":"LineString","coordinates":[[20.61022,43.4843],[20.61061,43.48354]]}},{"type":"Feature","properties":{"kind":"rail"},"geometry":{"type":"LineString","coordinates":[[20.61061,43.48354],[20.61102,43.48287],[20.61125,43.48265]]}},{"type":"Feature","properties":{"kind":"rail"},"geometry":{"type":"LineString","coordinates":[[20.61125,43.48265],[20.61156,43.48238],[20.61201,43.48211]]}},{"type":"Feature","properties":{"kind":"rail"},"geometry":{"type":"LineString","coordinates":[[20.62028,43.47781],[20.62101,43.47722],[20.62159,43.47638],[20.62176,43.47597],[20.62198,43.47488],[20.62201,43.47439],[20.62191,43.47396],[20.62026,43.46956],[20.62017,43.46904],[20.62018,43.46871],[20.62038,43.46807],[20.62067,43.46762],[20.62121,43.4671],[20.62198,43.46665]]}},{"type":"Feature","properties":{"kind":"rail"},"geometry":{"type":"LineString","coordinates":[[20.64603,43.45962],[20.64692,43.4591]]}},{"type":"Feature","properties":{"kind":"rail"},"geometry":{"type":"LineString","coordinates":[[20.64692,43.4591],[20.64774,43.45862]]}},{"type":"Feature","properties":{"kind":"rail"},"geometry":{"type":"LineString","coordinates":[[20.64809,43.45841],[20.65698,43.45344],[20.65781,43.45281],[20.65833,43.45208]]}},{"type":"Feature","properties":{"kind":"rail"},"geometry":{"type":"LineString","coordinates":[[20.65833,43.45208],[20.65873,43.45083],[20.65895,43.45045],[20.65974,43.44982],[20.66039,43.44958],[20.66271,43.44917],[20.66379,43.44888],[20.66471,43.44838],[20.66554,43.44756],[20.66623,43.44611],[20.66638,43.44535],[20.66604,43.44323],[20.6655,43.4423]]}},{"type":"Feature","properties":{"kind":"rail"},"geometry":{"type":"LineString","coordinates":[[20.66039,43.43441],[20.65983,43.43374]]}},{"type":"Feature","properties":{"kind":"rail"},"geometry":{"type":"LineString","coordinates":[[20.65983,43.43374],[20.65896,43.43275]]}},{"type":"Feature","properties":{"kind":"rail"},"geometry":{"type":"LineString","coordinates":[[20.65896,43.43275],[20.65821,43.43181],[20.65788,43.43095],[20.65778,43.43041],[20.65773,43.42989],[20.65781,43.42884],[20.65809,43.42802],[20.65837,43.42768]]}},{"type":"Feature","properties":{"kind":"rail"},"geometry":{"type":"LineString","coordinates":[[20.65837,43.42768],[20.66156,43.424],[20.66208,43.42347],[20.66338,43.42236],[20.6641,43.42137]]}},{"type":"Feature","properties":{"kind":"rail"},"geometry":{"type":"LineString","coordinates":[[20.6648,43.4195],[20.66462,43.41843]]}},{"type":"Feature","properties":{"kind":"rail"},"geometry":{"type":"LineString","coordinates":[[20.66462,43.41843],[20.66426,43.41624]]}},{"type":"Feature","properties":{"kind":"rail"},"geometry":{"type":"LineString","coordinates":[[20.64585,43.34772],[20.64621,43.34697]]}},{"type":"Feature","properties":{"kind":"rail"},"geometry":{"type":"LineString","coordinates":[[20.64621,43.34697],[20.64711,43.34424]]}},{"type":"Feature","properties":{"kind":"rail"},"geometry":{"type":"LineString","coordinates":[[20.64676,43.34254],[20.64668,43.34243]]}},{"type":"Feature","properties":{"kind":"rail"},"geometry":{"type":"LineString","coordinates":[[20.69322,43.22729],[20.69139,43.23126],[20.69111,43.2317],[20.68773,43.23515],[20.68728,43.23542],[20.68636,43.23578]]}},{"type":"Feature","properties":{"kind":"rail"},"geometry":{"type":"LineString","coordinates":[[20.69322,43.22729],[20.69353,43.22661]]}},{"type":"Feature","properties":{"kind":"rail"},"geometry":{"type":"LineString","coordinates":[[20.69353,43.22661],[20.694,43.22546],[20.69404,43.22461],[20.69394,43.22403],[20.69282,43.22118]]}},{"type":"Feature","properties":{"kind":"rail"},"geometry":{"type":"LineString","coordinates":[[20.69187,43.21904],[20.69115,43.21756],[20.69099,43.21709],[20.69097,43.21659],[20.69112,43.21584]]}},{"type":"Feature","properties":{"kind":"rail"},"geometry":{"type":"LineString","coordinates":[[20.69282,43.22118],[20.69258,43.22064]]}},{"type":"Feature","properties":{"kind":"rail"},"geometry":{"type":"LineString","coordinates":[[20.69244,43.22033],[20.69187,43.21904]]}},{"type":"Feature","properties":{"kind":"rail"},"geometry":{"type":"LineString","coordinates":[[22.27188,44.01075],[22.27269,44.01047]]}},{"type":"Feature","properties":{"kind":"rail"},"geometry":{"type":"LineString","coordinates":[[20.1312,44.99539],[20.12795,44.99983],[20.12538,45.00356],[20.12179,45.0095],[20.12079,45.01102],[20.11919,45.01296],[20.1181,45.01406],[20.1168,45.01522]]}},{"type":"Feature","properties":{"kind":"rail"},"geometry":{"type":"LineString","coordinates":[[20.1168,45.01522],[20.11605,45.01583]]}},{"type":"Feature","properties":{"kind":"rail"},"geometry":{"type":"LineString","coordinates":[[20.11605,45.01583],[20.11447,45.01696],[20.1134,45.01764],[20.11084,45.01904],[20.10826,45.0202],[20.10548,45.02119],[20.103,45.02188],[20.10075,45.02237],[20.08732,45.02484],[20.08635,45.02497]]}},{"type":"Feature","properties":{"kind":"rail"},"geometry":{"type":"LineString","coordinates":[[19.7931,45.28286],[19.79778,45.28027],[19.80011,45.27893],[19.80061,45.27858],[19.80186,45.27741],[19.8032,45.27572],[19.80433,45.27448],[19.80531,45.2737],[19.80625,45.2731]]}},{"type":"Feature","properties":{"kind":"rail"},"geometry":{"type":"LineString","coordinates":[[22.06371,42.74706],[22.06415,42.74789],[22.06455,42.7483],[22.06542,42.74889],[22.06591,42.74911],[22.06673,42.7493],[22.06777,42.7493]]}},{"type":"Feature","properties":{"kind":"rail"},"geometry":{"type":"LineString","coordinates":[[22.08695,42.76679],[22.08648,42.76887],[22.08648,42.76956],[22.08681,42.77025],[22.08713,42.77066],[22.08752,42.771],[22.08827,42.7714],[22.08885,42.77183],[22.08916,42.77211],[22.08944,42.77248],[22.08969,42.77297],[22.08992,42.77487],[22.09009,42.77538],[22.09029,42.77571],[22.09081,42.77627],[22.09172,42.77698],[22.09217,42.77746],[22.09402,42.78079],[22.09409,42.78199],[22.09405,42.78237],[22.09379,42.78315],[22.09357,42.78353],[22.09208,42.78515],[22.09173,42.78568],[22.09134,42.78663],[22.09121,42.78716],[22.09114,42.78766],[22.09114,42.78848],[22.09177,42.79102],[22.09193,42.79133],[22.09235,42.79186],[22.09277,42.7922],[22.09401,42.79349],[22.09763,42.79692],[22.09823,42.79743],[22.1005,42.79895],[22.10107,42.79944],[22.10143,42.79991],[22.10164,42.80041],[22.10171,42.80093],[22.10168,42.80202],[22.10179,42.80253],[22.10202,42.80295]]}},{"type":"Feature","properties":{"kind":"rail"},"geometry":{"type":"LineString","coordinates":[[19.64907,46.14823],[19.65031,46.14626],[19.65193,46.14313],[19.66554,46.11423],[19.66765,46.10963]]}},{"type":"Feature","properties":{"kind":"rail"},"geometry":{"type":"LineString","coordinates":[[20.49295,44.83419],[20.49117,44.82448]]}},{"type":"Feature","properties":{"kind":"rail"},"geometry":{"type":"LineString","coordinates":[[20.49429,44.83731],[20.49374,44.83651],[20.49344,44.83594],[20.49308,44.83488],[20.49295,44.83419]]}},{"type":"Feature","properties":{"kind":"rail"},"geometry":{"type":"LineString","coordinates":[[20.49806,44.84101],[20.49632,44.83937]]}},{"type":"Feature","properties":{"kind":"rail"},"geometry":{"type":"LineString","coordinates":[[20.49632,44.83937],[20.49568,44.83877]]}},{"type":"Feature","properties":{"kind":"rail"},"geometry":{"type":"LineString","coordinates":[[20.49439,44.83726],[20.49474,44.83766]]}},{"type":"Feature","properties":{"kind":"rail"},"geometry":{"type":"LineString","coordinates":[[20.49568,44.83877],[20.4946,44.83767]]}},{"type":"Feature","properties":{"kind":"rail"},"geometry":{"type":"LineString","coordinates":[[20.4946,44.83767],[20.49429,44.83731]]}},{"type":"Feature","properties":{"kind":"rail"},"geometry":{"type":"LineString","coordinates":[[20.43333,44.80171],[20.43459,44.80097],[20.44111,44.79656],[20.44191,44.79614],[20.4428,44.79579],[20.44485,44.7953]]}},{"type":"Feature","properties":{"kind":"rail"},"geometry":{"type":"LineString","coordinates":[[20.44487,44.79535],[20.44322,44.7957],[20.44208,44.79612],[20.4413,44.79651],[20.43424,44.80126],[20.43337,44.80174]]}},{"type":"Feature","properties":{"kind":"rail"},"geometry":{"type":"LineString","coordinates":[[20.25127,44.39881],[20.25098,44.39801],[20.25079,44.39687],[20.25145,44.39051],[20.25138,44.38967]]}},{"type":"Feature","properties":{"kind":"rail"},"geometry":{"type":"LineString","coordinates":[[20.25134,44.39894],[20.25127,44.39881]]}},{"type":"Feature","properties":{"kind":"rail"},"geometry":{"type":"LineString","coordinates":[[20.24398,44.83724],[20.24402,44.83669]]}},{"type":"Feature","properties":{"kind":"rail"},"geometry":{"type":"LineString","coordinates":[[20.24402,44.83669],[20.24408,44.83586]]}},{"type":"Feature","properties":{"kind":"rail"},"geometry":{"type":"LineString","coordinates":[[20.24408,44.83586],[20.24413,44.83521]]}},{"type":"Feature","properties":{"kind":"rail"},"geometry":{"type":"LineString","coordinates":[[20.24413,44.83521],[20.24597,44.81071]]}},{"type":"Feature","properties":{"kind":"rail"},"geometry":{"type":"LineString","coordinates":[[22.08696,44.09227],[22.0871,44.09161],[22.08715,44.091],[22.08714,44.09],[22.08723,44.08841],[22.08742,44.08759],[22.0881,44.08606],[22.08872,44.08527],[22.0894,44.08453],[22.10127,44.07466]]}},{"type":"Feature","properties":{"kind":"rail"},"geometry":{"type":"LineString","coordinates":[[21.76429,43.39759],[21.76372,43.39823],[21.7634,43.39869],[21.76276,43.40008],[21.76264,43.40058],[21.76218,43.4049],[21.76204,43.40551],[21.7618,43.40611],[21.76146,43.40672],[21.76099,43.40736],[21.76002,43.40832],[21.75266,43.41312],[21.75119,43.41425],[21.75041,43.41514],[21.74963,43.41635],[21.74875,43.41923]]}},{"type":"Feature","properties":{"kind":"rail"},"geometry":{"type":"LineString","coordinates":[[22.27824,43.90666],[22.2787,43.90706]]}},{"type":"Feature","properties":{"kind":"rail"},"geometry":{"type":"LineString","coordinates":[[22.2787,43.90706],[22.28427,43.91196],[22.28503,43.9128],[22.28769,43.91656],[22.28859,43.91759],[22.28948,43.91839]]}},{"type":"Feature","properties":{"kind":"rail"},"geometry":{"type":"LineString","coordinates":[[22.5448,44.24331],[22.54432,44.24283]]}},{"type":"Feature","properties":{"kind":"rail"},"geometry":{"type":"LineString","coordinates":[[22.54405,44.22675],[22.54456,44.22644],[22.54673,44.22481],[22.55954,44.215],[22.56006,44.21453],[22.5604,44.21406],[22.56064,44.2134],[22.56064,44.21271],[22.56033,44.21116],[22.56029,44.21064],[22.56039,44.2101],[22.56078,44.2094],[22.57439,44.19685],[22.57522,44.19581],[22.5795,44.18944],[22.57988,44.18896],[22.58074,44.18837],[22.58119,44.18819],[22.58178,44.18806],[22.58228,44.18802],[22.58305,44.18806],[22.58411,44.18831]]}},{"type":"Feature","properties":{"kind":"rail"},"geometry":{"type":"LineString","coordinates":[[21.28001,45.11412],[21.28164,45.1101]]}},{"type":"Feature","properties":{"kind":"rail"},"geometry":{"type":"LineString","coordinates":[[21.26056,45.19364],[21.27131,45.13598],[21.27173,45.1346],[21.27386,45.12943]]}},{"type":"Feature","properties":{"kind":"rail"},"geometry":{"type":"LineString","coordinates":[[19.66525,45.92077],[19.66154,45.89593],[19.6562,45.86212],[19.65174,45.83309],[19.65021,45.82215]]}},{"type":"Feature","properties":{"kind":"rail"},"geometry":{"type":"LineString","coordinates":[[20.06509,45.93197],[20.06327,45.93253],[20.06264,45.93263],[20.06192,45.93265],[20.06085,45.93249],[20.05847,45.93152],[20.05798,45.93139],[20.05726,45.9313],[20.03056,45.92935]]}},{"type":"Feature","properties":{"kind":"rail"},"geometry":{"type":"LineString","coordinates":[[20.07472,45.93937],[20.08432,45.93572]]}},{"type":"Feature","properties":{"kind":"rail"},"geometry":{"type":"LineString","coordinates":[[21.86987,43.33768],[21.86702,43.33897],[21.86527,43.33961],[21.85918,43.34134],[21.85545,43.34222],[21.85334,43.34262],[21.84619,43.34335],[21.84445,43.34329],[21.84333,43.34308],[21.84208,43.34269],[21.84079,43.34205],[21.83994,43.34141],[21.83909,43.3405],[21.83866,43.33981],[21.83815,43.33848]]}},{"type":"Feature","properties":{"kind":"rail"},"geometry":{"type":"LineString","coordinates":[[21.81564,43.36345],[21.81481,43.3649],[21.81406,43.36592],[21.8115,43.36879],[21.81071,43.36985],[21.81018,43.37092],[21.80655,43.38001],[21.80566,43.38172],[21.80501,43.38263],[21.80421,43.3836],[21.80337,43.38444],[21.80192,43.38561],[21.80033,43.38665],[21.79864,43.38751],[21.79762,43.38794],[21.79552,43.38864],[21.77121,43.39468]]}},{"type":"Feature","properties":{"kind":"rail"},"geometry":{"type":"LineString","coordinates":[[21.88252,43.33191],[21.88152,43.33242],[21.87438,43.3357]]}},{"type":"Feature","properties":{"kind":"rail"},"geometry":{"type":"LineString","coordinates":[[22.03246,43.3073],[22.03085,43.30588],[22.02922,43.30475],[22.02775,43.30393],[22.02543,43.30291],[22.02302,43.3022],[22.02144,43.3019],[22.01975,43.30168],[22.01819,43.30156]]}},{"type":"Feature","properties":{"kind":"rail"},"geometry":{"type":"LineString","coordinates":[[19.6797,46.09337],[19.67601,46.09517],[19.67475,46.09609],[19.67411,46.09676],[19.6736,46.09746],[19.67244,46.09984]]}},{"type":"Feature","properties":{"kind":"rail"},"geometry":{"type":"LineString","coordinates":[[19.68348,46.09141],[19.68195,46.09227],[19.67636,46.09487],[19.67523,46.09556],[19.67422,46.09643],[19.67374,46.09702],[19.67333,46.09769],[19.6723,46.09982]]}},{"type":"Feature","properties":{"kind":"rail"},"geometry":{"type":"LineString","coordinates":[[19.68362,46.09134],[19.68348,46.09141]]}},{"type":"Feature","properties":{"kind":"rail"},"geometry":{"type":"LineString","coordinates":[[19.68236,46.09275],[19.68262,46.09275]]}},{"type":"Feature","properties":{"kind":"rail"},"geometry":{"type":"LineString","coordinates":[[19.93772,46.14877],[19.94666,46.15113],[19.94898,46.15187],[19.9505,46.15245],[19.98453,46.16869],[19.99897,46.17621]]}},{"type":"Feature","properties":{"kind":"rail"},"geometry":{"type":"LineString","coordinates":[[21.27386,45.12943],[21.27393,45.12924]]}},{"type":"Feature","properties":{"kind":"rail"},"geometry":{"type":"LineString","coordinates":[[21.27393,45.12924],[21.28001,45.11412]]}},{"type":"Feature","properties":{"kind":"rail"},"geometry":{"type":"LineString","coordinates":[[21.20895,45.06335],[21.20731,45.06131],[21.20685,45.06085],[21.2062,45.06033],[21.20484,45.05957],[21.20349,45.0591],[21.20113,45.05865],[21.16265,45.05229]]}},{"type":"Feature","properties":{"kind":"rail"},"geometry":{"type":"LineString","coordinates":[[21.24915,45.08505],[21.21461,45.06932],[21.21397,45.06898],[21.21341,45.06859],[21.21292,45.06813],[21.20976,45.06432]]}},{"type":"Feature","properties":{"kind":"rail"},"geometry":{"type":"LineString","coordinates":[[20.91158,44.00805],[20.91101,44.00786]]}},{"type":"Feature","properties":{"kind":"rail"},"geometry":{"type":"LineString","coordinates":[[19.84307,45.26849],[19.84416,45.26867],[19.84544,45.26875],[19.84703,45.2686],[19.84786,45.26839],[19.84948,45.26771],[19.85475,45.26494]]}},{"type":"Feature","properties":{"kind":"rail"},"geometry":{"type":"LineString","coordinates":[[19.84251,45.26839],[19.84307,45.26849]]}},{"type":"Feature","properties":{"kind":"rail"},"geometry":{"type":"LineString","coordinates":[[20.57578,45.25426],[20.57638,45.25327],[20.57652,45.25271],[20.57652,45.25234],[20.57639,45.25156],[20.57582,45.24901]]}},{"type":"Feature","properties":{"kind":"rail"},"geometry":{"type":"LineString","coordinates":[[20.59358,45.24881],[20.59282,45.24881],[20.59136,45.24896],[20.5851,45.25042]]}},{"type":"Feature","properties":{"kind":"rail"},"geometry":{"type":"LineString","coordinates":[[19.81901,45.26548],[19.81947,45.26524]]}},{"type":"Feature","properties":{"kind":"rail"},"geometry":{"type":"LineString","coordinates":[[19.81947,45.26524],[19.8211,45.2648],[19.82204,45.26473],[19.82307,45.26479],[19.82477,45.26509]]}},{"type":"Feature","properties":{"kind":"rail"},"geometry":{"type":"LineString","coordinates":[[22.75345,43.01048],[22.75302,43.01052]]}},{"type":"Feature","properties":{"kind":"rail"},"geometry":{"type":"LineString","coordinates":[[22.75302,43.01052],[22.74837,43.01106],[22.73952,43.01377],[22.73486,43.01523],[22.73364,43.01567],[22.73325,43.01585],[22.73241,43.0164],[22.7293,43.01891],[22.72445,43.023]]}},{"type":"Feature","properties":{"kind":"rail"},"geometry":{"type":"LineString","coordinates":[[19.83439,45.26688],[19.83858,45.26766]]}},{"type":"Feature","properties":{"kind":"rail"},"geometry":{"type":"LineString","coordinates":[[19.83382,45.26677],[19.83439,45.26688]]}},{"type":"Feature","properties":{"kind":"rail"},"geometry":{"type":"LineString","coordinates":[[22.75722,43.01011],[22.75345,43.01048]]}},{"type":"Feature","properties":{"kind":"rail"},"geometry":{"type":"LineString","coordinates":[[22.71577,43.03506],[22.71529,43.03521],[22.71432,43.03572],[22.71325,43.03654],[22.70534,43.04468],[22.69387,43.05666],[22.69257,43.0577],[22.69203,43.05805],[22.6906,43.05878],[22.68947,43.05918],[22.68524,43.05993]]}},{"type":"Feature","properties":{"kind":"rail"},"geometry":{"type":"LineString","coordinates":[[22.03286,43.30767],[22.03246,43.3073]]}},{"type":"Feature","properties":{"kind":"rail"},"geometry":{"type":"LineString","coordinates":[[21.86812,43.31639],[21.8773,43.3166]]}},{"type":"Feature","properties":{"kind":"rail"},"geometry":{"type":"LineString","coordinates":[[22.83537,42.99825],[22.83026,42.99953],[22.82299,43.00194],[22.818,43.00325],[22.80844,43.00502],[22.80711,43.00543],[22.80651,43.00574],[22.80589,43.0062],[22.80167,43.0101],[22.79961,43.0112],[22.79902,43.01158],[22.79851,43.01198],[22.79722,43.01329],[22.79672,43.01364],[22.79624,43.0139],[22.79441,43.01464],[22.79207,43.01551],[22.79153,43.01564],[22.78898,43.01602],[22.78508,43.01597],[22.77887,43.0163],[22.77776,43.01627],[22.77705,43.01614],[22.77569,43.01565],[22.7733,43.01413]]}},{"type":"Feature","properties":{"kind":"rail"},"geometry":{"type":"LineString","coordinates":[[22.20186,44.02994],[22.20231,44.03016],[22.20309,44.03085],[22.20331,44.03126],[22.20338,44.03173],[22.20336,44.03214]]}},{"type":"Feature","properties":{"kind":"rail"},"geometry":{"type":"LineString","coordinates":[[22.20191,44.03577],[22.20206,44.03619],[22.20239,44.03667],[22.20261,44.03688],[22.20345,44.03746],[22.20415,44.03774],[22.20501,44.0379],[22.20739,44.03818],[22.20808,44.03817],[22.20873,44.03807]]}},{"type":"Feature","properties":{"kind":"rail"},"geometry":{"type":"LineString","coordinates":[[22.10526,44.06803],[22.10538,44.0667],[22.10552,44.06624],[22.10578,44.06581],[22.10651,44.06507],[22.10757,44.0645],[22.11038,44.06372],[22.11182,44.06357],[22.11244,44.06358],[22.11585,44.06412]]}},{"type":"Feature","properties":{"kind":"rail"},"geometry":{"type":"LineString","coordinates":[[22.2278,44.02691],[22.23327,44.0262]]}},{"type":"Feature","properties":{"kind":"rail"},"geometry":{"type":"LineString","coordinates":[[22.11585,44.06412],[22.11771,44.06468]]}},{"type":"Feature","properties":{"kind":"rail"},"geometry":{"type":"LineString","coordinates":[[22.10144,44.07453],[22.10341,44.07274],[22.10389,44.07224],[22.10431,44.07168],[22.10497,44.07038],[22.10519,44.0694],[22.10523,44.06852]]}},{"type":"Feature","properties":{"kind":"rail"},"geometry":{"type":"LineString","coordinates":[[22.12876,44.05732],[22.12999,44.05649],[22.1313,44.05534],[22.13167,44.05494],[22.13197,44.05447],[22.13214,44.05374],[22.13212,44.05334],[22.1316,44.05183],[22.13151,44.05133],[22.1316,44.05065],[22.13202,44.04989],[22.13327,44.0485],[22.13394,44.04798],[22.13446,44.04769],[22.13503,44.04745],[22.13837,44.04649],[22.13938,44.04634],[22.14022,44.04641],[22.14099,44.04665],[22.14164,44.04699],[22.14219,44.04754],[22.14244,44.048],[22.14254,44.0486],[22.14249,44.04908],[22.14238,44.04933],[22.14202,44.04984],[22.14154,44.05025],[22.13862,44.05164],[22.13815,44.05213],[22.13727,44.05348],[22.13702,44.05375],[22.13579,44.05474],[22.13466,44.05609],[22.13232,44.0583],[22.13009,44.0599],[22.12982,44.06031],[22.12968,44.06074],[22.12964,44.06119],[22.12973,44.06165],[22.13006,44.06226],[22.13044,44.06264],[22.13089,44.06296],[22.1314,44.06319],[22.13235,44.06338],[22.13298,44.06338],[22.13374,44.06327],[22.13428,44.0631],[22.13486,44.0628],[22.13559,44.0622],[22.13634,44.0617],[22.13774,44.06114],[22.13821,44.06087],[22.13888,44.06025],[22.14002,44.05848],[22.14076,44.05763],[22.14175,44.05675],[22.14375,44.05531],[22.14436,44.05468],[22.14534,44.0535],[22.14577,44.05309],[22.14649,44.05259],[22.14746,44.05213]]}},{"type":"Feature","properties":{"kind":"rail"},"geometry":{"type":"LineString","coordinates":[[22.10524,44.06835],[22.10526,44.06803]]}},{"type":"Feature","properties":{"kind":"rail"},"geometry":{"type":"LineString","coordinates":[[22.23768,44.02563],[22.2386,44.02553],[22.23955,44.02554],[22.2424,44.02611],[22.24352,44.02614],[22.24464,44.02588],[22.24528,44.02558]]}},{"type":"Feature","properties":{"kind":"rail"},"geometry":{"type":"LineString","coordinates":[[20.9331,44.01497],[20.93179,44.01263],[20.9313,44.01198],[20.93086,44.01156],[20.92367,44.00733]]}},{"type":"Feature","properties":{"kind":"rail"},"geometry":{"type":"LineString","coordinates":[[20.9332,44.01513],[20.9331,44.01497]]}},{"type":"Feature","properties":{"kind":"rail"},"geometry":{"type":"LineString","coordinates":[[21.94349,43.01627],[21.94341,43.01651]]}},{"type":"Feature","properties":{"kind":"rail"},"geometry":{"type":"LineString","coordinates":[[21.94341,43.01651],[21.94113,43.02299],[21.93996,43.02613],[21.93769,43.0327],[21.93742,43.03368],[21.93721,43.03492],[21.93711,43.03645],[21.93719,43.03798],[21.94121,43.07635],[21.94127,43.07782],[21.94124,43.07855],[21.94107,43.07977],[21.94064,43.08145],[21.93664,43.09363],[21.93613,43.09494],[21.93571,43.09573],[21.92545,43.11014],[21.92487,43.11072],[21.92388,43.11156]]}},{"type":"Feature","properties":{"kind":"rail"},"geometry":{"type":"LineString","coordinates":[[20.01782,45.93197],[20.01648,45.93218],[20.0139,45.93218]]}},{"type":"Feature","properties":{"kind":"rail"},"geometry":{"type":"LineString","coordinates":[[20.01807,45.93189],[20.01782,45.93197]]}},{"type":"Feature","properties":{"kind":"rail"},"geometry":{"type":"LineString","coordinates":[[20.09134,45.93413],[20.09508,45.9353]]}},{"type":"Feature","properties":{"kind":"rail"},"geometry":{"type":"LineString","coordinates":[[20.09508,45.9353],[20.09696,45.93591],[20.10579,45.9392],[20.12557,45.9467],[20.12666,45.94723],[20.12873,45.94846],[20.12949,45.94881],[20.1304,45.94902],[20.13115,45.94911],[20.13157,45.94911],[20.13236,45.94898],[20.13281,45.94883],[20.13372,45.94838],[20.13413,45.9481],[20.13466,45.94751],[20.13497,45.94675],[20.13602,45.93898],[20.13637,45.93713],[20.13667,45.93505],[20.13817,45.92379],[20.13856,45.92243],[20.14196,45.91529],[20.14942,45.89822],[20.1638,45.86731],[20.16419,45.86621],[20.16435,45.86508],[20.16515,45.83592],[20.16534,45.83478],[20.16551,45.83441],[20.16602,45.83365],[20.16687,45.83282],[20.16753,45.83232],[20.17709,45.82593],[20.17796,45.82513]]}},{"type":"Feature","properties":{"kind":"rail"},"geometry":{"type":"LineString","coordinates":[[19.83888,45.26772],[19.84251,45.26839]]}},{"type":"Feature","properties":{"kind":"rail"},"geometry":{"type":"LineString","coordinates":[[19.83858,45.26766],[19.83888,45.26772]]}},{"type":"Feature","properties":{"kind":"rail"},"geometry":{"type":"LineString","coordinates":[[20.08446,45.93566],[20.08859,45.93411],[20.08922,45.93399],[20.09009,45.93394],[20.09092,45.93402],[20.09134,45.93413]]}},{"type":"Feature","properties":{"kind":"rail"},"geometry":{"type":"LineString","coordinates":[[20.08432,45.93572],[20.08446,45.93566]]}},{"type":"Feature","properties":{"kind":"rail"},"geometry":{"type":"LineString","coordinates":[[19.78644,45.29846],[19.82892,45.31747]]}},{"type":"Feature","properties":{"kind":"rail"},"geometry":{"type":"LineString","coordinates":[[20.31553,45.19758],[20.3105,45.19769]]}},{"type":"Feature","properties":{"kind":"rail"},"geometry":{"type":"LineString","coordinates":[[19.86998,45.27016],[19.857,45.27464],[19.85632,45.27501],[19.85602,45.27534],[19.85584,45.27568],[19.85576,45.2761],[19.85594,45.27709],[19.8612,45.28464],[19.86223,45.28621],[19.86234,45.28677],[19.86217,45.28732],[19.86085,45.28907],[19.8606,45.28969],[19.86062,45.2902],[19.86071,45.29044],[19.86163,45.29176]]}},{"type":"Feature","properties":{"kind":"rail"},"geometry":{"type":"LineString","coordinates":[[21.91131,43.31211],[21.91113,43.31212]]}},{"type":"Feature","properties":{"kind":"rail"},"geometry":{"type":"LineString","coordinates":[[21.91113,43.31212],[21.90633,43.31238],[21.9009,43.31312],[21.8991,43.31319]]}},{"type":"Feature","properties":{"kind":"rail"},"geometry":{"type":"LineString","coordinates":[[21.20895,45.06335],[21.20976,45.06432]]}},{"type":"Feature","properties":{"kind":"rail"},"geometry":{"type":"LineString","coordinates":[[19.06875,45.75917],[19.06853,45.75873]]}},{"type":"Feature","properties":{"kind":"rail"},"geometry":{"type":"LineString","coordinates":[[19.06853,45.75873],[19.06822,45.75812],[19.06783,45.75712],[19.06758,45.75626],[19.06741,45.75528],[19.06739,45.75418],[19.06747,45.75346],[19.06785,45.752],[19.068,45.7516],[19.07194,45.74381],[19.08712,45.71225],[19.08944,45.70728],[19.09003,45.70523],[19.09318,45.69219]]}},{"type":"Feature","properties":{"kind":"rail"},"geometry":{"type":"LineString","coordinates":[[19.54621,43.79098],[19.5463,43.79119],[19.54631,43.79148],[19.54626,43.79171],[19.54613,43.7919]]}},{"type":"Feature","properties":{"kind":"rail"},"geometry":{"type":"LineString","coordinates":[[19.52161,43.80052],[19.52118,43.79966],[19.5211,43.79872]]}},{"type":"Feature","properties":{"kind":"rail"},"geometry":{"type":"LineString","coordinates":[[19.52286,43.80062],[19.52251,43.80073],[19.52176,43.80082],[19.52046,43.80077]]}},{"type":"Feature","properties":{"kind":"rail"},"geometry":{"type":"LineString","coordinates":[[19.51561,43.80126],[19.51616,43.80122],[19.51664,43.80098],[19.51679,43.80079],[19.51687,43.80018],[19.51674,43.79977],[19.51667,43.79913],[19.51671,43.79853]]}},{"type":"Feature","properties":{"kind":"rail"},"geometry":{"type":"LineString","coordinates":[[19.54139,43.7917],[19.54073,43.79173],[19.54037,43.79185]]}},{"type":"Feature","properties":{"kind":"rail"},"geometry":{"type":"LineString","coordinates":[[19.54201,43.79098],[19.5432,43.79089]]}},{"type":"Feature","properties":{"kind":"rail"},"geometry":{"type":"LineString","coordinates":[[19.52682,43.79522],[19.52701,43.79507],[19.52742,43.79455],[19.52755,43.79395]]}},{"type":"Feature","properties":{"kind":"rail"},"geometry":{"type":"LineString","coordinates":[[19.51671,43.79853],[19.51676,43.79826],[19.51732,43.79734],[19.51753,43.79629],[19.51772,43.796],[19.51799,43.79578],[19.51839,43.79563],[19.52022,43.79514],[19.52099,43.79518],[19.5222,43.79555],[19.52254,43.79558],[19.52609,43.7955],[19.52682,43.79522]]}},{"type":"Feature","properties":{"kind":"rail"},"geometry":{"type":"LineString","coordinates":[[19.52318,43.80491],[19.52355,43.80469],[19.52379,43.80436],[19.52395,43.80354],[19.52388,43.80327],[19.52367,43.80281],[19.52294,43.80184],[19.52203,43.80101],[19.52161,43.80052]]}},{"type":"Feature","properties":{"kind":"rail"},"geometry":{"type":"LineString","coordinates":[[19.52106,43.8125],[19.52038,43.81294],[19.5202,43.81317],[19.52015,43.81346]]}},{"type":"Feature","properties":{"kind":"rail"},"geometry":{"type":"LineString","coordinates":[[19.52911,43.79718],[19.5284,43.79742],[19.52751,43.79738],[19.52709,43.7972],[19.52605,43.79649],[19.52555,43.79633],[19.52519,43.79629],[19.52449,43.79639],[19.5234,43.79695],[19.52296,43.79707],[19.52146,43.79704],[19.5211,43.79714],[19.52071,43.79737],[19.5205,43.7976],[19.52037,43.79786],[19.52036,43.79831],[19.52082,43.79921]]}},{"type":"Feature","properties":{"kind":"rail"},"geometry":{"type":"LineString","coordinates":[[19.52755,43.79395],[19.52775,43.79363],[19.52833,43.79328],[19.52878,43.79315],[19.53044,43.79311],[19.53074,43.79305],[19.53193,43.79253]]}},{"type":"Feature","properties":{"kind":"rail"},"geometry":{"type":"LineString","coordinates":[[19.52509,43.81154],[19.52464,43.81218],[19.52418,43.8125],[19.52375,43.81267]]}},{"type":"Feature","properties":{"kind":"rail"},"geometry":{"type":"LineString","coordinates":[[19.52509,43.80421],[19.52554,43.80444],[19.52615,43.80516],[19.52662,43.80581],[19.52704,43.80668]]}},{"type":"Feature","properties":{"kind":"rail"},"geometry":{"type":"LineString","coordinates":[[19.52674,43.79789],[19.52687,43.79815],[19.52694,43.7985],[19.52691,43.79881],[19.52678,43.79907],[19.52654,43.7993],[19.52544,43.7999],[19.52286,43.80062]]}},{"type":"Feature","properties":{"kind":"rail"},"geometry":{"type":"LineString","coordinates":[[19.52015,43.81346],[19.52023,43.81388],[19.52049,43.81457],[19.52048,43.81496],[19.52056,43.81538],[19.52086,43.81608],[19.5215,43.81703],[19.52182,43.81766],[19.52195,43.81846]]}},{"type":"Feature","properties":{"kind":"rail"},"geometry":{"type":"LineString","coordinates":[[19.52596,43.80919],[19.52537,43.81099]]}},{"type":"Feature","properties":{"kind":"rail"},"geometry":{"type":"LineString","coordinates":[[19.54037,43.79185],[19.54009,43.79198],[19.53964,43.79241]]}},{"type":"Feature","properties":{"kind":"rail"},"geometry":{"type":"LineString","coordinates":[[19.52375,43.81267],[19.52307,43.8127],[19.52189,43.81243],[19.52144,43.81242],[19.52106,43.8125]]}},{"type":"Feature","properties":{"kind":"rail"},"geometry":{"type":"LineString","coordinates":[[19.52704,43.80668],[19.52706,43.80689],[19.52697,43.80719]]}},{"type":"Feature","properties":{"kind":"rail"},"geometry":{"type":"LineString","coordinates":[[19.53429,43.79459],[19.53374,43.79497],[19.53289,43.7954],[19.52911,43.79718]]}},{"type":"Feature","properties":{"kind":"rail"},"geometry":{"type":"LineString","coordinates":[[19.5225,43.8192],[19.53823,43.82891]]}},{"type":"Feature","properties":{"kind":"rail"},"geometry":{"type":"LineString","coordinates":[[19.52537,43.81099],[19.52531,43.81113]]}},{"type":"Feature","properties":{"kind":"rail"},"geometry":{"type":"LineString","coordinates":[[20.40472,44.74751],[20.41135,44.74556],[20.42085,44.74326],[20.43041,44.74077]]}},{"type":"Feature","properties":{"kind":"rail"},"geometry":{"type":"LineString","coordinates":[[20.44517,44.76839],[20.44484,44.76793]]}},{"type":"Feature","properties":{"kind":"rail"},"geometry":{"type":"LineString","coordinates":[[20.44431,44.76475],[20.44509,44.76078],[20.44521,44.75915]]}},{"type":"Feature","properties":{"kind":"rail"},"geometry":{"type":"LineString","coordinates":[[20.44502,44.76781],[20.44535,44.76826]]}},{"type":"Feature","properties":{"kind":"rail"},"geometry":{"type":"LineString","coordinates":[[20.44438,44.74858],[20.44405,44.74824]]}},{"type":"Feature","properties":{"kind":"rail"},"geometry":{"type":"LineString","coordinates":[[20.45815,44.78536],[20.44517,44.76839]]}},{"type":"Feature","properties":{"kind":"rail"},"geometry":{"type":"LineString","coordinates":[[20.43922,44.74353],[20.43483,44.74124],[20.43392,44.74099],[20.43261,44.74085]]}},{"type":"Feature","properties":{"kind":"rail"},"geometry":{"type":"LineString","coordinates":[[20.44016,44.72081],[20.44066,44.71972],[20.44081,44.71925]]}},{"type":"Feature","properties":{"kind":"rail"},"geometry":{"type":"LineString","coordinates":[[20.44501,44.72025],[20.44576,44.72032],[20.44749,44.72092]]}},{"type":"Feature","properties":{"kind":"rail"},"geometry":{"type":"LineString","coordinates":[[20.43679,44.72061],[20.43748,44.72038],[20.43827,44.72025],[20.4407,44.7202]]}},{"type":"Feature","properties":{"kind":"rail"},"geometry":{"type":"LineString","coordinates":[[20.43512,44.72177],[20.43534,44.72152],[20.43592,44.72107],[20.43679,44.72061]]}},{"type":"Feature","properties":{"kind":"rail"},"geometry":{"type":"LineString","coordinates":[[20.44081,44.71925],[20.44139,44.71641],[20.44167,44.7156],[20.44223,44.71473],[20.44381,44.71317],[20.44443,44.71239],[20.44469,44.71194],[20.44517,44.71072]]}},{"type":"Feature","properties":{"kind":"rail"},"geometry":{"type":"LineString","coordinates":[[22.5852,44.28458],[22.56781,44.2664],[22.5448,44.24331]]}},{"type":"Feature","properties":{"kind":"rail"},"geometry":{"type":"LineString","coordinates":[[19.7674,43.19698],[19.76541,43.19853]]}},{"type":"Feature","properties":{"kind":"rail"},"geometry":{"type":"LineString","coordinates":[[22.13212,42.83541],[22.13264,42.83645]]}},{"type":"Feature","properties":{"kind":"rail"},"geometry":{"type":"LineString","coordinates":[[21.16402,45.20016],[21.16429,45.19989]]}},{"type":"Feature","properties":{"kind":"rail"},"geometry":{"type":"LineString","coordinates":[[22.51457,44.08678],[22.513,44.08684],[22.50568,44.08626],[22.50382,44.08642],[22.50256,44.08672],[22.50184,44.08696],[22.50122,44.08726],[22.49814,44.08942],[22.49615,44.09112],[22.48947,44.0964]]}},{"type":"Feature","properties":{"kind":"rail"},"geometry":{"type":"LineString","coordinates":[[22.51479,44.08677],[22.51457,44.08678]]}},{"type":"Feature","properties":{"kind":"rail"},"geometry":{"type":"LineString","coordinates":[[22.42945,44.06803],[22.42916,44.06808]]}},{"type":"Feature","properties":{"kind":"rail"},"geometry":{"type":"LineString","coordinates":[[22.42916,44.06808],[22.42808,44.06807],[22.42711,44.06787],[22.42556,44.06741],[22.42417,44.06667],[22.42336,44.06613],[22.42255,44.06538],[22.42209,44.06475],[22.42154,44.06376],[22.42104,44.06257],[22.4209,44.06207],[22.42082,44.06157],[22.42086,44.06103],[22.42131,44.05977],[22.42153,44.05932]]}},{"type":"Feature","properties":{"kind":"rail"},"geometry":{"type":"LineString","coordinates":[[22.47764,44.09782],[22.47419,44.09642],[22.47368,44.09608],[22.47316,44.09553],[22.47288,44.09483],[22.47226,44.09258],[22.47218,44.0921],[22.47217,44.0918],[22.4725,44.0902],[22.47279,44.08657],[22.47276,44.08616],[22.47264,44.08574],[22.4722,44.08507],[22.47113,44.08406],[22.47005,44.08317],[22.46773,44.0816],[22.46713,44.08126],[22.46413,44.08009],[22.46123,44.07912],[22.46046,44.07893],[22.45915,44.07881],[22.45855,44.07882],[22.45748,44.07898],[22.4558,44.07955],[22.45457,44.08012],[22.45359,44.08031],[22.4526,44.08024],[22.452,44.08008],[22.45121,44.07967],[22.45085,44.07937],[22.45061,44.07909],[22.45037,44.07862],[22.45028,44.07803],[22.45032,44.07767],[22.45051,44.07719],[22.45093,44.07668],[22.4521,44.0758],[22.45249,44.07538],[22.45269,44.07507],[22.45284,44.07459],[22.45283,44.074],[22.45263,44.07346],[22.45242,44.07315],[22.44939,44.06981],[22.44858,44.06913],[22.44254,44.06578],[22.44191,44.06557],[22.44083,44.06541],[22.44038,44.0654],[22.43952,44.06552],[22.436,44.06672],[22.43342,44.06739],[22.42945,44.06803]]}},{"type":"Feature","properties":{"kind":"rail"},"geometry":{"type":"LineString","coordinates":[[20.50303,44.66445],[20.50368,44.66422],[20.50472,44.66372],[20.51015,44.6603],[20.51114,44.65986],[20.51195,44.65962]]}},{"type":"Feature","properties":{"kind":"rail"},"geometry":{"type":"LineString","coordinates":[[20.09593,45.04384],[20.10023,45.03774],[20.10356,45.0335],[20.10773,45.02775],[20.11226,45.02147],[20.11485,45.0176],[20.1261,45.00209],[20.13356,44.99192]]}},{"type":"Feature","properties":{"kind":"rail"},"geometry":{"type":"LineString","coordinates":[[20.26477,44.90362],[20.22012,44.93144],[20.21261,44.93596],[20.19399,44.94755],[20.19031,44.94974],[20.15914,44.96682],[20.15517,44.96913],[20.15376,44.97003],[20.15214,44.97112],[20.14927,44.97328],[20.14719,44.97505],[20.14557,44.97654],[20.14337,44.97884],[20.14187,44.98058],[20.13941,44.98387]]}},{"type":"Feature","properties":{"kind":"rail"},"geometry":{"type":"LineString","coordinates":[[19.67602,45.45512],[19.67784,45.45162],[19.67818,45.45107],[19.69673,45.42193],[19.71882,45.38704],[19.72708,45.37184],[19.73554,45.35606],[19.7373,45.35297],[19.73874,45.35069],[19.73964,45.34942],[19.74126,45.34734],[19.74607,45.3418],[19.76559,45.31666],[19.76896,45.31218],[19.77761,45.30113],[19.77911,45.2991],[19.78057,45.29697],[19.78211,45.29434]]}},{"type":"Feature","properties":{"kind":"rail"},"geometry":{"type":"LineString","coordinates":[[20.08634,45.02492],[20.08749,45.02476],[20.09922,45.02261],[20.10257,45.02185],[20.10462,45.02124],[20.10617,45.02069],[20.10888,45.01955],[20.1102,45.01888],[20.11283,45.01733],[20.11519,45.01559],[20.11632,45.01461],[20.11798,45.01296],[20.11887,45.01191],[20.13134,44.99485]]}},{"type":"Feature","properties":{"kind":"rail"},"geometry":{"type":"LineString","coordinates":[[19.62522,45.56775],[19.62275,45.57533]]}},{"type":"Feature","properties":{"kind":"rail"},"geometry":{"type":"LineString","coordinates":[[20.48479,45.84445],[20.48548,45.84348],[20.48896,45.83806]]}},{"type":"Feature","properties":{"kind":"rail"},"geometry":{"type":"LineString","coordinates":[[21.88741,43.32176],[21.88714,43.32119]]}},{"type":"Feature","properties":{"kind":"rail"},"geometry":{"type":"LineString","coordinates":[[21.88714,43.32119],[21.88578,43.31831],[21.88535,43.31776],[21.88449,43.31718],[21.88373,43.3169],[21.88296,43.31675],[21.88186,43.3167]]}},{"type":"Feature","properties":{"kind":"rail"},"geometry":{"type":"LineString","coordinates":[[21.88608,43.31442],[21.88569,43.31478],[21.88522,43.3155],[21.88509,43.31594],[21.88508,43.31636],[21.88512,43.31675],[21.88528,43.31721],[21.88589,43.31834],[21.88615,43.31906]]}},{"type":"Feature","properties":{"kind":"rail"},"geometry":{"type":"LineString","coordinates":[[19.28955,44.59205],[19.29078,44.59476]]}},{"type":"Feature","properties":{"kind":"rail"},"geometry":{"type":"LineString","coordinates":[[19.28944,44.59179],[19.28955,44.59205]]}},{"type":"Feature","properties":{"kind":"rail"},"geometry":{"type":"LineString","coordinates":[[19.28944,44.59179],[19.28852,44.5898],[19.28787,44.58893],[19.28691,44.58805],[19.28617,44.58756],[19.28464,44.58677],[19.28249,44.5859],[19.28184,44.58557],[19.28108,44.5851],[19.28016,44.58434],[19.27931,44.58339],[19.27204,44.57401],[19.27164,44.57352],[19.27107,44.57297],[19.25855,44.56247],[19.25772,44.56167],[19.25165,44.55665],[19.24905,44.55435]]}},{"type":"Feature","properties":{"kind":"rail"},"geometry":{"type":"LineString","coordinates":[[19.29078,44.59476],[19.29095,44.59513]]}},{"type":"Feature","properties":{"kind":"rail"},"geometry":{"type":"LineString","coordinates":[[19.29095,44.59513],[19.29398,44.60182],[19.29872,44.61266],[19.30401,44.62452],[19.30455,44.62557],[19.30657,44.63018],[19.30806,44.63376],[19.30863,44.63568]]}},{"type":"Feature","properties":{"kind":"rail"},"geometry":{"type":"LineString","coordinates":[[21.9247,43.31124],[21.92461,43.31126]]}},{"type":"Feature","properties":{"kind":"rail"},"geometry":{"type":"LineString","coordinates":[[21.92461,43.31126],[21.92122,43.31165],[21.91131,43.31211]]}},{"type":"Feature","properties":{"kind":"rail"},"geometry":{"type":"LineString","coordinates":[[21.88817,43.32369],[21.88815,43.32362]]}},{"type":"Feature","properties":{"kind":"rail"},"geometry":{"type":"LineString","coordinates":[[21.88815,43.32362],[21.88778,43.32256],[21.88741,43.32176]]}},{"type":"Feature","properties":{"kind":"rail"},"geometry":{"type":"LineString","coordinates":[[21.83731,43.22105],[21.83885,43.22195]]}},{"type":"Feature","properties":{"kind":"rail"},"geometry":{"type":"LineString","coordinates":[[21.83885,43.22195],[21.84072,43.22304],[21.84204,43.22402]]}},{"type":"Feature","properties":{"kind":"rail"},"geometry":{"type":"LineString","coordinates":[[21.82813,43.31939],[21.82845,43.31964]]}},{"type":"Feature","properties":{"kind":"rail"},"geometry":{"type":"LineString","coordinates":[[21.82817,43.31934],[21.82858,43.31961]]}},{"type":"Feature","properties":{"kind":"rail"},"geometry":{"type":"LineString","coordinates":[[21.82662,43.31748],[21.82667,43.31762]]}},{"type":"Feature","properties":{"kind":"rail"},"geometry":{"type":"LineString","coordinates":[[21.82667,43.31762],[21.82718,43.31845],[21.82765,43.31893],[21.82817,43.31934]]}},{"type":"Feature","properties":{"kind":"rail"},"geometry":{"type":"LineString","coordinates":[[21.82845,43.31964],[21.82955,43.32055],[21.83006,43.32119],[21.8311,43.32282],[21.83184,43.32418]]}},{"type":"Feature","properties":{"kind":"rail"},"geometry":{"type":"LineString","coordinates":[[21.82858,43.31961],[21.82974,43.32012],[21.8308,43.32038],[21.83409,43.32065],[21.83658,43.32079],[21.83715,43.32077],[21.83802,43.32069],[21.83922,43.32045],[21.84591,43.31812],[21.84766,43.31765],[21.84844,43.31756],[21.85185,43.31744],[21.85253,43.31736],[21.85547,43.31658],[21.85742,43.31637],[21.86324,43.31623],[21.86812,43.31639]]}},{"type":"Feature","properties":{"kind":"rail"},"geometry":{"type":"LineString","coordinates":[[21.9319,43.34144],[21.93269,43.34174],[21.93354,43.34223],[21.93423,43.34277],[21.93467,43.34322],[21.93508,43.34381],[21.93616,43.34603],[21.9366,43.34673],[21.94014,43.35107],[21.94092,43.35165],[21.94151,43.35191]]}},{"type":"Feature","properties":{"kind":"rail"},"geometry":{"type":"LineString","coordinates":[[21.87235,43.3408],[21.8726,43.34097]]}},{"type":"Feature","properties":{"kind":"rail"},"geometry":{"type":"LineString","coordinates":[[22.09526,43.40669],[22.0955,43.40668]]}},{"type":"Feature","properties":{"kind":"rail"},"geometry":{"type":"LineString","coordinates":[[22.04893,43.38175],[22.04892,43.39571],[22.04901,43.39619],[22.04936,43.39707]]}},{"type":"Feature","properties":{"kind":"rail"},"geometry":{"type":"LineString","coordinates":[[21.88415,43.34177],[21.88448,43.34181]]}},{"type":"Feature","properties":{"kind":"rail"},"geometry":{"type":"LineString","coordinates":[[21.93083,43.3412],[21.9319,43.34144]]}},{"type":"Feature","properties":{"kind":"rail"},"geometry":{"type":"LineString","coordinates":[[22.0955,43.40668],[22.096,43.40665]]}},{"type":"Feature","properties":{"kind":"rail"},"geometry":{"type":"LineString","coordinates":[[21.88448,43.34181],[21.88575,43.34194],[21.88632,43.34193],[21.8907,43.34155],[21.89535,43.34197],[21.89693,43.34196],[21.89816,43.34173],[21.90139,43.34064],[21.90265,43.34029],[21.90676,43.33971],[21.90874,43.33953],[21.9105,43.3396],[21.91554,43.34],[21.92079,43.34098],[21.92174,43.3411],[21.9231,43.34111],[21.92539,43.34085],[21.92615,43.34083],[21.93083,43.3412]]}},{"type":"Feature","properties":{"kind":"rail"},"geometry":{"type":"LineString","coordinates":[[22.04936,43.39707],[22.04987,43.39768],[22.0505,43.39812]]}},{"type":"Feature","properties":{"kind":"rail"},"geometry":{"type":"LineString","coordinates":[[21.87201,43.33727],[21.87168,43.33761],[21.87139,43.33805],[21.87125,43.3384],[21.87121,43.33889],[21.87138,43.33963]]}},{"type":"Feature","properties":{"kind":"rail"},"geometry":{"type":"LineString","coordinates":[[21.8726,43.34097],[21.87339,43.34133],[21.87446,43.34155],[21.87514,43.34157],[21.8803,43.34131],[21.88415,43.34177]]}},{"type":"Feature","properties":{"kind":"rail"},"geometry":{"type":"LineString","coordinates":[[22.10368,43.46465],[22.10332,43.46515],[22.10256,43.46569]]}},{"type":"Feature","properties":{"kind":"rail"},"geometry":{"type":"LineString","coordinates":[[22.24461,43.56563],[22.24734,43.56757]]}},{"type":"Feature","properties":{"kind":"rail"},"geometry":{"type":"LineString","coordinates":[[22.21824,43.54629],[22.21933,43.54626],[22.22134,43.54655],[22.22221,43.54676],[22.22277,43.54698],[22.22924,43.55144],[22.23025,43.55198],[22.23092,43.55216],[22.23161,43.55226],[22.23235,43.55226],[22.23313,43.55214],[22.23524,43.55137],[22.23589,43.55122],[22.23646,43.55118],[22.23729,43.55126],[22.23792,43.55144],[22.23903,43.55205],[22.2397,43.55264],[22.23992,43.55299],[22.24011,43.55362],[22.24009,43.55393],[22.24005,43.55422],[22.23986,43.55464],[22.23867,43.55628],[22.23846,43.55671],[22.23832,43.55724],[22.23837,43.55791],[22.23845,43.55818],[22.23871,43.55865],[22.2413,43.5622]]}},{"type":"Feature","properties":{"kind":"rail"},"geometry":{"type":"LineString","coordinates":[[22.1041,43.46337],[22.10385,43.46427],[22.10368,43.46465]]}},{"type":"Feature","properties":{"kind":"rail"},"geometry":{"type":"LineString","coordinates":[[22.21652,43.54713],[22.21724,43.54664],[22.21824,43.54629]]}},{"type":"Feature","properties":{"kind":"rail"},"geometry":{"type":"LineString","coordinates":[[22.11507,43.41569],[22.11092,43.41763],[22.11028,43.41811],[22.10995,43.4185],[22.1083,43.4223],[22.10768,43.42317],[22.10643,43.42439],[22.10588,43.42525],[22.10524,43.42732]]}},{"type":"Feature","properties":{"kind":"rail"},"geometry":{"type":"LineString","coordinates":[[20.32302,44.73481],[20.32363,44.73445]]}},{"type":"Feature","properties":{"kind":"rail"},"geometry":{"type":"LineString","coordinates":[[20.32144,44.73571],[20.32186,44.73546]]}},{"type":"Feature","properties":{"kind":"rail"},"geometry":{"type":"LineString","coordinates":[[20.32186,44.73546],[20.32302,44.73481]]}},{"type":"Feature","properties":{"kind":"rail"},"geometry":{"type":"LineString","coordinates":[[22.29973,43.70733],[22.29886,43.70664],[22.2983,43.70607],[22.2978,43.70536],[22.29744,43.70464],[22.29537,43.69972]]}},{"type":"Feature","properties":{"kind":"rail"},"geometry":{"type":"LineString","coordinates":[[22.30555,43.71875],[22.30506,43.72677],[22.30504,43.72738],[22.30511,43.72817],[22.30528,43.72907],[22.30933,43.74571],[22.30945,43.74654],[22.30942,43.74742],[22.30924,43.7481],[22.30894,43.7488],[22.30741,43.75144],[22.30712,43.75217],[22.30709,43.7526]]}},{"type":"Feature","properties":{"kind":"rail"},"geometry":{"type":"LineString","coordinates":[[22.2869,43.81496],[22.28674,43.81566],[22.28671,43.81608],[22.28711,43.81819],[22.28953,43.82894],[22.28977,43.83059],[22.28983,43.83176],[22.2898,43.83275],[22.28941,43.83768],[22.28903,43.84446],[22.28915,43.84631]]}},{"type":"Feature","properties":{"kind":"rail"},"geometry":{"type":"LineString","coordinates":[[22.27133,43.59953],[22.27482,43.61254],[22.27495,43.61337],[22.27498,43.6142],[22.27379,43.62441],[22.27379,43.62479],[22.27391,43.62551],[22.2741,43.62617],[22.27629,43.63196],[22.27656,43.63336],[22.27661,43.6349],[22.27561,43.64056],[22.27563,43.64199],[22.27588,43.64337],[22.27653,43.6456]]}},{"type":"Feature","properties":{"kind":"rail"},"geometry":{"type":"LineString","coordinates":[[22.29492,43.92153],[22.29564,43.92188],[22.29753,43.92254],[22.2983,43.92304],[22.30247,43.92658],[22.30284,43.92705],[22.30404,43.9289]]}},{"type":"Feature","properties":{"kind":"rail"},"geometry":{"type":"LineString","coordinates":[[22.27614,43.90563],[22.27733,43.906],[22.27771,43.90622],[22.27824,43.90666]]}},{"type":"Feature","properties":{"kind":"rail"},"geometry":{"type":"LineString","coordinates":[[22.28948,43.91839],[22.29056,43.91922],[22.29144,43.91958],[22.29242,43.91989],[22.29308,43.92022],[22.29468,43.92137]]}},{"type":"Feature","properties":{"kind":"rail"},"geometry":{"type":"LineString","coordinates":[[22.29468,43.92137],[22.29492,43.92153]]}},{"type":"Feature","properties":{"kind":"rail"},"geometry":{"type":"LineString","coordinates":[[22.31852,43.98235],[22.31906,43.98301],[22.3193,43.98365],[22.31993,43.98806],[22.32003,43.98851],[22.3202,43.98888],[22.32052,43.98928],[22.3209,43.9896],[22.32208,43.99029],[22.32269,43.99078],[22.32381,43.99225],[22.32517,43.99351],[22.32552,43.99408],[22.32588,43.99503]]}},{"type":"Feature","properties":{"kind":"rail"},"geometry":{"type":"LineString","coordinates":[[22.31275,43.97588],[22.31852,43.98235]]}},{"type":"Feature","properties":{"kind":"rail"},"geometry":{"type":"LineString","coordinates":[[22.27881,44.00777],[22.28461,44.0037]]}},{"type":"Feature","properties":{"kind":"rail"},"geometry":{"type":"LineString","coordinates":[[22.30834,43.97551],[22.30943,43.97502],[22.30997,43.97489],[22.31051,43.97486],[22.31101,43.9749],[22.31151,43.97503],[22.31197,43.97523],[22.31259,43.97569]]}},{"type":"Feature","properties":{"kind":"rail"},"geometry":{"type":"LineString","coordinates":[[22.32956,43.99972],[22.33017,44.00036],[22.33074,44.00075],[22.33138,44.00101],[22.332,44.00116],[22.33396,44.0015],[22.33549,44.00169],[22.34108,44.00187]]}},{"type":"Feature","properties":{"kind":"rail"},"geometry":{"type":"LineString","coordinates":[[22.35206,44.0166],[22.35194,44.01735],[22.35209,44.01832],[22.35208,44.0191],[22.35217,44.01979],[22.35305,44.02188],[22.35362,44.02274],[22.35427,44.02355],[22.3549,44.02411],[22.35596,44.02472],[22.35657,44.02499],[22.35745,44.02526],[22.35779,44.02532],[22.3588,44.02531]]}},{"type":"Feature","properties":{"kind":"rail"},"geometry":{"type":"LineString","coordinates":[[22.37045,44.03222],[22.37083,44.03277]]}},{"type":"Feature","properties":{"kind":"rail"},"geometry":{"type":"LineString","coordinates":[[22.39245,44.04518],[22.39265,44.04548],[22.39323,44.04608],[22.39512,44.04754],[22.39797,44.04933],[22.39927,44.05026],[22.40177,44.05225],[22.40225,44.0528],[22.40251,44.05321],[22.40491,44.05731],[22.40553,44.05792],[22.40644,44.05865],[22.4071,44.05908],[22.40745,44.05922]]}},{"type":"Feature","properties":{"kind":"rail"},"geometry":{"type":"LineString","coordinates":[[22.35976,44.02527],[22.36071,44.02527],[22.36141,44.0254],[22.36313,44.02627],[22.36959,44.03106],[22.37014,44.03155],[22.37045,44.03222]]}},{"type":"Feature","properties":{"kind":"rail"},"geometry":{"type":"LineString","coordinates":[[22.38658,44.04181],[22.38707,44.04176],[22.38792,44.04181],[22.38941,44.04224],[22.39054,44.04287],[22.39132,44.04343],[22.39178,44.04392]]}},{"type":"Feature","properties":{"kind":"rail"},"geometry":{"type":"LineString","coordinates":[[21.58653,43.22971],[21.59107,43.22878],[21.59266,43.22828],[21.59361,43.22786],[21.59467,43.22726],[21.59651,43.22587]]}},{"type":"Feature","properties":{"kind":"rail"},"geometry":{"type":"LineString","coordinates":[[21.56039,43.22909],[21.56368,43.22789],[21.56455,43.22773],[21.56541,43.22768],[21.5663,43.22784],[21.56707,43.22811],[21.5691,43.22908],[21.5708,43.22972],[21.57288,43.23022],[21.57867,43.23104],[21.58003,43.23101],[21.58134,43.23077]]}},{"type":"Feature","properties":{"kind":"rail"},"geometry":{"type":"LineString","coordinates":[[21.58425,43.2302],[21.58586,43.22985]]}},{"type":"Feature","properties":{"kind":"rail"},"geometry":{"type":"LineString","coordinates":[[21.55982,43.22927],[21.56039,43.22909]]}},{"type":"Feature","properties":{"kind":"rail"},"geometry":{"type":"LineString","coordinates":[[21.60087,43.22323],[21.60124,43.22313]]}},{"type":"Feature","properties":{"kind":"rail"},"geometry":{"type":"LineString","coordinates":[[21.58222,43.23058],[21.58425,43.2302]]}},{"type":"Feature","properties":{"kind":"rail"},"geometry":{"type":"LineString","coordinates":[[21.58134,43.23077],[21.58196,43.23063]]}},{"type":"Feature","properties":{"kind":"rail"},"geometry":{"type":"LineString","coordinates":[[21.58196,43.23063],[21.58222,43.23058]]}},{"type":"Feature","properties":{"kind":"rail"},"geometry":{"type":"LineString","coordinates":[[21.58586,43.22985],[21.58653,43.22971]]}},{"type":"Feature","properties":{"kind":"rail"},"geometry":{"type":"LineString","coordinates":[[21.29219,43.13751],[21.29437,43.13834],[21.29487,43.13863],[21.29539,43.13908],[21.29575,43.13957],[21.29896,43.14502],[21.30079,43.14683],[21.30165,43.14748],[21.30214,43.14771],[21.30263,43.14787],[21.30352,43.14802],[21.3054,43.148],[21.30651,43.14819],[21.30727,43.14849],[21.30818,43.14898],[21.31297,43.15123],[21.31411,43.15159],[21.31533,43.15183],[21.31927,43.15237],[21.31992,43.1524],[21.32038,43.1524],[21.32184,43.15222],[21.32384,43.15174],[21.32489,43.15168],[21.32608,43.15185],[21.32672,43.15209],[21.32729,43.15242],[21.32955,43.15448],[21.33086,43.1553],[21.33193,43.15581],[21.33306,43.1562],[21.34205,43.15845],[21.34283,43.15875],[21.34335,43.15904],[21.34417,43.15966],[21.34491,43.16058],[21.34515,43.16112],[21.34539,43.16207],[21.34549,43.16343],[21.3457,43.16406],[21.34571,43.16486],[21.34473,43.16735],[21.34457,43.16842],[21.34462,43.16919],[21.34487,43.16979],[21.34531,43.17038],[21.35232,43.17615],[21.35289,43.1767]]}},{"type":"Feature","properties":{"kind":"rail"},"geometry":{"type":"LineString","coordinates":[[19.87968,45.25341],[19.87983,45.2532]]}},{"type":"Feature","properties":{"kind":"rail"},"geometry":{"type":"LineString","coordinates":[[19.89964,45.22636],[19.89663,45.23006],[19.8909,45.23638],[19.89005,45.23763]]}},{"type":"Feature","properties":{"kind":"rail"},"geometry":{"type":"LineString","coordinates":[[19.7845,45.29019],[19.78548,45.28884]]}},{"type":"Feature","properties":{"kind":"rail"},"geometry":{"type":"LineString","coordinates":[[20.41869,44.80649],[20.42301,44.8045],[20.42476,44.80387]]}},{"type":"Feature","properties":{"kind":"rail"},"geometry":{"type":"LineString","coordinates":[[19.82246,45.26689],[19.82385,45.26645],[19.82458,45.2663],[19.82573,45.26621],[19.82728,45.26627]]}},{"type":"Feature","properties":{"kind":"rail"},"geometry":{"type":"LineString","coordinates":[[19.82248,45.26693],[19.82386,45.26648],[19.82458,45.26634],[19.8257,45.26625],[19.82728,45.26627],[19.83361,45.26677]]}},{"type":"Feature","properties":{"kind":"rail"},"geometry":{"type":"LineString","coordinates":[[19.80619,45.2732],[19.80521,45.27386],[19.80436,45.27455],[19.80345,45.27553],[19.80186,45.27752],[19.80069,45.2786],[19.79984,45.27917],[19.79311,45.28292]]}},{"type":"Feature","properties":{"kind":"rail"},"geometry":{"type":"LineString","coordinates":[[19.81393,45.26841],[19.81449,45.26787],[19.8152,45.2674],[19.81896,45.26544]]}},{"type":"Feature","properties":{"kind":"rail"},"geometry":{"type":"LineString","coordinates":[[19.82192,45.26711],[19.82248,45.26693]]}},{"type":"Feature","properties":{"kind":"rail"},"geometry":{"type":"LineString","coordinates":[[19.82188,45.26708],[19.82246,45.26689]]}},{"type":"Feature","properties":{"kind":"rail"},"geometry":{"type":"LineString","coordinates":[[19.81941,45.26521],[19.81984,45.26505],[19.82094,45.26479],[19.82216,45.26468],[19.82323,45.26476],[19.82478,45.26505]]}},{"type":"Feature","properties":{"kind":"rail"},"geometry":{"type":"LineString","coordinates":[[19.82437,45.26507],[19.82304,45.26482],[19.82174,45.26478],[19.82059,45.26495],[19.81955,45.26528]]}},{"type":"Feature","properties":{"kind":"rail"},"geometry":{"type":"LineString","coordinates":[[19.82321,45.2649],[19.82237,45.26483],[19.82146,45.26485],[19.82058,45.26499],[19.81959,45.26531]]}},{"type":"Feature","properties":{"kind":"rail"},"geometry":{"type":"LineString","coordinates":[[19.82572,45.26541],[19.8315,45.26649]]}},{"type":"Feature","properties":{"kind":"rail"},"geometry":{"type":"LineString","coordinates":[[19.82321,45.2649],[19.82572,45.26541]]}},{"type":"Feature","properties":{"kind":"rail"},"geometry":{"type":"LineString","coordinates":[[19.81358,45.27061],[19.81569,45.26934],[19.81644,45.26899],[19.82188,45.26708]]}},{"type":"Feature","properties":{"kind":"rail"},"geometry":{"type":"LineString","coordinates":[[19.82036,45.26766],[19.81909,45.26815]]}},{"type":"Feature","properties":{"kind":"rail"},"geometry":{"type":"LineString","coordinates":[[19.79767,45.28055],[19.80278,45.27767],[19.80628,45.27543],[19.80989,45.2728],[19.81358,45.27061]]}},{"type":"Feature","properties":{"kind":"rail"},"geometry":{"type":"LineString","coordinates":[[19.7691,45.31208],[19.76978,45.31135],[19.78345,45.29384],[19.7869,45.28953]]}},{"type":"Feature","properties":{"kind":"rail"},"geometry":{"type":"LineString","coordinates":[[19.82892,45.31747],[19.83061,45.31817],[19.83524,45.32029]]}},{"type":"Feature","properties":{"kind":"rail"},"geometry":{"type":"LineString","coordinates":[[19.79421,45.2824],[19.80094,45.27866],[19.80166,45.27808],[19.80205,45.27765],[19.8039,45.27528],[19.80482,45.2744],[19.80557,45.27379],[19.80649,45.27317],[19.80904,45.27164],[19.81221,45.27003],[19.81314,45.26922]]}},{"type":"Feature","properties":{"kind":"rail"},"geometry":{"type":"LineString","coordinates":[[19.52786,43.70099],[19.52913,43.70121],[19.53034,43.70163],[19.54278,43.70757],[19.54355,43.7078],[19.54435,43.70793],[19.54519,43.70796],[19.54599,43.70789]]}},{"type":"Feature","properties":{"kind":"rail"},"geometry":{"type":"LineString","coordinates":[[19.55683,43.70306],[19.55817,43.70204],[19.55862,43.70176],[19.55954,43.70135]]}},{"type":"Feature","properties":{"kind":"rail"},"geometry":{"type":"LineString","coordinates":[[19.47948,43.66041],[19.48026,43.66162],[19.50935,43.69951]]}},{"type":"Feature","properties":{"kind":"rail"},"geometry":{"type":"LineString","coordinates":[[19.56897,43.70371],[19.5696,43.70558]]}},{"type":"Feature","properties":{"kind":"rail"},"geometry":{"type":"LineString","coordinates":[[19.54666,43.70777],[19.54902,43.70722],[19.54968,43.70701]]}},{"type":"Feature","properties":{"kind":"rail"},"geometry":{"type":"LineString","coordinates":[[19.55576,43.70358],[19.55683,43.70306]]}},{"type":"Feature","properties":{"kind":"rail"},"geometry":{"type":"LineString","coordinates":[[19.5696,43.70558],[19.57016,43.7065]]}},{"type":"Feature","properties":{"kind":"rail"},"geometry":{"type":"LineString","coordinates":[[19.54968,43.70701],[19.55061,43.70654],[19.55162,43.70561]]}},{"type":"Feature","properties":{"kind":"rail"},"geometry":{"type":"LineString","coordinates":[[19.50935,43.69951],[19.50975,43.69987]]}},{"type":"Feature","properties":{"kind":"rail"},"geometry":{"type":"LineString","coordinates":[[19.57016,43.7065],[19.57088,43.70718],[19.5717,43.70767],[19.57222,43.70788],[19.57325,43.70814],[19.57578,43.70838]]}},{"type":"Feature","properties":{"kind":"rail"},"geometry":{"type":"LineString","coordinates":[[19.66537,43.77975],[19.61654,43.73693]]}},{"type":"Feature","properties":{"kind":"rail"},"geometry":{"type":"LineString","coordinates":[[19.51783,43.62903],[19.51836,43.62931]]}},{"type":"Feature","properties":{"kind":"rail"},"geometry":{"type":"LineString","coordinates":[[19.51465,43.62737],[19.51783,43.62903]]}},{"type":"Feature","properties":{"kind":"rail"},"geometry":{"type":"LineString","coordinates":[[21.8349,43.19866],[21.83496,43.19834],[21.8349,43.1976],[21.83457,43.19679],[21.83393,43.19608],[21.83333,43.19569],[21.83278,43.19543],[21.81513,43.18966],[21.81419,43.18944],[21.81324,43.18931],[21.81119,43.1893]]}},{"type":"Feature","properties":{"kind":"rail"},"geometry":{"type":"LineString","coordinates":[[19.49127,43.64359],[19.49073,43.6441]]}},{"type":"Feature","properties":{"kind":"rail"},"geometry":{"type":"LineString","coordinates":[[19.52072,43.63195],[19.52063,43.63256]]}},{"type":"Feature","properties":{"kind":"rail"},"geometry":{"type":"LineString","coordinates":[[19.50929,43.63415],[19.50877,43.63447]]}},{"type":"Feature","properties":{"kind":"rail"},"geometry":{"type":"LineString","coordinates":[[19.55954,43.70135],[19.56025,43.70115],[19.56119,43.70103],[19.56261,43.70107]]}},{"type":"Feature","properties":{"kind":"rail"},"geometry":{"type":"LineString","coordinates":[[19.60849,43.72683],[19.60859,43.72806]]}},{"type":"Feature","properties":{"kind":"rail"},"geometry":{"type":"LineString","coordinates":[[19.50647,43.6368],[19.50538,43.63762],[19.5042,43.63825]]}},{"type":"Feature","properties":{"kind":"rail"},"geometry":{"type":"LineString","coordinates":[[19.51038,43.70027],[19.51133,43.70066],[19.51208,43.70082]]}},{"type":"Feature","properties":{"kind":"rail"},"geometry":{"type":"LineString","coordinates":[[19.60842,43.72606],[19.60849,43.72683]]}},{"type":"Feature","properties":{"kind":"rail"},"geometry":{"type":"LineString","coordinates":[[19.5136,43.62682],[19.51465,43.62737]]}},{"type":"Feature","properties":{"kind":"rail"},"geometry":{"type":"LineString","coordinates":[[19.56455,43.7012],[19.56582,43.70133],[19.56634,43.70145],[19.56691,43.70164],[19.56745,43.70191],[19.5679,43.70223],[19.56858,43.70292],[19.56897,43.70371]]}},{"type":"Feature","properties":{"kind":"rail"},"geometry":{"type":"LineString","coordinates":[[19.6102,43.73192],[19.61275,43.73364],[19.61654,43.73693]]}},{"type":"Feature","properties":{"kind":"rail"},"geometry":{"type":"LineString","coordinates":[[19.61699,43.71571],[19.6176,43.71586],[19.61816,43.71609],[19.61887,43.71655]]}},{"type":"Feature","properties":{"kind":"rail"},"geometry":{"type":"LineString","coordinates":[[19.56261,43.70107],[19.56455,43.7012]]}},{"type":"Feature","properties":{"kind":"rail"},"geometry":{"type":"LineString","coordinates":[[19.55234,43.70494],[19.55286,43.70462],[19.55356,43.70433],[19.55576,43.70358]]}},{"type":"Feature","properties":{"kind":"rail"},"geometry":{"type":"LineString","coordinates":[[19.49737,43.64134],[19.49609,43.64139],[19.49485,43.64154],[19.49428,43.64166],[19.49327,43.64205]]}},{"type":"Feature","properties":{"kind":"rail"},"geometry":{"type":"LineString","coordinates":[[19.50771,43.63552],[19.50647,43.6368]]}},{"type":"Feature","properties":{"kind":"rail"},"geometry":{"type":"LineString","coordinates":[[19.60859,43.72398],[19.60838,43.72466]]}},{"type":"Feature","properties":{"kind":"rail"},"geometry":{"type":"LineString","coordinates":[[19.61887,43.71655],[19.61908,43.71674]]}},{"type":"Feature","properties":{"kind":"rail"},"geometry":{"type":"LineString","coordinates":[[19.51666,43.63467],[19.51571,43.63452],[19.51366,43.6338]]}},{"type":"Feature","properties":{"kind":"rail"},"geometry":{"type":"LineString","coordinates":[[19.58996,43.70934],[19.59061,43.70929],[19.59158,43.70938]]}},{"type":"Feature","properties":{"kind":"rail"},"geometry":{"type":"LineString","coordinates":[[19.61943,43.71946],[19.61916,43.71982],[19.61862,43.72029],[19.61769,43.72074]]}},{"type":"Feature","properties":{"kind":"rail"},"geometry":{"type":"LineString","coordinates":[[19.51208,43.70082],[19.51353,43.70091]]}},{"type":"Feature","properties":{"kind":"rail"},"geometry":{"type":"LineString","coordinates":[[19.52063,43.63256],[19.52047,43.63295],[19.52023,43.63332],[19.51954,43.63396]]}},{"type":"Feature","properties":{"kind":"rail"},"geometry":{"type":"LineString","coordinates":[[19.50877,43.63447],[19.5083,43.63486],[19.50771,43.63552]]}},{"type":"Feature","properties":{"kind":"rail"},"geometry":{"type":"LineString","coordinates":[[19.61975,43.71869],[19.61954,43.71928]]}},{"type":"Feature","properties":{"kind":"rail"},"geometry":{"type":"LineString","coordinates":[[19.57578,43.70838],[19.57827,43.70861],[19.57945,43.70894]]}},{"type":"Feature","properties":{"kind":"rail"},"geometry":{"type":"LineString","coordinates":[[19.61954,43.71928],[19.61943,43.71946]]}},{"type":"Feature","properties":{"kind":"rail"},"geometry":{"type":"LineString","coordinates":[[19.60838,43.72466],[19.60836,43.72541],[19.60842,43.72606]]}},{"type":"Feature","properties":{"kind":"rail"},"geometry":{"type":"LineString","coordinates":[[19.57945,43.70894],[19.58018,43.7093],[19.58158,43.71014]]}},{"type":"Feature","properties":{"kind":"rail"},"geometry":{"type":"LineString","coordinates":[[19.60977,43.72272],[19.60903,43.72334],[19.60859,43.72398]]}},{"type":"Feature","properties":{"kind":"rail"},"geometry":{"type":"LineString","coordinates":[[19.59158,43.70938],[19.59219,43.70953],[19.59304,43.70987]]}},{"type":"Feature","properties":{"kind":"rail"},"geometry":{"type":"LineString","coordinates":[[19.61769,43.72074],[19.61689,43.72095],[19.61162,43.72197]]}},{"type":"Feature","properties":{"kind":"rail"},"geometry":{"type":"LineString","coordinates":[[19.58853,43.70975],[19.58934,43.70946],[19.58996,43.70934]]}},{"type":"Feature","properties":{"kind":"rail"},"geometry":{"type":"LineString","coordinates":[[19.60877,43.73007],[19.60889,43.73045],[19.60927,43.73112],[19.6095,43.73138],[19.6102,43.73192]]}},{"type":"Feature","properties":{"kind":"rail"},"geometry":{"type":"LineString","coordinates":[[19.61162,43.72197],[19.61062,43.72226],[19.60977,43.72272]]}},{"type":"Feature","properties":{"kind":"rail"},"geometry":{"type":"LineString","coordinates":[[19.5042,43.63825],[19.49917,43.64098],[19.49864,43.64115],[19.49737,43.64134]]}},{"type":"Feature","properties":{"kind":"rail"},"geometry":{"type":"LineString","coordinates":[[19.51366,43.6338],[19.51266,43.63358],[19.5116,43.63354]]}},{"type":"Feature","properties":{"kind":"rail"},"geometry":{"type":"LineString","coordinates":[[19.60444,43.71469],[19.60596,43.71539],[19.60785,43.71681]]}},{"type":"Feature","properties":{"kind":"rail"},"geometry":{"type":"LineString","coordinates":[[19.6194,43.7171],[19.61974,43.71788],[19.61979,43.71827],[19.61975,43.71869]]}},{"type":"Feature","properties":{"kind":"rail"},"geometry":{"type":"LineString","coordinates":[[19.60859,43.72806],[19.60877,43.73007]]}},{"type":"Feature","properties":{"kind":"rail"},"geometry":{"type":"LineString","coordinates":[[19.51954,43.63396],[19.51886,43.63432],[19.51809,43.63456],[19.51726,43.63468],[19.51666,43.63467]]}},{"type":"Feature","properties":{"kind":"rail"},"geometry":{"type":"LineString","coordinates":[[19.50827,43.62638],[19.50956,43.62612],[19.5105,43.62612],[19.51202,43.62629],[19.51309,43.6266],[19.5136,43.62682]]}},{"type":"Feature","properties":{"kind":"rail"},"geometry":{"type":"LineString","coordinates":[[19.61363,43.71626],[19.61446,43.71588],[19.61537,43.71567],[19.61602,43.71562],[19.61699,43.71571]]}},{"type":"Feature","properties":{"kind":"rail"},"geometry":{"type":"LineString","coordinates":[[19.58158,43.71014],[19.58234,43.71057],[19.5829,43.7108],[19.58352,43.71096],[19.58415,43.71104],[19.58531,43.71098],[19.58584,43.71086],[19.58665,43.71057]]}},{"type":"Feature","properties":{"kind":"rail"},"geometry":{"type":"LineString","coordinates":[[19.60785,43.71681],[19.60838,43.71708],[19.60928,43.71735],[19.60991,43.71743],[19.6108,43.71741],[19.61162,43.71725],[19.61212,43.71707],[19.61363,43.71626]]}},{"type":"Feature","properties":{"kind":"rail"},"geometry":{"type":"LineString","coordinates":[[19.59304,43.70987],[19.60444,43.71469]]}},{"type":"Feature","properties":{"kind":"rail"},"geometry":{"type":"LineString","coordinates":[[19.49893,43.62579],[19.49959,43.62631],[19.5004,43.62669],[19.50366,43.62746],[19.50429,43.62754],[19.50517,43.62752],[19.50572,43.62743],[19.50649,43.62719]]}},{"type":"Feature","properties":{"kind":"rail"},"geometry":{"type":"LineString","coordinates":[[19.55098,43.54801],[19.55089,43.54821]]}},{"type":"Feature","properties":{"kind":"rail"},"geometry":{"type":"LineString","coordinates":[[19.50369,43.6126],[19.50385,43.61294]]}},{"type":"Feature","properties":{"kind":"rail"},"geometry":{"type":"LineString","coordinates":[[19.51097,43.58742],[19.51038,43.58771]]}},{"type":"Feature","properties":{"kind":"rail"},"geometry":{"type":"LineString","coordinates":[[19.50266,43.61152],[19.50291,43.61171]]}},{"type":"Feature","properties":{"kind":"rail"},"geometry":{"type":"LineString","coordinates":[[19.54542,43.55786],[19.54538,43.55794]]}},{"type":"Feature","properties":{"kind":"rail"},"geometry":{"type":"LineString","coordinates":[[19.59018,43.51658],[19.58875,43.51691]]}},{"type":"Feature","properties":{"kind":"rail"},"geometry":{"type":"LineString","coordinates":[[19.50121,43.61993],[19.50103,43.62016]]}},{"type":"Feature","properties":{"kind":"rail"},"geometry":{"type":"LineString","coordinates":[[19.50385,43.61294],[19.50397,43.61334],[19.50401,43.61381],[19.50383,43.61462]]}},{"type":"Feature","properties":{"kind":"rail"},"geometry":{"type":"LineString","coordinates":[[19.5588,43.53745],[19.55764,43.53771],[19.55716,43.53788],[19.55674,43.53808],[19.55589,43.53869],[19.55532,43.53941],[19.55501,43.53999],[19.55367,43.54307],[19.55315,43.54382],[19.55258,43.5444]]}},{"type":"Feature","properties":{"kind":"rail"},"geometry":{"type":"LineString","coordinates":[[19.56016,43.53721],[19.5588,43.53745]]}},{"type":"Feature","properties":{"kind":"rail"},"geometry":{"type":"LineString","coordinates":[[19.53117,43.5736],[19.53131,43.57446]]}},{"type":"Feature","properties":{"kind":"rail"},"geometry":{"type":"LineString","coordinates":[[19.50618,43.58983],[19.50516,43.59018]]}},{"type":"Feature","properties":{"kind":"rail"},"geometry":{"type":"LineString","coordinates":[[19.5789,43.52397],[19.57787,43.52526],[19.57714,43.52593],[19.57677,43.52618],[19.57273,43.528],[19.5717,43.52873],[19.57115,43.52931],[19.56877,43.53238],[19.56808,43.53309]]}},{"type":"Feature","properties":{"kind":"rail"},"geometry":{"type":"LineString","coordinates":[[19.54538,43.55794],[19.54432,43.55974],[19.54411,43.56028],[19.54378,43.56163],[19.54338,43.56252],[19.54276,43.56321],[19.54227,43.56361],[19.54079,43.56456]]}},{"type":"Feature","properties":{"kind":"rail"},"geometry":{"type":"LineString","coordinates":[[19.52938,43.57892],[19.52493,43.58185]]}},{"type":"Feature","properties":{"kind":"rail"},"geometry":{"type":"LineString","coordinates":[[19.50516,43.59018],[19.50427,43.59063],[19.50388,43.59096],[19.50358,43.5913],[19.50328,43.59184],[19.50317,43.59234],[19.503,43.59424],[19.5028,43.59495],[19.50248,43.59561],[19.50206,43.59627],[19.50153,43.59694],[19.50086,43.59762],[19.49982,43.5985],[19.49704,43.60034],[19.49659,43.60079],[19.49625,43.60126]]}},{"type":"Feature","properties":{"kind":"rail"},"geometry":{"type":"LineString","coordinates":[[19.54931,43.55032],[19.54859,43.55122]]}},{"type":"Feature","properties":{"kind":"rail"},"geometry":{"type":"LineString","coordinates":[[19.60238,43.50762],[19.59933,43.50878],[19.59753,43.50963]]}},{"type":"Feature","properties":{"kind":"rail"},"geometry":{"type":"LineString","coordinates":[[19.54859,43.55122],[19.5482,43.55187],[19.54743,43.55361],[19.54643,43.55531],[19.54586,43.5569],[19.54542,43.55786]]}},{"type":"Feature","properties":{"kind":"rail"},"geometry":{"type":"LineString","coordinates":[[19.55089,43.54821],[19.55048,43.5489],[19.54931,43.55032]]}},{"type":"Feature","properties":{"kind":"rail"},"geometry":{"type":"LineString","coordinates":[[19.5809,43.5213],[19.58024,43.52211],[19.5789,43.52397]]}},{"type":"Feature","properties":{"kind":"rail"},"geometry":{"type":"LineString","coordinates":[[19.58682,43.51737],[19.58558,43.51768],[19.58442,43.51814]]}},{"type":"Feature","properties":{"kind":"rail"},"geometry":{"type":"LineString","coordinates":[[19.58875,43.51691],[19.58682,43.51737]]}},{"type":"Feature","properties":{"kind":"rail"},"geometry":{"type":"LineString","coordinates":[[19.59654,43.5102],[19.59592,43.51076],[19.59547,43.5114],[19.59499,43.51316]]}},{"type":"Feature","properties":{"kind":"rail"},"geometry":{"type":"LineString","coordinates":[[19.51038,43.58771],[19.50751,43.58932],[19.50618,43.58983]]}},{"type":"Feature","properties":{"kind":"rail"},"geometry":{"type":"LineString","coordinates":[[19.58442,43.51814],[19.58374,43.51851],[19.58307,43.51902],[19.5809,43.5213]]}},{"type":"Feature","properties":{"kind":"rail"},"geometry":{"type":"LineString","coordinates":[[19.61032,43.49975],[19.6041,43.50639],[19.60305,43.50725]]}},{"type":"Feature","properties":{"kind":"rail"},"geometry":{"type":"LineString","coordinates":[[19.59499,43.51316],[19.5946,43.51418],[19.59409,43.51486]]}},{"type":"Feature","properties":{"kind":"rail"},"geometry":{"type":"LineString","coordinates":[[19.50383,43.61462],[19.50334,43.61541],[19.50229,43.61651],[19.50196,43.61702],[19.50175,43.61755],[19.50149,43.6194],[19.50121,43.61993]]}},{"type":"Feature","properties":{"kind":"rail"},"geometry":{"type":"LineString","coordinates":[[19.7351,43.786],[19.73454,43.78619]]}},{"type":"Feature","properties":{"kind":"rail"},"geometry":{"type":"LineString","coordinates":[[19.73454,43.78619],[19.73296,43.78656],[19.73076,43.78691],[19.72937,43.78698],[19.72873,43.78694],[19.72754,43.78673],[19.72647,43.78636],[19.72558,43.7859],[19.72503,43.7855],[19.72409,43.78465]]}},{"type":"Feature","properties":{"kind":"rail"},"geometry":{"type":"LineString","coordinates":[[22.06313,42.8913],[22.06275,42.89238],[22.06242,42.89282],[22.06176,42.89337],[22.05935,42.89451],[22.0545,42.89666],[22.05343,42.89735],[22.05289,42.89781],[22.05251,42.89831],[22.05228,42.89878],[22.04917,42.90703]]}},{"type":"Feature","properties":{"kind":"rail"},"geometry":{"type":"LineString","coordinates":[[22.06329,42.89075],[22.06313,42.8913]]}},{"type":"Feature","properties":{"kind":"rail"},"geometry":{"type":"LineString","coordinates":[[19.61908,43.71674],[19.61926,43.71693]]}},{"type":"Feature","properties":{"kind":"rail"},"geometry":{"type":"LineString","coordinates":[[19.61926,43.71693],[19.6194,43.7171]]}},{"type":"Feature","properties":{"kind":"rail"},"geometry":{"type":"LineString","coordinates":[[21.97333,44.27572],[21.97444,44.2752],[21.97532,44.27456],[21.97577,44.27412],[21.97707,44.27245],[21.978,44.27171]]}},{"type":"Feature","properties":{"kind":"rail"},"geometry":{"type":"LineString","coordinates":[[21.93922,44.32478],[21.94009,44.32221]]}},{"type":"Feature","properties":{"kind":"rail"},"geometry":{"type":"LineString","coordinates":[[21.96609,44.27616],[21.968,44.27615]]}},{"type":"Feature","properties":{"kind":"rail"},"geometry":{"type":"LineString","coordinates":[[21.90871,44.34908],[21.90914,44.34827],[21.90981,44.3474]]}},{"type":"Feature","properties":{"kind":"rail"},"geometry":{"type":"LineString","coordinates":[[21.9337,44.33091],[21.93449,44.32967],[21.935,44.32922],[21.93549,44.32891]]}},{"type":"Feature","properties":{"kind":"rail"},"geometry":{"type":"LineString","coordinates":[[21.97185,44.27602],[21.97269,44.27591],[21.97333,44.27572]]}},{"type":"Feature","properties":{"kind":"rail"},"geometry":{"type":"LineString","coordinates":[[21.93874,44.32615],[21.93922,44.32478]]}},{"type":"Feature","properties":{"kind":"rail"},"geometry":{"type":"LineString","coordinates":[[21.88376,44.40697],[21.88415,44.40667],[21.88465,44.4061],[21.88482,44.40575],[21.88494,44.4052]]}},{"type":"Feature","properties":{"kind":"rail"},"geometry":{"type":"LineString","coordinates":[[21.94691,44.30726],[21.94697,44.30629]]}},{"type":"Feature","properties":{"kind":"rail"},"geometry":{"type":"LineString","coordinates":[[21.98039,44.27067],[21.98421,44.26987],[21.98518,44.26955],[21.98558,44.26932],[21.98584,44.26914],[21.98719,44.26781],[21.98795,44.26715],[21.99015,44.26562],[21.99048,44.26533],[21.9916,44.26403]]}},{"type":"Feature","properties":{"kind":"rail"},"geometry":{"type":"LineString","coordinates":[[21.94697,44.30629],[21.94699,44.30536],[21.94711,44.30488]]}},{"type":"Feature","properties":{"kind":"rail"},"geometry":{"type":"LineString","coordinates":[[21.91094,44.34636],[21.92555,44.33569]]}},{"type":"Feature","properties":{"kind":"rail"},"geometry":{"type":"LineString","coordinates":[[21.96389,44.27628],[21.96449,44.2762],[21.96609,44.27616]]}},{"type":"Feature","properties":{"kind":"rail"},"geometry":{"type":"LineString","coordinates":[[21.96097,44.27786],[21.96163,44.27719],[21.96208,44.27687],[21.96259,44.27661],[21.96389,44.27628]]}},{"type":"Feature","properties":{"kind":"rail"},"geometry":{"type":"LineString","coordinates":[[21.978,44.27171],[21.97929,44.27104],[21.98039,44.27067]]}},{"type":"Feature","properties":{"kind":"rail"},"geometry":{"type":"LineString","coordinates":[[21.95546,44.28388],[21.9552,44.28347],[21.95503,44.28283],[21.95516,44.28216],[21.95547,44.28157],[21.95571,44.28131],[21.95637,44.28082]]}},{"type":"Feature","properties":{"kind":"rail"},"geometry":{"type":"LineString","coordinates":[[21.968,44.27615],[21.97185,44.27602]]}},{"type":"Feature","properties":{"kind":"rail"},"geometry":{"type":"LineString","coordinates":[[21.93549,44.32891],[21.93565,44.32883]]}},{"type":"Feature","properties":{"kind":"rail"},"geometry":{"type":"LineString","coordinates":[[21.87892,44.40771],[21.88176,44.40771],[21.8828,44.40749],[21.88376,44.40697]]}},{"type":"Feature","properties":{"kind":"rail"},"geometry":{"type":"LineString","coordinates":[[21.95637,44.28082],[21.95731,44.28035],[21.95873,44.27982],[21.95921,44.27958],[21.95994,44.27905],[21.96097,44.27786]]}},{"type":"Feature","properties":{"kind":"rail"},"geometry":{"type":"LineString","coordinates":[[21.88494,44.4052],[21.88486,44.40445],[21.88467,44.40408],[21.88438,44.40364],[21.88268,44.40176],[21.88247,44.40141],[21.88231,44.401],[21.88223,44.4005],[21.88225,44.40011],[21.88235,44.39967],[21.88253,44.39927],[21.88314,44.39844],[21.88505,44.39685],[21.88562,44.39615],[21.88744,44.39307],[21.88757,44.39267],[21.8876,44.39229],[21.88743,44.39166]]}},{"type":"Feature","properties":{"kind":"rail"},"geometry":{"type":"LineString","coordinates":[[21.92555,44.33569],[21.92566,44.33561]]}},{"type":"Feature","properties":{"kind":"rail"},"geometry":{"type":"LineString","coordinates":[[22.0154,44.19102],[22.01542,44.18871],[22.01549,44.18784],[22.01581,44.18659],[22.0163,44.18551],[22.01852,44.1822],[22.01903,44.18091]]}},{"type":"Feature","properties":{"kind":"rail"},"geometry":{"type":"LineString","coordinates":[[22.02369,44.22431],[22.02343,44.22335],[22.02321,44.2229],[22.02259,44.22204]]}},{"type":"Feature","properties":{"kind":"rail"},"geometry":{"type":"LineString","coordinates":[[21.99258,44.26325],[21.99382,44.2628],[21.99431,44.26273]]}},{"type":"Feature","properties":{"kind":"rail"},"geometry":{"type":"LineString","coordinates":[[22.01903,44.18091],[22.01923,44.18036]]}},{"type":"Feature","properties":{"kind":"rail"},"geometry":{"type":"LineString","coordinates":[[22.02077,44.22842],[22.02225,44.22739]]}},{"type":"Feature","properties":{"kind":"rail"},"geometry":{"type":"LineString","coordinates":[[22.01877,44.17061],[22.0202,44.17695]]}},{"type":"Feature","properties":{"kind":"rail"},"geometry":{"type":"LineString","coordinates":[[22.00179,44.25103],[22.00209,44.25041],[22.0026,44.24979],[22.00436,44.24838]]}},{"type":"Feature","properties":{"kind":"rail"},"geometry":{"type":"LineString","coordinates":[[22.02039,44.21357],[22.02026,44.21269],[22.01556,44.19228],[22.0154,44.19102]]}},{"type":"Feature","properties":{"kind":"rail"},"geometry":{"type":"LineString","coordinates":[[22.02316,44.22643],[22.02339,44.22609],[22.02368,44.22538],[22.02369,44.22431]]}},{"type":"Feature","properties":{"kind":"rail"},"geometry":{"type":"LineString","coordinates":[[22.02225,44.22739],[22.0228,44.2269],[22.02316,44.22643]]}},{"type":"Feature","properties":{"kind":"rail"},"geometry":{"type":"LineString","coordinates":[[22.00186,44.25359],[22.00167,44.25299],[22.00159,44.25241],[22.00164,44.25162],[22.00179,44.25103]]}},{"type":"Feature","properties":{"kind":"rail"},"geometry":{"type":"LineString","coordinates":[[22.00999,44.23794],[22.0103,44.23737],[22.01079,44.23687]]}},{"type":"Feature","properties":{"kind":"rail"},"geometry":{"type":"LineString","coordinates":[[22.01079,44.23687],[22.01209,44.23585]]}},{"type":"Feature","properties":{"kind":"rail"},"geometry":{"type":"LineString","coordinates":[[22.01923,44.18036],[22.02001,44.17824],[22.0202,44.17695]]}},{"type":"Feature","properties":{"kind":"rail"},"geometry":{"type":"LineString","coordinates":[[22.00928,44.24146],[22.00966,44.24074]]}},{"type":"Feature","properties":{"kind":"rail"},"geometry":{"type":"LineString","coordinates":[[21.99431,44.26273],[21.99706,44.26266],[21.99817,44.26245]]}},{"type":"Feature","properties":{"kind":"rail"},"geometry":{"type":"LineString","coordinates":[[21.64761,44.48564],[21.64349,44.48626]]}},{"type":"Feature","properties":{"kind":"rail"},"geometry":{"type":"LineString","coordinates":[[21.60307,44.52422],[21.602,44.52475],[21.60139,44.52517],[21.5969,44.52932]]}},{"type":"Feature","properties":{"kind":"rail"},"geometry":{"type":"LineString","coordinates":[[21.87892,44.40771],[21.87777,44.40785],[21.87664,44.40818],[21.87546,44.40867],[21.87368,44.40975],[21.8728,44.41013]]}},{"type":"Feature","properties":{"kind":"rail"},"geometry":{"type":"LineString","coordinates":[[21.71985,44.44793],[21.71688,44.4494]]}},{"type":"Feature","properties":{"kind":"rail"},"geometry":{"type":"LineString","coordinates":[[21.72477,44.44761],[21.72371,44.4474],[21.7225,44.44731],[21.72121,44.44749],[21.71985,44.44793]]}},{"type":"Feature","properties":{"kind":"rail"},"geometry":{"type":"LineString","coordinates":[[21.6327,44.49107],[21.6307,44.49265],[21.63036,44.49295],[21.62985,44.49358],[21.62947,44.49423],[21.62919,44.49494],[21.62906,44.49578],[21.6291,44.49651],[21.62938,44.49739],[21.63033,44.49948],[21.63053,44.50005],[21.63095,44.50138],[21.63263,44.50747],[21.63297,44.50837],[21.63332,44.50908],[21.63406,44.51022],[21.63464,44.51089],[21.63727,44.51337],[21.6376,44.51377],[21.63812,44.51464],[21.63831,44.51519],[21.63913,44.51894],[21.63923,44.51991],[21.63918,44.52045],[21.63897,44.52143],[21.63846,44.52258],[21.63806,44.52321],[21.6362,44.52551],[21.63562,44.5261],[21.63467,44.52681],[21.63029,44.52927],[21.6291,44.52963],[21.62781,44.52977],[21.62654,44.52967],[21.615,44.52759],[21.61389,44.52721],[21.61318,44.52685],[21.60973,44.52452],[21.60845,44.524]]}},{"type":"Feature","properties":{"kind":"rail"},"geometry":{"type":"LineString","coordinates":[[21.60845,44.524],[21.60718,44.5237],[21.60629,44.52364],[21.60515,44.52368],[21.60364,44.52398],[21.60307,44.52422]]}},{"type":"Feature","properties":{"kind":"rail"},"geometry":{"type":"LineString","coordinates":[[21.19487,44.64956],[21.19398,44.64909],[21.19327,44.64842],[21.1927,44.64755],[21.19261,44.6468],[21.19284,44.64572],[21.1939,44.64315],[21.19491,44.64044],[21.195,44.64003],[21.19503,44.63931],[21.19494,44.63869],[21.19386,44.63399],[21.1929,44.62881],[21.19235,44.62001],[21.19224,44.6195],[21.19202,44.61907],[21.19169,44.61865],[21.18926,44.61621]]}},{"type":"Feature","properties":{"kind":"rail"},"geometry":{"type":"LineString","coordinates":[[19.65147,43.47061],[19.65202,43.47111],[19.65225,43.4714],[19.65258,43.47202],[19.6527,43.47244]]}},{"type":"Feature","properties":{"kind":"rail"},"geometry":{"type":"LineString","coordinates":[[19.67753,43.32132],[19.6746,43.32254]]}},{"type":"Feature","properties":{"kind":"rail"},"geometry":{"type":"LineString","coordinates":[[19.6527,43.47244],[19.65268,43.47337],[19.65223,43.47431],[19.65161,43.47516],[19.64861,43.47848],[19.64817,43.47923]]}},{"type":"Feature","properties":{"kind":"rail"},"geometry":{"type":"LineString","coordinates":[[19.24905,44.55435],[19.24892,44.55424]]}},{"type":"Feature","properties":{"kind":"rail"},"geometry":{"type":"LineString","coordinates":[[19.24892,44.55424],[19.24169,44.54822],[19.24072,44.54764],[19.23119,44.54132],[19.22978,44.54053],[19.22332,44.53815]]}},{"type":"Feature","properties":{"kind":"rail"},"geometry":{"type":"LineString","coordinates":[[19.30863,44.63568],[19.30868,44.63589]]}},{"type":"Feature","properties":{"kind":"rail"},"geometry":{"type":"LineString","coordinates":[[22.54173,43.21658],[22.54105,43.21668]]}},{"type":"Feature","properties":{"kind":"rail"},"geometry":{"type":"LineString","coordinates":[[22.53724,43.21635],[22.53672,43.21618]]}},{"type":"Feature","properties":{"kind":"rail"},"geometry":{"type":"LineString","coordinates":[[22.53672,43.21618],[22.5339,43.21524],[22.53244,43.21492],[22.52541,43.21407],[22.51738,43.2135]]}},{"type":"Feature","properties":{"kind":"rail"},"geometry":{"type":"LineString","coordinates":[[22.54105,43.21668],[22.54073,43.21673]]}},{"type":"Feature","properties":{"kind":"rail"},"geometry":{"type":"LineString","coordinates":[[22.68524,43.05993],[22.68479,43.05999]]}},{"type":"Feature","properties":{"kind":"rail"},"geometry":{"type":"LineString","coordinates":[[22.68332,43.06024],[22.68188,43.06055],[22.68073,43.06094],[22.67994,43.06132],[22.679,43.0619],[22.67815,43.06257],[22.67391,43.06668],[22.66805,43.07216],[22.6651,43.07503]]}},{"type":"Feature","properties":{"kind":"rail"},"geometry":{"type":"LineString","coordinates":[[19.47948,43.78057],[19.47979,43.78096]]}},{"type":"Feature","properties":{"kind":"rail"},"geometry":{"type":"LineString","coordinates":[[19.46501,43.77033],[19.46543,43.77045]]}},{"type":"Feature","properties":{"kind":"rail"},"geometry":{"type":"LineString","coordinates":[[19.46543,43.77045],[19.46596,43.77046],[19.4663,43.77038],[19.46771,43.76957],[19.4708,43.76826],[19.47124,43.7682],[19.4717,43.76824],[19.47229,43.76849],[19.47263,43.76885],[19.47294,43.76981],[19.47312,43.77002],[19.47546,43.7715],[19.47578,43.77185],[19.47587,43.77211],[19.47589,43.77246],[19.47537,43.77433],[19.47536,43.77466],[19.47547,43.77507],[19.47636,43.7766],[19.47738,43.77754],[19.47786,43.77778],[19.47927,43.77822],[19.47972,43.77864],[19.47988,43.77921],[19.47976,43.77955],[19.47946,43.78003],[19.47942,43.78026],[19.47948,43.78057]]}},{"type":"Feature","properties":{"kind":"rail"},"geometry":{"type":"LineString","coordinates":[[19.484,43.78308],[19.48524,43.78362],[19.48573,43.78376],[19.48809,43.78371],[19.48865,43.78385],[19.49032,43.78454],[19.49197,43.78535],[19.49341,43.78623],[19.49366,43.78643],[19.49406,43.78698]]}},{"type":"Feature","properties":{"kind":"rail"},"geometry":{"type":"LineString","coordinates":[[19.7429,43.83268],[19.74291,43.83225],[19.74301,43.83176]]}},{"type":"Feature","properties":{"kind":"rail"},"geometry":{"type":"LineString","coordinates":[[19.74279,43.8035],[19.7432,43.80287]]}},{"type":"Feature","properties":{"kind":"rail"},"geometry":{"type":"LineString","coordinates":[[19.75139,43.84306],[19.75022,43.84222]]}},{"type":"Feature","properties":{"kind":"rail"},"geometry":{"type":"LineString","coordinates":[[19.73927,43.81676],[19.73867,43.81525]]}},{"type":"Feature","properties":{"kind":"rail"},"geometry":{"type":"LineString","coordinates":[[19.74619,43.79896],[19.74843,43.7964]]}},{"type":"Feature","properties":{"kind":"rail"},"geometry":{"type":"LineString","coordinates":[[19.74097,43.82093],[19.74041,43.8196]]}},{"type":"Feature","properties":{"kind":"rail"},"geometry":{"type":"LineString","coordinates":[[19.74843,43.7964],[19.74879,43.79601]]}},{"type":"Feature","properties":{"kind":"rail"},"geometry":{"type":"LineString","coordinates":[[19.51711,43.70093],[19.52786,43.70099]]}},{"type":"Feature","properties":{"kind":"rail"},"geometry":{"type":"LineString","coordinates":[[19.73951,43.81737],[19.73927,43.81676]]}},{"type":"Feature","properties":{"kind":"rail"},"geometry":{"type":"LineString","coordinates":[[19.73996,43.81075],[19.74072,43.80956]]}},{"type":"Feature","properties":{"kind":"rail"},"geometry":{"type":"LineString","coordinates":[[19.74093,43.80923],[19.74111,43.80895]]}},{"type":"Feature","properties":{"kind":"rail"},"geometry":{"type":"LineString","coordinates":[[19.73892,43.81248],[19.73959,43.81135]]}},{"type":"Feature","properties":{"kind":"rail"},"geometry":{"type":"LineString","coordinates":[[19.51353,43.70091],[19.51495,43.70092]]}},{"type":"Feature","properties":{"kind":"rail"},"geometry":{"type":"LineString","coordinates":[[19.74333,43.8027],[19.74352,43.80246]]}},{"type":"Feature","properties":{"kind":"rail"},"geometry":{"type":"LineString","coordinates":[[19.77923,43.84559],[19.77852,43.84477],[19.77795,43.84432]]}},{"type":"Feature","properties":{"kind":"rail"},"geometry":{"type":"LineString","coordinates":[[19.7521,43.84356],[19.75139,43.84306]]}},{"type":"Feature","properties":{"kind":"rail"},"geometry":{"type":"LineString","coordinates":[[19.74839,43.83949],[19.74815,43.8385]]}},{"type":"Feature","properties":{"kind":"rail"},"geometry":{"type":"LineString","coordinates":[[19.78692,43.84767],[19.78523,43.84784]]}},{"type":"Feature","properties":{"kind":"rail"},"geometry":{"type":"LineString","coordinates":[[19.75267,43.79166],[19.75286,43.79134],[19.75305,43.79079]]}},{"type":"Feature","properties":{"kind":"rail"},"geometry":{"type":"LineString","coordinates":[[19.74522,43.80026],[19.74619,43.79896]]}},{"type":"Feature","properties":{"kind":"rail"},"geometry":{"type":"LineString","coordinates":[[19.74072,43.80956],[19.74093,43.80923]]}},{"type":"Feature","properties":{"kind":"rail"},"geometry":{"type":"LineString","coordinates":[[19.74134,43.82189],[19.74097,43.82093]]}},{"type":"Feature","properties":{"kind":"rail"},"geometry":{"type":"LineString","coordinates":[[19.79523,43.84934],[19.79485,43.84924]]}},{"type":"Feature","properties":{"kind":"rail"},"geometry":{"type":"LineString","coordinates":[[19.74698,43.7838],[19.7465,43.7838]]}},{"type":"Feature","properties":{"kind":"rail"},"geometry":{"type":"LineString","coordinates":[[19.51694,43.70093],[19.51711,43.70093]]}},{"type":"Feature","properties":{"kind":"rail"},"geometry":{"type":"LineString","coordinates":[[19.77354,43.84336],[19.77274,43.84353]]}},{"type":"Feature","properties":{"kind":"rail"},"geometry":{"type":"LineString","coordinates":[[19.73959,43.81135],[19.73969,43.81118]]}},{"type":"Feature","properties":{"kind":"rail"},"geometry":{"type":"LineString","coordinates":[[19.74352,43.80246],[19.74522,43.80026]]}},{"type":"Feature","properties":{"kind":"rail"},"geometry":{"type":"LineString","coordinates":[[19.73969,43.81118],[19.73996,43.81075]]}},{"type":"Feature","properties":{"kind":"rail"},"geometry":{"type":"LineString","coordinates":[[19.74111,43.80895],[19.7419,43.80763]]}},{"type":"Feature","properties":{"kind":"rail"},"geometry":{"type":"LineString","coordinates":[[19.74815,43.8385],[19.74777,43.83776],[19.74743,43.83734],[19.74693,43.83687],[19.74585,43.83611]]}},{"type":"Feature","properties":{"kind":"rail"},"geometry":{"type":"LineString","coordinates":[[19.78523,43.84784],[19.78291,43.84774]]}},{"type":"Feature","properties":{"kind":"rail"},"geometry":{"type":"LineString","coordinates":[[19.73867,43.81525],[19.73847,43.81453],[19.73847,43.81398],[19.7387,43.81293],[19.73892,43.81248]]}},{"type":"Feature","properties":{"kind":"rail"},"geometry":{"type":"LineString","coordinates":[[19.75022,43.84222],[19.74956,43.84163],[19.74898,43.84095],[19.74862,43.8402],[19.74839,43.83949]]}},{"type":"Feature","properties":{"kind":"rail"},"geometry":{"type":"LineString","coordinates":[[19.75144,43.78609],[19.75081,43.7853],[19.75024,43.78481],[19.74894,43.78415]]}},{"type":"Feature","properties":{"kind":"rail"},"geometry":{"type":"LineString","coordinates":[[19.79706,43.84951],[19.7954,43.84938]]}},{"type":"Feature","properties":{"kind":"rail"},"geometry":{"type":"LineString","coordinates":[[19.74894,43.78415],[19.74804,43.78391],[19.74698,43.7838]]}},{"type":"Feature","properties":{"kind":"rail"},"geometry":{"type":"LineString","coordinates":[[19.74301,43.83176],[19.74318,43.83128],[19.74345,43.83079],[19.74428,43.82972]]}},{"type":"Feature","properties":{"kind":"rail"},"geometry":{"type":"LineString","coordinates":[[19.76516,43.84558],[19.76099,43.84574],[19.75848,43.84569],[19.75711,43.84554],[19.75589,43.84526]]}},{"type":"Feature","properties":{"kind":"rail"},"geometry":{"type":"LineString","coordinates":[[19.7419,43.80763],[19.74219,43.80663],[19.74243,43.80456],[19.74255,43.80404],[19.74279,43.8035]]}},{"type":"Feature","properties":{"kind":"rail"},"geometry":{"type":"LineString","coordinates":[[19.74585,43.83611],[19.7439,43.83469]]}},{"type":"Feature","properties":{"kind":"rail"},"geometry":{"type":"LineString","coordinates":[[19.74041,43.8196],[19.73951,43.81737]]}},{"type":"Feature","properties":{"kind":"rail"},"geometry":{"type":"LineString","coordinates":[[19.74879,43.79601],[19.75224,43.79226],[19.75267,43.79166]]}},{"type":"Feature","properties":{"kind":"rail"},"geometry":{"type":"LineString","coordinates":[[19.77795,43.84432],[19.77678,43.84373],[19.77594,43.84347],[19.77521,43.84334]]}},{"type":"Feature","properties":{"kind":"rail"},"geometry":{"type":"LineString","coordinates":[[19.77244,43.84362],[19.77158,43.84394],[19.76889,43.84517],[19.76803,43.84538],[19.76723,43.84549]]}},{"type":"Feature","properties":{"kind":"rail"},"geometry":{"type":"LineString","coordinates":[[19.74591,43.78385],[19.74281,43.78449],[19.7379,43.78511],[19.73656,43.78546]]}},{"type":"Feature","properties":{"kind":"rail"},"geometry":{"type":"LineString","coordinates":[[19.7439,43.83469],[19.74338,43.83411],[19.74313,43.83366],[19.74297,43.83318],[19.7429,43.83268]]}},{"type":"Feature","properties":{"kind":"rail"},"geometry":{"type":"LineString","coordinates":[[19.75305,43.79079],[19.75316,43.79013],[19.75316,43.78969],[19.75293,43.78869],[19.75144,43.78609]]}},{"type":"Feature","properties":{"kind":"rail"},"geometry":{"type":"LineString","coordinates":[[19.78291,43.84774],[19.78195,43.84755],[19.78112,43.84723],[19.78074,43.84701],[19.7801,43.84652],[19.77923,43.84559]]}},{"type":"Feature","properties":{"kind":"rail"},"geometry":{"type":"LineString","coordinates":[[19.79111,43.84753],[19.78994,43.84735],[19.7892,43.84734],[19.78806,43.84746],[19.78692,43.84767]]}},{"type":"Feature","properties":{"kind":"rail"},"geometry":{"type":"LineString","coordinates":[[19.74428,43.82972],[19.74469,43.82913],[19.74505,43.82832],[19.74509,43.82734],[19.74498,43.82674],[19.74479,43.8263],[19.74436,43.82567],[19.74294,43.8243],[19.74223,43.8235],[19.74185,43.82294],[19.74134,43.82189]]}},{"type":"Feature","properties":{"kind":"rail"},"geometry":{"type":"LineString","coordinates":[[19.79474,43.84921],[19.79384,43.84886],[19.79218,43.84794],[19.79111,43.84753]]}},{"type":"Feature","properties":{"kind":"rail"},"geometry":{"type":"LineString","coordinates":[[19.75589,43.84526],[19.7544,43.84487],[19.7537,43.8446],[19.75293,43.84416],[19.7521,43.84356]]}},{"type":"Feature","properties":{"kind":"rail"},"geometry":{"type":"LineString","coordinates":[[20.03297,43.81066],[20.03155,43.80986],[20.02887,43.80887],[20.02696,43.80831],[20.02546,43.80806],[20.02401,43.80798],[20.02276,43.80801],[20.02109,43.80821],[20.01847,43.80876],[20.01726,43.80892],[20.01593,43.80899],[20.01473,43.80893]]}},{"type":"Feature","properties":{"kind":"rail"},"geometry":{"type":"LineString","coordinates":[[19.82317,43.85199],[19.82257,43.85229]]}},{"type":"Feature","properties":{"kind":"rail"},"geometry":{"type":"LineString","coordinates":[[19.88084,43.83413],[19.88029,43.83395],[19.87738,43.83256],[19.87659,43.83234],[19.87582,43.83222],[19.87448,43.83223],[19.87382,43.83232],[19.87322,43.8325],[19.87068,43.83363],[19.86821,43.83486],[19.86574,43.83582]]}},{"type":"Feature","properties":{"kind":"rail"},"geometry":{"type":"LineString","coordinates":[[19.8472,43.84822],[19.84711,43.84824]]}},{"type":"Feature","properties":{"kind":"rail"},"geometry":{"type":"LineString","coordinates":[[19.8153,43.85312],[19.81385,43.85202]]}},{"type":"Feature","properties":{"kind":"rail"},"geometry":{"type":"LineString","coordinates":[[19.88806,43.83816],[19.88715,43.83774]]}},{"type":"Feature","properties":{"kind":"rail"},"geometry":{"type":"LineString","coordinates":[[19.82415,43.85153],[19.82406,43.85157]]}},{"type":"Feature","properties":{"kind":"rail"},"geometry":{"type":"LineString","coordinates":[[19.80556,43.8488],[19.80474,43.84892]]}},{"type":"Feature","properties":{"kind":"rail"},"geometry":{"type":"LineString","coordinates":[[20.00831,43.80873],[20.00684,43.80931],[20.00541,43.81009]]}},{"type":"Feature","properties":{"kind":"rail"},"geometry":{"type":"LineString","coordinates":[[19.82504,43.85111],[19.82415,43.85153]]}},{"type":"Feature","properties":{"kind":"rail"},"geometry":{"type":"LineString","coordinates":[[19.82406,43.85157],[19.82317,43.85199]]}},{"type":"Feature","properties":{"kind":"rail"},"geometry":{"type":"LineString","coordinates":[[19.80795,43.84867],[19.80695,43.84864],[19.80556,43.8488]]}},{"type":"Feature","properties":{"kind":"rail"},"geometry":{"type":"LineString","coordinates":[[19.82601,43.8508],[19.82504,43.85111]]}},{"type":"Feature","properties":{"kind":"rail"},"geometry":{"type":"LineString","coordinates":[[19.92308,43.82419],[19.91814,43.82841],[19.91567,43.83078],[19.9152,43.83131],[19.91335,43.83401],[19.9129,43.83449],[19.91245,43.83486],[19.91168,43.83535],[19.91079,43.83574],[19.90968,43.8361]]}},{"type":"Feature","properties":{"kind":"rail"},"geometry":{"type":"LineString","coordinates":[[19.85229,43.84788],[19.84905,43.84791],[19.8472,43.84822]]}},{"type":"Feature","properties":{"kind":"rail"},"geometry":{"type":"LineString","coordinates":[[19.99785,43.81061],[19.99655,43.8103],[19.99601,43.81024],[19.99541,43.81019],[19.99435,43.81023],[19.9912,43.8107],[19.98784,43.81086],[19.98541,43.81134]]}},{"type":"Feature","properties":{"kind":"rail"},"geometry":{"type":"LineString","coordinates":[[19.81385,43.85202],[19.81053,43.84949],[19.8098,43.8491],[19.80937,43.84895]]}},{"type":"Feature","properties":{"kind":"rail"},"geometry":{"type":"LineString","coordinates":[[19.86408,43.83663],[19.8632,43.83727],[19.86264,43.83797],[19.86028,43.84325]]}},{"type":"Feature","properties":{"kind":"rail"},"geometry":{"type":"LineString","coordinates":[[20.034,43.81158],[20.03344,43.81101],[20.03297,43.81066]]}},{"type":"Feature","properties":{"kind":"rail"},"geometry":{"type":"LineString","coordinates":[[19.80474,43.84892],[19.80325,43.84909],[19.80149,43.84914],[19.79837,43.84946]]}},{"type":"Feature","properties":{"kind":"rail"},"geometry":{"type":"LineString","coordinates":[[19.86028,43.84325],[19.85968,43.84493],[19.85934,43.84562],[19.85904,43.84606],[19.85865,43.84648],[19.85777,43.84712],[19.85664,43.84759],[19.85543,43.84783],[19.85229,43.84788]]}},{"type":"Feature","properties":{"kind":"rail"},"geometry":{"type":"LineString","coordinates":[[19.85872,44.11966],[19.85904,44.11892],[19.85954,44.11821],[19.87644,44.09916],[19.88451,44.08973]]}},{"type":"Feature","properties":{"kind":"rail"},"geometry":{"type":"LineString","coordinates":[[19.9187,44.03044],[19.91909,44.02976],[19.91927,44.02919],[19.91963,44.02621],[19.92008,44.02521],[19.92153,44.0231],[19.92184,44.02242],[19.92199,44.02189]]}},{"type":"Feature","properties":{"kind":"rail"},"geometry":{"type":"LineString","coordinates":[[19.92076,44.05164],[19.92039,44.05122]]}},{"type":"Feature","properties":{"kind":"rail"},"geometry":{"type":"LineString","coordinates":[[19.91833,44.03088],[19.9187,44.03044]]}},{"type":"Feature","properties":{"kind":"rail"},"geometry":{"type":"LineString","coordinates":[[19.89951,44.0669],[19.90262,44.06411],[19.90396,44.06322],[19.90694,44.06152],[19.90833,44.0608],[19.91388,44.0585],[19.91514,44.05792],[19.91981,44.05509],[19.92035,44.0547],[19.92095,44.05398],[19.9212,44.05327],[19.92122,44.05291],[19.92113,44.05236]]}},{"type":"Feature","properties":{"kind":"rail"},"geometry":{"type":"LineString","coordinates":[[19.91565,44.04447],[19.91525,44.04363],[19.91504,44.04273],[19.91504,44.04224],[19.91527,44.04017]]}},{"type":"Feature","properties":{"kind":"rail"},"geometry":{"type":"LineString","coordinates":[[19.92039,44.05122],[19.91885,44.04992],[19.9186,44.04962],[19.91828,44.04891],[19.91802,44.04776],[19.91778,44.04716],[19.9174,44.04655],[19.91617,44.04519],[19.91565,44.04447]]}},{"type":"Feature","properties":{"kind":"rail"},"geometry":{"type":"LineString","coordinates":[[19.91527,44.04017],[19.91537,44.03928],[19.91534,44.03871],[19.91461,44.03654],[19.91464,44.03573],[19.91537,44.03411],[19.91573,44.03347],[19.91627,44.03285],[19.91833,44.03088]]}},{"type":"Feature","properties":{"kind":"rail"},"geometry":{"type":"LineString","coordinates":[[19.87628,44.13592],[19.87533,44.13555],[19.8739,44.13534]]}},{"type":"Feature","properties":{"kind":"rail"},"geometry":{"type":"LineString","coordinates":[[19.85779,44.20908],[19.86016,44.20577],[19.86109,44.2046],[19.86139,44.20404]]}},{"type":"Feature","properties":{"kind":"rail"},"geometry":{"type":"LineString","coordinates":[[19.85915,44.22309],[19.8589,44.22248],[19.85876,44.22185],[19.85875,44.2212],[19.85894,44.22018]]}},{"type":"Feature","properties":{"kind":"rail"},"geometry":{"type":"LineString","coordinates":[[19.8836,44.15898],[19.88432,44.15783],[19.88497,44.15715],[19.88644,44.15629],[19.88825,44.15545],[19.88903,44.15521],[19.88963,44.1551],[19.89235,44.15478],[19.89743,44.15337],[19.89958,44.15253],[19.90086,44.15237]]}},{"type":"Feature","properties":{"kind":"rail"},"geometry":{"type":"LineString","coordinates":[[19.86835,44.17156],[19.86883,44.17108],[19.86961,44.17061]]}},{"type":"Feature","properties":{"kind":"rail"},"geometry":{"type":"LineString","coordinates":[[19.86022,44.13286],[19.86006,44.13225],[19.86006,44.13163]]}},{"type":"Feature","properties":{"kind":"rail"},"geometry":{"type":"LineString","coordinates":[[19.86025,44.12906],[19.86008,44.12854],[19.85972,44.12796],[19.85803,44.12606],[19.85773,44.12553],[19.85756,44.125],[19.85755,44.12431],[19.85811,44.12286],[19.85872,44.11966]]}},{"type":"Feature","properties":{"kind":"rail"},"geometry":{"type":"LineString","coordinates":[[19.88387,44.24475],[19.88395,44.24438],[19.88395,44.24397],[19.88374,44.24245]]}},{"type":"Feature","properties":{"kind":"rail"},"geometry":{"type":"LineString","coordinates":[[19.87849,44.23511],[19.87823,44.23459]]}},{"type":"Feature","properties":{"kind":"rail"},"geometry":{"type":"LineString","coordinates":[[19.87875,44.23584],[19.87849,44.23511]]}},{"type":"Feature","properties":{"kind":"rail"},"geometry":{"type":"LineString","coordinates":[[19.87012,44.13461],[19.86934,44.13434]]}},{"type":"Feature","properties":{"kind":"rail"},"geometry":{"type":"LineString","coordinates":[[19.86544,44.18051],[19.86551,44.18028]]}},{"type":"Feature","properties":{"kind":"rail"},"geometry":{"type":"LineString","coordinates":[[19.8723,44.16983],[19.8725,44.16975]]}},{"type":"Feature","properties":{"kind":"rail"},"geometry":{"type":"LineString","coordinates":[[19.86006,44.13163],[19.86011,44.13115]]}},{"type":"Feature","properties":{"kind":"rail"},"geometry":{"type":"LineString","coordinates":[[19.8596,44.22376],[19.85915,44.22309]]}},{"type":"Feature","properties":{"kind":"rail"},"geometry":{"type":"LineString","coordinates":[[19.86695,44.17756],[19.86782,44.17607],[19.86805,44.17552]]}},{"type":"Feature","properties":{"kind":"rail"},"geometry":{"type":"LineString","coordinates":[[19.8725,44.16975],[19.873,44.16948],[19.87366,44.16888]]}},{"type":"Feature","properties":{"kind":"rail"},"geometry":{"type":"LineString","coordinates":[[19.86011,44.13115],[19.8602,44.13045]]}},{"type":"Feature","properties":{"kind":"rail"},"geometry":{"type":"LineString","coordinates":[[19.86517,44.18286],[19.86527,44.18186]]}},{"type":"Feature","properties":{"kind":"rail"},"geometry":{"type":"LineString","coordinates":[[19.86825,44.17169],[19.86835,44.17156]]}},{"type":"Feature","properties":{"kind":"rail"},"geometry":{"type":"LineString","coordinates":[[19.8663,44.18572],[19.86552,44.18465],[19.8653,44.18422],[19.86517,44.18376],[19.86517,44.18286]]}},{"type":"Feature","properties":{"kind":"rail"},"geometry":{"type":"LineString","coordinates":[[19.87716,44.23361],[19.87639,44.23331],[19.87558,44.23314],[19.87353,44.23301]]}},{"type":"Feature","properties":{"kind":"rail"},"geometry":{"type":"LineString","coordinates":[[19.86527,44.18186],[19.86544,44.18051]]}},{"type":"Feature","properties":{"kind":"rail"},"geometry":{"type":"LineString","coordinates":[[19.87353,44.23301],[19.87247,44.23295]]}},{"type":"Feature","properties":{"kind":"rail"},"geometry":{"type":"LineString","coordinates":[[19.86805,44.17552],[19.86814,44.17471],[19.868,44.17389]]}},{"type":"Feature","properties":{"kind":"rail"},"geometry":{"type":"LineString","coordinates":[[19.8684,44.2329],[19.86649,44.23288]]}},{"type":"Feature","properties":{"kind":"rail"},"geometry":{"type":"LineString","coordinates":[[19.86033,44.22475],[19.8596,44.22376]]}},{"type":"Feature","properties":{"kind":"rail"},"geometry":{"type":"LineString","coordinates":[[19.86525,44.18978],[19.86603,44.18918]]}},{"type":"Feature","properties":{"kind":"rail"},"geometry":{"type":"LineString","coordinates":[[19.86551,44.18028],[19.86625,44.17882]]}},{"type":"Feature","properties":{"kind":"rail"},"geometry":{"type":"LineString","coordinates":[[19.86961,44.17061],[19.87028,44.17037],[19.8723,44.16983]]}},{"type":"Feature","properties":{"kind":"rail"},"geometry":{"type":"LineString","coordinates":[[19.8602,44.13045],[19.86025,44.12906]]}},{"type":"Feature","properties":{"kind":"rail"},"geometry":{"type":"LineString","coordinates":[[19.88333,44.2458],[19.88375,44.2451],[19.88387,44.24475]]}},{"type":"Feature","properties":{"kind":"rail"},"geometry":{"type":"LineString","coordinates":[[19.87322,44.13531],[19.87189,44.1352]]}},{"type":"Feature","properties":{"kind":"rail"},"geometry":{"type":"LineString","coordinates":[[19.87207,44.23293],[19.87051,44.23289]]}},{"type":"Feature","properties":{"kind":"rail"},"geometry":{"type":"LineString","coordinates":[[19.868,44.17389],[19.86784,44.17278],[19.86797,44.17224],[19.86825,44.17169]]}},{"type":"Feature","properties":{"kind":"rail"},"geometry":{"type":"LineString","coordinates":[[19.8654,44.23273],[19.86433,44.2323],[19.86347,44.2316]]}},{"type":"Feature","properties":{"kind":"rail"},"geometry":{"type":"LineString","coordinates":[[19.87823,44.23459],[19.87779,44.23405],[19.87716,44.23361]]}},{"type":"Feature","properties":{"kind":"rail"},"geometry":{"type":"LineString","coordinates":[[19.88053,44.14739],[19.87973,44.14612],[19.87799,44.14455],[19.87763,44.14411],[19.87738,44.14359],[19.87725,44.14282]]}},{"type":"Feature","properties":{"kind":"rail"},"geometry":{"type":"LineString","coordinates":[[19.88374,44.24245],[19.88347,44.24062]]}},{"type":"Feature","properties":{"kind":"rail"},"geometry":{"type":"LineString","coordinates":[[19.90086,44.15237],[19.90183,44.15247],[19.90244,44.15262],[19.90301,44.15285],[19.90455,44.15367],[19.9056,44.15401],[19.90675,44.1541],[19.90771,44.15398],[19.90831,44.1538],[19.90911,44.15341],[19.90991,44.15268],[19.91017,44.15225],[19.91036,44.15156],[19.91034,44.1511],[19.91022,44.15064]]}},{"type":"Feature","properties":{"kind":"rail"},"geometry":{"type":"LineString","coordinates":[[19.85794,44.19876],[19.85713,44.1982],[19.8568,44.19788],[19.85639,44.19722],[19.85623,44.19654],[19.85634,44.19585],[19.85649,44.19552]]}},{"type":"Feature","properties":{"kind":"rail"},"geometry":{"type":"LineString","coordinates":[[19.86696,44.18782],[19.86699,44.18717],[19.86693,44.18686],[19.86664,44.18622],[19.8663,44.18572]]}},{"type":"Feature","properties":{"kind":"rail"},"geometry":{"type":"LineString","coordinates":[[19.88347,44.24062],[19.8832,44.23982],[19.88289,44.23938]]}},{"type":"Feature","properties":{"kind":"rail"},"geometry":{"type":"LineString","coordinates":[[19.86096,44.19307],[19.86238,44.1925],[19.86277,44.19228],[19.86334,44.19181]]}},{"type":"Feature","properties":{"kind":"rail"},"geometry":{"type":"LineString","coordinates":[[19.86934,44.13434],[19.86856,44.13417],[19.86777,44.13411]]}},{"type":"Feature","properties":{"kind":"rail"},"geometry":{"type":"LineString","coordinates":[[19.89233,44.15271],[19.89062,44.15289],[19.8894,44.1529]]}},{"type":"Feature","properties":{"kind":"rail"},"geometry":{"type":"LineString","coordinates":[[19.86311,44.13469],[19.86204,44.13442],[19.86131,44.13406],[19.86058,44.13342],[19.86022,44.13286]]}},{"type":"Feature","properties":{"kind":"rail"},"geometry":{"type":"LineString","coordinates":[[19.86347,44.2316],[19.86202,44.22963],[19.86175,44.22896],[19.86161,44.22703],[19.86144,44.22636],[19.86118,44.22588],[19.86033,44.22475]]}},{"type":"Feature","properties":{"kind":"rail"},"geometry":{"type":"LineString","coordinates":[[19.97053,43.96009],[19.97141,43.95978],[19.97231,43.95955],[19.97696,43.95861],[19.97779,43.95834],[19.97845,43.95803],[19.97907,43.95767],[19.97962,43.95724]]}},{"type":"Feature","properties":{"kind":"rail"},"geometry":{"type":"LineString","coordinates":[[19.95378,43.97041],[19.95395,43.96968],[19.95414,43.96926],[19.95475,43.96842],[19.9552,43.96802]]}},{"type":"Feature","properties":{"kind":"rail"},"geometry":{"type":"LineString","coordinates":[[19.96167,43.96508],[19.96232,43.96489],[19.96364,43.96431]]}},{"type":"Feature","properties":{"kind":"rail"},"geometry":{"type":"LineString","coordinates":[[19.97962,43.95724],[19.98029,43.95651]]}},{"type":"Feature","properties":{"kind":"rail"},"geometry":{"type":"LineString","coordinates":[[19.9552,43.96802],[19.95579,43.96757]]}},{"type":"Feature","properties":{"kind":"rail"},"geometry":{"type":"LineString","coordinates":[[19.98029,43.95651],[19.98083,43.9557],[19.98152,43.95441],[19.98305,43.95225],[19.98423,43.95011]]}},{"type":"Feature","properties":{"kind":"rail"},"geometry":{"type":"LineString","coordinates":[[21.09671,44.24232],[21.09673,44.24196],[21.09613,44.23372]]}},{"type":"Feature","properties":{"kind":"rail"},"geometry":{"type":"LineString","coordinates":[[21.31588,44.16386],[21.31657,44.16334],[21.31708,44.16305],[21.32118,44.16122],[21.32265,44.16032],[21.32365,44.1595],[21.32561,44.15737]]}},{"type":"Feature","properties":{"kind":"rail"},"geometry":{"type":"LineString","coordinates":[[21.30858,44.17651],[21.31358,44.17322],[21.31408,44.17273],[21.31484,44.1716],[21.31507,44.17095],[21.31515,44.17043],[21.31514,44.16989],[21.31502,44.16915],[21.31449,44.16738],[21.31443,44.16653],[21.31453,44.16591],[21.31483,44.16514],[21.31516,44.16462],[21.31576,44.16396]]}},{"type":"Feature","properties":{"kind":"rail"},"geometry":{"type":"LineString","coordinates":[[21.30842,44.17663],[21.30858,44.17651]]}},{"type":"Feature","properties":{"kind":"rail"},"geometry":{"type":"LineString","coordinates":[[21.31576,44.16396],[21.31588,44.16386]]}},{"type":"Feature","properties":{"kind":"rail"},"geometry":{"type":"LineString","coordinates":[[21.32561,44.15737],[21.32566,44.1573]]}},{"type":"Feature","properties":{"kind":"rail"},"geometry":{"type":"LineString","coordinates":[[21.32566,44.1573],[21.32683,44.15619],[21.32806,44.15531],[21.33189,44.15331],[21.33343,44.15234],[21.33475,44.1512],[21.33654,44.14895],[21.33744,44.148],[21.34158,44.14489],[21.3428,44.14404],[21.34383,44.14333],[21.3447,44.14283],[21.35079,44.1398],[21.35198,44.13911],[21.35333,44.13789],[21.36376,44.1273]]}},{"type":"Feature","properties":{"kind":"rail"},"geometry":{"type":"LineString","coordinates":[[21.90578,44.36889],[21.90697,44.36754],[21.90743,44.3671]]}},{"type":"Feature","properties":{"kind":"rail"},"geometry":{"type":"LineString","coordinates":[[21.56918,44.04436],[21.57001,44.04442],[21.57096,44.04459],[21.57167,44.04461],[21.57282,44.04443],[21.5736,44.04411],[21.57623,44.04238],[21.57686,44.04186],[21.57977,44.03875],[21.58004,44.03826],[21.58011,44.038]]}},{"type":"Feature","properties":{"kind":"rail"},"geometry":{"type":"LineString","coordinates":[[21.55187,44.04781],[21.55234,44.04785],[21.55324,44.04778],[21.55379,44.04768],[21.55477,44.04731],[21.5562,44.04641],[21.55665,44.04605],[21.55796,44.04462],[21.55833,44.04433],[21.55872,44.04418],[21.5603,44.04395],[21.56068,44.04397],[21.56164,44.04421],[21.56232,44.04448]]}},{"type":"Feature","properties":{"kind":"rail"},"geometry":{"type":"LineString","coordinates":[[21.56743,44.04464],[21.56876,44.04438],[21.56918,44.04436]]}},{"type":"Feature","properties":{"kind":"rail"},"geometry":{"type":"LineString","coordinates":[[21.55026,44.04722],[21.55128,44.04765],[21.55187,44.04781]]}},{"type":"Feature","properties":{"kind":"rail"},"geometry":{"type":"LineString","coordinates":[[21.10077,44.22514],[21.14261,44.22223],[21.14374,44.2222],[21.14515,44.22226],[21.14821,44.22275],[21.15041,44.2234],[21.15213,44.22418]]}},{"type":"Feature","properties":{"kind":"rail"},"geometry":{"type":"LineString","coordinates":[[21.31021,43.08049],[21.30797,43.08134],[21.30719,43.08189],[21.30681,43.08231],[21.30659,43.08273],[21.30645,43.08316],[21.30639,43.08379],[21.30667,43.08464],[21.30718,43.08528],[21.31021,43.08759],[21.31089,43.08826],[21.31126,43.08896],[21.31146,43.08978],[21.31144,43.09041],[21.31133,43.09089],[21.31112,43.09138],[21.31084,43.09177],[21.30785,43.09536],[21.307,43.09649],[21.30648,43.09737],[21.30594,43.09852],[21.30552,43.09968],[21.30476,43.1035],[21.30398,43.10688],[21.3037,43.10777],[21.3028,43.10943],[21.30238,43.11002],[21.3018,43.11068],[21.30081,43.11161],[21.29911,43.11291],[21.29739,43.114]]}},{"type":"Feature","properties":{"kind":"rail"},"geometry":{"type":"LineString","coordinates":[[21.31288,43.02199],[21.31286,43.02265],[21.31299,43.02309],[21.31323,43.02355],[21.31453,43.02516],[21.31489,43.02571],[21.3155,43.02709],[21.31635,43.03069],[21.31641,43.03145],[21.31615,43.03319],[21.3162,43.03363],[21.31638,43.03434],[21.31697,43.03568]]}},{"type":"Feature","properties":{"kind":"rail"},"geometry":{"type":"LineString","coordinates":[[21.31378,43.02049],[21.31315,43.02129],[21.31288,43.02199]]}},{"type":"Feature","properties":{"kind":"rail"},"geometry":{"type":"LineString","coordinates":[[21.31697,43.03568],[21.31825,43.03816]]}},{"type":"Feature","properties":{"kind":"rail"},"geometry":{"type":"LineString","coordinates":[[21.31825,43.03816],[21.31834,43.03849],[21.31835,43.03895],[21.31814,43.03945],[21.31754,43.04047],[21.3173,43.04117],[21.3171,43.04255],[21.31707,43.04391],[21.31728,43.04461],[21.31755,43.04501],[21.31872,43.04621]]}},{"type":"Feature","properties":{"kind":"rail"},"geometry":{"type":"LineString","coordinates":[[21.2796,42.94001],[21.28007,42.93959],[21.28043,42.93915],[21.28067,42.93865],[21.28126,42.93616],[21.28125,42.9356],[21.28108,42.93499],[21.28087,42.93459],[21.28017,42.93371],[21.2798,42.93297],[21.27974,42.93258],[21.27981,42.93185],[21.28019,42.93114]]}},{"type":"Feature","properties":{"kind":"rail"},"geometry":{"type":"LineString","coordinates":[[21.28019,42.93114],[21.28097,42.93039],[21.28191,42.92988],[21.28251,42.9297],[21.28308,42.92963],[21.2836,42.9296],[21.28403,42.92965],[21.28485,42.92986],[21.28536,42.93008],[21.28627,42.93067],[21.28659,42.93098],[21.28684,42.93138],[21.28698,42.93171],[21.28705,42.93246]]}},{"type":"Feature","properties":{"kind":"rail"},"geometry":{"type":"LineString","coordinates":[[21.24985,42.93603],[21.25028,42.93623],[21.25081,42.93661],[21.25114,42.93691],[21.25165,42.93758],[21.25205,42.93831],[21.25242,42.93918],[21.2535,42.94213],[21.25372,42.94251],[21.25401,42.94279],[21.25453,42.94317],[21.25533,42.94356],[21.25614,42.94373],[21.25831,42.944],[21.25895,42.9442],[21.25954,42.94448],[21.26017,42.94493],[21.26161,42.94668],[21.26211,42.94712],[21.2626,42.94741],[21.26349,42.94771],[21.26756,42.9484],[21.26821,42.94848],[21.26904,42.94847],[21.26973,42.94833],[21.27033,42.94813],[21.2709,42.94783],[21.27197,42.94701]]}},{"type":"Feature","properties":{"kind":"rail"},"geometry":{"type":"LineString","coordinates":[[21.28323,42.93703],[21.28335,42.93832],[21.2833,42.93933],[21.28317,42.93972],[21.28211,42.94167],[21.28185,42.94257],[21.28182,42.94363],[21.28215,42.9456],[21.28201,42.94736],[21.28208,42.94809],[21.28235,42.94867],[21.28321,42.94964],[21.28605,42.9522],[21.28771,42.95348],[21.28801,42.95384],[21.28817,42.95416],[21.28832,42.95489],[21.28826,42.95549],[21.28744,42.95799],[21.28721,42.95927],[21.28746,42.9634],[21.28762,42.96398],[21.28781,42.96438]]}},{"type":"Feature","properties":{"kind":"rail"},"geometry":{"type":"LineString","coordinates":[[21.28356,42.93615],[21.28332,42.9366],[21.28323,42.93703]]}},{"type":"Feature","properties":{"kind":"rail"},"geometry":{"type":"LineString","coordinates":[[21.27468,42.94132],[21.27532,42.94102],[21.27593,42.94087],[21.27759,42.94077]]}},{"type":"Feature","properties":{"kind":"rail"},"geometry":{"type":"LineString","coordinates":[[21.27197,42.94701],[21.27247,42.94653],[21.27299,42.94573],[21.27316,42.94498],[21.27319,42.94394],[21.27336,42.94312],[21.27377,42.94236],[21.27418,42.94182],[21.27468,42.94132]]}},{"type":"Feature","properties":{"kind":"rail"},"geometry":{"type":"LineString","coordinates":[[21.27759,42.94077],[21.27869,42.94058],[21.27917,42.94033],[21.2796,42.94001]]}},{"type":"Feature","properties":{"kind":"rail"},"geometry":{"type":"LineString","coordinates":[[21.28705,42.93246],[21.287,42.93298],[21.28684,42.9334],[21.2866,42.93378],[21.28618,42.93422],[21.28414,42.93546],[21.28356,42.93615]]}},{"type":"Feature","properties":{"kind":"rail"},"geometry":{"type":"LineString","coordinates":[[19.51189,43.79618],[19.51222,43.79658],[19.5134,43.79713],[19.51391,43.79772],[19.51419,43.79872],[19.51422,43.7992],[19.51408,43.80028],[19.51428,43.80074],[19.5145,43.80094]]}},{"type":"Feature","properties":{"kind":"rail"},"geometry":{"type":"LineString","coordinates":[[19.51956,43.80102],[19.51917,43.8014],[19.51904,43.80175],[19.51905,43.80202],[19.52,43.80381],[19.52041,43.80419],[19.52124,43.80449],[19.52186,43.80459],[19.52261,43.8045],[19.52392,43.80406],[19.52456,43.80407],[19.52509,43.80421]]}},{"type":"Feature","properties":{"kind":"rail"},"geometry":{"type":"LineString","coordinates":[[19.53271,43.79253],[19.53308,43.7926],[19.53408,43.79299],[19.53479,43.79304],[19.53559,43.79282],[19.53718,43.79217],[19.53843,43.79222]]}},{"type":"Feature","properties":{"kind":"rail"},"geometry":{"type":"LineString","coordinates":[[19.51826,43.80375],[19.51842,43.80416],[19.51863,43.80443],[19.51892,43.80463],[19.51923,43.80475],[19.52019,43.80486],[19.52164,43.80523],[19.52204,43.80526],[19.52264,43.80516],[19.52318,43.80491]]}},{"type":"Feature","properties":{"kind":"rail"},"geometry":{"type":"LineString","coordinates":[[19.53828,43.79294],[19.53744,43.79286]]}},{"type":"Feature","properties":{"kind":"rail"},"geometry":{"type":"LineString","coordinates":[[19.52195,43.81846],[19.52206,43.81874]]}},{"type":"Feature","properties":{"kind":"rail"},"geometry":{"type":"LineString","coordinates":[[19.54613,43.7919],[19.54602,43.79203]]}},{"type":"Feature","properties":{"kind":"rail"},"geometry":{"type":"LineString","coordinates":[[19.54077,43.79102],[19.54129,43.79097]]}},{"type":"Feature","properties":{"kind":"rail"},"geometry":{"type":"LineString","coordinates":[[19.52697,43.80719],[19.52686,43.80741]]}},{"type":"Feature","properties":{"kind":"rail"},"geometry":{"type":"LineString","coordinates":[[19.53964,43.79241],[19.53934,43.79265]]}},{"type":"Feature","properties":{"kind":"rail"},"geometry":{"type":"LineString","coordinates":[[19.52531,43.81113],[19.52524,43.81129]]}},{"type":"Feature","properties":{"kind":"rail"},"geometry":{"type":"LineString","coordinates":[[19.5459,43.79069],[19.54604,43.79079]]}},{"type":"Feature","properties":{"kind":"rail"},"geometry":{"type":"LineString","coordinates":[[19.52082,43.79921],[19.52086,43.79952]]}},{"type":"Feature","properties":{"kind":"rail"},"geometry":{"type":"LineString","coordinates":[[19.53193,43.79253],[19.53271,43.79253]]}},{"type":"Feature","properties":{"kind":"rail"},"geometry":{"type":"LineString","coordinates":[[19.52524,43.81129],[19.52509,43.81154]]}},{"type":"Feature","properties":{"kind":"rail"},"geometry":{"type":"LineString","coordinates":[[19.54129,43.79097],[19.54201,43.79098]]}},{"type":"Feature","properties":{"kind":"rail"},"geometry":{"type":"LineString","coordinates":[[19.52086,43.79952],[19.52069,43.79993],[19.52039,43.80021]]}},{"type":"Feature","properties":{"kind":"rail"},"geometry":{"type":"LineString","coordinates":[[19.52046,43.80077],[19.51985,43.80088],[19.51956,43.80102]]}},{"type":"Feature","properties":{"kind":"rail"},"geometry":{"type":"LineString","coordinates":[[19.54002,43.79138],[19.54052,43.79109],[19.54077,43.79102]]}},{"type":"Feature","properties":{"kind":"rail"},"geometry":{"type":"LineString","coordinates":[[19.52206,43.81874],[19.5225,43.8192]]}},{"type":"Feature","properties":{"kind":"rail"},"geometry":{"type":"LineString","coordinates":[[19.52039,43.80021],[19.52018,43.80033],[19.51892,43.80062],[19.51861,43.80075]]}},{"type":"Feature","properties":{"kind":"rail"},"geometry":{"type":"LineString","coordinates":[[19.52686,43.80741],[19.5263,43.80826],[19.52596,43.80919]]}},{"type":"Feature","properties":{"kind":"rail"},"geometry":{"type":"LineString","coordinates":[[19.54604,43.79079],[19.54621,43.79098]]}},{"type":"Feature","properties":{"kind":"rail"},"geometry":{"type":"LineString","coordinates":[[19.5211,43.79872],[19.52116,43.79833],[19.52151,43.7979]]}},{"type":"Feature","properties":{"kind":"rail"},"geometry":{"type":"LineString","coordinates":[[19.5432,43.79089],[19.54379,43.79067],[19.54454,43.79049],[19.54556,43.79055],[19.5459,43.79069]]}},{"type":"Feature","properties":{"kind":"rail"},"geometry":{"type":"LineString","coordinates":[[19.53934,43.79265],[19.53884,43.79288],[19.53828,43.79294]]}},{"type":"Feature","properties":{"kind":"rail"},"geometry":{"type":"LineString","coordinates":[[19.53744,43.79286],[19.53661,43.79297],[19.53523,43.79368],[19.53429,43.79459]]}},{"type":"Feature","properties":{"kind":"rail"},"geometry":{"type":"LineString","coordinates":[[19.54602,43.79203],[19.54553,43.79234],[19.54493,43.79246],[19.54459,43.79245],[19.544,43.79228],[19.5431,43.79186],[19.54139,43.7917]]}},{"type":"Feature","properties":{"kind":"rail"},"geometry":{"type":"LineString","coordinates":[[19.52151,43.7979],[19.52167,43.79777],[19.52206,43.79761],[19.52266,43.79753],[19.52358,43.79752],[19.52467,43.79711],[19.52501,43.79704],[19.52542,43.79706],[19.5259,43.79718],[19.52644,43.79754],[19.52674,43.79789]]}},{"type":"Feature","properties":{"kind":"rail"},"geometry":{"type":"LineString","coordinates":[[19.82301,44.85789],[19.82522,44.85831],[19.82648,44.85877],[19.82751,44.85935],[19.82811,44.85985],[19.82874,44.86055],[19.8553,44.89607]]}},{"type":"Feature","properties":{"kind":"rail"},"geometry":{"type":"LineString","coordinates":[[19.69598,44.77576],[19.70411,44.77795]]}},{"type":"Feature","properties":{"kind":"rail"},"geometry":{"type":"LineString","coordinates":[[21.19487,44.64956],[21.20311,44.65159],[21.20416,44.65172],[21.20546,44.65163]]}},{"type":"Feature","properties":{"kind":"rail"},"geometry":{"type":"LineString","coordinates":[[19.14846,44.41675],[19.14872,44.41568]]}},{"type":"Feature","properties":{"kind":"rail"},"geometry":{"type":"LineString","coordinates":[[19.1524,44.436],[19.15117,44.43372],[19.15075,44.43226]]}},{"type":"Feature","properties":{"kind":"rail"},"geometry":{"type":"LineString","coordinates":[[19.14878,44.412],[19.14866,44.41173]]}},{"type":"Feature","properties":{"kind":"rail"},"geometry":{"type":"LineString","coordinates":[[19.14866,44.41173],[19.14826,44.41098],[19.14778,44.41037],[19.14726,44.40999]]}},{"type":"Feature","properties":{"kind":"rail"},"geometry":{"type":"LineString","coordinates":[[19.14872,44.41568],[19.14901,44.4147],[19.14908,44.41404],[19.14902,44.41289],[19.14878,44.412]]}},{"type":"Feature","properties":{"kind":"rail"},"geometry":{"type":"LineString","coordinates":[[19.14726,44.40999],[19.14691,44.40968]]}},{"type":"Feature","properties":{"kind":"rail"},"geometry":{"type":"LineString","coordinates":[[19.14953,44.42119],[19.14913,44.42024]]}},{"type":"Feature","properties":{"kind":"rail"},"geometry":{"type":"LineString","coordinates":[[19.15049,44.42445],[19.15025,44.42299]]}},{"type":"Feature","properties":{"kind":"rail"},"geometry":{"type":"LineString","coordinates":[[19.15085,44.43086],[19.15095,44.42973],[19.15087,44.42925],[19.15066,44.42876]]}},{"type":"Feature","properties":{"kind":"rail"},"geometry":{"type":"LineString","coordinates":[[19.14904,44.42741],[19.14807,44.42714],[19.14491,44.42657]]}},{"type":"Feature","properties":{"kind":"rail"},"geometry":{"type":"LineString","coordinates":[[19.15026,44.42823],[19.14949,44.42762],[19.14904,44.42741]]}},{"type":"Feature","properties":{"kind":"rail"},"geometry":{"type":"LineString","coordinates":[[19.15066,44.42876],[19.15026,44.42823]]}},{"type":"Feature","properties":{"kind":"rail"},"geometry":{"type":"LineString","coordinates":[[19.14691,44.40968],[19.14598,44.40892],[19.1451,44.4084],[19.14416,44.40805],[19.13961,44.40668],[19.13779,44.40626],[19.13431,44.40598],[19.13289,44.40578],[19.13228,44.40563],[19.13077,44.40507],[19.12576,44.40241]]}},{"type":"Feature","properties":{"kind":"rail"},"geometry":{"type":"LineString","coordinates":[[19.14491,44.42657],[19.14158,44.42594],[19.1402,44.42548],[19.13921,44.42492],[19.13592,44.42235]]}},{"type":"Feature","properties":{"kind":"rail"},"geometry":{"type":"LineString","coordinates":[[19.15025,44.42299],[19.14987,44.42191],[19.14953,44.42119]]}},{"type":"Feature","properties":{"kind":"rail"},"geometry":{"type":"LineString","coordinates":[[19.14913,44.42024],[19.14872,44.41915],[19.14846,44.41809],[19.1484,44.41759],[19.14846,44.41675]]}},{"type":"Feature","properties":{"kind":"rail"},"geometry":{"type":"LineString","coordinates":[[21.66308,43.20818],[21.66305,43.20865]]}},{"type":"Feature","properties":{"kind":"rail"},"geometry":{"type":"LineString","coordinates":[[21.66305,43.20865],[21.66288,43.21016],[21.66264,43.21068],[21.662,43.21137],[21.66141,43.21179],[21.65887,43.21329],[21.65749,43.21399],[21.65612,43.21464],[21.65398,43.21536]]}},{"type":"Feature","properties":{"kind":"rail"},"geometry":{"type":"LineString","coordinates":[[19.72398,43.78454],[19.72238,43.7829],[19.72205,43.78247],[19.72042,43.77938],[19.72007,43.77885],[19.71955,43.77829],[19.71881,43.77768],[19.71729,43.77687],[19.71416,43.77571],[19.71276,43.77545],[19.71133,43.77543],[19.71,43.7756],[19.70476,43.77676],[19.70283,43.77688],[19.70077,43.77673]]}},{"type":"Feature","properties":{"kind":"rail"},"geometry":{"type":"LineString","coordinates":[[19.72409,43.78465],[19.72398,43.78454]]}},{"type":"Feature","properties":{"kind":"rail"},"geometry":{"type":"LineString","coordinates":[[19.70077,43.77673],[19.69478,43.77534],[19.69418,43.77526],[19.69294,43.77525],[19.69211,43.77538],[19.69124,43.77562],[19.69035,43.77606],[19.68825,43.77737]]}},{"type":"Feature","properties":{"kind":"rail"},"geometry":{"type":"LineString","coordinates":[[19.14492,44.46779],[19.14488,44.46763]]}},{"type":"Feature","properties":{"kind":"rail"},"geometry":{"type":"LineString","coordinates":[[19.15311,44.4375],[19.15303,44.43727]]}},{"type":"Feature","properties":{"kind":"rail"},"geometry":{"type":"LineString","coordinates":[[19.15303,44.43727],[19.1524,44.436]]}},{"type":"Feature","properties":{"kind":"rail"},"geometry":{"type":"LineString","coordinates":[[19.95062,43.97714],[19.95149,43.97675],[19.95184,43.97652]]}},{"type":"Feature","properties":{"kind":"rail"},"geometry":{"type":"LineString","coordinates":[[19.95579,43.96757],[19.95624,43.96728]]}},{"type":"Feature","properties":{"kind":"rail"},"geometry":{"type":"LineString","coordinates":[[19.92278,44.01779],[19.92281,44.01767]]}},{"type":"Feature","properties":{"kind":"rail"},"geometry":{"type":"LineString","coordinates":[[19.95046,43.97721],[19.95062,43.97714]]}},{"type":"Feature","properties":{"kind":"rail"},"geometry":{"type":"LineString","coordinates":[[19.92281,44.01767],[19.92295,44.01681],[19.92298,44.01594],[19.92278,44.01267],[19.92264,44.01141],[19.92193,44.009],[19.92137,44.00637],[19.92066,44.00449]]}},{"type":"Feature","properties":{"kind":"rail"},"geometry":{"type":"LineString","coordinates":[[19.9173,43.9956],[19.9173,43.99504],[19.91746,43.99448]]}},{"type":"Feature","properties":{"kind":"rail"},"geometry":{"type":"LineString","coordinates":[[19.91746,43.99448],[19.91768,43.99397],[19.91806,43.99336],[19.91835,43.99301],[19.919,43.99243],[19.91961,43.99201],[19.92245,43.99057],[19.92301,43.99023],[19.92427,43.98923],[19.92648,43.98728],[19.92712,43.98687],[19.92772,43.98654],[19.92857,43.9862],[19.93202,43.985],[19.93496,43.98424]]}},{"type":"Feature","properties":{"kind":"rail"},"geometry":{"type":"LineString","coordinates":[[19.95624,43.96728],[19.95753,43.96643],[19.95818,43.96608],[19.95939,43.96565],[19.96167,43.96508]]}},{"type":"Feature","properties":{"kind":"rail"},"geometry":{"type":"LineString","coordinates":[[19.83175,43.85198],[19.8292,43.85087]]}},{"type":"Feature","properties":{"kind":"rail"},"geometry":{"type":"LineString","coordinates":[[19.80937,43.84895],[19.80795,43.84867]]}},{"type":"Feature","properties":{"kind":"rail"},"geometry":{"type":"LineString","coordinates":[[21.83396,43.32767],[21.83402,43.32783]]}},{"type":"Feature","properties":{"kind":"rail"},"geometry":{"type":"LineString","coordinates":[[21.83428,43.32846],[21.83815,43.33848],[21.83822,43.33894]]}},{"type":"Feature","properties":{"kind":"rail"},"geometry":{"type":"LineString","coordinates":[[21.13116,44.58591],[21.13028,44.58438]]}},{"type":"Feature","properties":{"kind":"rail"},"geometry":{"type":"LineString","coordinates":[[21.20546,44.65163],[21.20664,44.65112],[21.20726,44.65067],[21.20774,44.65015],[21.20897,44.64839],[21.20925,44.64808],[21.21014,44.64742],[21.21101,44.64705],[21.21185,44.64684],[21.21279,44.64674],[21.21911,44.64634]]}},{"type":"Feature","properties":{"kind":"rail"},"geometry":{"type":"LineString","coordinates":[[21.83201,43.21323],[21.83218,43.21359]]}},{"type":"Feature","properties":{"kind":"rail"},"geometry":{"type":"LineString","coordinates":[[21.83218,43.21359],[21.83425,43.21798],[21.83447,43.2184],[21.8351,43.21924]]}},{"type":"Feature","properties":{"kind":"rail"},"geometry":{"type":"LineString","coordinates":[[22.05887,42.68576],[22.05892,42.68603],[22.05886,42.6867],[22.05791,42.68954],[22.05778,42.69],[22.05773,42.69053],[22.05788,42.69122],[22.05838,42.69198],[22.05876,42.69233],[22.0596,42.69282]]}},{"type":"Feature","properties":{"kind":"rail"},"geometry":{"type":"LineString","coordinates":[[22.0596,42.69282],[22.05978,42.6929]]}},{"type":"Feature","properties":{"kind":"rail"},"geometry":{"type":"LineString","coordinates":[[22.05885,42.68564],[22.05887,42.68576]]}},{"type":"Feature","properties":{"kind":"rail"},"geometry":{"type":"LineString","coordinates":[[22.05978,42.6929],[22.06083,42.69336],[22.06163,42.69387],[22.06228,42.69456],[22.06256,42.69498],[22.06275,42.69546],[22.06289,42.6961],[22.063,42.69969],[22.06289,42.70033],[22.06258,42.70091],[22.06104,42.7032],[22.06015,42.7044],[22.05936,42.70583],[22.05929,42.70624],[22.05932,42.70675],[22.05965,42.7075],[22.06017,42.70814]]}},{"type":"Feature","properties":{"kind":"rail"},"geometry":{"type":"LineString","coordinates":[[21.98146,43.30218],[21.98117,43.30222]]}},{"type":"Feature","properties":{"kind":"rail"},"geometry":{"type":"LineString","coordinates":[[21.98117,43.30222],[21.94821,43.30748]]}},{"type":"Feature","properties":{"kind":"rail"},"geometry":{"type":"LineString","coordinates":[[19.73656,43.78546],[19.73607,43.78564]]}},{"type":"Feature","properties":{"kind":"rail"},"geometry":{"type":"LineString","coordinates":[[19.73607,43.78564],[19.7351,43.786]]}},{"type":"Feature","properties":{"kind":"rail"},"geometry":{"type":"LineString","coordinates":[[19.84168,43.85257],[19.84016,43.85329],[19.83878,43.85362],[19.83757,43.85365],[19.8355,43.85333]]}},{"type":"Feature","properties":{"kind":"rail"},"geometry":{"type":"LineString","coordinates":[[19.84711,43.84824],[19.84657,43.84844],[19.84586,43.84882],[19.84531,43.84923],[19.84501,43.84954]]}},{"type":"Feature","properties":{"kind":"rail"},"geometry":{"type":"LineString","coordinates":[[19.86474,43.83624],[19.86408,43.83663]]}},{"type":"Feature","properties":{"kind":"rail"},"geometry":{"type":"LineString","coordinates":[[19.86574,43.83582],[19.86474,43.83624]]}},{"type":"Feature","properties":{"kind":"rail"},"geometry":{"type":"LineString","coordinates":[[19.97427,43.81081],[19.97411,43.81076]]}},{"type":"Feature","properties":{"kind":"rail"},"geometry":{"type":"LineString","coordinates":[[19.97411,43.81076],[19.96773,43.80803],[19.96675,43.80766],[19.96538,43.8073],[19.9558,43.80621],[19.95411,43.8062],[19.95299,43.80638],[19.94942,43.80729],[19.94822,43.80766],[19.94749,43.80797],[19.94164,43.81089],[19.93914,43.81195],[19.93796,43.81263],[19.93525,43.81445]]}},{"type":"Feature","properties":{"kind":"rail"},"geometry":{"type":"LineString","coordinates":[[21.29154,43.13714],[21.29219,43.13751]]}},{"type":"Feature","properties":{"kind":"rail"},"geometry":{"type":"LineString","coordinates":[[19.99938,43.87834],[19.99962,43.87743]]}},{"type":"Feature","properties":{"kind":"rail"},"geometry":{"type":"LineString","coordinates":[[19.51007,43.79324],[19.51147,43.7937],[19.51183,43.7939],[19.51203,43.79411],[19.51222,43.79467],[19.51208,43.79516],[19.51181,43.79561],[19.51183,43.79604]]}},{"type":"Feature","properties":{"kind":"rail"},"geometry":{"type":"LineString","coordinates":[[22.59914,43.14228],[22.59889,43.14385],[22.59881,43.14501],[22.59889,43.14683],[22.59924,43.14906],[22.59996,43.15163]]}},{"type":"Feature","properties":{"kind":"rail"},"geometry":{"type":"LineString","coordinates":[[19.85752,45.26339],[19.86266,45.26066]]}},{"type":"Feature","properties":{"kind":"rail"},"geometry":{"type":"LineString","coordinates":[[19.86266,45.26066],[19.86427,45.25991]]}},{"type":"Feature","properties":{"kind":"rail"},"geometry":{"type":"LineString","coordinates":[[21.27387,43.13678],[21.27564,43.13739],[21.27598,43.1374]]}},{"type":"Feature","properties":{"kind":"rail"},"geometry":{"type":"LineString","coordinates":[[20.04264,43.83016],[20.04209,43.83215],[20.0421,43.83272],[20.04231,43.83332],[20.04266,43.83382],[20.04328,43.83437],[20.04569,43.83572]]}},{"type":"Feature","properties":{"kind":"rail"},"geometry":{"type":"LineString","coordinates":[[20.11009,43.87132],[20.10946,43.87101],[20.10554,43.8694]]}},{"type":"Feature","properties":{"kind":"rail"},"geometry":{"type":"LineString","coordinates":[[20.11294,43.87596],[20.11236,43.87429],[20.11193,43.8733],[20.11118,43.87213]]}},{"type":"Feature","properties":{"kind":"rail"},"geometry":{"type":"LineString","coordinates":[[20.11641,43.88388],[20.11514,43.88193],[20.11443,43.88065],[20.11391,43.87932],[20.11294,43.87596]]}},{"type":"Feature","properties":{"kind":"rail"},"geometry":{"type":"LineString","coordinates":[[20.11918,43.88966],[20.11877,43.88895],[20.11641,43.88388]]}},{"type":"Feature","properties":{"kind":"rail"},"geometry":{"type":"LineString","coordinates":[[20.1862,43.90101],[20.18549,43.90108],[20.18113,43.90186],[20.18051,43.90192],[20.17846,43.90197],[20.17703,43.9018]]}},{"type":"Feature","properties":{"kind":"rail"},"geometry":{"type":"LineString","coordinates":[[20.15387,43.89624],[20.1503,43.89547],[20.14942,43.89542],[20.14814,43.89551],[20.13571,43.89826],[20.13421,43.8985],[20.13297,43.89858],[20.13152,43.89848],[20.13006,43.89816],[20.12891,43.89774],[20.12622,43.89656]]}},{"type":"Feature","properties":{"kind":"rail"},"geometry":{"type":"LineString","coordinates":[[20.20145,43.90655],[20.19777,43.90635],[20.19684,43.9062]]}},{"type":"Feature","properties":{"kind":"rail"},"geometry":{"type":"LineString","coordinates":[[20.19684,43.9062],[20.19555,43.90575],[20.19454,43.90511],[20.19148,43.90213],[20.19044,43.90137],[20.1898,43.90111],[20.18884,43.9009],[20.18792,43.90087],[20.1862,43.90101]]}},{"type":"Feature","properties":{"kind":"rail"},"geometry":{"type":"LineString","coordinates":[[20.2317,43.90812],[20.22252,43.9084],[20.22145,43.90839],[20.22089,43.90831],[20.22032,43.90814]]}},{"type":"Feature","properties":{"kind":"rail"},"geometry":{"type":"LineString","coordinates":[[20.20377,43.90658],[20.20145,43.90655]]}},{"type":"Feature","properties":{"kind":"rail"},"geometry":{"type":"LineString","coordinates":[[20.39967,44.74895],[20.39681,44.74965],[20.39557,44.74982],[20.3939,44.74978],[20.39248,44.74949]]}},{"type":"Feature","properties":{"kind":"rail"},"geometry":{"type":"LineString","coordinates":[[20.32726,44.73289],[20.33394,44.73087],[20.33635,44.73037],[20.33779,44.73019],[20.34552,44.72954],[20.34696,44.72955],[20.34839,44.72988],[20.34885,44.73007],[20.34969,44.73055],[20.3541,44.73451],[20.3548,44.73501],[20.35564,44.73536],[20.35656,44.73554],[20.35752,44.73556],[20.35835,44.73545]]}},{"type":"Feature","properties":{"kind":"rail"},"geometry":{"type":"LineString","coordinates":[[20.39248,44.74949],[20.3921,44.74936]]}},{"type":"Feature","properties":{"kind":"rail"},"geometry":{"type":"LineString","coordinates":[[20.35868,44.73539],[20.35835,44.73545]]}},{"type":"Feature","properties":{"kind":"rail"},"geometry":{"type":"LineString","coordinates":[[20.3921,44.74936],[20.37802,44.74208]]}},{"type":"Feature","properties":{"kind":"rail"},"geometry":{"type":"LineString","coordinates":[[20.43354,44.74063],[20.43434,44.74076]]}},{"type":"Feature","properties":{"kind":"rail"},"geometry":{"type":"LineString","coordinates":[[20.43434,44.74076],[20.43548,44.74113]]}},{"type":"Feature","properties":{"kind":"rail"},"geometry":{"type":"LineString","coordinates":[[20.43261,44.74085],[20.43092,44.741],[20.42772,44.74175],[20.41852,44.74411],[20.41232,44.74559],[20.40612,44.74738],[20.40367,44.74787],[20.39967,44.74895]]}},{"type":"Feature","properties":{"kind":"rail"},"geometry":{"type":"LineString","coordinates":[[20.3543,43.89818],[20.3546,43.89899]]}},{"type":"Feature","properties":{"kind":"rail"},"geometry":{"type":"LineString","coordinates":[[20.35382,43.89701],[20.3543,43.89818]]}},{"type":"Feature","properties":{"kind":"rail"},"geometry":{"type":"LineString","coordinates":[[20.25134,45.67849],[20.17006,45.62812],[20.16837,45.62681],[20.16748,45.62587],[20.158,45.6138],[20.1569,45.61273],[20.15331,45.60986],[20.15271,45.60906],[20.15234,45.60824],[20.15226,45.60764],[20.15227,45.6068],[20.15247,45.60216],[20.15261,45.60008],[20.15287,45.59921],[20.15349,45.59822],[20.15416,45.5976],[20.15725,45.5956]]}},{"type":"Feature","properties":{"kind":"rail"},"geometry":{"type":"LineString","coordinates":[[20.1611,45.59318],[20.16189,45.59269]]}},{"type":"Feature","properties":{"kind":"rail"},"geometry":{"type":"LineString","coordinates":[[20.15725,45.5956],[20.15745,45.59548]]}},{"type":"Feature","properties":{"kind":"rail"},"geometry":{"type":"LineString","coordinates":[[20.15745,45.59548],[20.1611,45.59318]]}},{"type":"Feature","properties":{"kind":"rail"},"geometry":{"type":"LineString","coordinates":[[20.16189,45.59269],[20.17306,45.58559],[20.2505,45.53682],[20.25153,45.53608],[20.25692,45.53159]]}},{"type":"Feature","properties":{"kind":"rail"},"geometry":{"type":"LineString","coordinates":[[21.25322,45.23273],[21.25327,45.23245]]}},{"type":"Feature","properties":{"kind":"rail"},"geometry":{"type":"LineString","coordinates":[[21.25327,45.23245],[21.25556,45.21999],[21.25634,45.21584],[21.25713,45.21211],[21.26051,45.19389]]}},{"type":"Feature","properties":{"kind":"rail"},"geometry":{"type":"LineString","coordinates":[[22.09615,43.40664],[22.09723,43.40663],[22.09831,43.40677],[22.1024,43.40795],[22.10388,43.40816],[22.10854,43.40818],[22.10962,43.40813],[22.11373,43.40748],[22.11629,43.40758],[22.12207,43.40694],[22.12332,43.40696],[22.12372,43.40702],[22.12449,43.40732],[22.12499,43.40765],[22.12541,43.40809],[22.12567,43.40857],[22.1258,43.40914],[22.12578,43.40968],[22.12564,43.41016]]}},{"type":"Feature","properties":{"kind":"rail"},"geometry":{"type":"LineString","coordinates":[[22.096,43.40665],[22.09615,43.40664]]}},{"type":"Feature","properties":{"kind":"rail"},"geometry":{"type":"LineString","coordinates":[[22.12564,43.41016],[22.12557,43.41029]]}},{"type":"Feature","properties":{"kind":"rail"},"geometry":{"type":"LineString","coordinates":[[22.10419,43.4597],[22.10442,43.45999]]}},{"type":"Feature","properties":{"kind":"rail"},"geometry":{"type":"LineString","coordinates":[[22.1047,43.46066],[22.10474,43.461],[22.10462,43.46173],[22.1041,43.46337]]}},{"type":"Feature","properties":{"kind":"rail"},"geometry":{"type":"LineString","coordinates":[[22.0987,43.46887],[22.09818,43.46934],[22.0974,43.4705],[22.09707,43.47115],[22.09705,43.47156]]}},{"type":"Feature","properties":{"kind":"rail"},"geometry":{"type":"LineString","coordinates":[[22.15985,43.51431],[22.15993,43.51479]]}},{"type":"Feature","properties":{"kind":"rail"},"geometry":{"type":"LineString","coordinates":[[22.14219,43.49799],[22.14242,43.49832],[22.14319,43.49909]]}},{"type":"Feature","properties":{"kind":"rail"},"geometry":{"type":"LineString","coordinates":[[22.15866,43.51205],[22.159,43.51236]]}},{"type":"Feature","properties":{"kind":"rail"},"geometry":{"type":"LineString","coordinates":[[22.0982,43.47329],[22.09891,43.47368],[22.09939,43.47429],[22.09962,43.47478]]}},{"type":"Feature","properties":{"kind":"rail"},"geometry":{"type":"LineString","coordinates":[[22.15013,43.50222],[22.15078,43.50218]]}},{"type":"Feature","properties":{"kind":"rail"},"geometry":{"type":"LineString","coordinates":[[22.13789,43.49133],[22.13861,43.49255]]}},{"type":"Feature","properties":{"kind":"rail"},"geometry":{"type":"LineString","coordinates":[[22.16046,43.51579],[22.16078,43.51639],[22.16093,43.517]]}},{"type":"Feature","properties":{"kind":"rail"},"geometry":{"type":"LineString","coordinates":[[22.15546,43.50273],[22.15577,43.50298],[22.15598,43.50328]]}},{"type":"Feature","properties":{"kind":"rail"},"geometry":{"type":"LineString","coordinates":[[22.1592,43.52409],[22.15914,43.52426]]}},{"type":"Feature","properties":{"kind":"rail"},"geometry":{"type":"LineString","coordinates":[[22.14181,43.4974],[22.14192,43.49758]]}},{"type":"Feature","properties":{"kind":"rail"},"geometry":{"type":"LineString","coordinates":[[22.13877,43.4928],[22.13904,43.49322]]}},{"type":"Feature","properties":{"kind":"rail"},"geometry":{"type":"LineString","coordinates":[[22.15889,43.52471],[22.1587,43.52538]]}},{"type":"Feature","properties":{"kind":"rail"},"geometry":{"type":"LineString","coordinates":[[22.15825,43.50934],[22.15827,43.50999]]}},{"type":"Feature","properties":{"kind":"rail"},"geometry":{"type":"LineString","coordinates":[[22.14942,43.50226],[22.15013,43.50222]]}},{"type":"Feature","properties":{"kind":"rail"},"geometry":{"type":"LineString","coordinates":[[22.15078,43.50218],[22.15103,43.50216]]}},{"type":"Feature","properties":{"kind":"rail"},"geometry":{"type":"LineString","coordinates":[[22.10034,43.46738],[22.1001,43.46775]]}},{"type":"Feature","properties":{"kind":"rail"},"geometry":{"type":"LineString","coordinates":[[22.09918,43.46856],[22.0987,43.46887]]}},{"type":"Feature","properties":{"kind":"rail"},"geometry":{"type":"LineString","coordinates":[[22.159,43.51236],[22.15912,43.51249]]}},{"type":"Feature","properties":{"kind":"rail"},"geometry":{"type":"LineString","coordinates":[[22.13147,43.48817],[22.13309,43.48868]]}},{"type":"Feature","properties":{"kind":"rail"},"geometry":{"type":"LineString","coordinates":[[22.14847,43.50221],[22.14942,43.50226]]}},{"type":"Feature","properties":{"kind":"rail"},"geometry":{"type":"LineString","coordinates":[[22.13309,43.48868],[22.13362,43.48886]]}},{"type":"Feature","properties":{"kind":"rail"},"geometry":{"type":"LineString","coordinates":[[22.10226,43.46586],[22.10164,43.46617]]}},{"type":"Feature","properties":{"kind":"rail"},"geometry":{"type":"LineString","coordinates":[[22.15947,43.52312],[22.15941,43.52362]]}},{"type":"Feature","properties":{"kind":"rail"},"geometry":{"type":"LineString","coordinates":[[22.13861,43.49255],[22.13877,43.4928]]}},{"type":"Feature","properties":{"kind":"rail"},"geometry":{"type":"LineString","coordinates":[[22.15827,43.50999],[22.15834,43.51133]]}},{"type":"Feature","properties":{"kind":"rail"},"geometry":{"type":"LineString","coordinates":[[22.14192,43.49758],[22.1421,43.49786]]}},{"type":"Feature","properties":{"kind":"rail"},"geometry":{"type":"LineString","coordinates":[[22.09705,43.47156],[22.09714,43.47212]]}},{"type":"Feature","properties":{"kind":"rail"},"geometry":{"type":"LineString","coordinates":[[22.13916,43.4934],[22.1403,43.49512]]}},{"type":"Feature","properties":{"kind":"rail"},"geometry":{"type":"LineString","coordinates":[[22.11918,43.48882],[22.11983,43.48857]]}},{"type":"Feature","properties":{"kind":"rail"},"geometry":{"type":"LineString","coordinates":[[22.15921,43.52091],[22.15929,43.52132]]}},{"type":"Feature","properties":{"kind":"rail"},"geometry":{"type":"LineString","coordinates":[[22.15912,43.51249],[22.15957,43.51317],[22.15978,43.51401]]}},{"type":"Feature","properties":{"kind":"rail"},"geometry":{"type":"LineString","coordinates":[[22.12856,43.48835],[22.12918,43.48815]]}},{"type":"Feature","properties":{"kind":"rail"},"geometry":{"type":"LineString","coordinates":[[22.1403,43.49512],[22.14079,43.49586]]}},{"type":"Feature","properties":{"kind":"rail"},"geometry":{"type":"LineString","coordinates":[[22.14355,43.49943],[22.14408,43.49989]]}},{"type":"Feature","properties":{"kind":"rail"},"geometry":{"type":"LineString","coordinates":[[22.15716,43.50585],[22.15777,43.50709]]}},{"type":"Feature","properties":{"kind":"rail"},"geometry":{"type":"LineString","coordinates":[[22.1452,43.5009],[22.14581,43.50132]]}},{"type":"Feature","properties":{"kind":"rail"},"geometry":{"type":"LineString","coordinates":[[22.13904,43.49322],[22.13916,43.4934]]}},{"type":"Feature","properties":{"kind":"rail"},"geometry":{"type":"LineString","coordinates":[[22.15844,43.51181],[22.15866,43.51205]]}},{"type":"Feature","properties":{"kind":"rail"},"geometry":{"type":"LineString","coordinates":[[22.15914,43.52426],[22.15889,43.52471]]}},{"type":"Feature","properties":{"kind":"rail"},"geometry":{"type":"LineString","coordinates":[[22.10256,43.46569],[22.10226,43.46586]]}},{"type":"Feature","properties":{"kind":"rail"},"geometry":{"type":"LineString","coordinates":[[22.09769,43.47295],[22.09806,43.47322]]}},{"type":"Feature","properties":{"kind":"rail"},"geometry":{"type":"LineString","coordinates":[[22.15929,43.52132],[22.15933,43.5215]]}},{"type":"Feature","properties":{"kind":"rail"},"geometry":{"type":"LineString","coordinates":[[22.10164,43.46617],[22.10145,43.46628]]}},{"type":"Feature","properties":{"kind":"rail"},"geometry":{"type":"LineString","coordinates":[[22.14079,43.49586],[22.14181,43.4974]]}},{"type":"Feature","properties":{"kind":"rail"},"geometry":{"type":"LineString","coordinates":[[22.1421,43.49786],[22.14219,43.49799]]}},{"type":"Feature","properties":{"kind":"rail"},"geometry":{"type":"LineString","coordinates":[[22.15834,43.51133],[22.15844,43.51181]]}},{"type":"Feature","properties":{"kind":"rail"},"geometry":{"type":"LineString","coordinates":[[22.09734,43.47254],[22.09758,43.47286]]}},{"type":"Feature","properties":{"kind":"rail"},"geometry":{"type":"LineString","coordinates":[[22.15941,43.52362],[22.1592,43.52409]]}},{"type":"Feature","properties":{"kind":"rail"},"geometry":{"type":"LineString","coordinates":[[22.15978,43.51401],[22.15985,43.51431]]}},{"type":"Feature","properties":{"kind":"rail"},"geometry":{"type":"LineString","coordinates":[[22.12918,43.48815],[22.12961,43.48805]]}},{"type":"Feature","properties":{"kind":"rail"},"geometry":{"type":"LineString","coordinates":[[22.09962,43.47478],[22.09971,43.47601],[22.10024,43.47766],[22.10029,43.47801],[22.10029,43.4784],[22.09971,43.47998],[22.09957,43.48067],[22.09959,43.48141],[22.09989,43.48239],[22.10032,43.48311],[22.10106,43.4839],[22.10198,43.48453],[22.10417,43.4857]]}},{"type":"Feature","properties":{"kind":"rail"},"geometry":{"type":"LineString","coordinates":[[22.15929,43.51971],[22.15917,43.52034]]}},{"type":"Feature","properties":{"kind":"rail"},"geometry":{"type":"LineString","coordinates":[[22.15598,43.50328],[22.15686,43.5052]]}},{"type":"Feature","properties":{"kind":"rail"},"geometry":{"type":"LineString","coordinates":[[22.15933,43.5215],[22.15949,43.52239],[22.15947,43.52312]]}},{"type":"Feature","properties":{"kind":"rail"},"geometry":{"type":"LineString","coordinates":[[22.12961,43.48805],[22.13015,43.48795],[22.13049,43.48796],[22.13147,43.48817]]}},{"type":"Feature","properties":{"kind":"rail"},"geometry":{"type":"LineString","coordinates":[[22.16093,43.517],[22.16088,43.51744]]}},{"type":"Feature","properties":{"kind":"rail"},"geometry":{"type":"LineString","coordinates":[[22.14408,43.49989],[22.1452,43.5009]]}},{"type":"Feature","properties":{"kind":"rail"},"geometry":{"type":"LineString","coordinates":[[22.15777,43.50709],[22.15793,43.50749],[22.15825,43.50934]]}},{"type":"Feature","properties":{"kind":"rail"},"geometry":{"type":"LineString","coordinates":[[22.09714,43.47212],[22.09734,43.47254]]}},{"type":"Feature","properties":{"kind":"rail"},"geometry":{"type":"LineString","coordinates":[[22.15103,43.50216],[22.15282,43.50195],[22.15356,43.50197]]}},{"type":"Feature","properties":{"kind":"rail"},"geometry":{"type":"LineString","coordinates":[[22.16088,43.51744],[22.16072,43.51788],[22.15955,43.51924],[22.15929,43.51971]]}},{"type":"Feature","properties":{"kind":"rail"},"geometry":{"type":"LineString","coordinates":[[22.15356,43.50197],[22.15472,43.50231],[22.15546,43.50273]]}},{"type":"Feature","properties":{"kind":"rail"},"geometry":{"type":"LineString","coordinates":[[22.1001,43.46775],[22.09987,43.46805],[22.09918,43.46856]]}},{"type":"Feature","properties":{"kind":"rail"},"geometry":{"type":"LineString","coordinates":[[22.15993,43.51479],[22.16013,43.51528],[22.16046,43.51579]]}},{"type":"Feature","properties":{"kind":"rail"},"geometry":{"type":"LineString","coordinates":[[22.1587,43.52538],[22.15868,43.52586]]}},{"type":"Feature","properties":{"kind":"rail"},"geometry":{"type":"LineString","coordinates":[[22.13362,43.48886],[22.13476,43.48925],[22.13628,43.48988],[22.13692,43.49022],[22.13729,43.49054],[22.13789,43.49133]]}},{"type":"Feature","properties":{"kind":"rail"},"geometry":{"type":"LineString","coordinates":[[22.11983,43.48857],[22.12036,43.48842],[22.1214,43.48836],[22.12327,43.48856],[22.12674,43.48875],[22.12747,43.48868],[22.12856,43.48835]]}},{"type":"Feature","properties":{"kind":"rail"},"geometry":{"type":"LineString","coordinates":[[21.83261,43.32544],[21.83359,43.32696],[21.83396,43.32767]]}},{"type":"Feature","properties":{"kind":"rail"},"geometry":{"type":"LineString","coordinates":[[21.83204,43.32452],[21.83261,43.32544]]}},{"type":"Feature","properties":{"kind":"rail"},"geometry":{"type":"LineString","coordinates":[[21.83571,43.32079],[21.83468,43.32074],[21.83399,43.32083],[21.83297,43.32119],[21.83226,43.32174],[21.83184,43.32229],[21.83168,43.32272],[21.83167,43.32351],[21.83184,43.32418]]}},{"type":"Feature","properties":{"kind":"rail"},"geometry":{"type":"LineString","coordinates":[[20.06509,45.93197],[20.0631,45.9327],[20.0623,45.93313],[20.06186,45.9335],[20.06154,45.93388],[20.06121,45.93464],[20.06106,45.93596],[20.0612,45.93652],[20.06145,45.93698],[20.06201,45.93756],[20.06405,45.93925],[20.06501,45.93984],[20.06641,45.94039],[20.06757,45.94066],[20.06898,45.94078],[20.07055,45.94068],[20.07167,45.94046],[20.07472,45.93937]]}},{"type":"Feature","properties":{"kind":"rail"},"geometry":{"type":"LineString","coordinates":[[21.48612,43.60913],[21.48642,43.60791],[21.48665,43.60735],[21.48699,43.60675],[21.48755,43.60605],[21.48815,43.60552],[21.48917,43.60484],[21.49102,43.60397],[21.49413,43.6027],[21.49525,43.60235],[21.49625,43.60216],[21.49717,43.60208],[21.49992,43.60201],[21.50163,43.60205],[21.50243,43.60214],[21.50323,43.60226],[21.50445,43.60258]]}},{"type":"Feature","properties":{"kind":"rail"},"geometry":{"type":"LineString","coordinates":[[21.48762,43.62341],[21.48844,43.62211]]}},{"type":"Feature","properties":{"kind":"rail"},"geometry":{"type":"LineString","coordinates":[[21.41225,43.67179],[21.41273,43.67016],[21.41296,43.66787],[21.41323,43.66696],[21.41692,43.65752],[21.41733,43.65673],[21.41772,43.6562],[21.41822,43.65567],[21.42045,43.654],[21.42115,43.65366],[21.42192,43.65345],[21.42286,43.65337],[21.42519,43.65369],[21.42659,43.65372],[21.42997,43.65319],[21.43221,43.65315],[21.43334,43.65288]]}},{"type":"Feature","properties":{"kind":"rail"},"geometry":{"type":"LineString","coordinates":[[21.77121,43.39468],[21.76938,43.39513]]}},{"type":"Feature","properties":{"kind":"rail"},"geometry":{"type":"LineString","coordinates":[[20.44441,44.74853],[20.44246,44.74554],[20.44196,44.745],[20.44138,44.74452],[20.44072,44.74411],[20.43885,44.74311]]}},{"type":"Feature","properties":{"kind":"rail"},"geometry":{"type":"LineString","coordinates":[[22.07566,42.88374],[22.06664,42.88732],[22.06576,42.88772],[22.06493,42.88826],[22.06409,42.88908],[22.06379,42.8895],[22.06349,42.89011],[22.06329,42.89075]]}},{"type":"Feature","properties":{"kind":"rail"},"geometry":{"type":"LineString","coordinates":[[22.12261,42.85528],[22.12175,42.85563],[22.12101,42.85608],[22.1208,42.85625],[22.12038,42.85682],[22.12023,42.85731],[22.1197,42.86068],[22.11954,42.86135],[22.11892,42.86247],[22.11847,42.86295]]}},{"type":"Feature","properties":{"kind":"rail"},"geometry":{"type":"LineString","coordinates":[[22.11,42.86687],[22.10898,42.86733],[22.10794,42.86793],[22.10689,42.86886],[22.10608,42.86941],[22.10401,42.87103],[22.10292,42.87169],[22.1015,42.87235],[22.10019,42.87259],[22.09484,42.87228],[22.09374,42.87232],[22.09307,42.87241],[22.09193,42.8728],[22.0905,42.87347],[22.08976,42.87392],[22.08799,42.87556],[22.0863,42.87694]]}},{"type":"Feature","properties":{"kind":"rail"},"geometry":{"type":"LineString","coordinates":[[22.0863,42.87694],[22.08556,42.87754]]}},{"type":"Feature","properties":{"kind":"rail"},"geometry":{"type":"LineString","coordinates":[[22.12341,42.85498],[22.12261,42.85528]]}},{"type":"Feature","properties":{"kind":"rail"},"geometry":{"type":"LineString","coordinates":[[22.05851,42.73458],[22.05817,42.73519]]}},{"type":"Feature","properties":{"kind":"rail"},"geometry":{"type":"LineString","coordinates":[[22.11185,42.866],[22.11,42.86687]]}},{"type":"Feature","properties":{"kind":"rail"},"geometry":{"type":"LineString","coordinates":[[22.06466,42.71755],[22.06294,42.71926],[22.06132,42.72034]]}},{"type":"Feature","properties":{"kind":"rail"},"geometry":{"type":"LineString","coordinates":[[22.06132,42.72034],[22.06034,42.72109],[22.05994,42.72151],[22.05957,42.72214],[22.05931,42.72302],[22.05932,42.72383],[22.05941,42.72423],[22.05972,42.72495],[22.06016,42.72554],[22.06064,42.72601],[22.06299,42.72746],[22.06359,42.72796],[22.06408,42.72858],[22.06421,42.72885],[22.06445,42.72978],[22.06443,42.73011],[22.06426,42.73072],[22.0641,42.73103],[22.06372,42.73156],[22.06319,42.73206],[22.06214,42.73266],[22.06047,42.7331],[22.05969,42.73344],[22.05901,42.73393],[22.05851,42.73458]]}},{"type":"Feature","properties":{"kind":"rail"},"geometry":{"type":"LineString","coordinates":[[22.12986,43.33548],[22.12907,43.33564]]}},{"type":"Feature","properties":{"kind":"rail"},"geometry":{"type":"LineString","coordinates":[[22.17627,43.31392],[22.17629,43.31464],[22.17607,43.31535]]}},{"type":"Feature","properties":{"kind":"rail"},"geometry":{"type":"LineString","coordinates":[[22.18046,43.30873],[22.17979,43.30945],[22.17873,43.31021],[22.17805,43.31082]]}},{"type":"Feature","properties":{"kind":"rail"},"geometry":{"type":"LineString","coordinates":[[22.1721,43.31986],[22.17193,43.32018]]}},{"type":"Feature","properties":{"kind":"rail"},"geometry":{"type":"LineString","coordinates":[[22.17193,43.32018],[22.17164,43.32059],[22.17125,43.32097],[22.17094,43.32117],[22.16938,43.3217]]}},{"type":"Feature","properties":{"kind":"rail"},"geometry":{"type":"LineString","coordinates":[[22.17805,43.31082],[22.17785,43.31102]]}},{"type":"Feature","properties":{"kind":"rail"},"geometry":{"type":"LineString","coordinates":[[22.17607,43.31535],[22.17553,43.31607],[22.17496,43.31659],[22.17365,43.31745],[22.17326,43.31777],[22.17287,43.31829],[22.1721,43.31986]]}},{"type":"Feature","properties":{"kind":"rail"},"geometry":{"type":"LineString","coordinates":[[22.12907,43.33564],[22.12745,43.33595],[22.12667,43.33602]]}},{"type":"Feature","properties":{"kind":"rail"},"geometry":{"type":"LineString","coordinates":[[20.4633,44.7909],[20.46382,44.79122]]}},{"type":"Feature","properties":{"kind":"rail"},"geometry":{"type":"LineString","coordinates":[[20.46195,44.79134],[20.46072,44.79129],[20.45932,44.79144],[20.45833,44.79174],[20.4573,44.79216]]}},{"type":"Feature","properties":{"kind":"rail"},"geometry":{"type":"LineString","coordinates":[[20.49018,44.81917],[20.48978,44.81749],[20.48953,44.81607],[20.4892,44.81492],[20.48866,44.81372],[20.48782,44.8124],[20.48658,44.81118],[20.47746,44.8052]]}},{"type":"Feature","properties":{"kind":"rail"},"geometry":{"type":"LineString","coordinates":[[20.45554,44.79269],[20.45711,44.79199]]}},{"type":"Feature","properties":{"kind":"rail"},"geometry":{"type":"LineString","coordinates":[[20.95368,44.67124],[20.95358,44.67112]]}},{"type":"Feature","properties":{"kind":"rail"},"geometry":{"type":"LineString","coordinates":[[20.95358,44.67112],[20.94322,44.65985]]}},{"type":"Feature","properties":{"kind":"rail"},"geometry":{"type":"LineString","coordinates":[[21.21911,44.64634],[21.2212,44.6462]]}},{"type":"Feature","properties":{"kind":"rail"},"geometry":{"type":"LineString","coordinates":[[21.2212,44.6462],[21.22297,44.64614],[21.22402,44.64621],[21.22505,44.64636],[21.24197,44.65017]]}},{"type":"Feature","properties":{"kind":"rail"},"geometry":{"type":"LineString","coordinates":[[22.52996,44.67732],[22.5298,44.67739]]}},{"type":"Feature","properties":{"kind":"rail"},"geometry":{"type":"LineString","coordinates":[[22.53154,44.67654],[22.52996,44.67732]]}},{"type":"Feature","properties":{"kind":"rail"},"geometry":{"type":"LineString","coordinates":[[19.61539,44.77924],[19.68787,44.76591]]}},{"type":"Feature","properties":{"kind":"rail"},"geometry":{"type":"LineString","coordinates":[[22.12256,43.3351],[22.12243,43.33504]]}},{"type":"Feature","properties":{"kind":"rail"},"geometry":{"type":"LineString","coordinates":[[22.12243,43.33504],[22.11881,43.33339],[22.1178,43.33282],[22.11734,43.33239],[22.11655,43.33116]]}},{"type":"Feature","properties":{"kind":"rail"},"geometry":{"type":"LineString","coordinates":[[19.62806,43.41005],[19.62794,43.41279],[19.62749,43.41433],[19.62746,43.41511]]}},{"type":"Feature","properties":{"kind":"rail"},"geometry":{"type":"LineString","coordinates":[[19.62956,43.41792],[19.62996,43.41829],[19.63033,43.41879],[19.63052,43.4193],[19.63063,43.42017],[19.63052,43.4207],[19.63029,43.42124],[19.63007,43.42157],[19.6296,43.42206],[19.62797,43.42348],[19.62764,43.4239],[19.62725,43.42459],[19.62701,43.42554],[19.62696,43.42677],[19.62664,43.4284],[19.6266,43.42889],[19.62669,43.42956]]}},{"type":"Feature","properties":{"kind":"rail"},"geometry":{"type":"LineString","coordinates":[[20.91967,43.64074],[20.91658,43.64142],[20.90295,43.64528]]}},{"type":"Feature","properties":{"kind":"rail"},"geometry":{"type":"LineString","coordinates":[[20.93075,43.63757],[20.93046,43.63767]]}},{"type":"Feature","properties":{"kind":"rail"},"geometry":{"type":"LineString","coordinates":[[20.41369,44.80885],[20.41048,44.81031]]}},{"type":"Feature","properties":{"kind":"rail"},"geometry":{"type":"LineString","coordinates":[[20.41364,44.8088],[20.41869,44.80649]]}},{"type":"Feature","properties":{"kind":"rail"},"geometry":{"type":"LineString","coordinates":[[20.41874,44.80654],[20.41369,44.80885]]}},{"type":"Feature","properties":{"kind":"rail"},"geometry":{"type":"LineString","coordinates":[[22.31141,43.22229],[22.3111,43.22232]]}},{"type":"Feature","properties":{"kind":"rail"},"geometry":{"type":"LineString","coordinates":[[22.3111,43.22232],[22.30077,43.22329],[22.2992,43.22361],[22.29775,43.22418],[22.29475,43.22561],[22.29391,43.22593],[22.29008,43.22701],[22.28892,43.22745],[22.27292,43.23481],[22.2713,43.23572],[22.26832,43.23802],[22.26679,43.23928],[22.26634,43.23974],[22.26601,43.24018],[22.26574,43.24068],[22.26554,43.24127],[22.26545,43.2423],[22.2655,43.24276],[22.26579,43.24379],[22.26584,43.24466],[22.2657,43.24581],[22.2655,43.2467],[22.26489,43.24838],[22.26309,43.25258],[22.26188,43.25487],[22.26122,43.25822],[22.26102,43.25874],[22.26037,43.25982],[22.25996,43.26035],[22.25939,43.26087],[22.25844,43.26159],[22.25111,43.26534]]}},{"type":"Feature","properties":{"kind":"rail"},"geometry":{"type":"LineString","coordinates":[[20.74292,43.72251],[20.74159,43.72385]]}},{"type":"Feature","properties":{"kind":"rail"},"geometry":{"type":"LineString","coordinates":[[20.74159,43.72385],[20.74029,43.72504]]}},{"type":"Feature","properties":{"kind":"rail"},"geometry":{"type":"LineString","coordinates":[[20.90278,43.64533],[20.88581,43.65009],[20.88204,43.65155],[20.88095,43.65181],[20.87846,43.65213]]}},{"type":"Feature","properties":{"kind":"rail"},"geometry":{"type":"LineString","coordinates":[[21.34448,43.58901],[21.34364,43.58938]]}},{"type":"Feature","properties":{"kind":"rail"},"geometry":{"type":"LineString","coordinates":[[20.87846,43.65213],[20.87826,43.65216]]}},{"type":"Feature","properties":{"kind":"rail"},"geometry":{"type":"LineString","coordinates":[[20.90295,43.64528],[20.90278,43.64533]]}},{"type":"Feature","properties":{"kind":"rail"},"geometry":{"type":"LineString","coordinates":[[21.40937,43.67666],[21.40866,43.6765]]}},{"type":"Feature","properties":{"kind":"rail"},"geometry":{"type":"LineString","coordinates":[[21.34364,43.58938],[21.3426,43.58998],[21.34016,43.59204],[21.33938,43.59241],[21.33847,43.59258],[21.33752,43.59254],[21.33653,43.59226],[21.33599,43.59196],[21.33474,43.59086],[21.33345,43.59006]]}},{"type":"Feature","properties":{"kind":"rail"},"geometry":{"type":"LineString","coordinates":[[21.02286,43.61156],[21.01745,43.6137],[21.01594,43.61409],[21.01476,43.61419],[21.00443,43.61408],[20.99687,43.61503],[20.99073,43.61615],[20.9843,43.61694],[20.98305,43.61726],[20.98203,43.61771],[20.97977,43.61918],[20.97896,43.61987]]}},{"type":"Feature","properties":{"kind":"rail"},"geometry":{"type":"LineString","coordinates":[[20.87826,43.65216],[20.87751,43.65232],[20.86199,43.65658],[20.85708,43.65773],[20.85611,43.65804],[20.85536,43.65839],[20.85481,43.65873],[20.85184,43.66125],[20.85082,43.66221],[20.8487,43.66454],[20.84807,43.665],[20.8442,43.6673]]}},{"type":"Feature","properties":{"kind":"rail"},"geometry":{"type":"LineString","coordinates":[[20.76433,43.85586],[20.76493,43.85551]]}},{"type":"Feature","properties":{"kind":"rail"},"geometry":{"type":"LineString","coordinates":[[20.76493,43.85551],[20.76809,43.85364],[20.76903,43.853],[20.76957,43.85256],[20.77058,43.85145],[20.77101,43.85078],[20.77218,43.8484],[20.77237,43.84796],[20.77246,43.84724],[20.77238,43.84682],[20.7722,43.8464],[20.7719,43.84598],[20.77085,43.84498],[20.77039,43.84434],[20.77018,43.84362],[20.77018,43.84316],[20.7703,43.84271],[20.77057,43.8422],[20.77089,43.84183],[20.77271,43.84036],[20.77336,43.83964],[20.77385,43.83874],[20.77574,43.83482],[20.77622,43.83414],[20.77696,43.83356],[20.7774,43.83335],[20.77836,43.83306],[20.78033,43.83267],[20.78111,43.83232],[20.78177,43.83181],[20.78207,43.83144],[20.7824,43.83074],[20.78245,43.83003],[20.78228,43.82865]]}},{"type":"Feature","properties":{"kind":"rail"},"geometry":{"type":"LineString","coordinates":[[20.8442,43.6673],[20.84402,43.66741]]}},{"type":"Feature","properties":{"kind":"rail"},"geometry":{"type":"LineString","coordinates":[[20.84402,43.66741],[20.8424,43.66842],[20.83874,43.67053],[20.82762,43.67508],[20.82333,43.67739],[20.82221,43.6779],[20.82019,43.67861],[20.8196,43.67888],[20.817,43.68049],[20.81308,43.68249],[20.81244,43.68276],[20.81119,43.68311],[20.80252,43.68451],[20.79578,43.68504],[20.79442,43.68536],[20.78904,43.68704],[20.78812,43.68747],[20.78722,43.6881],[20.7803,43.69397]]}},{"type":"Feature","properties":{"kind":"rail"},"geometry":{"type":"LineString","coordinates":[[19.57002,45.33573],[19.57039,45.33551]]}},{"type":"Feature","properties":{"kind":"rail"},"geometry":{"type":"LineString","coordinates":[[19.57039,45.33551],[19.60149,45.31804],[19.646,45.29289],[19.658,45.28594],[19.66971,45.27893],[19.67106,45.27796],[19.68115,45.26887],[19.69269,45.25863],[19.6956,45.25593],[19.69627,45.25544],[19.69725,45.25504]]}},{"type":"Feature","properties":{"kind":"rail"},"geometry":{"type":"LineString","coordinates":[[19.91789,43.99756],[19.91785,43.99745]]}},{"type":"Feature","properties":{"kind":"rail"},"geometry":{"type":"LineString","coordinates":[[19.91785,43.99745],[19.91741,43.99624],[19.9173,43.9956]]}},{"type":"Feature","properties":{"kind":"rail"},"geometry":{"type":"LineString","coordinates":[[20.92367,44.00733],[20.92259,44.00677],[20.92207,44.00659],[20.92133,44.00645],[20.92047,44.00642],[20.91959,44.00656],[20.91871,44.00684],[20.91655,44.00798],[20.91568,44.00828],[20.91416,44.00848],[20.91321,44.00844],[20.91255,44.00833]]}},{"type":"Feature","properties":{"kind":"rail"},"geometry":{"type":"LineString","coordinates":[[21.36056,44.66023],[21.36299,44.65387],[21.36355,44.65302]]}},{"type":"Feature","properties":{"kind":"rail"},"geometry":{"type":"LineString","coordinates":[[21.36355,44.65302],[21.36464,44.65215],[21.36602,44.65143],[21.37664,44.64665],[21.37904,44.6453],[21.38346,44.64218],[21.38483,44.64076],[21.38544,44.6403],[21.38616,44.63991],[21.38697,44.63958],[21.38871,44.63916],[21.39363,44.63828],[21.39875,44.63681],[21.39956,44.63651],[21.40032,44.63614],[21.40286,44.63469],[21.4043,44.63427],[21.40905,44.63358],[21.41078,44.63355],[21.41191,44.63367],[21.41305,44.63369],[21.41453,44.63349],[21.41789,44.6327],[21.41878,44.63235],[21.42305,44.6299]]}},{"type":"Feature","properties":{"kind":"rail"},"geometry":{"type":"LineString","coordinates":[[21.24865,43.98973],[21.24905,43.98953]]}},{"type":"Feature","properties":{"kind":"rail"},"geometry":{"type":"LineString","coordinates":[[21.26338,43.98229],[21.27199,43.97784]]}},{"type":"Feature","properties":{"kind":"rail"},"geometry":{"type":"LineString","coordinates":[[20.92468,44.00791],[20.92511,44.00812]]}},{"type":"Feature","properties":{"kind":"rail"},"geometry":{"type":"LineString","coordinates":[[20.93286,44.01445],[20.93176,44.0125],[20.93145,44.01208],[20.93085,44.0115],[20.92511,44.00812]]}},{"type":"Feature","properties":{"kind":"rail"},"geometry":{"type":"LineString","coordinates":[[19.5116,43.63354],[19.51056,43.63368],[19.5099,43.63387],[19.50929,43.63415]]}},{"type":"Feature","properties":{"kind":"rail"},"geometry":{"type":"LineString","coordinates":[[19.51495,43.70092],[19.51694,43.70093]]}},{"type":"Feature","properties":{"kind":"rail"},"geometry":{"type":"LineString","coordinates":[[19.86571,45.25939],[19.87731,45.25545],[19.87792,45.25516],[19.87888,45.25445],[19.87927,45.25402],[19.87968,45.25341]]}},{"type":"Feature","properties":{"kind":"rail"},"geometry":{"type":"LineString","coordinates":[[19.86532,45.25952],[19.86571,45.25939]]}},{"type":"Feature","properties":{"kind":"rail"},"geometry":{"type":"LineString","coordinates":[[21.8879,43.32718],[21.88792,43.32709]]}},{"type":"Feature","properties":{"kind":"rail"},"geometry":{"type":"LineString","coordinates":[[21.88792,43.32709],[21.88812,43.32652],[21.88833,43.32538],[21.88829,43.3243],[21.88817,43.32369]]}},{"type":"Feature","properties":{"kind":"rail"},"geometry":{"type":"LineString","coordinates":[[21.83128,44.47284],[21.83045,44.47334],[21.82944,44.47383],[21.82867,44.4744],[21.82802,44.47509],[21.82777,44.47552],[21.82737,44.4766]]}},{"type":"Feature","properties":{"kind":"rail"},"geometry":{"type":"LineString","coordinates":[[21.83241,44.47132],[21.83212,44.47196],[21.83189,44.47229],[21.83128,44.47284]]}},{"type":"Feature","properties":{"kind":"rail"},"geometry":{"type":"LineString","coordinates":[[21.82459,44.48032],[21.82404,44.48113]]}},{"type":"Feature","properties":{"kind":"rail"},"geometry":{"type":"LineString","coordinates":[[21.82737,44.4766],[21.82707,44.47713],[21.82459,44.48032]]}},{"type":"Feature","properties":{"kind":"rail"},"geometry":{"type":"LineString","coordinates":[[21.84933,44.45846],[21.84601,44.45799],[21.84446,44.45805],[21.84342,44.45834],[21.84286,44.45857],[21.84062,44.45964],[21.8396,44.4603],[21.83924,44.46061],[21.8388,44.46112],[21.83575,44.46538],[21.83506,44.46604],[21.83356,44.46716],[21.83318,44.46754],[21.83288,44.468],[21.83269,44.46844],[21.83259,44.46888],[21.83258,44.47069]]}},{"type":"Feature","properties":{"kind":"rail"},"geometry":{"type":"LineString","coordinates":[[21.8033,44.48534],[21.80238,44.48501],[21.80182,44.48493],[21.80122,44.4849],[21.80022,44.48509]]}},{"type":"Feature","properties":{"kind":"rail"},"geometry":{"type":"LineString","coordinates":[[21.85641,44.43911],[21.85658,44.44414],[21.85667,44.44449],[21.857,44.44506]]}},{"type":"Feature","properties":{"kind":"rail"},"geometry":{"type":"LineString","coordinates":[[21.79926,44.48541],[21.79839,44.48571],[21.79715,44.486],[21.79562,44.48612],[21.79138,44.48602],[21.78824,44.48569],[21.78582,44.48524],[21.76379,44.48047]]}},{"type":"Feature","properties":{"kind":"rail"},"geometry":{"type":"LineString","coordinates":[[21.86213,44.4104],[21.86045,44.4105],[21.85972,44.41068],[21.8556,44.41253],[21.85505,44.41285],[21.85448,44.41332],[21.85302,44.41475],[21.85256,44.41535],[21.85238,44.41578],[21.85231,44.41616],[21.8523,44.41711],[21.85215,44.41822],[21.85182,44.41967],[21.8518,44.42083]]}},{"type":"Feature","properties":{"kind":"rail"},"geometry":{"type":"LineString","coordinates":[[21.8518,44.42083],[21.85144,44.42709],[21.85168,44.42921]]}},{"type":"Feature","properties":{"kind":"rail"},"geometry":{"type":"LineString","coordinates":[[21.8728,44.41013],[21.8718,44.41039],[21.87064,44.41054],[21.86213,44.4104]]}},{"type":"Feature","properties":{"kind":"rail"},"geometry":{"type":"LineString","coordinates":[[21.85168,44.42921],[21.85182,44.42963],[21.85197,44.43049],[21.85257,44.43202],[21.85281,44.43248],[21.85346,44.43338],[21.85588,44.43596],[21.85611,44.43629],[21.85642,44.43707],[21.85643,44.4385]]}},{"type":"Feature","properties":{"kind":"rail"},"geometry":{"type":"LineString","coordinates":[[20.51029,44.85258],[20.51021,44.8525]]}},{"type":"Feature","properties":{"kind":"rail"},"geometry":{"type":"LineString","coordinates":[[20.5179,44.85973],[20.51029,44.85258]]}},{"type":"Feature","properties":{"kind":"rail"},"geometry":{"type":"LineString","coordinates":[[20.47919,44.66007],[20.47901,44.65995]]}},{"type":"Feature","properties":{"kind":"rail"},"geometry":{"type":"LineString","coordinates":[[20.46127,44.69285],[20.46166,44.69207]]}},{"type":"Feature","properties":{"kind":"rail"},"geometry":{"type":"LineString","coordinates":[[20.46278,44.69094],[20.46601,44.68903],[20.46653,44.6886],[20.46684,44.6882],[20.46713,44.68762],[20.46721,44.68697],[20.46724,44.68409],[20.46756,44.68319],[20.46792,44.68277],[20.46838,44.68239],[20.46942,44.68189],[20.46998,44.68174],[20.4739,44.68097],[20.47457,44.68077],[20.47529,44.68047],[20.47715,44.67952],[20.47779,44.67931],[20.47845,44.67917],[20.48076,44.67907],[20.48141,44.67899],[20.48397,44.67829],[20.48521,44.67787]]}},{"type":"Feature","properties":{"kind":"rail"},"geometry":{"type":"LineString","coordinates":[[20.47752,44.65887],[20.47497,44.65706],[20.4743,44.65672],[20.46834,44.65421],[20.46749,44.65372],[20.46684,44.65313]]}},{"type":"Feature","properties":{"kind":"rail"},"geometry":{"type":"LineString","coordinates":[[20.28866,44.48325],[20.28426,44.47264]]}},{"type":"Feature","properties":{"kind":"rail"},"geometry":{"type":"LineString","coordinates":[[20.27985,44.45411],[20.27889,44.4399],[20.27924,44.43321],[20.2793,44.43101],[20.27919,44.4303],[20.27707,44.42134],[20.27652,44.41987],[20.2755,44.41788],[20.27483,44.41672]]}},{"type":"Feature","properties":{"kind":"rail"},"geometry":{"type":"LineString","coordinates":[[20.2747,44.41651],[20.2741,44.41576],[20.27347,44.41512],[20.27283,44.41457],[20.27145,44.41357],[20.25353,44.40129],[20.25248,44.40044],[20.25195,44.39982],[20.25134,44.39894]]}},{"type":"Feature","properties":{"kind":"rail"},"geometry":{"type":"LineString","coordinates":[[20.28426,44.47264],[20.28415,44.47239]]}},{"type":"Feature","properties":{"kind":"rail"},"geometry":{"type":"LineString","coordinates":[[20.28876,44.48351],[20.28866,44.48325]]}},{"type":"Feature","properties":{"kind":"rail"},"geometry":{"type":"LineString","coordinates":[[20.29298,44.49443],[20.29271,44.49418]]}},{"type":"Feature","properties":{"kind":"rail"},"geometry":{"type":"LineString","coordinates":[[20.29088,44.48989],[20.28992,44.48669],[20.28876,44.48351]]}},{"type":"Feature","properties":{"kind":"rail"},"geometry":{"type":"LineString","coordinates":[[20.27483,44.41672],[20.2747,44.41651]]}},{"type":"Feature","properties":{"kind":"rail"},"geometry":{"type":"LineString","coordinates":[[20.28408,44.47239],[20.28324,44.47023],[20.28285,44.46896],[20.28186,44.46408],[20.28157,44.46203],[20.28136,44.46107],[20.2811,44.46041],[20.28037,44.45894],[20.28013,44.45824],[20.27998,44.45713],[20.27987,44.45529],[20.27989,44.45467]]}},{"type":"Feature","properties":{"kind":"rail"},"geometry":{"type":"LineString","coordinates":[[20.28408,44.47239],[20.2842,44.47264]]}},{"type":"Feature","properties":{"kind":"rail"},"geometry":{"type":"LineString","coordinates":[[20.2842,44.47264],[20.28633,44.47776],[20.28647,44.47838],[20.28649,44.47894],[20.28627,44.47995],[20.28609,44.48034],[20.28556,44.4811],[20.28513,44.48155],[20.28425,44.48222],[20.27249,44.49013],[20.27093,44.49145],[20.27031,44.49207],[20.26944,44.49301],[20.26739,44.49559],[20.26691,44.49614],[20.26641,44.49659],[20.26584,44.49698],[20.26494,44.49744],[20.26409,44.49772],[20.26202,44.4981]]}},{"type":"Feature","properties":{"kind":"rail"},"geometry":{"type":"LineString","coordinates":[[20.22687,44.50092],[20.24326,44.50104],[20.24763,44.50127],[20.25161,44.50124],[20.25235,44.50114],[20.25386,44.5007],[20.25453,44.50042],[20.25646,44.4993],[20.25783,44.49876],[20.25859,44.49858],[20.26038,44.49833]]}},{"type":"Feature","properties":{"kind":"rail"},"geometry":{"type":"LineString","coordinates":[[20.153,44.60326],[20.1537,44.6042],[20.15424,44.60508],[20.15468,44.60595],[20.15507,44.6072],[20.15522,44.60879],[20.15518,44.60955],[20.15507,44.61007],[20.15479,44.6107],[20.15432,44.61126],[20.15398,44.61155],[20.15319,44.61201],[20.15198,44.6124],[20.15059,44.61251],[20.1499,44.61245],[20.1456,44.61162],[20.14354,44.61144],[20.14138,44.6115],[20.12931,44.61313],[20.12805,44.61334],[20.12715,44.61355],[20.12634,44.61382],[20.12457,44.61462],[20.12393,44.61503],[20.12271,44.61603],[20.1223,44.61648],[20.12173,44.61723],[20.11881,44.62209],[20.11798,44.62321],[20.11731,44.62392],[20.11614,44.62501],[20.11532,44.62565],[20.11401,44.62653],[20.11179,44.62769],[20.10475,44.6306],[20.10212,44.63178],[20.09391,44.63601],[20.09158,44.63694],[20.09035,44.63731],[20.08667,44.63813],[20.0704,44.64147]]}},{"type":"Feature","properties":{"kind":"rail"},"geometry":{"type":"LineString","coordinates":[[20.22687,44.50092],[20.22655,44.50092]]}},{"type":"Feature","properties":{"kind":"rail"},"geometry":{"type":"LineString","coordinates":[[20.15382,44.60431],[20.1503,44.59905],[20.1499,44.59817],[20.1495,44.59694],[20.14938,44.59576],[20.14947,44.59496],[20.15154,44.5857],[20.15203,44.58326],[20.1525,44.58175],[20.15308,44.58053],[20.15402,44.5791],[20.15684,44.57546],[20.1573,44.5747],[20.15888,44.5715],[20.15931,44.57078],[20.16075,44.56943],[20.16779,44.56344],[20.18657,44.54674]]}},{"type":"Feature","properties":{"kind":"rail"},"geometry":{"type":"LineString","coordinates":[[20.22655,44.50092],[20.22496,44.501],[20.22283,44.50133],[20.22173,44.50162],[20.21987,44.5023],[20.21888,44.50278],[20.2181,44.50324],[20.2173,44.5038],[20.21151,44.5083],[20.21103,44.50873],[20.2103,44.50954],[20.20964,44.51045],[20.20864,44.51227]]}},{"type":"Feature","properties":{"kind":"rail"},"geometry":{"type":"LineString","coordinates":[[20.22685,44.50108],[20.24599,44.50121]]}},{"type":"Feature","properties":{"kind":"rail"},"geometry":{"type":"LineString","coordinates":[[20.18935,44.54417],[20.18969,44.54379]]}},{"type":"Feature","properties":{"kind":"rail"},"geometry":{"type":"LineString","coordinates":[[20.18969,44.54379],[20.19927,44.53346],[20.20041,44.53205],[20.20107,44.53096],[20.20342,44.52663],[20.20384,44.52564],[20.20451,44.52355]]}},{"type":"Feature","properties":{"kind":"rail"},"geometry":{"type":"LineString","coordinates":[[20.22654,44.50108],[20.22685,44.50108]]}},{"type":"Feature","properties":{"kind":"rail"},"geometry":{"type":"LineString","coordinates":[[20.18961,44.54374],[20.18925,44.54413]]}},{"type":"Feature","properties":{"kind":"rail"},"geometry":{"type":"LineString","coordinates":[[20.18652,44.54671],[20.16706,44.564],[20.16032,44.56972],[20.15932,44.57069],[20.15898,44.57121],[20.15701,44.57508],[20.15653,44.57579],[20.15389,44.57918],[20.15303,44.58053],[20.15233,44.58199],[20.15184,44.58393],[20.14977,44.59327],[20.14936,44.59536],[20.14935,44.59622],[20.14948,44.59708],[20.14986,44.59823],[20.15018,44.59895],[20.15148,44.60095],[20.15432,44.60507],[20.15476,44.60591],[20.15503,44.60662],[20.15521,44.60743],[20.15528,44.6082],[20.15536,44.61599]]}},{"type":"Feature","properties":{"kind":"rail"},"geometry":{"type":"LineString","coordinates":[[20.26038,44.49833],[20.26202,44.4981]]}},{"type":"Feature","properties":{"kind":"rail"},"geometry":{"type":"LineString","coordinates":[[20.25138,44.38967],[20.2513,44.38941]]}},{"type":"Feature","properties":{"kind":"rail"},"geometry":{"type":"LineString","coordinates":[[20.23168,44.37731],[20.22549,44.37656],[20.22462,44.37633],[20.22378,44.37602],[20.22305,44.37564],[20.22243,44.37519],[20.22179,44.37459],[20.22038,44.37305],[20.21952,44.37225],[20.21872,44.3717],[20.21781,44.3713],[20.21677,44.371],[20.21449,44.37057],[20.21266,44.37041],[20.20247,44.37094]]}},{"type":"Feature","properties":{"kind":"rail"},"geometry":{"type":"LineString","coordinates":[[20.2002,44.37107],[20.19889,44.37114]]}},{"type":"Feature","properties":{"kind":"rail"},"geometry":{"type":"LineString","coordinates":[[20.19889,44.37114],[20.19632,44.37128]]}},{"type":"Feature","properties":{"kind":"rail"},"geometry":{"type":"LineString","coordinates":[[20.087,44.34147],[20.08628,44.34127],[20.08493,44.34108],[20.0821,44.34099],[20.08101,44.34087],[20.07986,44.34057],[20.07887,44.34015],[20.07823,44.3398],[20.07534,44.33795],[20.07429,44.33718],[20.07346,44.33629],[20.07016,44.33231],[20.0697,44.33165],[20.0694,44.33105],[20.06919,44.33011],[20.06919,44.32953],[20.06946,44.32851],[20.07008,44.3273],[20.07034,44.32666],[20.0705,44.32579],[20.07047,44.32521],[20.06908,44.31842],[20.06889,44.31774],[20.06859,44.31706],[20.06811,44.31636],[20.06712,44.31538],[20.06446,44.31335],[20.05938,44.31027],[20.05048,44.30616],[20.04291,44.30366],[20.04154,44.30331],[20.03874,44.30274],[20.03792,44.30248]]}},{"type":"Feature","properties":{"kind":"rail"},"geometry":{"type":"LineString","coordinates":[[20.19632,44.37128],[20.19614,44.37129]]}},{"type":"Feature","properties":{"kind":"rail"},"geometry":{"type":"LineString","coordinates":[[19.92066,44.00449],[19.91801,43.99786]]}},{"type":"Feature","properties":{"kind":"rail"},"geometry":{"type":"LineString","coordinates":[[19.95184,43.97652],[19.95192,43.97646]]}},{"type":"Feature","properties":{"kind":"rail"},"geometry":{"type":"LineString","coordinates":[[19.95192,43.97646],[19.95273,43.97578],[19.95305,43.9754],[19.95349,43.97472],[19.95377,43.97402],[19.95389,43.973],[19.95373,43.97103],[19.95378,43.97041]]}},{"type":"Feature","properties":{"kind":"rail"},"geometry":{"type":"LineString","coordinates":[[19.99031,43.92371],[19.99119,43.9192],[19.99161,43.91817],[19.99281,43.91605],[19.99317,43.91558],[19.99361,43.91512],[19.9942,43.91466],[19.99919,43.91153],[19.99975,43.91114],[20.00054,43.91043]]}},{"type":"Feature","properties":{"kind":"rail"},"geometry":{"type":"LineString","coordinates":[[19.98623,43.9453],[19.98621,43.9447]]}},{"type":"Feature","properties":{"kind":"rail"},"geometry":{"type":"LineString","coordinates":[[19.99766,43.89004],[19.99777,43.88991]]}},{"type":"Feature","properties":{"kind":"rail"},"geometry":{"type":"LineString","coordinates":[[20.00178,43.90859],[20.00209,43.90743],[20.00209,43.9063],[20.00197,43.90568],[20.00157,43.90462],[20.00039,43.90251]]}},{"type":"Feature","properties":{"kind":"rail"},"geometry":{"type":"LineString","coordinates":[[20.00161,43.90894],[20.00178,43.90859]]}},{"type":"Feature","properties":{"kind":"rail"},"geometry":{"type":"LineString","coordinates":[[19.99777,43.88991],[19.9987,43.88878],[19.99936,43.88765],[19.99975,43.88665],[20.00003,43.88516],[20.00004,43.88443],[19.99997,43.88375],[19.99929,43.88026],[19.99925,43.87939],[19.99938,43.87834]]}},{"type":"Feature","properties":{"kind":"rail"},"geometry":{"type":"LineString","coordinates":[[20.01663,43.85218],[20.01696,43.85152],[20.01765,43.85045],[20.01866,43.8493],[20.0288,43.8404]]}},{"type":"Feature","properties":{"kind":"rail"},"geometry":{"type":"LineString","coordinates":[[19.99962,43.87743],[19.99965,43.87732]]}},{"type":"Feature","properties":{"kind":"rail"},"geometry":{"type":"LineString","coordinates":[[19.8978,43.83992],[19.89642,43.84017],[19.89552,43.84023],[19.89393,43.84013],[19.89239,43.8398]]}},{"type":"Feature","properties":{"kind":"rail"},"geometry":{"type":"LineString","coordinates":[[19.90945,43.83618],[19.89809,43.83984]]}},{"type":"Feature","properties":{"kind":"rail"},"geometry":{"type":"LineString","coordinates":[[19.90968,43.8361],[19.90945,43.83618]]}},{"type":"Feature","properties":{"kind":"rail"},"geometry":{"type":"LineString","coordinates":[[19.89809,43.83984],[19.8978,43.83992]]}},{"type":"Feature","properties":{"kind":"rail"},"geometry":{"type":"LineString","coordinates":[[19.93525,43.81445],[19.93502,43.81461]]}},{"type":"Feature","properties":{"kind":"rail"},"geometry":{"type":"LineString","coordinates":[[19.93502,43.81461],[19.93338,43.81566],[19.93135,43.81716],[19.92316,43.82412]]}},{"type":"Feature","properties":{"kind":"rail"},"geometry":{"type":"LineString","coordinates":[[19.82813,43.85066],[19.82732,43.85064],[19.82601,43.8508]]}},{"type":"Feature","properties":{"kind":"rail"},"geometry":{"type":"LineString","coordinates":[[19.8292,43.85087],[19.82813,43.85066]]}},{"type":"Feature","properties":{"kind":"rail"},"geometry":{"type":"LineString","coordinates":[[19.82257,43.85229],[19.82032,43.85336],[19.81959,43.85362],[19.81865,43.8538],[19.81775,43.85383],[19.81679,43.8537],[19.81603,43.85347],[19.8153,43.85312]]}},{"type":"Feature","properties":{"kind":"rail"},"geometry":{"type":"LineString","coordinates":[[19.77525,43.12974],[19.77536,43.13027],[19.77542,43.13125],[19.77559,43.13215],[19.77597,43.13299],[19.77693,43.13462],[19.77726,43.13533],[19.77748,43.13609],[19.77762,43.1371],[19.77773,43.13746],[19.77798,43.13794]]}},{"type":"Feature","properties":{"kind":"rail"},"geometry":{"type":"LineString","coordinates":[[19.86462,44.13467],[19.86398,44.13474],[19.86311,44.13469]]}},{"type":"Feature","properties":{"kind":"rail"},"geometry":{"type":"LineString","coordinates":[[19.86644,44.13429],[19.86462,44.13467]]}},{"type":"Feature","properties":{"kind":"rail"},"geometry":{"type":"LineString","coordinates":[[20.68553,43.7334],[20.68534,43.73508]]}},{"type":"Feature","properties":{"kind":"rail"},"geometry":{"type":"LineString","coordinates":[[20.68534,43.73508],[20.68522,43.73602],[20.68467,43.73709],[20.6839,43.73787],[20.68344,43.7382],[20.68253,43.73867]]}},{"type":"Feature","properties":{"kind":"rail"},"geometry":{"type":"LineString","coordinates":[[20.45052,44.79432],[20.44866,44.79466]]}},{"type":"Feature","properties":{"kind":"rail"},"geometry":{"type":"LineString","coordinates":[[20.45317,44.79372],[20.45236,44.79396],[20.45052,44.79432]]}},{"type":"Feature","properties":{"kind":"rail"},"geometry":{"type":"LineString","coordinates":[[20.44812,44.79477],[20.44715,44.79492]]}},{"type":"Feature","properties":{"kind":"rail"},"geometry":{"type":"LineString","coordinates":[[20.4557,44.79288],[20.45431,44.79353],[20.45331,44.7939]]}},{"type":"Feature","properties":{"kind":"rail"},"geometry":{"type":"LineString","coordinates":[[20.45044,44.7941],[20.453,44.79353]]}},{"type":"Feature","properties":{"kind":"rail"},"geometry":{"type":"LineString","coordinates":[[20.45293,44.7934],[20.45534,44.79246]]}},{"type":"Feature","properties":{"kind":"rail"},"geometry":{"type":"LineString","coordinates":[[20.4573,44.79216],[20.45571,44.79287]]}},{"type":"Feature","properties":{"kind":"rail"},"geometry":{"type":"LineString","coordinates":[[20.46544,44.79323],[20.46452,44.7922],[20.46303,44.79118]]}},{"type":"Feature","properties":{"kind":"rail"},"geometry":{"type":"LineString","coordinates":[[20.45558,44.79274],[20.45715,44.79203]]}},{"type":"Feature","properties":{"kind":"rail"},"geometry":{"type":"LineString","coordinates":[[20.44864,44.79471],[20.44812,44.79477]]}},{"type":"Feature","properties":{"kind":"rail"},"geometry":{"type":"LineString","coordinates":[[20.46537,44.79326],[20.46495,44.79278],[20.46436,44.7923],[20.46381,44.79195],[20.46279,44.79154]]}},{"type":"Feature","properties":{"kind":"rail"},"geometry":{"type":"LineString","coordinates":[[20.46548,44.79321],[20.46488,44.79247],[20.46454,44.79216],[20.46308,44.79115]]}},{"type":"Feature","properties":{"kind":"rail"},"geometry":{"type":"LineString","coordinates":[[20.45058,44.79448],[20.44921,44.79464]]}},{"type":"Feature","properties":{"kind":"rail"},"geometry":{"type":"LineString","coordinates":[[20.4633,44.7909],[20.46202,44.79047],[20.46116,44.79033],[20.46043,44.79029],[20.45977,44.79036],[20.45918,44.79051],[20.45867,44.79074],[20.457,44.79182]]}},{"type":"Feature","properties":{"kind":"rail"},"geometry":{"type":"LineString","coordinates":[[20.44908,44.79445],[20.45044,44.7941]]}},{"type":"Feature","properties":{"kind":"rail"},"geometry":{"type":"LineString","coordinates":[[20.44864,44.79457],[20.45041,44.794]]}},{"type":"Feature","properties":{"kind":"rail"},"geometry":{"type":"LineString","coordinates":[[20.45947,44.78717],[20.45966,44.78789],[20.4596,44.78864],[20.45939,44.78933],[20.45893,44.79032],[20.45848,44.79106],[20.45823,44.79134],[20.45772,44.79172]]}},{"type":"Feature","properties":{"kind":"rail"},"geometry":{"type":"LineString","coordinates":[[20.45534,44.79246],[20.45651,44.79205]]}},{"type":"Feature","properties":{"kind":"rail"},"geometry":{"type":"LineString","coordinates":[[20.46554,44.79319],[20.46586,44.79358]]}},{"type":"Feature","properties":{"kind":"rail"},"geometry":{"type":"LineString","coordinates":[[20.46537,44.79326],[20.46573,44.79363]]}},{"type":"Feature","properties":{"kind":"rail"},"geometry":{"type":"LineString","coordinates":[[20.46586,44.79358],[20.47095,44.79925],[20.47337,44.80181],[20.47438,44.80278],[20.47554,44.80369],[20.47739,44.80484]]}},{"type":"Feature","properties":{"kind":"rail"},"geometry":{"type":"LineString","coordinates":[[20.49643,44.8393],[20.49816,44.84095]]}},{"type":"Feature","properties":{"kind":"rail"},"geometry":{"type":"LineString","coordinates":[[20.49303,44.83418],[20.49316,44.83488],[20.49343,44.83567],[20.49395,44.83666],[20.49439,44.83726]]}},{"type":"Feature","properties":{"kind":"rail"},"geometry":{"type":"LineString","coordinates":[[20.49125,44.82447],[20.49303,44.83418]]}},{"type":"Feature","properties":{"kind":"rail"},"geometry":{"type":"LineString","coordinates":[[20.49474,44.83766],[20.49587,44.8388]]}},{"type":"Feature","properties":{"kind":"rail"},"geometry":{"type":"LineString","coordinates":[[20.49587,44.8388],[20.49643,44.8393]]}},{"type":"Feature","properties":{"kind":"rail"},"geometry":{"type":"LineString","coordinates":[[20.49074,44.82175],[20.49099,44.82316]]}},{"type":"Feature","properties":{"kind":"rail"},"geometry":{"type":"LineString","coordinates":[[20.44484,44.76793],[20.44451,44.76727],[20.44429,44.76649],[20.44422,44.76545],[20.44431,44.76475]]}},{"type":"Feature","properties":{"kind":"rail"},"geometry":{"type":"LineString","coordinates":[[20.44533,44.75891],[20.44515,44.76079],[20.44438,44.76477]]}},{"type":"Feature","properties":{"kind":"rail"},"geometry":{"type":"LineString","coordinates":[[20.43826,44.74292],[20.44073,44.74425],[20.44133,44.74464],[20.44176,44.74501],[20.44241,44.74575],[20.44361,44.74762],[20.44438,44.74858]]}},{"type":"Feature","properties":{"kind":"rail"},"geometry":{"type":"LineString","coordinates":[[20.43239,44.73037],[20.43321,44.72965],[20.43376,44.72901],[20.43404,44.72847],[20.4346,44.72701],[20.43555,44.72483],[20.43608,44.72406],[20.43696,44.72332],[20.43901,44.72195],[20.43947,44.72158],[20.44016,44.72081]]}},{"type":"Feature","properties":{"kind":"rail"},"geometry":{"type":"LineString","coordinates":[[20.4458,44.70897],[20.44605,44.70809],[20.44641,44.70715],[20.44702,44.70605],[20.44985,44.70271]]}},{"type":"Feature","properties":{"kind":"rail"},"geometry":{"type":"LineString","coordinates":[[20.43826,44.74292],[20.43706,44.74227]]}},{"type":"Feature","properties":{"kind":"rail"},"geometry":{"type":"LineString","coordinates":[[20.43177,44.73087],[20.43125,44.73142],[20.43088,44.73198],[20.43043,44.73308],[20.43033,44.7338],[20.4304,44.7346],[20.4305,44.73493],[20.43175,44.73726],[20.43199,44.73795],[20.43203,44.73831],[20.43199,44.73882],[20.4318,44.73941],[20.4316,44.73975]]}},{"type":"Feature","properties":{"kind":"rail"},"geometry":{"type":"LineString","coordinates":[[20.40472,44.74751],[20.39963,44.74892]]}},{"type":"Feature","properties":{"kind":"rail"},"geometry":{"type":"LineString","coordinates":[[20.42913,44.74108],[20.43018,44.74068],[20.43102,44.74021],[20.4316,44.73975]]}},{"type":"Feature","properties":{"kind":"rail"},"geometry":{"type":"LineString","coordinates":[[20.44405,44.74824],[20.44343,44.74753],[20.44226,44.74576],[20.44143,44.74486],[20.44038,44.74413],[20.43706,44.74236]]}},{"type":"Feature","properties":{"kind":"rail"},"geometry":{"type":"LineString","coordinates":[[20.51026,44.85248],[20.51035,44.85255]]}},{"type":"Feature","properties":{"kind":"rail"},"geometry":{"type":"LineString","coordinates":[[20.59474,44.88782],[20.61214,44.88933],[20.61377,44.88934],[20.61486,44.88926]]}},{"type":"Feature","properties":{"kind":"rail"},"geometry":{"type":"LineString","coordinates":[[20.59446,44.8878],[20.59474,44.88782]]}},{"type":"Feature","properties":{"kind":"rail"},"geometry":{"type":"LineString","coordinates":[[20.62899,44.88823],[20.61822,44.88912]]}},{"type":"Feature","properties":{"kind":"rail"},"geometry":{"type":"LineString","coordinates":[[20.66432,44.87653],[20.66735,44.87451],[20.66798,44.87394],[20.66827,44.87351],[20.66844,44.87299],[20.66845,44.87233],[20.6683,44.87178],[20.66786,44.87116],[20.66716,44.87059],[20.6598,44.86535],[20.65936,44.86497],[20.65904,44.86461],[20.6578,44.86242],[20.65662,44.86061],[20.65547,44.85924]]}},{"type":"Feature","properties":{"kind":"rail"},"geometry":{"type":"LineString","coordinates":[[20.6886,44.89679],[20.68844,44.90112],[20.68868,44.90194],[20.68915,44.90256]]}},{"type":"Feature","properties":{"kind":"rail"},"geometry":{"type":"LineString","coordinates":[[20.78914,44.97921],[20.78449,44.97531],[20.78337,44.97464],[20.78175,44.97394]]}},{"type":"Feature","properties":{"kind":"rail"},"geometry":{"type":"LineString","coordinates":[[20.6886,44.89673],[20.6886,44.89679]]}},{"type":"Feature","properties":{"kind":"rail"},"geometry":{"type":"LineString","coordinates":[[21.07183,45.06031],[21.06105,45.06073]]}},{"type":"Feature","properties":{"kind":"rail"},"geometry":{"type":"LineString","coordinates":[[21.16265,45.05229],[21.15231,45.05057]]}},{"type":"Feature","properties":{"kind":"rail"},"geometry":{"type":"LineString","coordinates":[[21.26051,45.19389],[21.26056,45.19364]]}},{"type":"Feature","properties":{"kind":"rail"},"geometry":{"type":"LineString","coordinates":[[21.03822,45.25086],[21.03881,45.25053]]}},{"type":"Feature","properties":{"kind":"rail"},"geometry":{"type":"LineString","coordinates":[[20.5851,45.25042],[20.58154,45.25122]]}},{"type":"Feature","properties":{"kind":"rail"},"geometry":{"type":"LineString","coordinates":[[20.57466,45.24358],[20.57426,45.24208],[20.57383,45.24142],[20.57336,45.24095],[20.57237,45.24032],[20.56961,45.23886],[20.56882,45.23855],[20.56806,45.23834],[20.56728,45.23819],[20.55243,45.23623],[20.51692,45.23134],[20.50769,45.23013],[20.50541,45.22977],[20.50454,45.22959],[20.50389,45.22935],[20.50294,45.22886],[20.50208,45.22814],[20.48588,45.211],[20.48543,45.21063],[20.48491,45.21032],[20.48364,45.20983],[20.48216,45.2096],[20.48128,45.20961],[20.46954,45.21004],[20.4678,45.21002],[20.46707,45.20991],[20.46395,45.20917],[20.43794,45.20469],[20.43616,45.20449],[20.42787,45.20393],[20.4264,45.20378],[20.41404,45.2014],[20.41256,45.2012],[20.41169,45.20122],[20.41024,45.20147],[20.40004,45.20452],[20.39882,45.20467],[20.39736,45.20464],[20.39649,45.2045],[20.39547,45.20422],[20.38019,45.19738],[20.37858,45.19682],[20.37731,45.19651],[20.37576,45.19626],[20.37423,45.19616],[20.34764,45.19515]]}},{"type":"Feature","properties":{"kind":"rail"},"geometry":{"type":"LineString","coordinates":[[19.86729,45.29996],[19.87583,45.3122],[19.87637,45.31326],[19.87645,45.31368],[19.87645,45.31435],[19.87623,45.31512],[19.87578,45.31581],[19.87531,45.3163],[19.87436,45.31695],[19.87363,45.31725],[19.87216,45.31759],[19.87117,45.3177]]}},{"type":"Feature","properties":{"kind":"rail"},"geometry":{"type":"LineString","coordinates":[[19.80628,45.27543],[19.80966,45.27301],[19.81592,45.26927],[19.8165,45.26901],[19.82192,45.26711]]}},{"type":"Feature","properties":{"kind":"rail"},"geometry":{"type":"LineString","coordinates":[[19.81862,45.26827],[19.81795,45.26855]]}},{"type":"Feature","properties":{"kind":"rail"},"geometry":{"type":"LineString","coordinates":[[19.82477,45.26509],[19.8291,45.26589]]}},{"type":"Feature","properties":{"kind":"rail"},"geometry":{"type":"LineString","coordinates":[[19.8425,45.26842],[19.83887,45.26775]]}},{"type":"Feature","properties":{"kind":"rail"},"geometry":{"type":"LineString","coordinates":[[19.85479,45.26497],[19.84897,45.268],[19.84786,45.26841],[19.84677,45.26867],[19.84544,45.26878],[19.84404,45.2687],[19.84305,45.26852]]}},{"type":"Feature","properties":{"kind":"rail"},"geometry":{"type":"LineString","coordinates":[[19.83857,45.2677],[19.83515,45.26705]]}},{"type":"Feature","properties":{"kind":"rail"},"geometry":{"type":"LineString","coordinates":[[19.83434,45.2669],[19.83377,45.2668]]}},{"type":"Feature","properties":{"kind":"rail"},"geometry":{"type":"LineString","coordinates":[[19.83887,45.26775],[19.83857,45.2677]]}},{"type":"Feature","properties":{"kind":"rail"},"geometry":{"type":"LineString","coordinates":[[19.84305,45.26852],[19.8425,45.26842]]}},{"type":"Feature","properties":{"kind":"rail"},"geometry":{"type":"LineString","coordinates":[[20.05947,45.02003],[20.09084,45.03457]]}},{"type":"Feature","properties":{"kind":"rail"},"geometry":{"type":"LineString","coordinates":[[20.13405,44.99112],[20.13864,44.98476],[20.13919,44.98409]]}},{"type":"Feature","properties":{"kind":"rail"},"geometry":{"type":"LineString","coordinates":[[20.13362,44.99195],[20.11612,45.01591],[20.11489,45.01761],[20.11232,45.02149],[20.10363,45.03353],[20.10033,45.03775],[20.09559,45.04444]]}},{"type":"Feature","properties":{"kind":"rail"},"geometry":{"type":"LineString","coordinates":[[20.21279,44.93592],[20.19465,44.94722],[20.19034,44.9498],[20.17971,44.95564],[20.17221,44.95989],[20.16069,44.96604],[20.15717,44.96802],[20.15431,44.96976],[20.152,44.97132],[20.14996,44.97284],[20.14821,44.97426],[20.14549,44.97673],[20.1433,44.97904],[20.14167,44.98094],[20.1392,44.98427]]}},{"type":"Feature","properties":{"kind":"rail"},"geometry":{"type":"LineString","coordinates":[[20.26842,44.90111],[20.27053,44.89961],[20.27686,44.89565],[20.27797,44.89482],[20.27875,44.89409],[20.27922,44.8934],[20.27944,44.89264],[20.27936,44.89191],[20.27916,44.89143],[20.27865,44.8908],[20.27824,44.89048],[20.27743,44.89007],[20.26482,44.88673],[20.26369,44.88627],[20.26289,44.88563]]}},{"type":"Feature","properties":{"kind":"rail"},"geometry":{"type":"LineString","coordinates":[[20.26854,44.90094],[20.2705,44.89958],[20.27594,44.89618],[20.27721,44.89536],[20.2778,44.8949]]}},{"type":"Feature","properties":{"kind":"rail"},"geometry":{"type":"LineString","coordinates":[[20.36601,44.83815],[20.36667,44.83798]]}},{"type":"Feature","properties":{"kind":"rail"},"geometry":{"type":"LineString","coordinates":[[20.37166,44.83655],[20.3737,44.83598],[20.37636,44.83539]]}},{"type":"Feature","properties":{"kind":"rail"},"geometry":{"type":"LineString","coordinates":[[20.37704,44.83524],[20.37832,44.83499],[20.38002,44.83453]]}},{"type":"Feature","properties":{"kind":"rail"},"geometry":{"type":"LineString","coordinates":[[20.24601,44.81025],[20.24659,44.80249]]}},{"type":"Feature","properties":{"kind":"rail"},"geometry":{"type":"LineString","coordinates":[[20.24597,44.81071],[20.24601,44.81025]]}},{"type":"Feature","properties":{"kind":"rail"},"geometry":{"type":"LineString","coordinates":[[20.25711,44.78843],[20.2572,44.78834]]}},{"type":"Feature","properties":{"kind":"rail"},"geometry":{"type":"LineString","coordinates":[[20.2572,44.78834],[20.25839,44.78676],[20.26,44.78424]]}},{"type":"Feature","properties":{"kind":"rail"},"geometry":{"type":"LineString","coordinates":[[20.34041,44.72992],[20.34629,44.72942],[20.3481,44.7291],[20.35098,44.72845],[20.35222,44.72833],[20.35363,44.72836],[20.35515,44.72862],[20.35643,44.72902],[20.35922,44.73043],[20.36014,44.73097]]}},{"type":"Feature","properties":{"kind":"rail"},"geometry":{"type":"LineString","coordinates":[[20.34041,44.72992],[20.34662,44.7293],[20.34798,44.72902],[20.34983,44.72844],[20.35404,44.72691],[20.35512,44.72644],[20.35595,44.72594],[20.35682,44.72528],[20.35821,44.72384],[20.35895,44.72323],[20.35971,44.72273],[20.36092,44.72218],[20.36195,44.72187],[20.36515,44.72138],[20.36666,44.72104],[20.36815,44.72046],[20.37092,44.71894],[20.37215,44.71845],[20.37996,44.71625]]}},{"type":"Feature","properties":{"kind":"rail"},"geometry":{"type":"LineString","coordinates":[[20.37851,44.74239],[20.37593,44.74098],[20.37545,44.74064],[20.37331,44.73865],[20.3724,44.73793],[20.37141,44.73737],[20.36701,44.73514],[20.36635,44.73492],[20.36528,44.73469],[20.36364,44.7346],[20.36263,44.7347],[20.35867,44.73536]]}},{"type":"Feature","properties":{"kind":"rail"},"geometry":{"type":"LineString","coordinates":[[20.35867,44.73536],[20.35833,44.73541]]}},{"type":"Feature","properties":{"kind":"rail"},"geometry":{"type":"LineString","coordinates":[[20.38951,44.74609],[20.38994,44.74638],[20.39397,44.74851],[20.39462,44.74884],[20.39534,44.74911],[20.39612,44.74929],[20.39681,44.74936],[20.39785,44.74932],[20.39893,44.74911]]}},{"type":"Feature","properties":{"kind":"rail"},"geometry":{"type":"LineString","coordinates":[[20.37851,44.74239],[20.37593,44.74104],[20.37525,44.74055],[20.37296,44.73841],[20.37226,44.73789],[20.36733,44.73533],[20.36669,44.73507],[20.36554,44.73477],[20.3641,44.73463],[20.36345,44.73465],[20.36255,44.73474],[20.35868,44.73539]]}},{"type":"Feature","properties":{"kind":"rail"},"geometry":{"type":"LineString","coordinates":[[20.36034,44.73113],[20.3728,44.73748],[20.37398,44.7383],[20.37553,44.74024],[20.37614,44.74089],[20.37737,44.74175]]}},{"type":"Feature","properties":{"kind":"rail"},"geometry":{"type":"LineString","coordinates":[[20.36043,44.73103],[20.37442,44.73826],[20.37672,44.73934],[20.37775,44.73998],[20.39443,44.74867],[20.39561,44.74909],[20.39696,44.74927],[20.39816,44.74922],[20.39963,44.74892]]}},{"type":"Feature","properties":{"kind":"rail"},"geometry":{"type":"LineString","coordinates":[[20.08588,45.02498],[20.08634,45.02492]]}},{"type":"Feature","properties":{"kind":"rail"},"geometry":{"type":"LineString","coordinates":[[20.0859,45.02503],[20.08305,45.02526],[20.08093,45.02534],[20.07906,45.02533],[20.07682,45.02521],[20.07492,45.02501],[20.07253,45.02464],[20.07032,45.02418],[20.06843,45.02368],[20.0666,45.0231],[20.06391,45.02206],[20.05873,45.01962]]}},{"type":"Feature","properties":{"kind":"rail"},"geometry":{"type":"LineString","coordinates":[[20.0567,45.01872],[20.04755,45.0144]]}},{"type":"Feature","properties":{"kind":"rail"},"geometry":{"type":"LineString","coordinates":[[20.08635,45.02497],[20.0859,45.02503]]}},{"type":"Feature","properties":{"kind":"rail"},"geometry":{"type":"LineString","coordinates":[[20.0578,45.01913],[20.06277,45.02149],[20.06535,45.02259],[20.06839,45.02362],[20.07044,45.02415],[20.07219,45.02452],[20.07491,45.02496],[20.07682,45.02516],[20.0791,45.02528],[20.08093,45.02529],[20.08329,45.0252],[20.08588,45.02498]]}},{"type":"Feature","properties":{"kind":"rail"},"geometry":{"type":"LineString","coordinates":[[20.04619,45.01376],[20.03609,45.00911],[19.98641,44.98596],[19.98404,44.98497],[19.98175,44.98417],[19.9796,44.98352],[19.97608,44.98269],[19.95611,44.97856],[19.94885,44.97735],[19.94479,44.97693],[19.94302,44.97681],[19.93747,44.97661],[19.93359,44.97671],[19.93012,44.97692],[19.92474,44.97753],[19.92314,44.97778],[19.86294,44.98891],[19.8597,44.98938],[19.85596,44.98968],[19.85447,44.98971],[19.84476,44.98965],[19.83533,44.98949]]}},{"type":"Feature","properties":{"kind":"rail"},"geometry":{"type":"LineString","coordinates":[[19.60977,44.98212],[19.60751,44.98197],[19.60551,44.98198],[19.60442,44.98205],[19.58384,44.98378],[19.5809,44.98408],[19.57914,44.98437],[19.5775,44.98479],[19.57561,44.9854],[19.54362,44.99596]]}},{"type":"Feature","properties":{"kind":"rail"},"geometry":{"type":"LineString","coordinates":[[19.61362,44.9824],[19.62483,44.98337]]}},{"type":"Feature","properties":{"kind":"rail"},"geometry":{"type":"LineString","coordinates":[[19.16436,45.14732],[19.20828,45.12452],[19.21331,45.12184]]}},{"type":"Feature","properties":{"kind":"rail"},"geometry":{"type":"LineString","coordinates":[[19.3262,44.66068],[19.3356,44.66856],[19.33986,44.67205],[19.34065,44.67255],[19.34391,44.67418],[19.34516,44.6749],[19.34778,44.677],[19.34874,44.6777],[19.36975,44.69222],[19.37338,44.69444]]}},{"type":"Feature","properties":{"kind":"rail"},"geometry":{"type":"LineString","coordinates":[[19.45065,44.72966],[19.45532,44.73171],[19.45719,44.73235],[19.45837,44.73266],[19.45961,44.73289],[19.46401,44.73361],[19.46553,44.73394],[19.46602,44.73411],[19.46745,44.7347],[19.48459,44.74263],[19.48539,44.74294],[19.50605,44.7494],[19.50696,44.74961],[19.5087,44.74986]]}},{"type":"Feature","properties":{"kind":"rail"},"geometry":{"type":"LineString","coordinates":[[19.38104,44.69897],[19.38178,44.69938],[19.38318,44.7],[19.38579,44.70095],[19.38683,44.7014],[19.39018,44.70347],[19.39523,44.70554],[19.39972,44.70702],[19.40114,44.70761],[19.40427,44.70929],[19.40663,44.7104],[19.41231,44.71277],[19.41467,44.71386],[19.44373,44.72663]]}},{"type":"Feature","properties":{"kind":"rail"},"geometry":{"type":"LineString","coordinates":[[19.20703,44.53226],[19.19459,44.52721]]}},{"type":"Feature","properties":{"kind":"rail"},"geometry":{"type":"LineString","coordinates":[[19.20739,44.53239],[19.20703,44.53226]]}},{"type":"Feature","properties":{"kind":"rail"},"geometry":{"type":"LineString","coordinates":[[19.14488,44.46763],[19.14475,44.46627],[19.1448,44.46588],[19.14486,44.46554],[19.14539,44.46406]]}},{"type":"Feature","properties":{"kind":"rail"},"geometry":{"type":"LineString","coordinates":[[19.14896,44.45737],[19.15008,44.45586],[19.15089,44.45459],[19.15133,44.45375],[19.15256,44.45085],[19.15324,44.44949],[19.15365,44.4481],[19.15374,44.44732],[19.15363,44.44367],[19.15332,44.43842],[19.15311,44.4375]]}},{"type":"Feature","properties":{"kind":"rail"},"geometry":{"type":"LineString","coordinates":[[19.14539,44.46406],[19.14554,44.46369]]}},{"type":"Feature","properties":{"kind":"rail"},"geometry":{"type":"LineString","coordinates":[[20.58096,45.2514],[20.57904,45.2519],[20.57825,45.25222],[20.57737,45.25272],[20.57647,45.25349],[20.536,45.29854],[20.51719,45.31838],[20.51636,45.31911],[20.51542,45.31981],[20.50434,45.32717],[20.49839,45.33074],[20.493,45.33435],[20.48987,45.33674],[20.48899,45.33753],[20.48861,45.338],[20.4883,45.33855],[20.48795,45.33941],[20.4758,45.37196],[20.47549,45.37253],[20.47462,45.37336],[20.47368,45.37389],[20.47291,45.37417],[20.47211,45.37434],[20.47048,45.37442],[20.43059,45.37156],[20.42895,45.37149]]}},{"type":"Feature","properties":{"kind":"rail"},"geometry":{"type":"LineString","coordinates":[[20.42895,45.37149],[20.42349,45.37105],[20.42216,45.37087],[20.40521,45.36781],[20.40312,45.36724],[20.39796,45.36549]]}},{"type":"Feature","properties":{"kind":"rail"},"geometry":{"type":"LineString","coordinates":[[20.17806,45.82503],[20.17963,45.82346],[20.18018,45.82282],[20.18353,45.8176],[20.1856,45.81473],[20.18619,45.8138],[20.19128,45.80362],[20.19176,45.8029],[20.20533,45.78687],[20.2184,45.77101],[20.21942,45.77007],[20.22047,45.76948],[20.221,45.76926],[20.22273,45.76882],[20.25921,45.7634],[20.26104,45.76327],[20.27006,45.76314],[20.27177,45.76321],[20.27731,45.76366],[20.27899,45.76355],[20.27985,45.76338],[20.28127,45.76295],[20.29251,45.75831],[20.2985,45.75543],[20.29981,45.75478],[20.30081,45.75415],[20.30391,45.75201],[20.30496,45.75121],[20.30558,45.75061],[20.32239,45.73259],[20.32287,45.73161],[20.32295,45.73129],[20.32295,45.73066],[20.3228,45.72998],[20.32222,45.72902]]}},{"type":"Feature","properties":{"kind":"rail"},"geometry":{"type":"LineString","coordinates":[[20.49282,45.83204],[20.49327,45.83094],[20.49348,45.82989],[20.4935,45.82931],[20.49334,45.82815],[20.49301,45.82713],[20.49266,45.82645],[20.4921,45.82569],[20.49133,45.82489],[20.49038,45.82417],[20.48783,45.82268],[20.45371,45.80342],[20.42595,45.78783]]}},{"type":"Feature","properties":{"kind":"rail"},"geometry":{"type":"LineString","coordinates":[[20.17796,45.82513],[20.17806,45.82503]]}},{"type":"Feature","properties":{"kind":"rail"},"geometry":{"type":"LineString","coordinates":[[19.49475,45.62335],[19.5007,45.61808],[19.50144,45.61762],[19.50225,45.61724],[19.5066,45.61559],[19.50742,45.6151],[19.50809,45.61455],[19.50863,45.61393],[19.51698,45.60188],[19.52044,45.59795],[19.5215,45.59711],[19.52251,45.59659],[19.52345,45.59627],[19.53021,45.59465],[19.53129,45.59444],[19.53245,45.59435],[19.57191,45.59703],[19.57352,45.59697],[19.57467,45.59675],[19.61064,45.58443],[19.613,45.58358],[19.61419,45.583],[19.61532,45.58225],[19.61745,45.58059],[19.62155,45.57732],[19.62208,45.57682],[19.62244,45.57613],[19.62516,45.56774]]}},{"type":"Feature","properties":{"kind":"rail"},"geometry":{"type":"LineString","coordinates":[[19.4671,45.64447],[19.47472,45.64173],[19.4756,45.64133],[19.47642,45.64081],[19.47697,45.64034],[19.48959,45.62798],[19.49465,45.62344]]}},{"type":"Feature","properties":{"kind":"rail"},"geometry":{"type":"LineString","coordinates":[[19.12677,45.78968],[19.13692,45.7982]]}},{"type":"Feature","properties":{"kind":"rail"},"geometry":{"type":"LineString","coordinates":[[19.09318,45.69219],[19.09339,45.69129]]}},{"type":"Feature","properties":{"kind":"rail"},"geometry":{"type":"LineString","coordinates":[[19.09178,45.52983],[19.08923,45.52683],[19.08841,45.52578]]}},{"type":"Feature","properties":{"kind":"rail"},"geometry":{"type":"LineString","coordinates":[[19.0919,45.52997],[19.09178,45.52983]]}},{"type":"Feature","properties":{"kind":"rail"},"geometry":{"type":"LineString","coordinates":[[19.20095,45.51105],[19.20138,45.51061]]}},{"type":"Feature","properties":{"kind":"rail"},"geometry":{"type":"LineString","coordinates":[[19.67243,46.09941],[19.67337,46.09752],[19.67377,46.09691],[19.67466,46.09597],[19.67558,46.09527],[19.67678,46.09462],[19.68197,46.09223],[19.68343,46.09139]]}},{"type":"Feature","properties":{"kind":"rail"},"geometry":{"type":"LineString","coordinates":[[19.68352,46.09143],[19.68367,46.09135]]}},{"type":"Feature","properties":{"kind":"rail"},"geometry":{"type":"LineString","coordinates":[[19.67237,46.09983],[19.67227,46.10007]]}},{"type":"Feature","properties":{"kind":"rail"},"geometry":{"type":"LineString","coordinates":[[19.67234,46.10008],[19.67244,46.09984]]}},{"type":"Feature","properties":{"kind":"rail"},"geometry":{"type":"LineString","coordinates":[[19.68352,46.09143],[19.6823,46.09214],[19.67638,46.09491],[19.67511,46.09573],[19.67432,46.09642],[19.67367,46.09722],[19.67237,46.09983]]}},{"type":"Feature","properties":{"kind":"rail"},"geometry":{"type":"LineString","coordinates":[[19.66785,46.10939],[19.66669,46.11181],[19.66563,46.11421],[19.65198,46.14317],[19.65035,46.1463],[19.64914,46.14825]]}},{"type":"Feature","properties":{"kind":"rail"},"geometry":{"type":"LineString","coordinates":[[19.67593,45.4553],[19.67602,45.45512]]}},{"type":"Feature","properties":{"kind":"rail"},"geometry":{"type":"LineString","coordinates":[[19.5455,45.34955],[19.54296,45.35098],[19.54204,45.35134],[19.54113,45.35157]]}},{"type":"Feature","properties":{"kind":"rail"},"geometry":{"type":"LineString","coordinates":[[20.17647,43.90169],[20.1754,43.90132],[20.17332,43.90017]]}},{"type":"Feature","properties":{"kind":"rail"},"geometry":{"type":"LineString","coordinates":[[20.17703,43.9018],[20.17647,43.90169]]}},{"type":"Feature","properties":{"kind":"rail"},"geometry":{"type":"LineString","coordinates":[[20.2461,43.90738],[20.24434,43.90801],[20.24337,43.90824],[20.24205,43.90844],[20.24016,43.90844],[20.23592,43.90791],[20.23387,43.90798]]}},{"type":"Feature","properties":{"kind":"rail"},"geometry":{"type":"LineString","coordinates":[[20.23387,43.90798],[20.2317,43.90812]]}},{"type":"Feature","properties":{"kind":"rail"},"geometry":{"type":"LineString","coordinates":[[20.21836,43.90749],[20.21712,43.90723],[20.21558,43.90717]]}},{"type":"Feature","properties":{"kind":"rail"},"geometry":{"type":"LineString","coordinates":[[20.31784,43.90995],[20.3176,43.90995]]}},{"type":"Feature","properties":{"kind":"rail"},"geometry":{"type":"LineString","coordinates":[[20.30552,43.91052],[20.30314,43.91074],[20.30074,43.91072],[20.27862,43.90814],[20.2748,43.90767],[20.27334,43.90743],[20.27203,43.90703],[20.2707,43.90638]]}},{"type":"Feature","properties":{"kind":"rail"},"geometry":{"type":"LineString","coordinates":[[20.26971,43.90586],[20.26816,43.90511],[20.26656,43.90457],[20.26514,43.9043],[20.2636,43.90427],[20.26213,43.90444],[20.25854,43.90558],[20.2572,43.90591],[20.25557,43.90606],[20.24922,43.90642],[20.24839,43.9066],[20.24688,43.9071]]}},{"type":"Feature","properties":{"kind":"rail"},"geometry":{"type":"LineString","coordinates":[[20.2707,43.90638],[20.26971,43.90586]]}},{"type":"Feature","properties":{"kind":"rail"},"geometry":{"type":"LineString","coordinates":[[20.21558,43.90717],[20.20377,43.90658]]}},{"type":"Feature","properties":{"kind":"rail"},"geometry":{"type":"LineString","coordinates":[[20.24688,43.9071],[20.2461,43.90738]]}},{"type":"Feature","properties":{"kind":"rail"},"geometry":{"type":"LineString","coordinates":[[20.34294,43.90578],[20.32288,43.90966],[20.32154,43.90983],[20.31784,43.90995]]}},{"type":"Feature","properties":{"kind":"rail"},"geometry":{"type":"LineString","coordinates":[[20.34982,43.90443],[20.34943,43.90452]]}},{"type":"Feature","properties":{"kind":"rail"},"geometry":{"type":"LineString","coordinates":[[20.35416,43.90233],[20.35338,43.90308],[20.35228,43.90377],[20.35114,43.90416],[20.34982,43.90443]]}},{"type":"Feature","properties":{"kind":"rail"},"geometry":{"type":"LineString","coordinates":[[20.35488,43.90031],[20.35485,43.90072],[20.35464,43.90151],[20.35416,43.90233]]}},{"type":"Feature","properties":{"kind":"rail"},"geometry":{"type":"LineString","coordinates":[[20.35433,43.89333],[20.35378,43.89424],[20.35351,43.89487],[20.35346,43.89514]]}},{"type":"Feature","properties":{"kind":"rail"},"geometry":{"type":"LineString","coordinates":[[20.35347,43.89537],[20.35349,43.896],[20.35382,43.89701]]}},{"type":"Feature","properties":{"kind":"rail"},"geometry":{"type":"LineString","coordinates":[[20.3546,43.89899],[20.35469,43.89924]]}},{"type":"Feature","properties":{"kind":"rail"},"geometry":{"type":"LineString","coordinates":[[20.35346,43.89514],[20.35347,43.89537]]}},{"type":"Feature","properties":{"kind":"rail"},"geometry":{"type":"LineString","coordinates":[[20.35444,43.89313],[20.35433,43.89333]]}},{"type":"Feature","properties":{"kind":"rail"},"geometry":{"type":"LineString","coordinates":[[20.35469,43.89924],[20.35486,43.8999],[20.35488,43.90031]]}},{"type":"Feature","properties":{"kind":"rail"},"geometry":{"type":"LineString","coordinates":[[20.3613,43.88143],[20.3596,43.88429]]}},{"type":"Feature","properties":{"kind":"rail"},"geometry":{"type":"LineString","coordinates":[[20.36136,43.88133],[20.3613,43.88143]]}},{"type":"Feature","properties":{"kind":"rail"},"geometry":{"type":"LineString","coordinates":[[20.69015,43.72919],[20.68932,43.72937],[20.68862,43.72965],[20.68653,43.73096],[20.68611,43.7314],[20.68579,43.73195],[20.68563,43.73251],[20.68553,43.7334]]}},{"type":"Feature","properties":{"kind":"rail"},"geometry":{"type":"LineString","coordinates":[[20.69272,43.72879],[20.69838,43.72813],[20.69914,43.72794],[20.70329,43.72663]]}},{"type":"Feature","properties":{"kind":"rail"},"geometry":{"type":"LineString","coordinates":[[20.69044,43.7291],[20.6921,43.72885]]}},{"type":"Feature","properties":{"kind":"rail"},"geometry":{"type":"LineString","coordinates":[[20.73544,43.72911],[20.73494,43.72924],[20.73409,43.72934],[20.73289,43.72927],[20.73199,43.72899],[20.73037,43.72823],[20.72586,43.72734]]}},{"type":"Feature","properties":{"kind":"rail"},"geometry":{"type":"LineString","coordinates":[[20.73381,43.72993],[20.73282,43.72966],[20.73218,43.72933],[20.73121,43.7287],[20.73033,43.72831],[20.72585,43.72739]]}},{"type":"Feature","properties":{"kind":"rail"},"geometry":{"type":"LineString","coordinates":[[20.66195,43.72715],[20.66181,43.72716]]}},{"type":"Feature","properties":{"kind":"rail"},"geometry":{"type":"LineString","coordinates":[[20.66181,43.72716],[20.65955,43.72734],[20.6566,43.72728],[20.65495,43.72711],[20.64766,43.72601],[20.64673,43.72582],[20.64524,43.72538],[20.64347,43.7247],[20.6424,43.72415],[20.63798,43.72162],[20.63741,43.72136],[20.63424,43.7203]]}},{"type":"Feature","properties":{"kind":"rail"},"geometry":{"type":"LineString","coordinates":[[20.5712,43.68418],[20.57124,43.68403]]}},{"type":"Feature","properties":{"kind":"rail"},"geometry":{"type":"LineString","coordinates":[[20.56173,43.65764],[20.56141,43.6565],[20.56093,43.65577],[20.55569,43.65124]]}},{"type":"Feature","properties":{"kind":"rail"},"geometry":{"type":"LineString","coordinates":[[20.57887,43.69458],[20.57868,43.69447]]}},{"type":"Feature","properties":{"kind":"rail"},"geometry":{"type":"LineString","coordinates":[[20.57451,43.69091],[20.57259,43.68893],[20.57205,43.68802],[20.57173,43.68703],[20.57129,43.68526],[20.5712,43.68418]]}},{"type":"Feature","properties":{"kind":"rail"},"geometry":{"type":"LineString","coordinates":[[20.57124,43.68403],[20.57135,43.68355],[20.57199,43.68207],[20.57218,43.68135],[20.57214,43.6805],[20.57162,43.67869],[20.57157,43.67819],[20.57159,43.67762],[20.57169,43.67706],[20.5722,43.67558],[20.57231,43.67504],[20.57224,43.6746]]}},{"type":"Feature","properties":{"kind":"rail"},"geometry":{"type":"LineString","coordinates":[[20.57868,43.69447],[20.57809,43.69412],[20.57678,43.69315],[20.57464,43.69104]]}},{"type":"Feature","properties":{"kind":"rail"},"geometry":{"type":"LineString","coordinates":[[20.57464,43.69104],[20.57451,43.69091]]}},{"type":"Feature","properties":{"kind":"rail"},"geometry":{"type":"LineString","coordinates":[[20.55404,43.64894],[20.55215,43.64326],[20.55194,43.64197],[20.55189,43.64082],[20.55162,43.63945],[20.55147,43.63814],[20.55115,43.63734],[20.55063,43.63665],[20.54923,43.63552],[20.54875,43.6352],[20.54724,43.63452],[20.54648,43.63389]]}},{"type":"Feature","properties":{"kind":"rail"},"geometry":{"type":"LineString","coordinates":[[20.55413,43.64925],[20.55404,43.64894]]}},{"type":"Feature","properties":{"kind":"rail"},"geometry":{"type":"LineString","coordinates":[[20.61266,43.53646],[20.61262,43.53622]]}},{"type":"Feature","properties":{"kind":"rail"},"geometry":{"type":"LineString","coordinates":[[20.61262,43.53622],[20.6124,43.5354],[20.61198,43.53485]]}},{"type":"Feature","properties":{"kind":"rail"},"geometry":{"type":"LineString","coordinates":[[20.61148,43.53432],[20.60968,43.53261],[20.60937,43.5322],[20.60918,43.53164],[20.60914,43.53102],[20.61006,43.52723],[20.61049,43.52654],[20.61115,43.52597],[20.61408,43.5247],[20.61638,43.52327],[20.61678,43.52293],[20.61735,43.5222],[20.61779,43.52097]]}},{"type":"Feature","properties":{"kind":"rail"},"geometry":{"type":"LineString","coordinates":[[20.61329,43.49475],[20.6125,43.49449],[20.61136,43.49393],[20.61096,43.49358],[20.61047,43.49287]]}},{"type":"Feature","properties":{"kind":"rail"},"geometry":{"type":"LineString","coordinates":[[20.62233,43.46646],[20.62678,43.46422],[20.62734,43.46399],[20.62815,43.46378],[20.62888,43.46371],[20.62958,43.46373],[20.63314,43.46452],[20.63395,43.46463],[20.63494,43.46459],[20.63592,43.46439],[20.6364,43.46422],[20.64095,43.46208],[20.64386,43.46065],[20.6453,43.46002],[20.64603,43.45962]]}},{"type":"Feature","properties":{"kind":"rail"},"geometry":{"type":"LineString","coordinates":[[20.61358,43.49486],[20.61329,43.49475]]}},{"type":"Feature","properties":{"kind":"rail"},"geometry":{"type":"LineString","coordinates":[[20.61545,43.51386],[20.61486,43.5126]]}},{"type":"Feature","properties":{"kind":"rail"},"geometry":{"type":"LineString","coordinates":[[20.62198,43.46665],[20.62233,43.46646]]}},{"type":"Feature","properties":{"kind":"rail"},"geometry":{"type":"LineString","coordinates":[[20.61371,43.50831],[20.61406,43.50754],[20.61468,43.50687],[20.61513,43.50658],[20.61579,43.5063],[20.61712,43.50586],[20.61783,43.50547],[20.61821,43.50507]]}},{"type":"Feature","properties":{"kind":"rail"},"geometry":{"type":"LineString","coordinates":[[20.61486,43.5126],[20.61445,43.51172]]}},{"type":"Feature","properties":{"kind":"rail"},"geometry":{"type":"LineString","coordinates":[[20.61556,43.5141],[20.61545,43.51386]]}},{"type":"Feature","properties":{"kind":"rail"},"geometry":{"type":"LineString","coordinates":[[20.6641,43.42137],[20.66449,43.42062]]}},{"type":"Feature","properties":{"kind":"rail"},"geometry":{"type":"LineString","coordinates":[[20.66449,43.42062],[20.6647,43.42018],[20.6648,43.4195]]}},{"type":"Feature","properties":{"kind":"rail"},"geometry":{"type":"LineString","coordinates":[[20.66426,43.41624],[20.66405,43.41543]]}},{"type":"Feature","properties":{"kind":"rail"},"geometry":{"type":"LineString","coordinates":[[20.65331,43.39512],[20.65323,43.395]]}},{"type":"Feature","properties":{"kind":"rail"},"geometry":{"type":"LineString","coordinates":[[20.6562,43.40633],[20.6559,43.40526],[20.65585,43.40484],[20.65593,43.40414],[20.65636,43.40194],[20.65636,43.40085],[20.65621,43.40007],[20.65568,43.39875],[20.65331,43.39512]]}},{"type":"Feature","properties":{"kind":"rail"},"geometry":{"type":"LineString","coordinates":[[20.65323,43.395],[20.65216,43.39343],[20.65109,43.39228],[20.65012,43.39157],[20.64752,43.38993],[20.64705,43.38954],[20.64663,43.38898],[20.64494,43.38487],[20.64468,43.38437],[20.6443,43.38391],[20.64138,43.38135]]}},{"type":"Feature","properties":{"kind":"rail"},"geometry":{"type":"LineString","coordinates":[[20.66286,43.41392],[20.65997,43.41171],[20.65934,43.41113],[20.65695,43.40814]]}},{"type":"Feature","properties":{"kind":"rail"},"geometry":{"type":"LineString","coordinates":[[20.65631,43.40673],[20.6562,43.40633]]}},{"type":"Feature","properties":{"kind":"rail"},"geometry":{"type":"LineString","coordinates":[[20.64138,43.38135],[20.64128,43.38127]]}},{"type":"Feature","properties":{"kind":"rail"},"geometry":{"type":"LineString","coordinates":[[20.64018,43.36891],[20.64043,43.36879]]}},{"type":"Feature","properties":{"kind":"rail"},"geometry":{"type":"LineString","coordinates":[[20.64043,43.36879],[20.64184,43.36835],[20.64411,43.3681],[20.64484,43.36791]]}},{"type":"Feature","properties":{"kind":"rail"},"geometry":{"type":"LineString","coordinates":[[20.64484,43.36791],[20.64507,43.36784]]}},{"type":"Feature","properties":{"kind":"rail"},"geometry":{"type":"LineString","coordinates":[[20.64507,43.36784],[20.64684,43.36721],[20.64784,43.36675],[20.64861,43.36611],[20.64893,43.36551],[20.64952,43.36307],[20.64958,43.36258],[20.64955,43.3621],[20.64928,43.36146],[20.64899,43.36106],[20.64796,43.36013]]}},{"type":"Feature","properties":{"kind":"rail"},"geometry":{"type":"LineString","coordinates":[[20.64128,43.38127],[20.63791,43.37858],[20.63733,43.37802],[20.63683,43.37735],[20.63665,43.377],[20.63643,43.37636],[20.63633,43.37576],[20.63635,43.37502],[20.63663,43.37251],[20.63694,43.3716],[20.63722,43.37117],[20.63776,43.3706],[20.63943,43.36938],[20.64018,43.36891]]}},{"type":"Feature","properties":{"kind":"rail"},"geometry":{"type":"LineString","coordinates":[[20.64715,43.34401],[20.64716,43.34365],[20.64708,43.34322],[20.64676,43.34254]]}},{"type":"Feature","properties":{"kind":"rail"},"geometry":{"type":"LineString","coordinates":[[20.6411,43.33478],[20.64068,43.33567],[20.64046,43.33599],[20.63922,43.33725],[20.63894,43.3376],[20.63875,43.33799],[20.63865,43.33837],[20.63865,43.33875],[20.63872,43.33911],[20.63889,43.33948],[20.63916,43.33984],[20.63953,43.34015],[20.64034,43.34058],[20.64133,43.3408],[20.64392,43.34102],[20.64455,43.34118],[20.64581,43.34169],[20.6464,43.34213],[20.64668,43.34243]]}},{"type":"Feature","properties":{"kind":"rail"},"geometry":{"type":"LineString","coordinates":[[20.64711,43.34424],[20.64715,43.34401]]}},{"type":"Feature","properties":{"kind":"rail"},"geometry":{"type":"LineString","coordinates":[[20.63985,43.3303],[20.63995,43.33043]]}},{"type":"Feature","properties":{"kind":"rail"},"geometry":{"type":"LineString","coordinates":[[20.61714,43.29688],[20.61728,43.29707]]}},{"type":"Feature","properties":{"kind":"rail"},"geometry":{"type":"LineString","coordinates":[[20.61728,43.29707],[20.61869,43.29899]]}},{"type":"Feature","properties":{"kind":"rail"},"geometry":{"type":"LineString","coordinates":[[20.61855,43.2891],[20.6175,43.28983],[20.61679,43.29061],[20.61644,43.29108],[20.61621,43.29153],[20.61589,43.2924],[20.61582,43.2928],[20.61582,43.29373],[20.61603,43.2947],[20.61653,43.29595],[20.61714,43.29688]]}},{"type":"Feature","properties":{"kind":"rail"},"geometry":{"type":"LineString","coordinates":[[20.61869,43.29899],[20.61877,43.29911]]}},{"type":"Feature","properties":{"kind":"rail"},"geometry":{"type":"LineString","coordinates":[[20.61877,43.29911],[20.62013,43.30122],[20.62122,43.30364],[20.6223,43.30568],[20.62247,43.30606],[20.62258,43.30653],[20.62256,43.30706],[20.62241,43.30757],[20.62149,43.30923],[20.62104,43.31028],[20.6207,43.31288],[20.6206,43.31415],[20.62106,43.31616]]}},{"type":"Feature","properties":{"kind":"rail"},"geometry":{"type":"LineString","coordinates":[[20.63492,43.28236],[20.63208,43.28581],[20.63138,43.28638],[20.63041,43.28697],[20.62988,43.28722],[20.62851,43.28766],[20.62701,43.2879],[20.62164,43.28797],[20.6208,43.28805],[20.62006,43.28826],[20.61959,43.28847],[20.61855,43.2891]]}},{"type":"Feature","properties":{"kind":"rail"},"geometry":{"type":"LineString","coordinates":[[20.64375,43.2754],[20.6435,43.27558]]}},{"type":"Feature","properties":{"kind":"rail"},"geometry":{"type":"LineString","coordinates":[[20.65843,43.26604],[20.65797,43.26626],[20.65709,43.26652],[20.65237,43.26705],[20.65173,43.26721],[20.64968,43.26791],[20.64881,43.26832],[20.64806,43.26894],[20.64554,43.27171],[20.64516,43.27236],[20.64434,43.27472],[20.64409,43.27507],[20.64375,43.2754]]}},{"type":"Feature","properties":{"kind":"rail"},"geometry":{"type":"LineString","coordinates":[[20.68074,43.23741],[20.67807,43.23813],[20.67674,43.23834],[20.67512,43.23847]]}},{"type":"Feature","properties":{"kind":"rail"},"geometry":{"type":"LineString","coordinates":[[20.66283,43.25925],[20.66274,43.25941]]}},{"type":"Feature","properties":{"kind":"rail"},"geometry":{"type":"LineString","coordinates":[[20.68636,43.23578],[20.68605,43.23588]]}},{"type":"Feature","properties":{"kind":"rail"},"geometry":{"type":"LineString","coordinates":[[22.16797,43.32215],[22.1672,43.32239],[22.16659,43.32266],[22.16556,43.32329]]}},{"type":"Feature","properties":{"kind":"rail"},"geometry":{"type":"LineString","coordinates":[[22.1578,43.32943],[22.15215,43.33146],[22.15039,43.33186],[22.14691,43.3322],[22.13782,43.33343],[22.13543,43.33351],[22.13504,43.33358],[22.13435,43.33382],[22.13265,43.33475],[22.13211,43.33498],[22.12986,43.33548]]}},{"type":"Feature","properties":{"kind":"rail"},"geometry":{"type":"LineString","coordinates":[[22.43353,43.22636],[22.43327,43.22577]]}},{"type":"Feature","properties":{"kind":"rail"},"geometry":{"type":"LineString","coordinates":[[22.42277,43.22035],[22.41955,43.21945],[22.4188,43.2191],[22.41711,43.21805],[22.41648,43.2178],[22.41574,43.21765],[22.41508,43.21761],[22.41395,43.21773],[22.41332,43.21794],[22.41276,43.21821],[22.41225,43.21859],[22.4118,43.21908],[22.4115,43.21963],[22.41011,43.22366]]}},{"type":"Feature","properties":{"kind":"rail"},"geometry":{"type":"LineString","coordinates":[[22.7159,43.03502],[22.71577,43.03506]]}},{"type":"Feature","properties":{"kind":"rail"},"geometry":{"type":"LineString","coordinates":[[22.04701,43.37507],[22.04704,43.37536],[22.04857,43.37983]]}},{"type":"Feature","properties":{"kind":"rail"},"geometry":{"type":"LineString","coordinates":[[22.04696,43.37491],[22.04718,43.37535],[22.048,43.37778],[22.04841,43.37905],[22.04846,43.37942]]}},{"type":"Feature","properties":{"kind":"rail"},"geometry":{"type":"LineString","coordinates":[[22.10425,43.48574],[22.10805,43.48775],[22.11029,43.48882]]}},{"type":"Feature","properties":{"kind":"rail"},"geometry":{"type":"LineString","coordinates":[[22.23488,44.02601],[22.23768,44.02563]]}},{"type":"Feature","properties":{"kind":"rail"},"geometry":{"type":"LineString","coordinates":[[22.22602,44.02727],[22.2278,44.02691]]}},{"type":"Feature","properties":{"kind":"rail"},"geometry":{"type":"LineString","coordinates":[[22.24597,44.02524],[22.24784,44.02432]]}},{"type":"Feature","properties":{"kind":"rail"},"geometry":{"type":"LineString","coordinates":[[22.23327,44.0262],[22.23488,44.02601]]}},{"type":"Feature","properties":{"kind":"rail"},"geometry":{"type":"LineString","coordinates":[[22.24528,44.02558],[22.24597,44.02524]]}},{"type":"Feature","properties":{"kind":"rail"},"geometry":{"type":"LineString","coordinates":[[22.07248,44.1083],[22.07316,44.10696],[22.07354,44.10645],[22.07434,44.10557],[22.07486,44.10512],[22.07848,44.10241],[22.07888,44.10202],[22.07915,44.10162],[22.07947,44.1007],[22.07951,44.10026],[22.07946,44.09984],[22.07892,44.09776],[22.07889,44.09742],[22.07903,44.0967],[22.07949,44.09609],[22.08029,44.09537],[22.08073,44.09506],[22.08117,44.09485],[22.08196,44.09463],[22.08364,44.09432],[22.08511,44.09384],[22.08552,44.09361],[22.08654,44.09281],[22.08696,44.09227]]}},{"type":"Feature","properties":{"kind":"rail"},"geometry":{"type":"LineString","coordinates":[[22.06961,44.11433],[22.0699,44.11395],[22.07013,44.11351],[22.07248,44.1083]]}},{"type":"Feature","properties":{"kind":"rail"},"geometry":{"type":"LineString","coordinates":[[22.01813,44.1671],[22.01739,44.16305]]}},{"type":"Feature","properties":{"kind":"rail"},"geometry":{"type":"LineString","coordinates":[[22.02566,44.15194],[22.02666,44.15178],[22.02725,44.15177],[22.02987,44.15193],[22.03108,44.15189],[22.03227,44.15162],[22.03289,44.15134],[22.03337,44.15104],[22.03378,44.15072],[22.03441,44.14996],[22.03661,44.14587],[22.03739,44.14489],[22.04641,44.1387],[22.05059,44.13543],[22.05133,44.13476],[22.05159,44.13439],[22.05192,44.13371],[22.052,44.13331]]}},{"type":"Feature","properties":{"kind":"rail"},"geometry":{"type":"LineString","coordinates":[[22.05178,44.13006],[22.05186,44.12963],[22.05277,44.12678],[22.05336,44.12582],[22.05701,44.12216],[22.05781,44.12158],[22.0582,44.12138]]}},{"type":"Feature","properties":{"kind":"rail"},"geometry":{"type":"LineString","coordinates":[[22.01739,44.16305],[22.01738,44.16262],[22.01753,44.16201],[22.01771,44.16157],[22.01803,44.16107],[22.0189,44.16031],[22.02021,44.15941],[22.0207,44.15869],[22.02093,44.15789],[22.0208,44.15566],[22.02087,44.15518],[22.02107,44.15465],[22.02135,44.15421]]}},{"type":"Feature","properties":{"kind":"rail"},"geometry":{"type":"LineString","coordinates":[[22.02135,44.15421],[22.02172,44.15385],[22.02217,44.15356],[22.0247,44.15231],[22.02566,44.15194]]}},{"type":"Feature","properties":{"kind":"rail"},"geometry":{"type":"LineString","coordinates":[[22.052,44.13331],[22.05196,44.13247],[22.05176,44.13086],[22.05178,44.13006]]}},{"type":"Feature","properties":{"kind":"rail"},"geometry":{"type":"LineString","coordinates":[[22.01681,44.23178],[22.01811,44.23065]]}},{"type":"Feature","properties":{"kind":"rail"},"geometry":{"type":"LineString","coordinates":[[22.02259,44.22204],[22.02183,44.22112]]}},{"type":"Feature","properties":{"kind":"rail"},"geometry":{"type":"LineString","coordinates":[[22.00966,44.24074],[22.00982,44.2401],[22.00982,44.23846],[22.00999,44.23794]]}},{"type":"Feature","properties":{"kind":"rail"},"geometry":{"type":"LineString","coordinates":[[22.02183,44.22112],[22.02067,44.2194],[22.02021,44.21849],[22.02012,44.21803],[22.02011,44.21735],[22.02039,44.21357]]}},{"type":"Feature","properties":{"kind":"rail"},"geometry":{"type":"LineString","coordinates":[[22.00436,44.24838],[22.00453,44.24826]]}},{"type":"Feature","properties":{"kind":"rail"},"geometry":{"type":"LineString","coordinates":[[22.01811,44.23065],[22.02077,44.22842]]}},{"type":"Feature","properties":{"kind":"rail"},"geometry":{"type":"LineString","coordinates":[[22.01331,44.23484],[22.01541,44.23301]]}},{"type":"Feature","properties":{"kind":"rail"},"geometry":{"type":"LineString","coordinates":[[22.01209,44.23585],[22.01331,44.23484]]}},{"type":"Feature","properties":{"kind":"rail"},"geometry":{"type":"LineString","coordinates":[[22.00453,44.24826],[22.00517,44.24758],[22.00549,44.24697],[22.00563,44.24634],[22.00574,44.2449],[22.00602,44.2442],[22.00627,44.24384],[22.00686,44.24325],[22.00869,44.24207],[22.00928,44.24146]]}},{"type":"Feature","properties":{"kind":"rail"},"geometry":{"type":"LineString","coordinates":[[21.99817,44.26245],[21.999,44.26208],[21.99936,44.26185],[21.99987,44.26137]]}},{"type":"Feature","properties":{"kind":"rail"},"geometry":{"type":"LineString","coordinates":[[21.99987,44.26137],[22.00002,44.26118]]}},{"type":"Feature","properties":{"kind":"rail"},"geometry":{"type":"LineString","coordinates":[[22.00211,44.25416],[22.00226,44.25489]]}},{"type":"Feature","properties":{"kind":"rail"},"geometry":{"type":"LineString","coordinates":[[22.00186,44.25359],[22.00211,44.25416]]}},{"type":"Feature","properties":{"kind":"rail"},"geometry":{"type":"LineString","coordinates":[[22.00053,44.26049],[22.00167,44.259],[22.00217,44.25795],[22.00233,44.25743],[22.00246,44.25638],[22.00245,44.256],[22.00226,44.25489]]}},{"type":"Feature","properties":{"kind":"rail"},"geometry":{"type":"LineString","coordinates":[[21.95586,44.29381],[21.95577,44.29283],[21.95579,44.29236],[21.95597,44.29157],[21.95636,44.29082],[21.95766,44.28937],[21.95821,44.28865],[21.95843,44.28802],[21.95844,44.2876],[21.95839,44.2873],[21.95811,44.2866],[21.95762,44.28592],[21.95619,44.28479],[21.95585,44.28444],[21.95546,44.28388]]}},{"type":"Feature","properties":{"kind":"rail"},"geometry":{"type":"LineString","coordinates":[[21.95595,44.29496],[21.95586,44.29381]]}},{"type":"Feature","properties":{"kind":"rail"},"geometry":{"type":"LineString","coordinates":[[21.94458,44.31044],[21.94609,44.30903],[21.94634,44.30873],[21.94675,44.30799]]}},{"type":"Feature","properties":{"kind":"rail"},"geometry":{"type":"LineString","coordinates":[[21.94389,44.3113],[21.94401,44.31112]]}},{"type":"Feature","properties":{"kind":"rail"},"geometry":{"type":"LineString","coordinates":[[21.95556,44.29714],[21.95577,44.29676]]}},{"type":"Feature","properties":{"kind":"rail"},"geometry":{"type":"LineString","coordinates":[[21.95577,44.29676],[21.95595,44.29614],[21.95599,44.29572],[21.95595,44.29496]]}},{"type":"Feature","properties":{"kind":"rail"},"geometry":{"type":"LineString","coordinates":[[21.94024,44.32179],[21.94253,44.31499]]}},{"type":"Feature","properties":{"kind":"rail"},"geometry":{"type":"LineString","coordinates":[[21.90987,44.35368],[21.90923,44.35246]]}},{"type":"Feature","properties":{"kind":"rail"},"geometry":{"type":"LineString","coordinates":[[21.90981,44.3474],[21.91094,44.34636]]}},{"type":"Feature","properties":{"kind":"rail"},"geometry":{"type":"LineString","coordinates":[[21.93565,44.32883],[21.93627,44.32854]]}},{"type":"Feature","properties":{"kind":"rail"},"geometry":{"type":"LineString","coordinates":[[21.91096,44.35973],[21.91126,44.3569],[21.9112,44.35621],[21.91093,44.35552],[21.91026,44.35438]]}},{"type":"Feature","properties":{"kind":"rail"},"geometry":{"type":"LineString","coordinates":[[21.94015,44.32206],[21.94045,44.32134],[21.94177,44.31742],[21.94197,44.31704],[21.94239,44.31577],[21.94253,44.31499]]}},{"type":"Feature","properties":{"kind":"rail"},"geometry":{"type":"LineString","coordinates":[[21.91006,44.36195],[21.91019,44.36169]]}},{"type":"Feature","properties":{"kind":"rail"},"geometry":{"type":"LineString","coordinates":[[21.90975,44.3628],[21.91006,44.36195]]}},{"type":"Feature","properties":{"kind":"rail"},"geometry":{"type":"LineString","coordinates":[[21.90995,44.35381],[21.90987,44.35368]]}},{"type":"Feature","properties":{"kind":"rail"},"geometry":{"type":"LineString","coordinates":[[21.92566,44.33561],[21.92657,44.33501]]}},{"type":"Feature","properties":{"kind":"rail"},"geometry":{"type":"LineString","coordinates":[[21.94009,44.32221],[21.94015,44.32206]]}},{"type":"Feature","properties":{"kind":"rail"},"geometry":{"type":"LineString","coordinates":[[21.93627,44.32854],[21.93753,44.32782],[21.93787,44.32752],[21.93841,44.32687],[21.93874,44.32615]]}},{"type":"Feature","properties":{"kind":"rail"},"geometry":{"type":"LineString","coordinates":[[21.91019,44.36169],[21.9105,44.36108]]}},{"type":"Feature","properties":{"kind":"rail"},"geometry":{"type":"LineString","coordinates":[[21.92657,44.33501],[21.92861,44.33352],[21.93291,44.33166]]}},{"type":"Feature","properties":{"kind":"rail"},"geometry":{"type":"LineString","coordinates":[[21.90743,44.3671],[21.90889,44.36578],[21.90927,44.36523],[21.90949,44.36459],[21.90975,44.3628]]}},{"type":"Feature","properties":{"kind":"rail"},"geometry":{"type":"LineString","coordinates":[[21.90923,44.35246],[21.90877,44.3516],[21.90854,44.3508],[21.90851,44.35002],[21.90871,44.34908]]}},{"type":"Feature","properties":{"kind":"rail"},"geometry":{"type":"LineString","coordinates":[[21.91026,44.35438],[21.90995,44.35381]]}},{"type":"Feature","properties":{"kind":"rail"},"geometry":{"type":"LineString","coordinates":[[21.90578,44.36889],[21.90508,44.36969],[21.90449,44.37013],[21.90094,44.372]]}},{"type":"Feature","properties":{"kind":"rail"},"geometry":{"type":"LineString","coordinates":[[21.81914,44.48686],[21.81863,44.48745],[21.81791,44.488],[21.81706,44.48842],[21.81601,44.48863],[21.81549,44.48865],[21.81402,44.48845],[21.81188,44.48779],[21.81071,44.4875]]}},{"type":"Feature","properties":{"kind":"rail"},"geometry":{"type":"LineString","coordinates":[[21.83245,44.4712],[21.83241,44.47132]]}},{"type":"Feature","properties":{"kind":"rail"},"geometry":{"type":"LineString","coordinates":[[21.81948,44.48658],[21.82345,44.48193]]}},{"type":"Feature","properties":{"kind":"rail"},"geometry":{"type":"LineString","coordinates":[[21.82371,44.48153],[21.81944,44.48654]]}},{"type":"Feature","properties":{"kind":"rail"},"geometry":{"type":"LineString","coordinates":[[21.83258,44.47069],[21.83245,44.4712]]}},{"type":"Feature","properties":{"kind":"rail"},"geometry":{"type":"LineString","coordinates":[[21.85643,44.4385],[21.85641,44.43901]]}},{"type":"Feature","properties":{"kind":"rail"},"geometry":{"type":"LineString","coordinates":[[21.85641,44.43901],[21.85641,44.43911]]}},{"type":"Feature","properties":{"kind":"rail"},"geometry":{"type":"LineString","coordinates":[[21.81914,44.48686],[21.81982,44.48625],[21.82045,44.48552],[21.82319,44.48231],[21.82394,44.48124]]}},{"type":"Feature","properties":{"kind":"rail"},"geometry":{"type":"LineString","coordinates":[[21.81071,44.4875],[21.8102,44.48739]]}},{"type":"Feature","properties":{"kind":"rail"},"geometry":{"type":"LineString","coordinates":[[21.8102,44.48739],[21.80861,44.48711],[21.80686,44.4869],[21.80587,44.48662],[21.80457,44.486]]}},{"type":"Feature","properties":{"kind":"rail"},"geometry":{"type":"LineString","coordinates":[[21.73857,44.46625],[21.74486,44.47055],[21.74699,44.47193]]}},{"type":"Feature","properties":{"kind":"rail"},"geometry":{"type":"LineString","coordinates":[[21.67948,44.46994],[21.67125,44.47466]]}},{"type":"Feature","properties":{"kind":"rail"},"geometry":{"type":"LineString","coordinates":[[21.67778,44.47098],[21.67655,44.47183]]}},{"type":"Feature","properties":{"kind":"rail"},"geometry":{"type":"LineString","coordinates":[[21.66609,44.47762],[21.66591,44.47772]]}},{"type":"Feature","properties":{"kind":"rail"},"geometry":{"type":"LineString","coordinates":[[21.66591,44.47772],[21.6652,44.47808]]}},{"type":"Feature","properties":{"kind":"rail"},"geometry":{"type":"LineString","coordinates":[[21.6652,44.47808],[21.665,44.47817]]}},{"type":"Feature","properties":{"kind":"rail"},"geometry":{"type":"LineString","coordinates":[[21.665,44.47817],[21.66375,44.47857],[21.66235,44.47882],[21.66093,44.47886],[21.65651,44.4787],[21.6554,44.47881],[21.65346,44.47914]]}},{"type":"Feature","properties":{"kind":"rail"},"geometry":{"type":"LineString","coordinates":[[21.59247,44.53361],[21.59664,44.52961]]}},{"type":"Feature","properties":{"kind":"rail"},"geometry":{"type":"LineString","coordinates":[[21.5969,44.52932],[21.59647,44.52985],[21.59298,44.53321],[21.59224,44.53383]]}},{"type":"Feature","properties":{"kind":"rail"},"geometry":{"type":"LineString","coordinates":[[21.31314,44.66964],[21.31323,44.66979]]}},{"type":"Feature","properties":{"kind":"rail"},"geometry":{"type":"LineString","coordinates":[[21.35479,44.66656],[21.35541,44.6663],[21.35663,44.66561],[21.35774,44.66473],[21.35838,44.66406],[21.359,44.66323],[21.35947,44.6624],[21.35955,44.66215]]}},{"type":"Feature","properties":{"kind":"rail"},"geometry":{"type":"LineString","coordinates":[[21.31636,44.67569],[21.31817,44.67912],[21.31911,44.68046],[21.32044,44.68201],[21.32568,44.68695],[21.32669,44.68754],[21.32766,44.68794],[21.32853,44.6882],[21.33028,44.68849],[21.33123,44.68848],[21.33325,44.68828],[21.33487,44.68778],[21.33854,44.68568],[21.33986,44.68457],[21.34055,44.68367],[21.34093,44.68279],[21.34104,44.68239],[21.34112,44.68172],[21.34107,44.68086],[21.34094,44.68041]]}},{"type":"Feature","properties":{"kind":"rail"},"geometry":{"type":"LineString","coordinates":[[21.18037,44.60828],[21.16226,44.6027],[21.16125,44.60232],[21.15987,44.6016],[21.15414,44.59803],[21.15304,44.59748],[21.15037,44.59638],[21.14502,44.59464],[21.144,44.59424],[21.14309,44.5938],[21.13231,44.58717],[21.13184,44.5868],[21.13137,44.58628]]}},{"type":"Feature","properties":{"kind":"rail"},"geometry":{"type":"LineString","coordinates":[[20.75095,44.5795],[20.76005,44.58034],[20.76194,44.58066],[20.76352,44.58122],[20.76426,44.58157],[20.76653,44.58284],[20.76816,44.5836],[20.76951,44.58399],[20.7709,44.5842],[20.77832,44.58446],[20.79425,44.58368],[20.79585,44.58365],[20.79777,44.58382],[20.799,44.58407],[20.82333,44.59013],[20.82522,44.59047],[20.82739,44.59062],[20.84409,44.59067],[20.86034,44.59204],[20.86219,44.59204],[20.86395,44.59185],[20.8656,44.5915],[20.86641,44.59126],[20.86805,44.59064],[20.87975,44.58576],[20.88063,44.58546],[20.88218,44.58505],[20.90684,44.58045],[20.90915,44.58023],[20.92299,44.58059],[20.92536,44.58086],[20.92662,44.58113],[20.92775,44.5815],[20.93327,44.58371],[20.9349,44.58429],[20.93624,44.58463],[20.93754,44.58486],[20.94533,44.58541],[20.96535,44.58664],[20.97026,44.58702]]}},{"type":"Feature","properties":{"kind":"rail"},"geometry":{"type":"LineString","coordinates":[[20.61817,44.57553],[20.61824,44.57549]]}},{"type":"Feature","properties":{"kind":"rail"},"geometry":{"type":"LineString","coordinates":[[20.61042,44.58042],[20.6112,44.57946],[20.61183,44.57894],[20.61817,44.57553]]}},{"type":"Feature","properties":{"kind":"rail"},"geometry":{"type":"LineString","coordinates":[[20.60471,44.58595],[20.60479,44.58583]]}},{"type":"Feature","properties":{"kind":"rail"},"geometry":{"type":"LineString","coordinates":[[20.60479,44.58583],[20.60564,44.58433],[20.60634,44.58356],[20.60699,44.58308],[20.60866,44.58222],[20.60917,44.58187],[20.61042,44.58042]]}},{"type":"Feature","properties":{"kind":"rail"},"geometry":{"type":"LineString","coordinates":[[20.58166,44.67871],[20.5821,44.67831]]}},{"type":"Feature","properties":{"kind":"rail"},"geometry":{"type":"LineString","coordinates":[[20.5648,44.70499],[20.56535,44.70438],[20.56554,44.70398],[20.56583,44.70292],[20.56605,44.70251],[20.56631,44.70218],[20.56664,44.7019],[20.56745,44.70143],[20.56791,44.70126],[20.56838,44.70113],[20.5703,44.70083],[20.57088,44.70067],[20.57178,44.70026],[20.5724,44.69981],[20.57287,44.6992],[20.57311,44.69856],[20.57311,44.69796],[20.57292,44.6968],[20.57293,44.6965],[20.573,44.69612],[20.57339,44.69538],[20.57401,44.69477],[20.57437,44.69454],[20.5759,44.6938],[20.57642,44.69348],[20.57715,44.69279],[20.57742,44.69244],[20.57782,44.69171],[20.57795,44.69127],[20.57803,44.69062],[20.57805,44.68852],[20.57823,44.68781],[20.57842,44.68737],[20.57879,44.68674],[20.57908,44.68638],[20.58128,44.68386],[20.58163,44.68317],[20.5817,44.68283],[20.58165,44.68211],[20.58119,44.68105],[20.58102,44.68037],[20.58103,44.67999],[20.58112,44.67963],[20.58128,44.67926],[20.58166,44.67871]]}},{"type":"Feature","properties":{"kind":"rail"},"geometry":{"type":"LineString","coordinates":[[20.56466,44.70512],[20.5648,44.70499]]}},{"type":"Feature","properties":{"kind":"rail"},"geometry":{"type":"LineString","coordinates":[[20.51195,44.65962],[20.51307,44.65949]]}},{"type":"Feature","properties":{"kind":"rail"},"geometry":{"type":"LineString","coordinates":[[20.4509,44.70157],[20.45148,44.70089]]}},{"type":"Feature","properties":{"kind":"rail"},"geometry":{"type":"LineString","coordinates":[[20.53491,44.60604],[20.53518,44.60554],[20.5353,44.60514],[20.53534,44.60461]]}},{"type":"Feature","properties":{"kind":"rail"},"geometry":{"type":"LineString","coordinates":[[20.53441,44.60691],[20.53491,44.60604]]}},{"type":"Feature","properties":{"kind":"rail"},"geometry":{"type":"LineString","coordinates":[[20.53906,44.57272],[20.54074,44.57151]]}},{"type":"Feature","properties":{"kind":"rail"},"geometry":{"type":"LineString","coordinates":[[20.54074,44.57151],[20.5419,44.5708],[20.54287,44.57051],[20.54342,44.57043],[20.5446,44.57046],[20.54664,44.57096],[20.54711,44.57102]]}},{"type":"Feature","properties":{"kind":"rail"},"geometry":{"type":"LineString","coordinates":[[20.59748,44.53696],[20.59752,44.53687]]}},{"type":"Feature","properties":{"kind":"rail"},"geometry":{"type":"LineString","coordinates":[[20.59752,44.53687],[20.59892,44.53372],[20.59925,44.53321],[20.59995,44.53237],[20.60093,44.53153],[20.60627,44.52767]]}},{"type":"Feature","properties":{"kind":"rail"},"geometry":{"type":"LineString","coordinates":[[20.66367,44.47525],[20.66368,44.47514]]}},{"type":"Feature","properties":{"kind":"rail"},"geometry":{"type":"LineString","coordinates":[[20.66368,44.47458],[20.66326,44.47096],[20.66323,44.46992],[20.6633,44.46957],[20.66357,44.46868],[20.66603,44.4623],[20.66641,44.46156],[20.66698,44.46082],[20.66773,44.46017],[20.66876,44.45954],[20.673,44.45729],[20.67391,44.45661],[20.67479,44.45571],[20.67934,44.45065],[20.68107,44.44827],[20.68166,44.44758]]}},{"type":"Feature","properties":{"kind":"rail"},"geometry":{"type":"LineString","coordinates":[[20.68166,44.44758],[20.68175,44.44749]]}},{"type":"Feature","properties":{"kind":"rail"},"geometry":{"type":"LineString","coordinates":[[21.16135,44.10665],[21.16304,44.10564],[21.1642,44.10471],[21.16518,44.10357],[21.16557,44.10294],[21.1659,44.10224],[21.16614,44.10144],[21.16624,44.10067],[21.16624,44.10001],[21.1661,44.09905],[21.16538,44.09624],[21.1653,44.0948],[21.16545,44.09389],[21.16582,44.09289],[21.16631,44.09202],[21.16699,44.09116],[21.16771,44.09049],[21.16881,44.08969],[21.1855,44.08018]]}},{"type":"Feature","properties":{"kind":"rail"},"geometry":{"type":"LineString","coordinates":[[21.19571,44.06912],[21.19773,44.06706],[21.19861,44.06626],[21.20013,44.06505],[21.20106,44.06444],[21.20201,44.0639],[21.20371,44.06311],[21.21023,44.06065]]}},{"type":"Feature","properties":{"kind":"rail"},"geometry":{"type":"LineString","coordinates":[[21.19575,44.06913],[21.19867,44.06627],[21.20019,44.06507],[21.20109,44.06447],[21.20202,44.06395],[21.20375,44.06314],[21.21028,44.06068]]}},{"type":"Feature","properties":{"kind":"rail"},"geometry":{"type":"LineString","coordinates":[[21.18537,44.08019],[21.18578,44.07995]]}},{"type":"Feature","properties":{"kind":"rail"},"geometry":{"type":"LineString","coordinates":[[21.1855,44.08018],[21.18582,44.07999]]}},{"type":"Feature","properties":{"kind":"rail"},"geometry":{"type":"LineString","coordinates":[[20.98063,44.05922],[20.97656,44.05542],[20.97362,44.05206],[20.97273,44.05128],[20.97139,44.05028],[20.97049,44.04948],[20.96984,44.04865],[20.96944,44.04795]]}},{"type":"Feature","properties":{"kind":"rail"},"geometry":{"type":"LineString","coordinates":[[20.96925,44.04757],[20.96863,44.04627],[20.96776,44.04335],[20.96731,44.04249],[20.96698,44.04206],[20.96652,44.04158],[20.95745,44.03348],[20.95652,44.03249],[20.95447,44.02988],[20.95399,44.02938],[20.95321,44.02879],[20.95238,44.02829],[20.94536,44.02489],[20.9442,44.02425],[20.94076,44.02177],[20.93536,44.01774],[20.93433,44.0168],[20.93364,44.01588],[20.9332,44.01513]]}},{"type":"Feature","properties":{"kind":"rail"},"geometry":{"type":"LineString","coordinates":[[20.96944,44.04795],[20.96925,44.04757]]}},{"type":"Feature","properties":{"kind":"rail"},"geometry":{"type":"LineString","coordinates":[[20.91246,44.00831],[20.91158,44.00805]]}},{"type":"Feature","properties":{"kind":"rail"},"geometry":{"type":"LineString","coordinates":[[20.91255,44.00833],[20.91246,44.00831]]}},{"type":"Feature","properties":{"kind":"rail"},"geometry":{"type":"LineString","coordinates":[[20.8183,43.97272],[20.81812,43.97267]]}},{"type":"Feature","properties":{"kind":"rail"},"geometry":{"type":"LineString","coordinates":[[20.8263,43.97294],[20.82616,43.97295]]}},{"type":"Feature","properties":{"kind":"rail"},"geometry":{"type":"LineString","coordinates":[[20.82616,43.97295],[20.82331,43.97327],[20.82208,43.97331],[20.82114,43.97327],[20.81964,43.97307],[20.8183,43.97272]]}},{"type":"Feature","properties":{"kind":"rail"},"geometry":{"type":"LineString","coordinates":[[20.80473,43.95324],[20.80427,43.95291]]}},{"type":"Feature","properties":{"kind":"rail"},"geometry":{"type":"LineString","coordinates":[[20.80483,43.95332],[20.80473,43.95324]]}},{"type":"Feature","properties":{"kind":"rail"},"geometry":{"type":"LineString","coordinates":[[20.77569,43.94853],[20.77464,43.94825],[20.77351,43.94767]]}},{"type":"Feature","properties":{"kind":"rail"},"geometry":{"type":"LineString","coordinates":[[20.76447,43.9407],[20.76247,43.93993],[20.76141,43.93945],[20.74916,43.9332],[20.74715,43.93219],[20.7467,43.93202],[20.74526,43.93121],[20.74406,43.93021]]}},{"type":"Feature","properties":{"kind":"rail"},"geometry":{"type":"LineString","coordinates":[[20.77351,43.94767],[20.77339,43.94757]]}},{"type":"Feature","properties":{"kind":"rail"},"geometry":{"type":"LineString","coordinates":[[20.76522,43.89644],[20.7693,43.89002]]}},{"type":"Feature","properties":{"kind":"rail"},"geometry":{"type":"LineString","coordinates":[[20.76515,43.89656],[20.76522,43.89644]]}},{"type":"Feature","properties":{"kind":"rail"},"geometry":{"type":"LineString","coordinates":[[20.74393,43.93011],[20.73987,43.92658],[20.73937,43.92577],[20.73929,43.92548],[20.73927,43.92488],[20.73948,43.92421],[20.73968,43.92388],[20.74359,43.91919],[20.74408,43.91877],[20.74467,43.9184],[20.74528,43.91814],[20.74641,43.91784]]}},{"type":"Feature","properties":{"kind":"rail"},"geometry":{"type":"LineString","coordinates":[[20.74406,43.93021],[20.74393,43.93011]]}},{"type":"Feature","properties":{"kind":"rail"},"geometry":{"type":"LineString","coordinates":[[20.7693,43.89002],[20.76938,43.8899]]}},{"type":"Feature","properties":{"kind":"rail"},"geometry":{"type":"LineString","coordinates":[[20.7466,43.91781],[20.754,43.91718],[20.7552,43.91689],[20.75612,43.91649],[20.75701,43.91583],[20.75742,43.91536],[20.75781,43.91476],[20.76055,43.91029],[20.76079,43.90984],[20.7611,43.9088]]}},{"type":"Feature","properties":{"kind":"rail"},"geometry":{"type":"LineString","coordinates":[[20.74641,43.91784],[20.7466,43.91781]]}},{"type":"Feature","properties":{"kind":"rail"},"geometry":{"type":"LineString","coordinates":[[20.76938,43.8899],[20.77026,43.88842],[20.77051,43.88767],[20.77051,43.8868],[20.77012,43.88461],[20.77014,43.8836],[20.77024,43.88313],[20.77068,43.88213],[20.77262,43.87883],[20.77295,43.87775],[20.77296,43.87612],[20.77278,43.87313],[20.77269,43.87184],[20.7725,43.8713],[20.77221,43.8708],[20.77187,43.87037],[20.76656,43.86546],[20.76595,43.865],[20.75966,43.8613],[20.75932,43.861],[20.75905,43.86065],[20.75879,43.86018],[20.75868,43.85976],[20.75872,43.85894],[20.75891,43.8585],[20.75918,43.85808],[20.75992,43.85742],[20.76087,43.85698],[20.76296,43.85652],[20.76345,43.85634],[20.76433,43.85586]]}},{"type":"Feature","properties":{"kind":"rail"},"geometry":{"type":"LineString","coordinates":[[20.78681,43.80787],[20.78752,43.80688],[20.78784,43.80595],[20.78787,43.80546],[20.7878,43.80474],[20.78739,43.80313],[20.78729,43.80234],[20.78743,43.80138],[20.78811,43.7989]]}},{"type":"Feature","properties":{"kind":"rail"},"geometry":{"type":"LineString","coordinates":[[20.80286,43.77518],[20.80289,43.77505]]}},{"type":"Feature","properties":{"kind":"rail"},"geometry":{"type":"LineString","coordinates":[[20.80562,43.76108],[20.80554,43.76031]]}},{"type":"Feature","properties":{"kind":"rail"},"geometry":{"type":"LineString","coordinates":[[20.80553,43.76016],[20.80508,43.75416]]}},{"type":"Feature","properties":{"kind":"rail"},"geometry":{"type":"LineString","coordinates":[[20.78811,43.7989],[20.78814,43.79881]]}},{"type":"Feature","properties":{"kind":"rail"},"geometry":{"type":"LineString","coordinates":[[20.78228,43.82865],[20.78227,43.82852]]}},{"type":"Feature","properties":{"kind":"rail"},"geometry":{"type":"LineString","coordinates":[[20.80289,43.77505],[20.80323,43.77152],[20.80335,43.77096],[20.80364,43.7703],[20.804,43.76969],[20.80444,43.76913],[20.80681,43.76646],[20.80727,43.76568],[20.80737,43.76524],[20.80742,43.76487],[20.80733,43.76438],[20.8071,43.76387],[20.80604,43.76218],[20.80579,43.76166]]}},{"type":"Feature","properties":{"kind":"rail"},"geometry":{"type":"LineString","coordinates":[[20.80554,43.76031],[20.80553,43.76016]]}},{"type":"Feature","properties":{"kind":"rail"},"geometry":{"type":"LineString","coordinates":[[20.7827,43.81524],[20.78277,43.8151]]}},{"type":"Feature","properties":{"kind":"rail"},"geometry":{"type":"LineString","coordinates":[[20.78227,43.82852],[20.78166,43.82409],[20.78144,43.82327],[20.78071,43.82115],[20.78052,43.8203],[20.78064,43.81954],[20.78082,43.81912],[20.7827,43.81524]]}},{"type":"Feature","properties":{"kind":"rail"},"geometry":{"type":"LineString","coordinates":[[20.78945,43.79581],[20.79108,43.78898]]}},{"type":"Feature","properties":{"kind":"rail"},"geometry":{"type":"LineString","coordinates":[[20.80508,43.75416],[20.80507,43.75399]]}},{"type":"Feature","properties":{"kind":"rail"},"geometry":{"type":"LineString","coordinates":[[20.80365,43.73491],[20.80374,43.73363],[20.80353,43.73105],[20.80328,43.72995],[20.80306,43.72932],[20.8027,43.72858],[20.80218,43.72776],[20.80124,43.72663],[20.7986,43.7244],[20.7983,43.72406],[20.79798,43.72343]]}},{"type":"Feature","properties":{"kind":"rail"},"geometry":{"type":"LineString","coordinates":[[20.79798,43.72343],[20.79794,43.72333]]}},{"type":"Feature","properties":{"kind":"rail"},"geometry":{"type":"LineString","coordinates":[[20.80507,43.75399],[20.80402,43.74099],[20.80363,43.73512]]}},{"type":"Feature","properties":{"kind":"rail"},"geometry":{"type":"LineString","coordinates":[[20.79794,43.72333],[20.79717,43.72038],[20.79727,43.71954],[20.79776,43.71858],[20.79793,43.71815],[20.79797,43.7178],[20.79795,43.71741],[20.79784,43.71702],[20.79756,43.7165]]}},{"type":"Feature","properties":{"kind":"rail"},"geometry":{"type":"LineString","coordinates":[[20.80363,43.73512],[20.80365,43.73491]]}},{"type":"Feature","properties":{"kind":"rail"},"geometry":{"type":"LineString","coordinates":[[20.76957,43.72263],[20.76831,43.72308],[20.76512,43.72453]]}},{"type":"Feature","properties":{"kind":"rail"},"geometry":{"type":"LineString","coordinates":[[20.76971,43.72259],[20.76957,43.72263]]}},{"type":"Feature","properties":{"kind":"rail"},"geometry":{"type":"LineString","coordinates":[[20.7583,43.7271],[20.75813,43.72714]]}},{"type":"Feature","properties":{"kind":"rail"},"geometry":{"type":"LineString","coordinates":[[20.76298,43.7255],[20.76276,43.72559]]}},{"type":"Feature","properties":{"kind":"rail"},"geometry":{"type":"LineString","coordinates":[[20.77933,43.71869],[20.77919,43.71875]]}},{"type":"Feature","properties":{"kind":"rail"},"geometry":{"type":"LineString","coordinates":[[20.77919,43.71875],[20.77464,43.72067],[20.77267,43.72169],[20.76971,43.72259]]}},{"type":"Feature","properties":{"kind":"rail"},"geometry":{"type":"LineString","coordinates":[[20.76276,43.72559],[20.7583,43.7271]]}},{"type":"Feature","properties":{"kind":"rail"},"geometry":{"type":"LineString","coordinates":[[20.75479,43.72803],[20.7521,43.72878],[20.75056,43.72959],[20.74874,43.73023],[20.74699,43.73106],[20.74642,43.73122],[20.74506,43.73131]]}},{"type":"Feature","properties":{"kind":"rail"},"geometry":{"type":"LineString","coordinates":[[20.97896,43.61987],[20.97881,43.62004]]}},{"type":"Feature","properties":{"kind":"rail"},"geometry":{"type":"LineString","coordinates":[[20.97881,43.62004],[20.97828,43.6207],[20.97689,43.62303],[20.97619,43.62401],[20.97183,43.62875],[20.97075,43.62951],[20.97006,43.62984],[20.96556,43.63156]]}},{"type":"Feature","properties":{"kind":"rail"},"geometry":{"type":"LineString","coordinates":[[20.96556,43.63156],[20.9652,43.63169]]}},{"type":"Feature","properties":{"kind":"rail"},"geometry":{"type":"LineString","coordinates":[[20.9652,43.63169],[20.96298,43.6325],[20.9624,43.63267],[20.96132,43.63285],[20.94215,43.63429],[20.94057,43.63461],[20.93295,43.63683],[20.93075,43.63757]]}},{"type":"Feature","properties":{"kind":"rail"},"geometry":{"type":"LineString","coordinates":[[21.26341,43.98231],[21.27202,43.97786]]}},{"type":"Feature","properties":{"kind":"rail"},"geometry":{"type":"LineString","coordinates":[[21.24904,43.9896],[21.24861,43.98982]]}},{"type":"Feature","properties":{"kind":"rail"},"geometry":{"type":"LineString","coordinates":[[21.25788,43.98517],[21.25194,43.9881],[21.24904,43.9896]]}},{"type":"Feature","properties":{"kind":"rail"},"geometry":{"type":"LineString","coordinates":[[19.64327,45.52711],[19.64354,45.52649]]}},{"type":"Feature","properties":{"kind":"rail"},"geometry":{"type":"LineString","coordinates":[[19.40179,45.67749],[19.40174,45.676],[19.40188,45.67521],[19.40208,45.67455],[19.4024,45.674],[19.40292,45.67337],[19.40397,45.67256],[19.40965,45.66983],[19.41024,45.66948],[19.41124,45.66863],[19.41355,45.6663],[19.41468,45.66526],[19.41532,45.66482],[19.41623,45.66432],[19.41813,45.66357],[19.43021,45.65934]]}},{"type":"Feature","properties":{"kind":"rail"},"geometry":{"type":"LineString","coordinates":[[19.40179,45.6778],[19.40179,45.67749]]}},{"type":"Feature","properties":{"kind":"rail"},"geometry":{"type":"LineString","coordinates":[[19.62483,44.98337],[19.62832,44.9837]]}},{"type":"Feature","properties":{"kind":"rail"},"geometry":{"type":"LineString","coordinates":[[20.42488,44.80389],[20.42335,44.80443],[20.41874,44.80654]]}},{"type":"Feature","properties":{"kind":"rail"},"geometry":{"type":"LineString","coordinates":[[19.6703,45.46636],[19.66748,45.47249],[19.66363,45.48112]]}},{"type":"Feature","properties":{"kind":"rail"},"geometry":{"type":"LineString","coordinates":[[20.13425,44.99121],[20.1312,44.99539]]}},{"type":"Feature","properties":{"kind":"rail"},"geometry":{"type":"LineString","coordinates":[[19.83439,44.98943],[19.84059,44.98957],[19.85489,44.98965],[19.85801,44.98951],[19.8611,44.98916],[19.86295,44.98887],[19.88681,44.98449],[19.92313,44.97775],[19.92665,44.97724],[19.93008,44.97688],[19.93361,44.97666],[19.93746,44.97657],[19.93992,44.97661],[19.94404,44.97684],[19.94738,44.97714],[19.95068,44.97758],[19.95439,44.97819],[19.95677,44.97865]]}},{"type":"Feature","properties":{"kind":"rail"},"geometry":{"type":"LineString","coordinates":[[20.13919,44.98409],[20.14137,44.9811],[20.14328,44.97881],[20.14436,44.97762],[20.14632,44.97571],[20.14871,44.97364],[20.15103,44.97186],[20.15291,44.97053],[20.15507,44.96911],[20.15758,44.96763],[20.16062,44.96594],[20.18851,44.95067],[20.19084,44.94934],[20.2117,44.93642],[20.22046,44.93116],[20.26474,44.90357]]}},{"type":"Feature","properties":{"kind":"rail"},"geometry":{"type":"LineString","coordinates":[[19.21529,45.12087],[19.19315,45.13244],[19.1644,45.14735]]}},{"type":"Feature","properties":{"kind":"rail"},"geometry":{"type":"LineString","coordinates":[[22.76495,43.01119],[22.76162,43.01031],[22.75917,43.00997]]}},{"type":"Feature","properties":{"kind":"rail"},"geometry":{"type":"LineString","coordinates":[[21.88608,43.31442],[21.88339,43.31613],[21.88263,43.31643],[21.88164,43.31661]]}},{"type":"Feature","properties":{"kind":"rail"},"geometry":{"type":"LineString","coordinates":[[21.24197,44.65017],[21.24243,44.65028]]}},{"type":"Feature","properties":{"kind":"rail"},"geometry":{"type":"LineString","coordinates":[[21.24445,44.65073],[21.2446,44.65077]]}},{"type":"Feature","properties":{"kind":"rail"},"geometry":{"type":"LineString","coordinates":[[21.24243,44.65028],[21.24445,44.65073]]}},{"type":"Feature","properties":{"kind":"rail"},"geometry":{"type":"LineString","coordinates":[[21.2446,44.65077],[21.24667,44.6511],[21.24934,44.65139],[21.26328,44.65139],[21.26436,44.65141],[21.26516,44.65151],[21.26609,44.65168],[21.29893,44.65924],[21.30142,44.6601],[21.30304,44.66081],[21.30482,44.66164],[21.30702,44.66295],[21.30892,44.66441],[21.31138,44.66698],[21.31238,44.66839],[21.31314,44.66964]]}},{"type":"Feature","properties":{"kind":"rail"},"geometry":{"type":"LineString","coordinates":[[21.1301,44.58408],[21.13028,44.58438]]}},{"type":"Feature","properties":{"kind":"rail"},"geometry":{"type":"LineString","coordinates":[[21.13137,44.58628],[21.13116,44.58591]]}},{"type":"Feature","properties":{"kind":"rail"},"geometry":{"type":"LineString","coordinates":[[19.85475,45.26494],[19.8551,45.26475]]}},{"type":"Feature","properties":{"kind":"rail"},"geometry":{"type":"LineString","coordinates":[[22.5125,44.68948],[22.51197,44.69028]]}},{"type":"Feature","properties":{"kind":"rail"},"geometry":{"type":"LineString","coordinates":[[22.51879,44.68329],[22.51852,44.68345]]}},{"type":"Feature","properties":{"kind":"rail"},"geometry":{"type":"LineString","coordinates":[[22.51197,44.69028],[22.51166,44.69073]]}},{"type":"Feature","properties":{"kind":"rail"},"geometry":{"type":"LineString","coordinates":[[22.52645,44.679],[22.52579,44.67931]]}},{"type":"Feature","properties":{"kind":"rail"},"geometry":{"type":"LineString","coordinates":[[22.51166,44.69073],[22.511,44.69156]]}},{"type":"Feature","properties":{"kind":"rail"},"geometry":{"type":"LineString","coordinates":[[22.52189,44.68121],[22.52104,44.68173]]}},{"type":"Feature","properties":{"kind":"rail"},"geometry":{"type":"LineString","coordinates":[[22.52245,44.68091],[22.52189,44.68121]]}},{"type":"Feature","properties":{"kind":"rail"},"geometry":{"type":"LineString","coordinates":[[22.51064,44.69202],[22.51006,44.69276]]}},{"type":"Feature","properties":{"kind":"rail"},"geometry":{"type":"LineString","coordinates":[[22.51327,44.68835],[22.51301,44.68874]]}},{"type":"Feature","properties":{"kind":"rail"},"geometry":{"type":"LineString","coordinates":[[22.511,44.69156],[22.51064,44.69202]]}},{"type":"Feature","properties":{"kind":"rail"},"geometry":{"type":"LineString","coordinates":[[22.51968,44.68268],[22.51925,44.68298]]}},{"type":"Feature","properties":{"kind":"rail"},"geometry":{"type":"LineString","coordinates":[[22.51006,44.69276],[22.50964,44.69319]]}},{"type":"Feature","properties":{"kind":"rail"},"geometry":{"type":"LineString","coordinates":[[22.51479,44.68645],[22.51439,44.68689]]}},{"type":"Feature","properties":{"kind":"rail"},"geometry":{"type":"LineString","coordinates":[[22.51925,44.68298],[22.51879,44.68329]]}},{"type":"Feature","properties":{"kind":"rail"},"geometry":{"type":"LineString","coordinates":[[22.51301,44.68874],[22.5125,44.68948]]}},{"type":"Feature","properties":{"kind":"rail"},"geometry":{"type":"LineString","coordinates":[[22.52104,44.68173],[22.51968,44.68268]]}},{"type":"Feature","properties":{"kind":"rail"},"geometry":{"type":"LineString","coordinates":[[22.52298,44.68064],[22.52245,44.68091]]}},{"type":"Feature","properties":{"kind":"rail"},"geometry":{"type":"LineString","coordinates":[[22.51439,44.68689],[22.51384,44.6875],[22.51327,44.68835]]}},{"type":"Feature","properties":{"kind":"rail"},"geometry":{"type":"LineString","coordinates":[[22.52579,44.67931],[22.52298,44.68064]]}},{"type":"Feature","properties":{"kind":"rail"},"geometry":{"type":"LineString","coordinates":[[22.51852,44.68345],[22.51712,44.6844],[22.51536,44.68582],[22.51479,44.68645]]}},{"type":"Feature","properties":{"kind":"rail"},"geometry":{"type":"LineString","coordinates":[[22.55342,44.66699],[22.55195,44.66792],[22.55092,44.66841],[22.54388,44.6712],[22.5396,44.67333],[22.53568,44.6749],[22.53382,44.67556],[22.53154,44.67654]]}},{"type":"Feature","properties":{"kind":"rail"},"geometry":{"type":"LineString","coordinates":[[19.49302,43.64218],[19.49209,43.64284]]}},{"type":"Feature","properties":{"kind":"rail"},"geometry":{"type":"LineString","coordinates":[[19.49073,43.6441],[19.49036,43.64457]]}},{"type":"Feature","properties":{"kind":"rail"},"geometry":{"type":"LineString","coordinates":[[19.48988,43.64544],[19.48956,43.64611],[19.48901,43.64695],[19.4878,43.64829],[19.48733,43.64893],[19.48707,43.64961],[19.48691,43.651]]}},{"type":"Feature","properties":{"kind":"rail"},"geometry":{"type":"LineString","coordinates":[[19.48547,43.65349],[19.485,43.65372],[19.48423,43.65396],[19.48226,43.65422],[19.48113,43.65448],[19.48015,43.65498],[19.4795,43.65558],[19.47913,43.65631],[19.47904,43.65714],[19.47927,43.65972],[19.47948,43.66041]]}},{"type":"Feature","properties":{"kind":"rail"},"geometry":{"type":"LineString","coordinates":[[19.48691,43.651],[19.48682,43.65176],[19.4867,43.65216]]}},{"type":"Feature","properties":{"kind":"rail"},"geometry":{"type":"LineString","coordinates":[[19.49036,43.64457],[19.48988,43.64544]]}},{"type":"Feature","properties":{"kind":"rail"},"geometry":{"type":"LineString","coordinates":[[19.49824,43.62399],[19.4983,43.62472]]}},{"type":"Feature","properties":{"kind":"rail"},"geometry":{"type":"LineString","coordinates":[[19.4983,43.62472],[19.49847,43.62517],[19.49893,43.62579]]}},{"type":"Feature","properties":{"kind":"rail"},"geometry":{"type":"LineString","coordinates":[[19.51836,43.62931],[19.51934,43.62989],[19.52,43.63041],[19.52044,43.63096],[19.52071,43.63175]]}},{"type":"Feature","properties":{"kind":"rail"},"geometry":{"type":"LineString","coordinates":[[21.93368,42.54209],[21.9345,42.54204]]}},{"type":"Feature","properties":{"kind":"rail"},"geometry":{"type":"LineString","coordinates":[[21.95912,42.55484],[21.95976,42.55526],[21.96077,42.55571],[21.96845,42.55793],[21.96983,42.55851],[21.97137,42.55936],[21.97244,42.56017],[21.97714,42.5641],[21.97802,42.56477],[21.98601,42.57144],[21.98733,42.57233],[21.989,42.57311]]}},{"type":"Feature","properties":{"kind":"rail"},"geometry":{"type":"LineString","coordinates":[[22.01085,42.60082],[22.01092,42.60117]]}},{"type":"Feature","properties":{"kind":"rail"},"geometry":{"type":"LineString","coordinates":[[22.01092,42.60117],[22.0111,42.60189],[22.01148,42.60266],[22.01192,42.60319],[22.01278,42.60383],[22.01323,42.60406],[22.01466,42.6046],[22.01756,42.60558],[22.01842,42.60606],[22.01912,42.60663],[22.01944,42.60697],[22.01995,42.60766],[22.02017,42.60813],[22.0238,42.61777],[22.02433,42.61875],[22.02479,42.61941],[22.02908,42.62514],[22.03073,42.62723],[22.0313,42.62786],[22.03223,42.62873],[22.03325,42.62955],[22.03655,42.63172],[22.03719,42.63229],[22.03778,42.63317]]}},{"type":"Feature","properties":{"kind":"rail"},"geometry":{"type":"LineString","coordinates":[[21.91504,42.5205],[21.91514,42.52054]]}},{"type":"Feature","properties":{"kind":"rail"},"geometry":{"type":"LineString","coordinates":[[21.91514,42.52054],[21.91602,42.52098],[21.91684,42.52164],[21.91733,42.52233],[21.91763,42.52299],[21.91772,42.52349],[21.91748,42.53255],[21.91754,42.53289],[21.9178,42.53354],[21.91817,42.53412],[21.91879,42.53473],[21.91963,42.53532],[21.92846,42.54084],[21.92956,42.54144],[21.93024,42.54174],[21.93152,42.54205],[21.93259,42.54215],[21.93368,42.54209]]}},{"type":"Feature","properties":{"kind":"rail"},"geometry":{"type":"LineString","coordinates":[[21.84484,42.476],[21.84448,42.47639]]}},{"type":"Feature","properties":{"kind":"rail"},"geometry":{"type":"LineString","coordinates":[[21.84448,42.47639],[21.84376,42.4773],[21.84344,42.47815],[21.84335,42.47903],[21.84344,42.47956],[21.84365,42.48018],[21.84417,42.48095],[21.84472,42.48152],[21.85007,42.48638],[21.85198,42.48792],[21.85341,42.48873],[21.85577,42.48972],[21.86053,42.49152],[21.86167,42.49205],[21.86217,42.49237]]}},{"type":"Feature","properties":{"kind":"rail"},"geometry":{"type":"LineString","coordinates":[[22.26331,43.58213],[22.26386,43.58237]]}},{"type":"Feature","properties":{"kind":"rail"},"geometry":{"type":"LineString","coordinates":[[22.26386,43.58237],[22.26518,43.58308],[22.26565,43.58351],[22.26621,43.58428],[22.26641,43.58474],[22.26761,43.58993],[22.26808,43.59093],[22.26945,43.59316],[22.26975,43.59377],[22.27129,43.59937]]}},{"type":"Feature","properties":{"kind":"rail"},"geometry":{"type":"LineString","coordinates":[[22.26493,43.90338],[22.27306,43.90505]]}},{"type":"Feature","properties":{"kind":"rail"},"geometry":{"type":"LineString","coordinates":[[22.29252,43.89132],[22.29231,43.89216],[22.29196,43.89275],[22.2894,43.8956],[22.28878,43.8961],[22.28822,43.8964],[22.28742,43.89666],[22.28683,43.89675],[22.28598,43.89677],[22.28372,43.89639],[22.2829,43.89636],[22.262,43.89644],[22.26076,43.89667],[22.25991,43.89701],[22.2593,43.89739],[22.25887,43.89776],[22.25856,43.89814]]}},{"type":"Feature","properties":{"kind":"rail"},"geometry":{"type":"LineString","coordinates":[[22.25856,43.89814],[22.25849,43.89826]]}},{"type":"Feature","properties":{"kind":"rail"},"geometry":{"type":"LineString","coordinates":[[20.40373,44.81341],[20.40328,44.81362]]}},{"type":"Feature","properties":{"kind":"rail"},"geometry":{"type":"LineString","coordinates":[[20.3955,44.81729],[20.39505,44.81761]]}},{"type":"Feature","properties":{"kind":"rail"},"geometry":{"type":"LineString","coordinates":[[20.39504,44.81756],[20.3955,44.81724]]}},{"type":"Feature","properties":{"kind":"rail"},"geometry":{"type":"LineString","coordinates":[[20.40325,44.8136],[20.4037,44.81338]]}},{"type":"Feature","properties":{"kind":"rail"},"geometry":{"type":"LineString","coordinates":[[20.41044,44.81027],[20.41364,44.8088]]}},{"type":"Feature","properties":{"kind":"rail"},"geometry":{"type":"LineString","coordinates":[[20.3955,44.81724],[20.39724,44.81635],[20.40325,44.8136]]}},{"type":"Feature","properties":{"kind":"rail"},"geometry":{"type":"LineString","coordinates":[[20.40328,44.81362],[20.3966,44.81669],[20.3955,44.81729]]}},{"type":"Feature","properties":{"kind":"rail"},"geometry":{"type":"LineString","coordinates":[[20.4037,44.81338],[20.41044,44.81027]]}},{"type":"Feature","properties":{"kind":"rail"},"geometry":{"type":"LineString","coordinates":[[20.39505,44.81761],[20.39414,44.81841]]}},{"type":"Feature","properties":{"kind":"rail"},"geometry":{"type":"LineString","coordinates":[[22.17162,43.53952],[22.17161,43.54104],[22.17174,43.54151],[22.17193,43.54191],[22.17223,43.54227],[22.17263,43.54258],[22.17315,43.54285],[22.17377,43.54306]]}},{"type":"Feature","properties":{"kind":"rail"},"geometry":{"type":"LineString","coordinates":[[22.17165,43.53931],[22.17162,43.53952]]}},{"type":"Feature","properties":{"kind":"rail"},"geometry":{"type":"LineString","coordinates":[[22.17185,43.53819],[22.17176,43.53877]]}},{"type":"Feature","properties":{"kind":"rail"},"geometry":{"type":"LineString","coordinates":[[22.17187,43.53787],[22.17185,43.53819]]}},{"type":"Feature","properties":{"kind":"rail"},"geometry":{"type":"LineString","coordinates":[[22.1704,43.53354],[22.17082,43.53493]]}},{"type":"Feature","properties":{"kind":"rail"},"geometry":{"type":"LineString","coordinates":[[22.17021,43.53303],[22.1704,43.53354]]}},{"type":"Feature","properties":{"kind":"rail"},"geometry":{"type":"LineString","coordinates":[[19.63997,43.39285],[19.63952,43.39376],[19.63609,43.39841]]}},{"type":"Feature","properties":{"kind":"rail"},"geometry":{"type":"LineString","coordinates":[[19.63862,43.38523],[19.63963,43.38748],[19.6401,43.38885],[19.64028,43.38987],[19.64029,43.39095]]}},{"type":"Feature","properties":{"kind":"rail"},"geometry":{"type":"LineString","coordinates":[[19.63767,43.38369],[19.63813,43.3843],[19.63862,43.38523]]}},{"type":"Feature","properties":{"kind":"rail"},"geometry":{"type":"LineString","coordinates":[[19.63286,43.37903],[19.634,43.37989],[19.63528,43.38107],[19.63767,43.38369]]}},{"type":"Feature","properties":{"kind":"rail"},"geometry":{"type":"LineString","coordinates":[[21.40342,43.85863],[21.40366,43.85832]]}},{"type":"Feature","properties":{"kind":"rail"},"geometry":{"type":"LineString","coordinates":[[21.43724,43.71623],[21.4364,43.71206],[21.436,43.71038],[21.43565,43.70943],[21.43496,43.70822],[21.43425,43.70732],[21.42494,43.69747],[21.42375,43.69635],[21.4211,43.69405],[21.41994,43.69291],[21.41927,43.69204],[21.41861,43.69089],[21.41664,43.6864]]}},{"type":"Feature","properties":{"kind":"rail"},"geometry":{"type":"LineString","coordinates":[[20.4458,44.70897],[20.4465,44.70715],[20.44689,44.70646],[20.44756,44.70554],[20.45061,44.70192]]}},{"type":"Feature","properties":{"kind":"rail"},"geometry":{"type":"LineString","coordinates":[[20.44438,44.74858],[20.44522,44.74969],[20.44552,44.75022],[20.44567,44.75055],[20.44595,44.75158],[20.44594,44.75243],[20.44553,44.75714]]}},{"type":"Feature","properties":{"kind":"rail"},"geometry":{"type":"LineString","coordinates":[[20.44567,44.70934],[20.4458,44.70897]]}},{"type":"Feature","properties":{"kind":"rail"},"geometry":{"type":"LineString","coordinates":[[20.44405,44.74824],[20.44342,44.74762],[20.4423,44.7459],[20.44183,44.74532],[20.44135,44.74486],[20.44063,44.74434],[20.43922,44.74353]]}},{"type":"Feature","properties":{"kind":"rail"},"geometry":{"type":"LineString","coordinates":[[19.1644,45.14735],[19.1562,45.15152]]}},{"type":"Feature","properties":{"kind":"rail"},"geometry":{"type":"LineString","coordinates":[[19.16436,45.14732],[19.15567,45.15174]]}},{"type":"Feature","properties":{"kind":"rail"},"geometry":{"type":"LineString","coordinates":[[21.75271,42.4376],[21.75291,42.43768]]}},{"type":"Feature","properties":{"kind":"rail"},"geometry":{"type":"LineString","coordinates":[[21.81348,42.45479],[21.81664,42.45477],[21.82511,42.45497],[21.82707,42.45519],[21.83073,42.45596],[21.83199,42.4564],[21.83313,42.457],[21.83377,42.45748],[21.8354,42.45905],[21.84644,42.46999],[21.84689,42.47061],[21.84705,42.47105],[21.84712,42.47191],[21.84693,42.4731],[21.84674,42.47366],[21.8462,42.47448],[21.84484,42.476]]}},{"type":"Feature","properties":{"kind":"rail"},"geometry":{"type":"LineString","coordinates":[[22.51738,43.2135],[22.51662,43.21345]]}},{"type":"Feature","properties":{"kind":"rail"},"geometry":{"type":"LineString","coordinates":[[22.53832,43.21669],[22.53724,43.21635]]}},{"type":"Feature","properties":{"kind":"rail"},"geometry":{"type":"LineString","coordinates":[[22.54073,43.21673],[22.53964,43.2169],[22.53932,43.21689],[22.53832,43.21669]]}},{"type":"Feature","properties":{"kind":"rail"},"geometry":{"type":"LineString","coordinates":[[22.51662,43.21345],[22.5087,43.21301],[22.50687,43.21309]]}},{"type":"Feature","properties":{"kind":"rail"},"geometry":{"type":"LineString","coordinates":[[21.989,42.57311],[21.98933,42.57326]]}},{"type":"Feature","properties":{"kind":"rail"},"geometry":{"type":"LineString","coordinates":[[21.98933,42.57326],[22.00006,42.57722],[22.00095,42.5776],[22.00216,42.57827],[22.00289,42.57879],[22.00388,42.57963],[22.00474,42.58053],[22.00544,42.5815],[22.00598,42.58251],[22.00634,42.58356],[22.0065,42.58459],[22.00646,42.58632]]}},{"type":"Feature","properties":{"kind":"rail"},"geometry":{"type":"LineString","coordinates":[[22.00624,42.58962],[22.00622,42.58987]]}},{"type":"Feature","properties":{"kind":"rail"},"geometry":{"type":"LineString","coordinates":[[22.00646,42.58632],[22.00645,42.58648]]}},{"type":"Feature","properties":{"kind":"rail"},"geometry":{"type":"LineString","coordinates":[[22.00645,42.58648],[22.00624,42.58962]]}},{"type":"Feature","properties":{"kind":"rail"},"geometry":{"type":"LineString","coordinates":[[20.65812,45.80546],[20.70578,45.80138]]}},{"type":"Feature","properties":{"kind":"rail"},"geometry":{"type":"LineString","coordinates":[[21.48737,44.10457],[21.48774,44.10425],[21.48804,44.10382],[21.48943,44.10128],[21.48992,44.10072],[21.49039,44.10034],[21.49552,44.09717],[21.4963,44.09672],[21.4968,44.09653],[21.49938,44.0959],[21.50016,44.0956],[21.50862,44.0917],[21.51171,44.09024],[21.51229,44.08984],[21.51299,44.08911],[21.51372,44.08774],[21.51532,44.08442],[21.51647,44.0809],[21.5167,44.07968],[21.51649,44.07778],[21.51657,44.07243],[21.51636,44.06962],[21.51663,44.067],[21.51757,44.06442],[21.51761,44.06386],[21.51756,44.06321],[21.51731,44.06184],[21.5173,44.06115],[21.51785,44.05748],[21.51817,44.05636],[21.52002,44.05302],[21.52061,44.05224],[21.52106,44.05186],[21.52321,44.05058],[21.52377,44.04987],[21.5246,44.04813],[21.52526,44.04753],[21.52749,44.04651],[21.52786,44.04629],[21.52813,44.04604],[21.52847,44.04552],[21.52887,44.04446]]}},{"type":"Feature","properties":{"kind":"rail"},"geometry":{"type":"LineString","coordinates":[[21.47461,44.10381],[21.47524,44.10416],[21.47598,44.10437],[21.48512,44.10513],[21.48581,44.10507],[21.48639,44.10494],[21.48692,44.10479],[21.48737,44.10457]]}},{"type":"Feature","properties":{"kind":"rail"},"geometry":{"type":"LineString","coordinates":[[20.33618,44.85672],[20.34033,44.85393],[20.34295,44.8517],[20.34569,44.8498],[20.34654,44.84908],[20.34709,44.84849],[20.34751,44.84792],[20.34799,44.84702],[20.34921,44.84439],[20.34981,44.84346],[20.35037,44.84283],[20.35095,44.84231],[20.35181,44.84171],[20.35291,44.84106]]}},{"type":"Feature","properties":{"kind":"rail"},"geometry":{"type":"LineString","coordinates":[[21.56318,44.09905],[21.56315,44.09929]]}},{"type":"Feature","properties":{"kind":"rail"},"geometry":{"type":"LineString","coordinates":[[21.56313,44.09946],[21.5631,44.09988]]}},{"type":"Feature","properties":{"kind":"rail"},"geometry":{"type":"LineString","coordinates":[[21.10029,44.22517],[21.10077,44.22514]]}},{"type":"Feature","properties":{"kind":"rail"},"geometry":{"type":"LineString","coordinates":[[21.15473,44.22543],[21.15665,44.22636],[21.15803,44.22725],[21.15915,44.22821],[21.16038,44.22944],[21.1613,44.23012],[21.17322,44.23592],[21.17441,44.23642],[21.17548,44.23673],[21.17694,44.23686],[21.17769,44.23685],[21.17865,44.23672],[21.17963,44.23648],[21.18049,44.23614],[21.18134,44.23567],[21.20009,44.22261],[21.20124,44.222],[21.22337,44.21388],[21.22443,44.21354],[21.2321,44.21139],[21.23383,44.21096],[21.23476,44.21084],[21.23801,44.21067],[21.23908,44.21043],[21.23996,44.21012]]}},{"type":"Feature","properties":{"kind":"rail"},"geometry":{"type":"LineString","coordinates":[[21.45425,44.09582],[21.45767,44.09606],[21.45966,44.09606],[21.46055,44.09624],[21.46202,44.09694]]}},{"type":"Feature","properties":{"kind":"rail"},"geometry":{"type":"LineString","coordinates":[[21.45227,44.09536],[21.45249,44.09548],[21.45302,44.09561],[21.45425,44.09582]]}},{"type":"Feature","properties":{"kind":"rail"},"geometry":{"type":"LineString","coordinates":[[21.46448,44.09818],[21.46515,44.09841],[21.46614,44.09853]]}},{"type":"Feature","properties":{"kind":"rail"},"geometry":{"type":"LineString","coordinates":[[21.46614,44.09853],[21.46678,44.09853],[21.46806,44.09834],[21.46888,44.09836],[21.46995,44.09868],[21.47092,44.09913],[21.47151,44.09947],[21.47198,44.09988],[21.4723,44.10056],[21.47256,44.1015],[21.47273,44.10187]]}},{"type":"Feature","properties":{"kind":"rail"},"geometry":{"type":"LineString","coordinates":[[21.47273,44.10187],[21.47322,44.10251]]}},{"type":"Feature","properties":{"kind":"rail"},"geometry":{"type":"LineString","coordinates":[[21.47322,44.10251],[21.47394,44.10324],[21.47461,44.10381]]}},{"type":"Feature","properties":{"kind":"rail"},"geometry":{"type":"LineString","coordinates":[[21.52887,44.04446],[21.52899,44.04422]]}},{"type":"Feature","properties":{"kind":"rail"},"geometry":{"type":"LineString","coordinates":[[21.52899,44.04422],[21.52947,44.04367],[21.52973,44.0435],[21.53357,44.04211],[21.53423,44.04199],[21.53547,44.04218],[21.53603,44.04235],[21.53769,44.04304],[21.53838,44.04325],[21.53919,44.0434],[21.54007,44.04338],[21.54224,44.04313],[21.54282,44.04311],[21.54338,44.04317],[21.54633,44.04384],[21.5469,44.04402],[21.54737,44.04427],[21.54783,44.0446],[21.5489,44.0464],[21.5497,44.04697],[21.55026,44.04722]]}},{"type":"Feature","properties":{"kind":"rail"},"geometry":{"type":"LineString","coordinates":[[21.56232,44.04448],[21.5625,44.04455]]}},{"type":"Feature","properties":{"kind":"rail"},"geometry":{"type":"LineString","coordinates":[[21.5625,44.04455],[21.56376,44.04493]]}},{"type":"Feature","properties":{"kind":"rail"},"geometry":{"type":"LineString","coordinates":[[21.56376,44.04493],[21.56473,44.04508]]}},{"type":"Feature","properties":{"kind":"rail"},"geometry":{"type":"LineString","coordinates":[[21.56473,44.04508],[21.5655,44.04505],[21.56639,44.04488]]}},{"type":"Feature","properties":{"kind":"rail"},"geometry":{"type":"LineString","coordinates":[[21.56656,44.04484],[21.56743,44.04464]]}},{"type":"Feature","properties":{"kind":"rail"},"geometry":{"type":"LineString","coordinates":[[21.56639,44.04488],[21.56656,44.04484]]}},{"type":"Feature","properties":{"kind":"rail"},"geometry":{"type":"LineString","coordinates":[[20.24659,44.80249],[20.24674,44.80079],[20.24701,44.7996],[20.24736,44.79871],[20.24818,44.79739],[20.24929,44.79613],[20.25636,44.78925],[20.25711,44.78843]]}},{"type":"Feature","properties":{"kind":"rail"},"geometry":{"type":"LineString","coordinates":[[20.66804,44.87492],[20.66898,44.87494],[20.67001,44.87518],[20.67083,44.87555],[20.67153,44.87613],[20.67498,44.88091],[20.68804,44.89406],[20.68827,44.89435],[20.68856,44.89497],[20.68864,44.89576],[20.6886,44.89673]]}},{"type":"Feature","properties":{"kind":"rail"},"geometry":{"type":"LineString","coordinates":[[20.659,44.88006],[20.66432,44.87653]]}},{"type":"Feature","properties":{"kind":"rail"},"geometry":{"type":"LineString","coordinates":[[19.69382,46.08252],[19.68464,46.09071],[19.68367,46.09135]]}},{"type":"Feature","properties":{"kind":"rail"},"geometry":{"type":"LineString","coordinates":[[20.49087,44.82283],[20.49066,44.82175]]}},{"type":"Feature","properties":{"kind":"rail"},"geometry":{"type":"LineString","coordinates":[[19.83524,45.32029],[19.83812,45.32157],[19.83859,45.32172],[19.83915,45.32188],[19.84021,45.32204],[19.84122,45.32208],[19.84223,45.32198],[19.8459,45.32126],[19.86687,45.31805],[19.93308,45.313],[19.9349,45.31274],[19.93678,45.31199],[19.97188,45.29592],[20.0051,45.28409],[20.0838,45.26321],[20.13983,45.24272],[20.15283,45.23868]]}},{"type":"Feature","properties":{"kind":"rail"},"geometry":{"type":"LineString","coordinates":[[19.68787,44.76591],[19.68926,44.76573],[19.6917,44.76585],[19.69241,44.76585],[19.69293,44.76578],[19.69396,44.76548],[19.69442,44.76525],[19.69539,44.76455]]}},{"type":"Feature","properties":{"kind":"rail"},"geometry":{"type":"LineString","coordinates":[[22.00622,42.58987],[22.00607,42.59285],[22.00611,42.59325],[22.00633,42.59399],[22.00697,42.59506],[22.00936,42.59791],[22.01027,42.59911],[22.01054,42.59968],[22.01085,42.60082]]}},{"type":"Feature","properties":{"kind":"rail"},"geometry":{"type":"LineString","coordinates":[[19.5366,43.56671],[19.53588,43.56678],[19.53325,43.56683],[19.53244,43.56696],[19.53144,43.56735],[19.5308,43.5678],[19.53048,43.56814],[19.53003,43.56897],[19.52995,43.56946],[19.52997,43.5698],[19.53008,43.57027],[19.53077,43.57181],[19.53117,43.5736]]}},{"type":"Feature","properties":{"kind":"rail"},"geometry":{"type":"LineString","coordinates":[[19.53677,43.56668],[19.5366,43.56671]]}},{"type":"Feature","properties":{"kind":"rail"},"geometry":{"type":"LineString","coordinates":[[19.53806,43.56622],[19.53768,43.56642],[19.53677,43.56668]]}},{"type":"Feature","properties":{"kind":"rail"},"geometry":{"type":"LineString","coordinates":[[19.53824,43.56612],[19.53806,43.56622]]}},{"type":"Feature","properties":{"kind":"rail"},"geometry":{"type":"LineString","coordinates":[[19.54061,43.56468],[19.53824,43.56612]]}},{"type":"Feature","properties":{"kind":"rail"},"geometry":{"type":"LineString","coordinates":[[19.54079,43.56456],[19.54061,43.56468]]}},{"type":"Feature","properties":{"kind":"rail"},"geometry":{"type":"LineString","coordinates":[[19.49626,43.60413],[19.49782,43.60648],[19.49884,43.60885],[19.49907,43.60926],[19.49943,43.6097],[19.50009,43.61023]]}},{"type":"Feature","properties":{"kind":"rail"},"geometry":{"type":"LineString","coordinates":[[19.50009,43.61023],[19.50031,43.61036]]}},{"type":"Feature","properties":{"kind":"rail"},"geometry":{"type":"LineString","coordinates":[[19.50031,43.61036],[19.50184,43.61106],[19.50266,43.61152]]}},{"type":"Feature","properties":{"kind":"rail"},"geometry":{"type":"LineString","coordinates":[[19.49625,43.60126],[19.49586,43.60226],[19.49581,43.60276],[19.49602,43.60367],[19.49626,43.60413]]}},{"type":"Feature","properties":{"kind":"rail"},"geometry":{"type":"LineString","coordinates":[[20.63424,43.7203],[20.63412,43.72026]]}},{"type":"Feature","properties":{"kind":"rail"},"geometry":{"type":"LineString","coordinates":[[20.63412,43.72026],[20.63081,43.71929],[20.62767,43.71859],[20.62658,43.71827],[20.61882,43.71509],[20.61705,43.71395],[20.61544,43.71277],[20.61475,43.71214],[20.61427,43.71147]]}},{"type":"Feature","properties":{"kind":"rail"},"geometry":{"type":"LineString","coordinates":[[19.68787,44.76591],[19.68888,44.7658],[19.68996,44.7658],[19.69084,44.76597],[19.69157,44.76626],[19.69199,44.76651],[19.69249,44.76691],[19.69298,44.76759],[19.69319,44.76834],[19.69312,44.76909]]}},{"type":"Feature","properties":{"kind":"rail"},"geometry":{"type":"LineString","coordinates":[[19.69874,44.76133],[19.70008,44.76006],[19.7017,44.75897]]}},{"type":"Feature","properties":{"kind":"rail"},"geometry":{"type":"LineString","coordinates":[[19.69312,44.76909],[19.69257,44.77131],[19.69243,44.77215],[19.69245,44.77281],[19.69268,44.77348],[19.69315,44.77419],[19.69339,44.77445],[19.69402,44.77494],[19.69477,44.77535],[19.69598,44.77576]]}},{"type":"Feature","properties":{"kind":"rail"},"geometry":{"type":"LineString","coordinates":[[21.28195,43.97261],[21.28247,43.97235]]}},{"type":"Feature","properties":{"kind":"rail"},"geometry":{"type":"LineString","coordinates":[[21.2863,43.97037],[21.31643,43.95487]]}},{"type":"Feature","properties":{"kind":"rail"},"geometry":{"type":"LineString","coordinates":[[19.63055,43.37154],[19.6304,43.3718]]}},{"type":"Feature","properties":{"kind":"rail"},"geometry":{"type":"LineString","coordinates":[[19.6304,43.3718],[19.62997,43.37259]]}},{"type":"Feature","properties":{"kind":"rail"},"geometry":{"type":"LineString","coordinates":[[19.14459,44.51747],[19.14438,44.51748]]}},{"type":"Feature","properties":{"kind":"rail"},"geometry":{"type":"LineString","coordinates":[[19.14438,44.51748],[19.142,44.51752],[19.13714,44.51728],[19.13572,44.51713],[19.13418,44.51668],[19.1325,44.51574],[19.12995,44.51397],[19.12941,44.51356],[19.1289,44.51306],[19.12851,44.51258],[19.12821,44.51208],[19.12798,44.51154],[19.12785,44.511],[19.12785,44.51047],[19.12796,44.50979],[19.12821,44.50911],[19.13098,44.50482],[19.13161,44.50406],[19.13236,44.50339],[19.13432,44.50197],[19.13488,44.50144],[19.13563,44.50057],[19.13599,44.49994],[19.13637,44.49901],[19.13663,44.49733],[19.13673,44.49558],[19.13704,44.49296],[19.13699,44.49216],[19.13624,44.48734],[19.13622,44.48646],[19.1363,44.48586],[19.13648,44.48525],[19.13692,44.48428],[19.13819,44.48231],[19.13912,44.48031],[19.13959,44.47953],[19.14448,44.47368],[19.14508,44.47265],[19.14544,44.47149],[19.14552,44.47074],[19.14543,44.46983],[19.14492,44.46779]]}},{"type":"Feature","properties":{"kind":"rail"},"geometry":{"type":"LineString","coordinates":[[19.19459,44.52721],[19.19425,44.52707]]}},{"type":"Feature","properties":{"kind":"rail"},"geometry":{"type":"LineString","coordinates":[[19.19425,44.52707],[19.18277,44.52241],[19.17899,44.52094],[19.17245,44.51825],[19.17178,44.51804],[19.1701,44.5177],[19.16788,44.51752]]}},{"type":"Feature","properties":{"kind":"rail"},"geometry":{"type":"LineString","coordinates":[[19.15075,44.43226],[19.15077,44.43138]]}},{"type":"Feature","properties":{"kind":"rail"},"geometry":{"type":"LineString","coordinates":[[19.15077,44.43138],[19.15085,44.43086]]}},{"type":"Feature","properties":{"kind":"rail"},"geometry":{"type":"LineString","coordinates":[[21.41626,43.68563],[21.41372,43.67959]]}},{"type":"Feature","properties":{"kind":"rail"},"geometry":{"type":"LineString","coordinates":[[21.41123,43.67705],[21.40937,43.67666]]}},{"type":"Feature","properties":{"kind":"rail"},"geometry":{"type":"LineString","coordinates":[[19.64682,43.46648],[19.64985,43.46944],[19.65147,43.47061]]}},{"type":"Feature","properties":{"kind":"rail"},"geometry":{"type":"LineString","coordinates":[[19.63685,43.35324],[19.63703,43.35487],[19.63772,43.35714],[19.63782,43.35806],[19.6378,43.35867]]}},{"type":"Feature","properties":{"kind":"rail"},"geometry":{"type":"LineString","coordinates":[[19.63683,43.35305],[19.63685,43.35324]]}},{"type":"Feature","properties":{"kind":"rail"},"geometry":{"type":"LineString","coordinates":[[19.59356,43.51533],[19.59296,43.51574],[19.59223,43.51606],[19.59018,43.51658]]}},{"type":"Feature","properties":{"kind":"rail"},"geometry":{"type":"LineString","coordinates":[[19.59409,43.51486],[19.59356,43.51533]]}},{"type":"Feature","properties":{"kind":"rail"},"geometry":{"type":"LineString","coordinates":[[21.92388,43.11156],[21.92362,43.11178]]}},{"type":"Feature","properties":{"kind":"rail"},"geometry":{"type":"LineString","coordinates":[[21.92362,43.11178],[21.91734,43.11697],[21.91595,43.118],[21.91496,43.11864],[21.91277,43.11981],[21.90795,43.12199],[21.90204,43.12479],[21.8999,43.126],[21.89819,43.12725],[21.88497,43.13932],[21.88118,43.14289],[21.87473,43.1487]]}},{"type":"Feature","properties":{"kind":"rail"},"geometry":{"type":"LineString","coordinates":[[21.27623,43.13787],[21.27667,43.13796]]}},{"type":"Feature","properties":{"kind":"rail"},"geometry":{"type":"LineString","coordinates":[[21.40866,43.6765],[21.40825,43.67639]]}},{"type":"Feature","properties":{"kind":"rail"},"geometry":{"type":"LineString","coordinates":[[21.29739,43.114],[21.29709,43.11419]]}},{"type":"Feature","properties":{"kind":"rail"},"geometry":{"type":"LineString","coordinates":[[21.27667,43.13796],[21.27895,43.13821],[21.2795,43.13834],[21.28085,43.13886],[21.28373,43.14012],[21.28472,43.14038],[21.28532,43.14045],[21.28671,43.14042],[21.28729,43.14032],[21.2882,43.14004],[21.28898,43.13965],[21.29024,43.13871],[21.29105,43.13821],[21.29167,43.13801],[21.29249,43.13791],[21.29339,43.13802],[21.29404,43.13824],[21.29459,43.13851],[21.29511,43.13888],[21.29584,43.13974]]}},{"type":"Feature","properties":{"kind":"rail"},"geometry":{"type":"LineString","coordinates":[[21.29709,43.11419],[21.29417,43.11617]]}},{"type":"Feature","properties":{"kind":"rail"},"geometry":{"type":"LineString","coordinates":[[21.40825,43.67639],[21.40761,43.6761],[21.399,43.67134],[21.398,43.67046],[21.39677,43.6697],[21.39558,43.66837],[21.39513,43.66808],[21.39391,43.66758],[21.39288,43.66702],[21.39257,43.66682],[21.3911,43.66556],[21.38968,43.66471],[21.38907,43.66406],[21.38857,43.66326],[21.3883,43.66294],[21.38746,43.66216],[21.38707,43.66161],[21.38668,43.6609],[21.38635,43.66002],[21.38614,43.65911],[21.38523,43.65734],[21.38497,43.65599],[21.38414,43.65375],[21.38375,43.65249],[21.38347,43.65193],[21.38329,43.6511],[21.38351,43.64931],[21.38335,43.64802],[21.38358,43.64707]]}},{"type":"Feature","properties":{"kind":"rail"},"geometry":{"type":"LineString","coordinates":[[21.37561,43.62377],[21.37507,43.62258],[21.37479,43.62226],[21.37116,43.61919],[21.37068,43.61893],[21.36301,43.61579],[21.36234,43.61535],[21.36177,43.61477],[21.36146,43.61414],[21.3614,43.61378],[21.36148,43.6132],[21.36174,43.61219],[21.3617,43.61177],[21.36132,43.61056],[21.3613,43.61009],[21.36142,43.60822],[21.36129,43.60752],[21.36087,43.60689],[21.35844,43.60504],[21.35797,43.60453],[21.35771,43.604],[21.35601,43.5961],[21.35577,43.59557],[21.35229,43.5908],[21.35192,43.59039],[21.35158,43.59012],[21.35066,43.58973],[21.34681,43.58868]]}},{"type":"Feature","properties":{"kind":"rail"},"geometry":{"type":"LineString","coordinates":[[21.37612,43.62721],[21.37609,43.62694]]}},{"type":"Feature","properties":{"kind":"rail"},"geometry":{"type":"LineString","coordinates":[[20.49282,45.83204],[20.49449,45.82927],[20.49624,45.82663],[20.4974,45.82533],[20.49871,45.82403],[20.50007,45.82297],[20.50233,45.82149],[20.50457,45.82037],[20.5056,45.81994],[20.50786,45.81914],[20.51127,45.81828],[20.51633,45.81766],[20.58787,45.81156],[20.65812,45.80546]]}},{"type":"Feature","properties":{"kind":"rail"},"geometry":{"type":"LineString","coordinates":[[22.52792,44.6783],[22.52755,44.67848]]}},{"type":"Feature","properties":{"kind":"rail"},"geometry":{"type":"LineString","coordinates":[[22.52755,44.67848],[22.52645,44.679]]}},{"type":"Feature","properties":{"kind":"rail"},"geometry":{"type":"LineString","coordinates":[[22.5298,44.67739],[22.52962,44.67748]]}},{"type":"Feature","properties":{"kind":"rail"},"geometry":{"type":"LineString","coordinates":[[22.52962,44.67748],[22.52792,44.6783]]}},{"type":"Feature","properties":{"kind":"rail"},"geometry":{"type":"LineString","coordinates":[[20.60965,43.49132],[20.60945,43.49062]]}},{"type":"Feature","properties":{"kind":"rail"},"geometry":{"type":"LineString","coordinates":[[19.6746,43.32254],[19.67345,43.32314]]}},{"type":"Feature","properties":{"kind":"rail"},"geometry":{"type":"LineString","coordinates":[[19.66691,43.33006],[19.66594,43.33057],[19.66487,43.33088],[19.66374,43.33102],[19.66153,43.33099]]}},{"type":"Feature","properties":{"kind":"rail"},"geometry":{"type":"LineString","coordinates":[[19.67345,43.32314],[19.67259,43.32385],[19.66796,43.32917],[19.66728,43.3298],[19.66691,43.33006]]}},{"type":"Feature","properties":{"kind":"rail"},"geometry":{"type":"LineString","coordinates":[[22.19913,43.29883],[22.19587,43.29925],[22.19488,43.29958],[22.19305,43.30044],[22.1921,43.30073],[22.18869,43.30151],[22.18763,43.30193],[22.18692,43.30235],[22.18625,43.30287],[22.18557,43.30362],[22.18451,43.30501],[22.18412,43.30541],[22.18187,43.30711],[22.18142,43.30756],[22.18046,43.30873]]}},{"type":"Feature","properties":{"kind":"rail"},"geometry":{"type":"LineString","coordinates":[[22.19944,43.29879],[22.19913,43.29883]]}},{"type":"Feature","properties":{"kind":"rail"},"geometry":{"type":"LineString","coordinates":[[19.63701,43.34867],[19.63676,43.35125],[19.63674,43.35186],[19.63683,43.35305]]}},{"type":"Feature","properties":{"kind":"rail"},"geometry":{"type":"LineString","coordinates":[[19.63698,43.34717],[19.63701,43.34867]]}},{"type":"Feature","properties":{"kind":"rail"},"geometry":{"type":"LineString","coordinates":[[21.31643,43.95487],[21.3343,43.94557],[21.33683,43.94413],[21.33964,43.94225],[21.34212,43.94028],[21.3427,43.93973]]}},{"type":"Feature","properties":{"kind":"rail"},"geometry":{"type":"LineString","coordinates":[[21.34617,43.93568],[21.34815,43.93302]]}},{"type":"Feature","properties":{"kind":"rail"},"geometry":{"type":"LineString","coordinates":[[21.34815,43.93302],[21.35616,43.92218],[21.35822,43.91952]]}},{"type":"Feature","properties":{"kind":"rail"},"geometry":{"type":"LineString","coordinates":[[21.35893,43.91857],[21.36065,43.91624]]}},{"type":"Feature","properties":{"kind":"rail"},"geometry":{"type":"LineString","coordinates":[[19.87051,44.23289],[19.8684,44.2329]]}},{"type":"Feature","properties":{"kind":"rail"},"geometry":{"type":"LineString","coordinates":[[19.88187,44.23854],[19.87972,44.2374],[19.87915,44.23675],[19.87896,44.23643],[19.87875,44.23584]]}},{"type":"Feature","properties":{"kind":"rail"},"geometry":{"type":"LineString","coordinates":[[19.88289,44.23938],[19.88242,44.23894],[19.88187,44.23854]]}},{"type":"Feature","properties":{"kind":"rail"},"geometry":{"type":"LineString","coordinates":[[19.88745,44.25699],[19.8861,44.25569],[19.88535,44.25511]]}},{"type":"Feature","properties":{"kind":"rail"},"geometry":{"type":"LineString","coordinates":[[19.88535,44.25511],[19.88365,44.25417],[19.88323,44.25383],[19.88292,44.25348],[19.88256,44.25264],[19.88249,44.25208],[19.88255,44.25165],[19.88311,44.25013],[19.88318,44.24968],[19.88309,44.24905],[19.88281,44.24823],[19.88268,44.24763],[19.8827,44.24703],[19.88291,44.24646],[19.88333,44.2458]]}},{"type":"Feature","properties":{"kind":"rail"},"geometry":{"type":"LineString","coordinates":[[19.85901,44.2184],[19.85879,44.21778],[19.85843,44.2172]]}},{"type":"Feature","properties":{"kind":"rail"},"geometry":{"type":"LineString","coordinates":[[19.85723,44.21424],[19.85762,44.2127],[19.85746,44.21172]]}},{"type":"Feature","properties":{"kind":"rail"},"geometry":{"type":"LineString","coordinates":[[19.85746,44.21172],[19.85729,44.2109],[19.8573,44.21015],[19.85756,44.20944],[19.85779,44.20908]]}},{"type":"Feature","properties":{"kind":"rail"},"geometry":{"type":"LineString","coordinates":[[21.31793,42.99307],[21.31809,42.99348],[21.31813,42.99401]]}},{"type":"Feature","properties":{"kind":"rail"},"geometry":{"type":"LineString","coordinates":[[21.86812,43.31639],[21.8773,43.31666]]}},{"type":"Feature","properties":{"kind":"rail"},"geometry":{"type":"LineString","coordinates":[[21.65727,43.51981],[21.65703,43.51992]]}},{"type":"Feature","properties":{"kind":"rail"},"geometry":{"type":"LineString","coordinates":[[21.95066,43.35666],[21.95076,43.3567]]}},{"type":"Feature","properties":{"kind":"rail"},"geometry":{"type":"LineString","coordinates":[[21.95493,43.35626],[21.95501,43.35618]]}},{"type":"Feature","properties":{"kind":"rail"},"geometry":{"type":"LineString","coordinates":[[21.9554,43.34669],[21.95518,43.34551],[21.95517,43.34499],[21.9553,43.34454],[21.95554,43.34413],[21.9559,43.34376],[21.95638,43.34343],[21.95775,43.34289],[21.95847,43.34269],[21.95965,43.34261],[21.96049,43.34272],[21.96126,43.34297],[21.96271,43.34368],[21.96365,43.34403],[21.96477,43.34422],[21.96545,43.34425],[21.96674,43.3441],[21.96736,43.34396],[21.96799,43.34372],[21.9686,43.34343],[21.97002,43.34247],[21.97046,43.34225],[21.97122,43.34204],[21.97202,43.34192],[21.97284,43.34197],[21.97366,43.34215],[21.97429,43.34242],[21.97478,43.34272],[21.97527,43.34312],[21.9756,43.34357],[21.97596,43.34456],[21.97634,43.34654],[21.97631,43.34705],[21.97617,43.34755],[21.97542,43.34931],[21.9753,43.34979],[21.97541,43.35062],[21.97584,43.35142],[21.97664,43.35213],[21.97743,43.35257],[21.97787,43.35274],[21.98086,43.35344],[21.98204,43.35354],[21.98269,43.35345],[21.98357,43.35313],[21.98411,43.35275],[21.98454,43.35228],[21.98482,43.35163],[21.98495,43.3498],[21.98516,43.34931],[21.98543,43.34888],[21.98581,43.34846],[21.98631,43.34813],[21.98695,43.34785],[21.98856,43.34733],[21.98934,43.34699],[21.98996,43.34651],[21.9903,43.34607]]}},{"type":"Feature","properties":{"kind":"rail"},"geometry":{"type":"LineString","coordinates":[[21.95076,43.3567],[21.95133,43.35693],[21.95195,43.35706],[21.9533,43.35706],[21.95417,43.35678],[21.95493,43.35626]]}},{"type":"Feature","properties":{"kind":"rail"},"geometry":{"type":"LineString","coordinates":[[21.48201,43.66067],[21.48208,43.66058]]}},{"type":"Feature","properties":{"kind":"rail"},"geometry":{"type":"LineString","coordinates":[[21.48594,43.65043],[21.48743,43.64765],[21.48799,43.64675],[21.48959,43.64494],[21.48992,43.64436],[21.49014,43.64362],[21.49023,43.64306],[21.4912,43.63548],[21.49116,43.63445],[21.49093,43.63376],[21.49065,43.6332],[21.49004,43.63244],[21.48657,43.62887],[21.48621,43.62841],[21.48588,43.62765],[21.4858,43.62733],[21.48579,43.62687],[21.48594,43.62621],[21.48623,43.62561],[21.48762,43.62341]]}},{"type":"Feature","properties":{"kind":"rail"},"geometry":{"type":"LineString","coordinates":[[21.25406,45.26438],[21.25351,45.26074],[21.25156,45.24452],[21.25153,45.24268]]}},{"type":"Feature","properties":{"kind":"rail"},"geometry":{"type":"LineString","coordinates":[[21.25153,45.24268],[21.25168,45.24129],[21.25322,45.23273]]}},{"type":"Feature","properties":{"kind":"rail"},"geometry":{"type":"LineString","coordinates":[[21.86225,43.16018],[21.862,43.1604]]}},{"type":"Feature","properties":{"kind":"rail"},"geometry":{"type":"LineString","coordinates":[[21.85278,43.16885],[21.84888,43.17251],[21.84685,43.17476],[21.84552,43.17649],[21.84381,43.17906],[21.84287,43.1808],[21.84175,43.18317],[21.83127,43.20696],[21.83095,43.20817],[21.83088,43.20893],[21.8309,43.20968],[21.83109,43.21091],[21.83122,43.21133],[21.83201,43.21323]]}},{"type":"Feature","properties":{"kind":"rail"},"geometry":{"type":"LineString","coordinates":[[22.7733,43.01413],[22.77202,43.01328],[22.77146,43.013],[22.77077,43.01276]]}},{"type":"Feature","properties":{"kind":"rail"},"geometry":{"type":"LineString","coordinates":[[21.30066,44.96663],[21.30072,44.96658]]}},{"type":"Feature","properties":{"kind":"rail"},"geometry":{"type":"LineString","coordinates":[[22.60009,43.15206],[22.6012,43.15583]]}},{"type":"Feature","properties":{"kind":"rail"},"geometry":{"type":"LineString","coordinates":[[22.65622,43.08358],[22.6247,43.11379]]}},{"type":"Feature","properties":{"kind":"rail"},"geometry":{"type":"LineString","coordinates":[[19.85747,44.928],[19.85705,44.92895],[19.83787,44.96406],[19.83747,44.96491],[19.83728,44.96558],[19.83682,44.97805],[19.83644,44.98396]]}},{"type":"Feature","properties":{"kind":"rail"},"geometry":{"type":"LineString","coordinates":[[19.85755,44.92778],[19.85747,44.928]]}},{"type":"Feature","properties":{"kind":"rail"},"geometry":{"type":"LineString","coordinates":[[19.86269,45.26069],[19.85756,45.26342]]}},{"type":"Feature","properties":{"kind":"rail"},"geometry":{"type":"LineString","coordinates":[[20.39727,45.36527],[20.39796,45.36549]]}},{"type":"Feature","properties":{"kind":"rail"},"geometry":{"type":"LineString","coordinates":[[20.4974,45.82533],[20.4968,45.82568],[20.49615,45.8259],[20.49542,45.82603],[20.49433,45.82606],[20.49341,45.82595],[20.493,45.82584],[20.49226,45.82557],[20.49164,45.82517]]}},{"type":"Feature","properties":{"kind":"rail"},"geometry":{"type":"LineString","coordinates":[[20.374,45.75857],[20.37324,45.75815]]}},{"type":"Feature","properties":{"kind":"rail"},"geometry":{"type":"LineString","coordinates":[[20.48658,45.84173],[20.48705,45.84117]]}},{"type":"Feature","properties":{"kind":"rail"},"geometry":{"type":"LineString","coordinates":[[20.42595,45.78783],[20.42694,45.78849],[20.4564,45.805],[20.48776,45.8227],[20.48988,45.82392],[20.49078,45.82451],[20.49157,45.82518],[20.49203,45.8257],[20.49259,45.82645],[20.49294,45.82715],[20.49327,45.82815],[20.49342,45.82931],[20.4934,45.8299],[20.4932,45.83093],[20.49276,45.83201],[20.49105,45.83452],[20.48991,45.83645]]}},{"type":"Feature","properties":{"kind":"rail"},"geometry":{"type":"LineString","coordinates":[[19.85514,45.2648],[19.85479,45.26497]]}},{"type":"Feature","properties":{"kind":"rail"},"geometry":{"type":"LineString","coordinates":[[19.85756,45.26342],[19.85514,45.2648]]}},{"type":"Feature","properties":{"kind":"rail"},"geometry":{"type":"LineString","coordinates":[[19.87974,45.25343],[19.87894,45.25448],[19.87795,45.2552],[19.87731,45.25549],[19.86575,45.25942]]}},{"type":"Feature","properties":{"kind":"rail"},"geometry":{"type":"LineString","coordinates":[[19.86575,45.25942],[19.86535,45.25956]]}},{"type":"Feature","properties":{"kind":"rail"},"geometry":{"type":"LineString","coordinates":[[19.87988,45.25321],[19.87974,45.25343]]}},{"type":"Feature","properties":{"kind":"rail"},"geometry":{"type":"LineString","coordinates":[[19.86431,45.25995],[19.86269,45.26069]]}},{"type":"Feature","properties":{"kind":"rail"},"geometry":{"type":"LineString","coordinates":[[20.98912,44.58821],[20.992,44.58834],[20.99339,44.58825],[20.99512,44.58799],[20.99735,44.58738],[20.99828,44.58701],[20.9998,44.58622],[21.00094,44.58545],[21.00162,44.58487],[21.00782,44.57902],[21.00835,44.57845],[21.00901,44.57754],[21.00997,44.57563]]}},{"type":"Feature","properties":{"kind":"rail"},"geometry":{"type":"LineString","coordinates":[[21.1301,44.58408],[21.12794,44.58029],[21.1268,44.5786],[21.12575,44.57752],[21.12453,44.57661],[21.11518,44.57098],[21.11395,44.57038],[21.11242,44.56981],[21.11137,44.56952],[21.10885,44.56898],[21.10755,44.56882],[21.10653,44.56884],[21.10522,44.569],[21.09487,44.57254],[21.09275,44.57306],[21.0907,44.57328],[21.01782,44.57761]]}},{"type":"Feature","properties":{"kind":"rail"},"geometry":{"type":"LineString","coordinates":[[21.07793,44.33679],[21.07772,44.33695]]}},{"type":"Feature","properties":{"kind":"rail"},"geometry":{"type":"LineString","coordinates":[[21.28485,45.10197],[21.2851,45.10115],[21.28507,45.10065],[21.28494,45.10018],[21.28469,45.09975],[21.2838,45.09893],[21.28105,45.09777]]}},{"type":"Feature","properties":{"kind":"rail"},"geometry":{"type":"LineString","coordinates":[[21.28195,45.10916],[21.28199,45.10905]]}},{"type":"Feature","properties":{"kind":"rail"},"geometry":{"type":"LineString","coordinates":[[20.20855,44.51241],[20.20702,44.51529],[20.2045,44.52338]]}},{"type":"Feature","properties":{"kind":"rail"},"geometry":{"type":"LineString","coordinates":[[20.20862,44.51244],[20.2087,44.51229]]}},{"type":"Feature","properties":{"kind":"rail"},"geometry":{"type":"LineString","coordinates":[[20.2087,44.51229],[20.21001,44.51001],[20.21092,44.50891],[20.21259,44.50752],[20.21675,44.50429],[20.21815,44.50329],[20.21884,44.50288],[20.21995,44.50234],[20.22155,44.50177],[20.22254,44.5015],[20.22385,44.50126],[20.22496,44.50114],[20.22654,44.50108]]}},{"type":"Feature","properties":{"kind":"rail"},"geometry":{"type":"LineString","coordinates":[[20.20864,44.51227],[20.20855,44.51241]]}},{"type":"Feature","properties":{"kind":"rail"},"geometry":{"type":"LineString","coordinates":[[20.20445,44.52354],[20.20378,44.52564],[20.20336,44.52663],[20.20109,44.53084],[20.20036,44.53201],[20.19867,44.53402],[20.18961,44.54374]]}},{"type":"Feature","properties":{"kind":"rail"},"geometry":{"type":"LineString","coordinates":[[20.2045,44.52338],[20.20445,44.52354]]}},{"type":"Feature","properties":{"kind":"rail"},"geometry":{"type":"LineString","coordinates":[[20.20455,44.52339],[20.20667,44.51649],[20.20708,44.51532],[20.20862,44.51244]]}},{"type":"Feature","properties":{"kind":"rail"},"geometry":{"type":"LineString","coordinates":[[20.20451,44.52355],[20.20455,44.52339]]}},{"type":"Feature","properties":{"kind":"rail"},"geometry":{"type":"LineString","coordinates":[[20.65784,44.88089],[20.66474,44.8763]]}},{"type":"Feature","properties":{"kind":"rail"},"geometry":{"type":"LineString","coordinates":[[21.69737,42.2327],[21.69586,42.23757],[21.69571,42.23882],[21.6959,42.24184],[21.6957,42.24272],[21.69534,42.24332],[21.69312,42.24635],[21.6928,42.24704],[21.69267,42.24775],[21.69271,42.24842],[21.69295,42.24911],[21.69339,42.24978]]}},{"type":"Feature","properties":{"kind":"rail"},"geometry":{"type":"LineString","coordinates":[[21.69778,42.2543],[21.69782,42.25435]]}},{"type":"Feature","properties":{"kind":"rail"},"geometry":{"type":"LineString","coordinates":[[20.53779,44.87337],[20.5315,44.87128],[20.53017,44.87068],[20.52852,44.86967],[20.52727,44.8686],[20.51802,44.85983]]}},{"type":"Feature","properties":{"kind":"rail"},"geometry":{"type":"LineString","coordinates":[[20.51802,44.85983],[20.5179,44.85973]]}},{"type":"Feature","properties":{"kind":"rail"},"geometry":{"type":"LineString","coordinates":[[20.51334,44.6595],[20.51628,44.6599],[20.51758,44.65986],[20.51818,44.65974],[20.5192,44.65937],[20.52057,44.65846],[20.52219,44.65762],[20.52268,44.65729],[20.52402,44.65583],[20.52443,44.65551],[20.52575,44.65474],[20.52629,44.65435],[20.52673,44.65392],[20.52735,44.65305],[20.52864,44.65078],[20.52899,44.6504],[20.52975,44.64982],[20.53102,44.64918],[20.53159,44.64882],[20.53204,44.64846],[20.53238,44.64809],[20.53265,44.64769],[20.53301,44.64685],[20.53312,44.6459]]}},{"type":"Feature","properties":{"kind":"rail"},"geometry":{"type":"LineString","coordinates":[[20.51307,44.65949],[20.51334,44.6595]]}},{"type":"Feature","properties":{"kind":"rail"},"geometry":{"type":"LineString","coordinates":[[20.4481,44.79472],[20.44864,44.79457]]}},{"type":"Feature","properties":{"kind":"rail"},"geometry":{"type":"LineString","coordinates":[[19.96761,45.18266],[19.96073,45.18597],[19.95783,45.1877],[19.95628,45.1889],[19.95558,45.18953],[19.95134,45.19411],[19.94986,45.19562],[19.94912,45.19629],[19.94811,45.19713],[19.94417,45.19991],[19.94038,45.20322],[19.9386,45.20446],[19.93639,45.20565],[19.93505,45.20619],[19.93253,45.207]]}},{"type":"Feature","properties":{"kind":"rail"},"geometry":{"type":"LineString","coordinates":[[21.08093,44.32958],[21.08486,44.31896]]}},{"type":"Feature","properties":{"kind":"rail"},"geometry":{"type":"LineString","coordinates":[[21.50445,43.60258],[21.5048,43.60267]]}},{"type":"Feature","properties":{"kind":"rail"},"geometry":{"type":"LineString","coordinates":[[21.5048,43.60267],[21.50727,43.60328]]}},{"type":"Feature","properties":{"kind":"rail"},"geometry":{"type":"LineString","coordinates":[[21.74655,43.42674],[21.74578,43.42922],[21.74495,43.43078],[21.74402,43.43215],[21.74223,43.43422],[21.74035,43.43654],[21.73967,43.43766],[21.73894,43.43918]]}},{"type":"Feature","properties":{"kind":"rail"},"geometry":{"type":"LineString","coordinates":[[21.88186,43.31675],[21.88297,43.3168],[21.88367,43.31693],[21.8846,43.3173],[21.88509,43.31763],[21.88537,43.31788],[21.88574,43.31836],[21.88709,43.3212]]}},{"type":"Feature","properties":{"kind":"rail"},"geometry":{"type":"LineString","coordinates":[[22.6336,44.62193],[22.63033,44.62254],[22.6252,44.62294],[22.61978,44.62324],[22.61252,44.62377],[22.61167,44.62387],[22.61058,44.6241],[22.60963,44.6244],[22.60821,44.62504],[22.60702,44.62579],[22.60397,44.62803],[22.601,44.6294],[22.59787,44.63057],[22.59667,44.63109],[22.59353,44.6327],[22.58802,44.63473],[22.58675,44.63533],[22.58449,44.63656],[22.58367,44.63702],[22.58229,44.63794],[22.58065,44.6394],[22.57966,44.64011],[22.57749,44.64145],[22.57544,44.64356],[22.57454,44.64436],[22.57372,44.64498],[22.57314,44.64555],[22.56974,44.64905],[22.56873,44.6504],[22.56672,44.65334],[22.5655,44.65501],[22.56429,44.65617],[22.56359,44.6567],[22.56149,44.65883],[22.558,44.66322],[22.55786,44.66351],[22.55742,44.66405],[22.5569,44.66465],[22.5563,44.66515],[22.55562,44.66561]]}},{"type":"Feature","properties":{"kind":"rail"},"geometry":{"type":"LineString","coordinates":[[21.50727,43.60328],[21.51966,43.60664]]}},{"type":"Feature","properties":{"kind":"rail"},"geometry":{"type":"LineString","coordinates":[[21.55606,43.58756],[21.55751,43.58685],[21.56043,43.58593],[21.56112,43.58563],[21.56605,43.58294],[21.56722,43.58212],[21.56767,43.58169],[21.56985,43.5792],[21.5709,43.57846],[21.57154,43.57811],[21.57454,43.57675],[21.5754,43.57621],[21.57764,43.57441],[21.57828,43.57406],[21.57884,43.57382],[21.58221,43.57286],[21.58343,43.57233],[21.60553,43.55813],[21.60719,43.55697],[21.60993,43.55472]]}},{"type":"Feature","properties":{"kind":"rail"},"geometry":{"type":"LineString","coordinates":[[21.8879,43.32718],[21.88732,43.32829],[21.88685,43.32896],[21.88571,43.33009],[21.88438,43.33102],[21.88273,43.33182]]}},{"type":"Feature","properties":{"kind":"rail"},"geometry":{"type":"LineString","coordinates":[[21.88789,43.32707],[21.88786,43.32717]]}},{"type":"Feature","properties":{"kind":"rail"},"geometry":{"type":"LineString","coordinates":[[21.88786,43.32717],[21.88744,43.32802],[21.88672,43.32904],[21.88568,43.33006],[21.88449,43.33091],[21.88275,43.33176]]}},{"type":"Feature","properties":{"kind":"rail"},"geometry":{"type":"LineString","coordinates":[[21.8881,43.32362],[21.88812,43.32369]]}},{"type":"Feature","properties":{"kind":"rail"},"geometry":{"type":"LineString","coordinates":[[21.88812,43.32369],[21.88828,43.32473],[21.88827,43.3254],[21.8881,43.32642],[21.88789,43.32707]]}},{"type":"Feature","properties":{"kind":"rail"},"geometry":{"type":"LineString","coordinates":[[21.88734,43.32178],[21.88797,43.32318],[21.8881,43.32362]]}},{"type":"Feature","properties":{"kind":"rail"},"geometry":{"type":"LineString","coordinates":[[21.88709,43.3212],[21.88734,43.32178]]}},{"type":"Feature","properties":{"kind":"rail"},"geometry":{"type":"LineString","coordinates":[[22.16857,43.53122],[22.16942,43.53177]]}},{"type":"Feature","properties":{"kind":"rail"},"geometry":{"type":"LineString","coordinates":[[22.16942,43.53177],[22.16986,43.53221]]}},{"type":"Feature","properties":{"kind":"rail"},"geometry":{"type":"LineString","coordinates":[[22.16986,43.53221],[22.17021,43.53303]]}},{"type":"Feature","properties":{"kind":"rail"},"geometry":{"type":"LineString","coordinates":[[22.40745,44.05922],[22.40759,44.05928]]}},{"type":"Feature","properties":{"kind":"rail"},"geometry":{"type":"LineString","coordinates":[[22.40759,44.05928],[22.40826,44.05947],[22.4088,44.05951]]}},{"type":"Feature","properties":{"kind":"rail"},"geometry":{"type":"LineString","coordinates":[[22.4088,44.05951],[22.40939,44.05949]]}},{"type":"Feature","properties":{"kind":"rail"},"geometry":{"type":"LineString","coordinates":[[22.41146,44.05882],[22.41683,44.05629]]}},{"type":"Feature","properties":{"kind":"rail"},"geometry":{"type":"LineString","coordinates":[[22.41738,44.05605],[22.41807,44.0559],[22.41891,44.05588],[22.42009,44.05606],[22.42049,44.05622],[22.42099,44.05652],[22.42139,44.05694],[22.42166,44.05735],[22.42193,44.0581],[22.42191,44.05843]]}},{"type":"Feature","properties":{"kind":"rail"},"geometry":{"type":"LineString","coordinates":[[21.99037,43.34593],[21.99054,43.34529],[21.99049,43.34478],[21.99016,43.34412],[21.98923,43.34277],[21.98902,43.34233],[21.98889,43.34096],[21.98866,43.34011],[21.98798,43.3382],[21.98758,43.33731],[21.98629,43.33562],[21.986,43.33494],[21.98598,43.33442],[21.98621,43.33376],[21.98651,43.33336],[21.98714,43.33288],[21.988,43.33252],[21.98897,43.33238],[21.98966,43.33243],[21.99213,43.33295],[21.9928,43.33293],[21.99546,43.33224],[21.99748,43.33206],[21.99807,43.33187],[21.99868,43.33153],[21.99907,43.33122],[21.99989,43.33037],[22.00066,43.32985],[22.00158,43.32949],[22.0029,43.32933],[22.00496,43.32955],[22.00576,43.32978],[22.00633,43.3301],[22.00672,43.3304],[22.00798,43.33155],[22.00864,43.33192],[22.00928,43.33214],[22.01003,43.33225],[22.01069,43.33227],[22.01133,43.33219],[22.01301,43.33183],[22.01348,43.33181],[22.01427,43.3319],[22.01496,43.33209],[22.01563,43.33246],[22.01622,43.333],[22.01636,43.33322],[22.01655,43.33378],[22.0166,43.33523],[22.01685,43.33573],[22.01705,43.33597],[22.01768,43.33646],[22.01929,43.33722],[22.01961,43.33745],[22.02006,43.338],[22.02026,43.33846],[22.0203,43.33871],[22.02025,43.33934],[22.02009,43.33974],[22.01982,43.34015],[22.01701,43.34392],[22.01664,43.34467],[22.01622,43.3458],[22.01405,43.34936],[22.00859,43.356],[22.00833,43.3566],[22.00829,43.35697],[22.00835,43.35745],[22.00854,43.35788],[22.00914,43.35853],[22.00977,43.35888],[22.01027,43.35907],[22.01118,43.35921],[22.01227,43.35911],[22.01323,43.35874],[22.01423,43.35812],[22.01685,43.35569],[22.01773,43.35504],[22.01852,43.35476],[22.01914,43.35468],[22.01973,43.35467],[22.02072,43.35483],[22.02145,43.35514],[22.02191,43.35548],[22.02221,43.3558],[22.02255,43.35651],[22.02261,43.35798],[22.02284,43.35856],[22.02322,43.35906],[22.02431,43.36018],[22.02519,43.36184],[22.02566,43.36243],[22.0261,43.36284],[22.02709,43.36343],[22.02798,43.36372],[22.02872,43.36388],[22.03097,43.36424],[22.03155,43.36427],[22.03266,43.36414]]}},{"type":"Feature","properties":{"kind":"rail"},"geometry":{"type":"LineString","coordinates":[[21.86997,43.33768],[21.86992,43.33771]]}},{"type":"Feature","properties":{"kind":"rail"},"geometry":{"type":"LineString","coordinates":[[21.86996,43.33764],[21.86987,43.33768]]}},{"type":"Feature","properties":{"kind":"rail"},"geometry":{"type":"LineString","coordinates":[[22.0505,43.39812],[22.05061,43.39818]]}},{"type":"Feature","properties":{"kind":"rail"},"geometry":{"type":"LineString","coordinates":[[22.05368,43.39863],[22.05539,43.39843],[22.05638,43.39841],[22.06073,43.39899],[22.06136,43.39895],[22.06656,43.39824],[22.06745,43.39818],[22.06827,43.39824],[22.07129,43.39896],[22.07532,43.3996],[22.07599,43.39979],[22.07826,43.40068],[22.08006,43.40122],[22.0806,43.40147],[22.08159,43.40209],[22.08244,43.40249],[22.08379,43.40287],[22.08678,43.40332],[22.08773,43.40353],[22.08844,43.40377],[22.08932,43.40425],[22.09114,43.40572],[22.09232,43.40631],[22.09283,43.40647],[22.09383,43.40666],[22.09526,43.40669]]}},{"type":"Feature","properties":{"kind":"rail"},"geometry":{"type":"LineString","coordinates":[[22.05365,43.32397],[22.05239,43.3234],[22.05158,43.32289],[22.05102,43.32228],[22.05079,43.32184],[22.05066,43.3214],[22.05065,43.32083],[22.05086,43.32016],[22.05131,43.3195],[22.05273,43.31773]]}},{"type":"Feature","properties":{"kind":"rail"},"geometry":{"type":"LineString","coordinates":[[22.05377,43.32402],[22.05365,43.32397]]}},{"type":"Feature","properties":{"kind":"rail"},"geometry":{"type":"LineString","coordinates":[[22.08763,43.33513],[22.08745,43.33509]]}},{"type":"Feature","properties":{"kind":"rail"},"geometry":{"type":"LineString","coordinates":[[22.08745,43.33509],[22.08588,43.33479],[22.08262,43.33455]]}},{"type":"Feature","properties":{"kind":"rail"},"geometry":{"type":"LineString","coordinates":[[22.28702,43.81467],[22.2869,43.81496]]}},{"type":"Feature","properties":{"kind":"rail"},"geometry":{"type":"LineString","coordinates":[[20.21981,43.90796],[20.21836,43.90749]]}},{"type":"Feature","properties":{"kind":"rail"},"geometry":{"type":"LineString","coordinates":[[20.22032,43.90814],[20.21981,43.90796]]}},{"type":"Feature","properties":{"kind":"rail"},"geometry":{"type":"LineString","coordinates":[[19.97949,45.1771],[19.98183,45.17637],[19.98381,45.17586],[19.9868,45.17519],[19.99434,45.17384],[19.99698,45.17327],[19.99942,45.17265],[20.00096,45.17216],[20.003,45.17144],[20.00514,45.17058],[20.00741,45.16957],[20.01006,45.16822],[20.0119,45.16716],[20.01395,45.16572]]}},{"type":"Feature","properties":{"kind":"rail"},"geometry":{"type":"LineString","coordinates":[[20.01449,45.1656],[20.012,45.16727],[20.01015,45.16833],[20.00758,45.16963],[20.0031,45.17153],[20.00092,45.17232],[19.99949,45.17277],[19.9971,45.17339],[19.99447,45.17395],[19.98693,45.17527],[19.98376,45.17599],[19.97952,45.17721]]}},{"type":"Feature","properties":{"kind":"rail"},"geometry":{"type":"LineString","coordinates":[[20.02358,45.15858],[20.01449,45.1656]]}},{"type":"Feature","properties":{"kind":"rail"},"geometry":{"type":"LineString","coordinates":[[20.01395,45.16572],[20.02369,45.15826]]}},{"type":"Feature","properties":{"kind":"rail"},"geometry":{"type":"LineString","coordinates":[[19.78219,45.29432],[19.78064,45.29699],[19.77822,45.30045],[19.7691,45.31208],[19.76562,45.3168],[19.74617,45.3418],[19.74132,45.34734],[19.73971,45.34943],[19.73883,45.35071],[19.73737,45.35299],[19.73538,45.35649],[19.71907,45.38679],[19.70196,45.41387],[19.67822,45.45109],[19.67607,45.45513]]}},{"type":"Feature","properties":{"kind":"rail"},"geometry":{"type":"LineString","coordinates":[[19.67607,45.45513],[19.67598,45.45531]]}},{"type":"Feature","properties":{"kind":"rail"},"geometry":{"type":"LineString","coordinates":[[19.64358,45.52651],[19.64331,45.52712]]}},{"type":"Feature","properties":{"kind":"rail"},"geometry":{"type":"LineString","coordinates":[[19.6168,45.59159],[19.61745,45.59442],[19.61878,45.5983],[19.61983,45.60063],[19.62152,45.60368],[19.62345,45.60655],[19.62454,45.60794],[19.62574,45.60937],[19.63011,45.61406],[19.63227,45.61664],[19.63344,45.61818],[19.63453,45.61978],[19.63648,45.62304],[19.63721,45.62466],[19.63807,45.62688],[19.63859,45.62841],[19.63919,45.63051],[19.65073,45.68007],[19.65093,45.68121],[19.651,45.68229],[19.65083,45.68818]]}},{"type":"Feature","properties":{"kind":"rail"},"geometry":{"type":"LineString","coordinates":[[19.76539,43.20748],[19.76541,43.20836],[19.76535,43.20879],[19.76469,43.21145],[19.76458,43.2122],[19.76458,43.21265]]}},{"type":"Feature","properties":{"kind":"rail"},"geometry":{"type":"LineString","coordinates":[[19.76362,43.21534],[19.76318,43.21606]]}},{"type":"Feature","properties":{"kind":"rail"},"geometry":{"type":"LineString","coordinates":[[19.72991,43.24156],[19.72976,43.24156]]}},{"type":"Feature","properties":{"kind":"rail"},"geometry":{"type":"LineString","coordinates":[[19.77483,43.17019],[19.77371,43.17348]]}},{"type":"Feature","properties":{"kind":"rail"},"geometry":{"type":"LineString","coordinates":[[19.77245,43.18535],[19.77242,43.18563]]}},{"type":"Feature","properties":{"kind":"rail"},"geometry":{"type":"LineString","coordinates":[[19.75581,43.22128],[19.75497,43.22166]]}},{"type":"Feature","properties":{"kind":"rail"},"geometry":{"type":"LineString","coordinates":[[19.77242,43.18563],[19.7724,43.18584]]}},{"type":"Feature","properties":{"kind":"rail"},"geometry":{"type":"LineString","coordinates":[[19.76458,43.21265],[19.76456,43.21303]]}},{"type":"Feature","properties":{"kind":"rail"},"geometry":{"type":"LineString","coordinates":[[19.77931,43.15836],[19.77921,43.15857]]}},{"type":"Feature","properties":{"kind":"rail"},"geometry":{"type":"LineString","coordinates":[[19.73823,43.24],[19.73796,43.24018]]}},{"type":"Feature","properties":{"kind":"rail"},"geometry":{"type":"LineString","coordinates":[[19.76195,43.21805],[19.76166,43.21835]]}},{"type":"Feature","properties":{"kind":"rail"},"geometry":{"type":"LineString","coordinates":[[19.76318,43.21606],[19.76309,43.21622]]}},{"type":"Feature","properties":{"kind":"rail"},"geometry":{"type":"LineString","coordinates":[[19.77371,43.17348],[19.77355,43.17406]]}},{"type":"Feature","properties":{"kind":"rail"},"geometry":{"type":"LineString","coordinates":[[19.76309,43.21622],[19.76195,43.21805]]}},{"type":"Feature","properties":{"kind":"rail"},"geometry":{"type":"LineString","coordinates":[[19.78037,43.14867],[19.78039,43.14917]]}},{"type":"Feature","properties":{"kind":"rail"},"geometry":{"type":"LineString","coordinates":[[19.76456,43.21303],[19.76446,43.21367]]}},{"type":"Feature","properties":{"kind":"rail"},"geometry":{"type":"LineString","coordinates":[[19.78088,43.151],[19.78121,43.15235],[19.78123,43.15456],[19.78117,43.15532],[19.78081,43.15616],[19.77988,43.15749]]}},{"type":"Feature","properties":{"kind":"rail"},"geometry":{"type":"LineString","coordinates":[[19.76019,43.21926],[19.75581,43.22128]]}},{"type":"Feature","properties":{"kind":"rail"},"geometry":{"type":"LineString","coordinates":[[19.76124,43.21868],[19.76019,43.21926]]}},{"type":"Feature","properties":{"kind":"rail"},"geometry":{"type":"LineString","coordinates":[[19.76446,43.21367],[19.76425,43.2142],[19.76362,43.21534]]}},{"type":"Feature","properties":{"kind":"rail"},"geometry":{"type":"LineString","coordinates":[[19.76906,43.19571],[19.76858,43.1961]]}},{"type":"Feature","properties":{"kind":"rail"},"geometry":{"type":"LineString","coordinates":[[19.76858,43.1961],[19.7674,43.19698]]}},{"type":"Feature","properties":{"kind":"rail"},"geometry":{"type":"LineString","coordinates":[[19.77921,43.15857],[19.77511,43.16942]]}},{"type":"Feature","properties":{"kind":"rail"},"geometry":{"type":"LineString","coordinates":[[19.77355,43.17406],[19.77336,43.17511],[19.77245,43.18535]]}},{"type":"Feature","properties":{"kind":"rail"},"geometry":{"type":"LineString","coordinates":[[19.76166,43.21835],[19.76124,43.21868]]}},{"type":"Feature","properties":{"kind":"rail"},"geometry":{"type":"LineString","coordinates":[[19.78192,43.14477],[19.78082,43.14713]]}},{"type":"Feature","properties":{"kind":"rail"},"geometry":{"type":"LineString","coordinates":[[19.7724,43.18584],[19.77197,43.19074],[19.77171,43.1919],[19.77139,43.19288],[19.77089,43.1938],[19.76953,43.19531]]}},{"type":"Feature","properties":{"kind":"rail"},"geometry":{"type":"LineString","coordinates":[[19.73955,43.23855],[19.73892,43.2394],[19.73823,43.24]]}},{"type":"Feature","properties":{"kind":"rail"},"geometry":{"type":"LineString","coordinates":[[19.75497,43.22166],[19.75284,43.22267],[19.75098,43.22373],[19.74906,43.22513],[19.74731,43.22674],[19.74651,43.22762],[19.74507,43.22956],[19.73982,43.23814]]}},{"type":"Feature","properties":{"kind":"rail"},"geometry":{"type":"LineString","coordinates":[[19.72976,43.24156],[19.72787,43.24154],[19.72727,43.2416],[19.72637,43.2418],[19.72515,43.24232],[19.72421,43.24306],[19.72366,43.24383],[19.72339,43.24455],[19.7233,43.24548],[19.72332,43.24704],[19.72329,43.24741],[19.7231,43.24814],[19.72284,43.2486],[19.7217,43.25007],[19.72136,43.25071]]}},{"type":"Feature","properties":{"kind":"rail"},"geometry":{"type":"LineString","coordinates":[[19.78082,43.14713],[19.78057,43.14776]]}},{"type":"Feature","properties":{"kind":"rail"},"geometry":{"type":"LineString","coordinates":[[19.73424,43.24153],[19.73335,43.24161],[19.72991,43.24156]]}},{"type":"Feature","properties":{"kind":"rail"},"geometry":{"type":"LineString","coordinates":[[19.70197,43.30829],[19.69815,43.30961],[19.69769,43.30984],[19.69639,43.3107]]}},{"type":"Feature","properties":{"kind":"rail"},"geometry":{"type":"LineString","coordinates":[[19.66102,43.33097],[19.66028,43.33094],[19.65751,43.33052],[19.65347,43.3305],[19.65179,43.33069],[19.64971,43.33107],[19.64797,43.33157],[19.64723,43.33191]]}},{"type":"Feature","properties":{"kind":"rail"},"geometry":{"type":"LineString","coordinates":[[19.68625,43.31667],[19.6853,43.31684],[19.68276,43.31711],[19.68196,43.31735],[19.68135,43.31761],[19.6804,43.31824],[19.67987,43.31879],[19.67884,43.32041],[19.6786,43.32066],[19.6781,43.32102],[19.67753,43.32132]]}},{"type":"Feature","properties":{"kind":"rail"},"geometry":{"type":"LineString","coordinates":[[19.70658,43.30541],[19.70616,43.30569]]}},{"type":"Feature","properties":{"kind":"rail"},"geometry":{"type":"LineString","coordinates":[[19.64308,43.33496],[19.64295,43.33507]]}},{"type":"Feature","properties":{"kind":"rail"},"geometry":{"type":"LineString","coordinates":[[19.68638,43.31663],[19.68625,43.31667]]}},{"type":"Feature","properties":{"kind":"rail"},"geometry":{"type":"LineString","coordinates":[[19.69344,43.31279],[19.69328,43.3129]]}},{"type":"Feature","properties":{"kind":"rail"},"geometry":{"type":"LineString","coordinates":[[19.66153,43.33099],[19.66102,43.33097]]}},{"type":"Feature","properties":{"kind":"rail"},"geometry":{"type":"LineString","coordinates":[[19.7153,43.2968],[19.71489,43.2975]]}},{"type":"Feature","properties":{"kind":"rail"},"geometry":{"type":"LineString","coordinates":[[19.70607,43.30575],[19.70339,43.30747]]}},{"type":"Feature","properties":{"kind":"rail"},"geometry":{"type":"LineString","coordinates":[[19.721,43.25332],[19.72107,43.25419]]}},{"type":"Feature","properties":{"kind":"rail"},"geometry":{"type":"LineString","coordinates":[[19.63741,43.34296],[19.63735,43.34308]]}},{"type":"Feature","properties":{"kind":"rail"},"geometry":{"type":"LineString","coordinates":[[19.71171,43.30138],[19.71136,43.30161]]}},{"type":"Feature","properties":{"kind":"rail"},"geometry":{"type":"LineString","coordinates":[[19.70616,43.30569],[19.70607,43.30575]]}},{"type":"Feature","properties":{"kind":"rail"},"geometry":{"type":"LineString","coordinates":[[19.72348,43.27969],[19.7235,43.27997]]}},{"type":"Feature","properties":{"kind":"rail"},"geometry":{"type":"LineString","coordinates":[[19.70339,43.30747],[19.70327,43.30754]]}},{"type":"Feature","properties":{"kind":"rail"},"geometry":{"type":"LineString","coordinates":[[19.6378,43.35867],[19.63776,43.35886]]}},{"type":"Feature","properties":{"kind":"rail"},"geometry":{"type":"LineString","coordinates":[[19.71556,43.29636],[19.7153,43.2968]]}},{"type":"Feature","properties":{"kind":"rail"},"geometry":{"type":"LineString","coordinates":[[19.72107,43.25419],[19.72114,43.25481]]}},{"type":"Feature","properties":{"kind":"rail"},"geometry":{"type":"LineString","coordinates":[[19.71337,43.29967],[19.7133,43.29976]]}},{"type":"Feature","properties":{"kind":"rail"},"geometry":{"type":"LineString","coordinates":[[19.64723,43.33191],[19.64682,43.33213]]}},{"type":"Feature","properties":{"kind":"rail"},"geometry":{"type":"LineString","coordinates":[[19.63904,43.33967],[19.63897,43.33982]]}},{"type":"Feature","properties":{"kind":"rail"},"geometry":{"type":"LineString","coordinates":[[19.71489,43.2975],[19.71421,43.29855],[19.71337,43.29967]]}},{"type":"Feature","properties":{"kind":"rail"},"geometry":{"type":"LineString","coordinates":[[19.72136,43.25071],[19.72105,43.2525],[19.721,43.25332]]}},{"type":"Feature","properties":{"kind":"rail"},"geometry":{"type":"LineString","coordinates":[[19.64682,43.33213],[19.64626,43.3325],[19.64308,43.33496]]}},{"type":"Feature","properties":{"kind":"rail"},"geometry":{"type":"LineString","coordinates":[[19.72114,43.25481],[19.72348,43.27969]]}},{"type":"Feature","properties":{"kind":"rail"},"geometry":{"type":"LineString","coordinates":[[19.70746,43.30476],[19.70658,43.30541]]}},{"type":"Feature","properties":{"kind":"rail"},"geometry":{"type":"LineString","coordinates":[[19.7133,43.29976],[19.71281,43.30039],[19.7123,43.30092],[19.71171,43.30138]]}},{"type":"Feature","properties":{"kind":"rail"},"geometry":{"type":"LineString","coordinates":[[19.63897,43.33982],[19.63741,43.34296]]}},{"type":"Feature","properties":{"kind":"rail"},"geometry":{"type":"LineString","coordinates":[[19.7235,43.27997],[19.72351,43.28073],[19.72343,43.28146],[19.72324,43.28222],[19.72291,43.28306],[19.71556,43.29636]]}},{"type":"Feature","properties":{"kind":"rail"},"geometry":{"type":"LineString","coordinates":[[19.64295,43.33507],[19.64166,43.33609],[19.64036,43.33731],[19.6398,43.33813],[19.63904,43.33967]]}},{"type":"Feature","properties":{"kind":"rail"},"geometry":{"type":"LineString","coordinates":[[19.63776,43.35886],[19.63736,43.35989],[19.63351,43.36645]]}},{"type":"Feature","properties":{"kind":"rail"},"geometry":{"type":"LineString","coordinates":[[19.71136,43.30161],[19.70991,43.30242],[19.70924,43.30289],[19.70746,43.30476]]}},{"type":"Feature","properties":{"kind":"rail"},"geometry":{"type":"LineString","coordinates":[[19.63735,43.34308],[19.63705,43.3439],[19.63689,43.34481],[19.63687,43.34548],[19.63698,43.34717]]}},{"type":"Feature","properties":{"kind":"rail"},"geometry":{"type":"LineString","coordinates":[[19.69328,43.3129],[19.69187,43.31378],[19.68733,43.31627]]}},{"type":"Feature","properties":{"kind":"rail"},"geometry":{"type":"LineString","coordinates":[[19.62902,43.43199],[19.6319,43.43345],[19.63288,43.43417],[19.63339,43.43466],[19.63464,43.43652],[19.63494,43.43706],[19.63509,43.43744],[19.63518,43.43797],[19.63517,43.43885],[19.63498,43.43951],[19.63472,43.44009],[19.63363,43.44224]]}},{"type":"Feature","properties":{"kind":"rail"},"geometry":{"type":"LineString","coordinates":[[19.64199,43.45649],[19.64303,43.45753]]}},{"type":"Feature","properties":{"kind":"rail"},"geometry":{"type":"LineString","coordinates":[[19.62669,43.42956],[19.62676,43.42975]]}},{"type":"Feature","properties":{"kind":"rail"},"geometry":{"type":"LineString","coordinates":[[19.63423,43.44781],[19.63438,43.44801]]}},{"type":"Feature","properties":{"kind":"rail"},"geometry":{"type":"LineString","coordinates":[[19.64303,43.45753],[19.64337,43.45789]]}},{"type":"Feature","properties":{"kind":"rail"},"geometry":{"type":"LineString","coordinates":[[19.6331,43.44414],[19.63311,43.44424]]}},{"type":"Feature","properties":{"kind":"rail"},"geometry":{"type":"LineString","coordinates":[[19.6459,43.46519],[19.64603,43.46547]]}},{"type":"Feature","properties":{"kind":"rail"},"geometry":{"type":"LineString","coordinates":[[19.63312,43.4436],[19.6331,43.44414]]}},{"type":"Feature","properties":{"kind":"rail"},"geometry":{"type":"LineString","coordinates":[[19.63314,43.4435],[19.63312,43.4436]]}},{"type":"Feature","properties":{"kind":"rail"},"geometry":{"type":"LineString","coordinates":[[19.63411,43.44761],[19.63423,43.44781]]}},{"type":"Feature","properties":{"kind":"rail"},"geometry":{"type":"LineString","coordinates":[[19.63363,43.44224],[19.63357,43.44236]]}},{"type":"Feature","properties":{"kind":"rail"},"geometry":{"type":"LineString","coordinates":[[19.64337,43.45789],[19.64386,43.45839],[19.64432,43.45899]]}},{"type":"Feature","properties":{"kind":"rail"},"geometry":{"type":"LineString","coordinates":[[19.63357,43.44236],[19.63314,43.4435]]}},{"type":"Feature","properties":{"kind":"rail"},"geometry":{"type":"LineString","coordinates":[[19.62676,43.42975],[19.62711,43.43043]]}},{"type":"Feature","properties":{"kind":"rail"},"geometry":{"type":"LineString","coordinates":[[19.64603,43.46547],[19.64638,43.466],[19.64682,43.46648]]}},{"type":"Feature","properties":{"kind":"rail"},"geometry":{"type":"LineString","coordinates":[[19.63311,43.44424],[19.63387,43.44704],[19.63411,43.44761]]}},{"type":"Feature","properties":{"kind":"rail"},"geometry":{"type":"LineString","coordinates":[[19.6286,43.41701],[19.62956,43.41792]]}},{"type":"Feature","properties":{"kind":"rail"},"geometry":{"type":"LineString","coordinates":[[19.62711,43.43043],[19.62794,43.43124],[19.62902,43.43199]]}},{"type":"Feature","properties":{"kind":"rail"},"geometry":{"type":"LineString","coordinates":[[19.64085,43.45429],[19.64136,43.45565],[19.64199,43.45649]]}},{"type":"Feature","properties":{"kind":"rail"},"geometry":{"type":"LineString","coordinates":[[19.63438,43.44801],[19.63498,43.44862],[19.63989,43.45275],[19.64048,43.45347],[19.64085,43.45429]]}},{"type":"Feature","properties":{"kind":"rail"},"geometry":{"type":"LineString","coordinates":[[19.64432,43.45899],[19.64467,43.45954],[19.64498,43.46019],[19.64515,43.46073],[19.6453,43.46136],[19.64546,43.46302],[19.6459,43.46519]]}},{"type":"Feature","properties":{"kind":"rail"},"geometry":{"type":"LineString","coordinates":[[19.64765,43.48033],[19.64587,43.48412],[19.64526,43.48488],[19.64393,43.48596]]}},{"type":"Feature","properties":{"kind":"rail"},"geometry":{"type":"LineString","coordinates":[[19.63489,43.49137],[19.63329,43.49272],[19.63273,43.49312]]}},{"type":"Feature","properties":{"kind":"rail"},"geometry":{"type":"LineString","coordinates":[[19.61735,43.49743],[19.61649,43.49728],[19.61545,43.49722],[19.61448,43.49733],[19.61383,43.49751]]}},{"type":"Feature","properties":{"kind":"rail"},"geometry":{"type":"LineString","coordinates":[[19.63905,43.48933],[19.6354,43.49107],[19.63489,43.49137]]}},{"type":"Feature","properties":{"kind":"rail"},"geometry":{"type":"LineString","coordinates":[[19.62151,43.49734],[19.62082,43.49749]]}},{"type":"Feature","properties":{"kind":"rail"},"geometry":{"type":"LineString","coordinates":[[19.63971,43.48901],[19.63905,43.48933]]}},{"type":"Feature","properties":{"kind":"rail"},"geometry":{"type":"LineString","coordinates":[[19.64817,43.47923],[19.64765,43.48033]]}},{"type":"Feature","properties":{"kind":"rail"},"geometry":{"type":"LineString","coordinates":[[19.64095,43.48829],[19.64037,43.48867]]}},{"type":"Feature","properties":{"kind":"rail"},"geometry":{"type":"LineString","coordinates":[[19.64037,43.48867],[19.63971,43.48901]]}},{"type":"Feature","properties":{"kind":"rail"},"geometry":{"type":"LineString","coordinates":[[19.62365,43.49675],[19.62151,43.49734]]}},{"type":"Feature","properties":{"kind":"rail"},"geometry":{"type":"LineString","coordinates":[[19.62454,43.49636],[19.62365,43.49675]]}},{"type":"Feature","properties":{"kind":"rail"},"geometry":{"type":"LineString","coordinates":[[19.62082,43.49749],[19.62033,43.49758],[19.61934,43.49764]]}},{"type":"Feature","properties":{"kind":"rail"},"geometry":{"type":"LineString","coordinates":[[19.64393,43.48596],[19.64095,43.48829]]}},{"type":"Feature","properties":{"kind":"rail"},"geometry":{"type":"LineString","coordinates":[[19.61934,43.49764],[19.61826,43.49758],[19.61735,43.49743]]}},{"type":"Feature","properties":{"kind":"rail"},"geometry":{"type":"LineString","coordinates":[[19.56692,43.5338],[19.56444,43.53476],[19.56369,43.53524],[19.56227,43.53639],[19.56167,43.53674],[19.56016,43.53721]]}},{"type":"Feature","properties":{"kind":"rail"},"geometry":{"type":"LineString","coordinates":[[19.56808,43.53309],[19.56692,43.5338]]}},{"type":"Feature","properties":{"kind":"rail"},"geometry":{"type":"LineString","coordinates":[[19.62997,43.37259],[19.62984,43.37293]]}},{"type":"Feature","properties":{"kind":"rail"},"geometry":{"type":"LineString","coordinates":[[19.62984,43.37293],[19.62971,43.37344],[19.62966,43.37425],[19.6299,43.37589],[19.63012,43.37647],[19.63058,43.37717],[19.63102,43.37764],[19.63286,43.37903]]}},{"type":"Feature","properties":{"kind":"rail"},"geometry":{"type":"LineString","coordinates":[[19.50343,43.61222],[19.50369,43.6126]]}},{"type":"Feature","properties":{"kind":"rail"},"geometry":{"type":"LineString","coordinates":[[19.50291,43.61171],[19.50343,43.61222]]}},{"type":"Feature","properties":{"kind":"rail"},"geometry":{"type":"LineString","coordinates":[[20.37996,44.71625],[20.38124,44.71593],[20.38246,44.71574]]}},{"type":"Feature","properties":{"kind":"rail"},"geometry":{"type":"LineString","coordinates":[[20.38246,44.71574],[20.38384,44.71564],[20.38431,44.71566],[20.38514,44.71574],[20.3865,44.71599],[20.38812,44.7165],[20.3905,44.71757],[20.39136,44.71788],[20.39275,44.71826],[20.39368,44.71843],[20.39528,44.7186],[20.39626,44.71861],[20.39804,44.7185],[20.40274,44.71777],[20.40536,44.71746]]}},{"type":"Feature","properties":{"kind":"rail"},"geometry":{"type":"LineString","coordinates":[[20.59445,44.88784],[20.58113,44.88668],[20.58005,44.88655],[20.57843,44.88623],[20.5524,44.87801]]}},{"type":"Feature","properties":{"kind":"rail"},"geometry":{"type":"LineString","coordinates":[[22.24038,43.27235],[22.24023,43.27262]]}},{"type":"Feature","properties":{"kind":"rail"},"geometry":{"type":"LineString","coordinates":[[22.24023,43.27262],[22.23951,43.27383],[22.23916,43.27428],[22.23873,43.27469],[22.23812,43.27515],[22.2369,43.27577],[22.22679,43.27837],[22.22607,43.27861],[22.2252,43.27903],[22.22433,43.27966],[22.22361,43.28034],[22.22083,43.28414],[22.2201,43.28535],[22.21987,43.28602],[22.21967,43.28698],[22.21943,43.28747],[22.21913,43.28796],[22.21836,43.28889],[22.21606,43.2915],[22.21509,43.29238],[22.21387,43.29307],[22.2118,43.29394]]}},{"type":"Feature","properties":{"kind":"rail"},"geometry":{"type":"LineString","coordinates":[[19.90692,44.14869],[19.90593,44.14872],[19.90476,44.14894]]}},{"type":"Feature","properties":{"kind":"rail"},"geometry":{"type":"LineString","coordinates":[[19.90692,44.14869],[19.90786,44.14883],[19.90873,44.14916],[19.90945,44.14962],[19.90999,44.15021]]}},{"type":"Feature","properties":{"kind":"rail"},"geometry":{"type":"LineString","coordinates":[[19.88153,44.14902],[19.88053,44.14739]]}},{"type":"Feature","properties":{"kind":"rail"},"geometry":{"type":"LineString","coordinates":[[19.88203,44.14975],[19.88165,44.14921]]}},{"type":"Feature","properties":{"kind":"rail"},"geometry":{"type":"LineString","coordinates":[[19.88165,44.14921],[19.88153,44.14902]]}},{"type":"Feature","properties":{"kind":"rail"},"geometry":{"type":"LineString","coordinates":[[19.8834,44.15082],[19.88286,44.15052],[19.8822,44.14996]]}},{"type":"Feature","properties":{"kind":"rail"},"geometry":{"type":"LineString","coordinates":[[19.88506,44.15147],[19.8834,44.15082]]}},{"type":"Feature","properties":{"kind":"rail"},"geometry":{"type":"LineString","coordinates":[[19.88724,44.1523],[19.88506,44.15147]]}},{"type":"Feature","properties":{"kind":"rail"},"geometry":{"type":"LineString","coordinates":[[19.904,44.1491],[19.90265,44.14947],[19.90042,44.1505],[19.89631,44.15223],[19.89503,44.15247],[19.89293,44.15265]]}},{"type":"Feature","properties":{"kind":"rail"},"geometry":{"type":"LineString","coordinates":[[19.90476,44.14894],[19.90424,44.14904]]}},{"type":"Feature","properties":{"kind":"rail"},"geometry":{"type":"LineString","coordinates":[[19.89293,44.15265],[19.89233,44.15271]]}},{"type":"Feature","properties":{"kind":"rail"},"geometry":{"type":"LineString","coordinates":[[19.91022,44.15064],[19.90999,44.15021]]}},{"type":"Feature","properties":{"kind":"rail"},"geometry":{"type":"LineString","coordinates":[[21.36058,43.91684],[21.36122,43.9165],[21.36185,43.91629],[21.36251,43.91617],[21.36311,43.91614],[21.37107,43.9167],[21.37201,43.91668],[21.37305,43.91651],[21.37407,43.91614],[21.37476,43.91569],[21.37508,43.9154],[21.37546,43.91492],[21.3758,43.91416],[21.37614,43.91305],[21.37745,43.90813],[21.3805,43.89719],[21.38309,43.88748],[21.38365,43.88571],[21.38444,43.88448],[21.39363,43.87204]]}},{"type":"Feature","properties":{"kind":"rail"},"geometry":{"type":"LineString","coordinates":[[21.37476,43.89727],[21.38335,43.88574]]}},{"type":"Feature","properties":{"kind":"rail"},"geometry":{"type":"LineString","coordinates":[[20.7389,43.72638],[20.7366,43.72852],[20.73624,43.72875],[20.73544,43.72911]]}},{"type":"Feature","properties":{"kind":"rail"},"geometry":{"type":"LineString","coordinates":[[20.73908,43.7262],[20.7389,43.72638]]}},{"type":"Feature","properties":{"kind":"rail"},"geometry":{"type":"LineString","coordinates":[[20.72585,43.72739],[20.72557,43.72733]]}},{"type":"Feature","properties":{"kind":"rail"},"geometry":{"type":"LineString","coordinates":[[20.72557,43.72733],[20.72354,43.72702],[20.71129,43.72607],[20.7068,43.72594],[20.70562,43.72601],[20.70459,43.72623]]}},{"type":"Feature","properties":{"kind":"rail"},"geometry":{"type":"LineString","coordinates":[[20.72558,43.72728],[20.72397,43.72702],[20.72282,43.72692],[20.71027,43.72597]]}},{"type":"Feature","properties":{"kind":"rail"},"geometry":{"type":"LineString","coordinates":[[20.72586,43.72734],[20.72558,43.72728]]}},{"type":"Feature","properties":{"kind":"rail"},"geometry":{"type":"LineString","coordinates":[[20.69693,43.72828],[20.69815,43.72813],[20.6989,43.72797],[20.70278,43.72675]]}},{"type":"Feature","properties":{"kind":"rail"},"geometry":{"type":"LineString","coordinates":[[20.74001,43.72531],[20.73908,43.7262]]}},{"type":"Feature","properties":{"kind":"rail"},"geometry":{"type":"LineString","coordinates":[[20.74029,43.72504],[20.74001,43.72531]]}},{"type":"Feature","properties":{"kind":"rail"},"geometry":{"type":"LineString","coordinates":[[20.57839,43.77249],[20.56771,43.77482],[20.56552,43.77543],[20.55424,43.77966],[20.51965,43.79182],[20.51885,43.79218],[20.51799,43.79269],[20.5174,43.79313],[20.51594,43.79427],[20.51526,43.7949],[20.51457,43.79573],[20.51223,43.79926],[20.51177,43.79983],[20.51085,43.80063],[20.51033,43.80097],[20.48841,43.81261],[20.4872,43.81344],[20.4865,43.81409],[20.48186,43.81976]]}},{"type":"Feature","properties":{"kind":"rail"},"geometry":{"type":"LineString","coordinates":[[20.68253,43.73867],[20.68229,43.73876]]}},{"type":"Feature","properties":{"kind":"rail"},"geometry":{"type":"LineString","coordinates":[[20.61423,43.7114],[20.60833,43.69897],[20.60809,43.69858],[20.60746,43.69795],[20.60671,43.69753],[20.60582,43.69725],[20.60467,43.69713]]}},{"type":"Feature","properties":{"kind":"rail"},"geometry":{"type":"LineString","coordinates":[[20.61427,43.71147],[20.61423,43.7114]]}},{"type":"Feature","properties":{"kind":"rail"},"geometry":{"type":"LineString","coordinates":[[22.10313,43.43849],[22.10302,43.43868]]}},{"type":"Feature","properties":{"kind":"rail"},"geometry":{"type":"LineString","coordinates":[[22.10054,43.44384],[22.09957,43.45366]]}},{"type":"Feature","properties":{"kind":"rail"},"geometry":{"type":"LineString","coordinates":[[19.468,43.76124],[19.46811,43.76193],[19.46819,43.76208],[19.46843,43.76237],[19.46875,43.76257],[19.46998,43.7629],[19.47142,43.76304],[19.47173,43.76312],[19.47215,43.76336],[19.4724,43.76361],[19.47253,43.76391],[19.47254,43.76425],[19.47244,43.76467],[19.47224,43.76516],[19.47192,43.76549],[19.47163,43.76565],[19.47081,43.76592],[19.46856,43.76705],[19.4676,43.76733],[19.46616,43.76812],[19.46563,43.76833],[19.46484,43.76883],[19.46445,43.76928],[19.46439,43.76962],[19.4645,43.76991],[19.46463,43.77006],[19.46501,43.77033]]}},{"type":"Feature","properties":{"kind":"rail"},"geometry":{"type":"LineString","coordinates":[[19.46678,43.7604],[19.46746,43.76047],[19.46782,43.76066],[19.46794,43.76085],[19.468,43.76124]]}},{"type":"Feature","properties":{"kind":"rail"},"geometry":{"type":"LineString","coordinates":[[19.52519,43.79453],[19.52575,43.79353],[19.52698,43.79333],[19.52731,43.79321],[19.52847,43.79258],[19.52869,43.79253],[19.5303,43.7927],[19.53124,43.79245],[19.53145,43.79234],[19.53164,43.79214],[19.53184,43.79175],[19.5322,43.79152],[19.53251,43.7915],[19.53262,43.79156],[19.53307,43.79187],[19.53338,43.79236],[19.53443,43.7928],[19.53507,43.79266],[19.53553,43.79241],[19.53607,43.79229],[19.53672,43.79198],[19.5371,43.79167]]}},{"type":"Feature","properties":{"kind":"rail"},"geometry":{"type":"LineString","coordinates":[[19.51183,43.79604],[19.51189,43.79618]]}},{"type":"Feature","properties":{"kind":"rail"},"geometry":{"type":"LineString","coordinates":[[19.49406,43.78698],[19.49418,43.78714]]}},{"type":"Feature","properties":{"kind":"rail"},"geometry":{"type":"LineString","coordinates":[[19.49418,43.78714],[19.49451,43.78746],[19.49495,43.78769],[19.49687,43.78811],[19.49746,43.78833],[19.49883,43.78931],[19.49942,43.78946],[19.50112,43.78971],[19.50576,43.79192],[19.5063,43.79214],[19.50806,43.79265]]}},{"type":"Feature","properties":{"kind":"rail"},"geometry":{"type":"LineString","coordinates":[[19.78057,43.14776],[19.78042,43.14829]]}},{"type":"Feature","properties":{"kind":"rail"},"geometry":{"type":"LineString","coordinates":[[19.78233,43.1421],[19.78246,43.14297]]}},{"type":"Feature","properties":{"kind":"rail"},"geometry":{"type":"LineString","coordinates":[[19.78042,43.14829],[19.78037,43.14867]]}},{"type":"Feature","properties":{"kind":"rail"},"geometry":{"type":"LineString","coordinates":[[19.78246,43.14297],[19.78236,43.14379],[19.78192,43.14477]]}},{"type":"Feature","properties":{"kind":"rail"},"geometry":{"type":"LineString","coordinates":[[22.03679,42.91504],[22.03548,42.9153]]}},{"type":"Feature","properties":{"kind":"rail"},"geometry":{"type":"LineString","coordinates":[[22.17175,43.53719],[22.17187,43.53787]]}},{"type":"Feature","properties":{"kind":"rail"},"geometry":{"type":"LineString","coordinates":[[22.17082,43.53493],[22.17108,43.53598],[22.17175,43.53719]]}},{"type":"Feature","properties":{"kind":"rail"},"geometry":{"type":"LineString","coordinates":[[22.16791,43.53094],[22.16857,43.53122]]}},{"type":"Feature","properties":{"kind":"rail"},"geometry":{"type":"LineString","coordinates":[[22.16391,43.52862],[22.16513,43.52932],[22.16561,43.52968]]}},{"type":"Feature","properties":{"kind":"rail"},"geometry":{"type":"LineString","coordinates":[[22.16299,43.52837],[22.16391,43.52862]]}},{"type":"Feature","properties":{"kind":"rail"},"geometry":{"type":"LineString","coordinates":[[22.16141,43.52827],[22.16299,43.52837]]}},{"type":"Feature","properties":{"kind":"rail"},"geometry":{"type":"LineString","coordinates":[[22.15933,43.52712],[22.15981,43.52762],[22.16015,43.52785],[22.16098,43.52818],[22.16141,43.52827]]}},{"type":"Feature","properties":{"kind":"rail"},"geometry":{"type":"LineString","coordinates":[[22.15868,43.52586],[22.15906,43.52672],[22.15933,43.52712]]}},{"type":"Feature","properties":{"kind":"rail"},"geometry":{"type":"LineString","coordinates":[[22.14319,43.49909],[22.14355,43.49943]]}},{"type":"Feature","properties":{"kind":"rail"},"geometry":{"type":"LineString","coordinates":[[22.10417,43.4857],[22.10425,43.48574]]}},{"type":"Feature","properties":{"kind":"rail"},"geometry":{"type":"LineString","coordinates":[[22.17176,43.53877],[22.17165,43.53931]]}},{"type":"Feature","properties":{"kind":"rail"},"geometry":{"type":"LineString","coordinates":[[22.19315,43.54523],[22.19444,43.54528],[22.19512,43.54543],[22.19616,43.54592],[22.19659,43.54626],[22.19696,43.54669],[22.19799,43.54858],[22.19836,43.549],[22.19886,43.54938],[22.20037,43.55036],[22.20083,43.55058],[22.2022,43.55097],[22.20318,43.55105],[22.21216,43.5512],[22.21308,43.55118],[22.2138,43.55104],[22.21437,43.55082],[22.21483,43.55054],[22.2155,43.54983],[22.21575,43.54906],[22.2159,43.54814],[22.21601,43.54784],[22.21616,43.54754],[22.21652,43.54713]]}},{"type":"Feature","properties":{"kind":"rail"},"geometry":{"type":"LineString","coordinates":[[22.17377,43.54306],[22.17434,43.54315]]}},{"type":"Feature","properties":{"kind":"rail"},"geometry":{"type":"LineString","coordinates":[[22.16561,43.52968],[22.16626,43.53018],[22.16672,43.5304]]}},{"type":"Feature","properties":{"kind":"rail"},"geometry":{"type":"LineString","coordinates":[[22.16672,43.5304],[22.16791,43.53094]]}},{"type":"Feature","properties":{"kind":"rail"},"geometry":{"type":"LineString","coordinates":[[22.15917,43.52034],[22.15921,43.52091]]}},{"type":"Feature","properties":{"kind":"rail"},"geometry":{"type":"LineString","coordinates":[[22.2413,43.5622],[22.24143,43.56237]]}},{"type":"Feature","properties":{"kind":"rail"},"geometry":{"type":"LineString","coordinates":[[22.24143,43.56237],[22.24255,43.56393],[22.24281,43.56421],[22.24373,43.56499],[22.24461,43.56563]]}},{"type":"Feature","properties":{"kind":"rail"},"geometry":{"type":"LineString","coordinates":[[19.83377,45.2668],[19.82437,45.26507]]}},{"type":"Feature","properties":{"kind":"rail"},"geometry":{"type":"LineString","coordinates":[[20.27929,44.89444],[20.28619,44.89014],[20.30291,44.87896]]}},{"type":"Feature","properties":{"kind":"rail"},"geometry":{"type":"LineString","coordinates":[[19.53843,43.79222],[19.53862,43.79221]]}},{"type":"Feature","properties":{"kind":"rail"},"geometry":{"type":"LineString","coordinates":[[19.53862,43.79221],[19.53917,43.79209],[19.53946,43.79195],[19.54002,43.79138]]}},{"type":"Feature","properties":{"kind":"rail"},"geometry":{"type":"LineString","coordinates":[[19.62807,43.40991],[19.62806,43.41005]]}},{"type":"Feature","properties":{"kind":"rail"},"geometry":{"type":"LineString","coordinates":[[19.63115,43.40485],[19.63105,43.40494]]}},{"type":"Feature","properties":{"kind":"rail"},"geometry":{"type":"LineString","coordinates":[[19.63477,43.40019],[19.63471,43.40031]]}},{"type":"Feature","properties":{"kind":"rail"},"geometry":{"type":"LineString","coordinates":[[19.62912,43.40656],[19.62899,43.40669]]}},{"type":"Feature","properties":{"kind":"rail"},"geometry":{"type":"LineString","coordinates":[[19.63402,43.40171],[19.63397,43.4018]]}},{"type":"Feature","properties":{"kind":"rail"},"geometry":{"type":"LineString","coordinates":[[19.63105,43.40494],[19.62912,43.40656]]}},{"type":"Feature","properties":{"kind":"rail"},"geometry":{"type":"LineString","coordinates":[[19.63471,43.40031],[19.63402,43.40171]]}},{"type":"Feature","properties":{"kind":"rail"},"geometry":{"type":"LineString","coordinates":[[19.63397,43.4018],[19.63345,43.40251],[19.63115,43.40485]]}},{"type":"Feature","properties":{"kind":"rail"},"geometry":{"type":"LineString","coordinates":[[19.62899,43.40669],[19.62851,43.40736],[19.62835,43.40771],[19.62821,43.40825],[19.62807,43.40991]]}},{"type":"Feature","properties":{"kind":"rail"},"geometry":{"type":"LineString","coordinates":[[19.55258,43.5444],[19.5525,43.54449]]}},{"type":"Feature","properties":{"kind":"rail"},"geometry":{"type":"LineString","coordinates":[[19.5525,43.54449],[19.55187,43.54522],[19.55155,43.54581],[19.55098,43.54801]]}},{"type":"Feature","properties":{"kind":"rail"},"geometry":{"type":"LineString","coordinates":[[22.08248,43.33453],[22.078,43.33375],[22.07402,43.33254],[22.07283,43.33227],[22.07161,43.33219],[22.06879,43.33223],[22.0677,43.33205],[22.06712,43.33184],[22.0666,43.33156],[22.06211,43.32871]]}},{"type":"Feature","properties":{"kind":"rail"},"geometry":{"type":"LineString","coordinates":[[22.08262,43.33455],[22.08248,43.33453]]}},{"type":"Feature","properties":{"kind":"rail"},"geometry":{"type":"LineString","coordinates":[[20.25692,45.53159],[20.25705,45.53149]]}},{"type":"Feature","properties":{"kind":"rail"},"geometry":{"type":"LineString","coordinates":[[20.25705,45.53149],[20.27608,45.51568],[20.27758,45.51468],[20.27888,45.51416],[20.3027,45.50691],[20.30325,45.5067],[20.30427,45.50618],[20.30499,45.50565],[20.30557,45.50501],[20.30606,45.50421],[20.30643,45.50319],[20.31339,45.47992],[20.31414,45.4773],[20.31433,45.47608],[20.31429,45.47473],[20.31406,45.47183],[20.31095,45.43349],[20.31095,45.43286],[20.31103,45.43245],[20.31136,45.4316],[20.31191,45.43081],[20.31259,45.43018],[20.31536,45.42819],[20.36058,45.39665],[20.37029,45.3898],[20.37134,45.38873],[20.3762,45.3821],[20.3769,45.38113],[20.3789,45.37802]]}},{"type":"Feature","properties":{"kind":"rail"},"geometry":{"type":"LineString","coordinates":[[21.01782,44.57761],[21.0176,44.57763]]}},{"type":"Feature","properties":{"kind":"rail"},"geometry":{"type":"LineString","coordinates":[[20.97026,44.58702],[20.97049,44.58704]]}},{"type":"Feature","properties":{"kind":"rail"},"geometry":{"type":"LineString","coordinates":[[20.98163,44.60181],[20.9818,44.60171]]}},{"type":"Feature","properties":{"kind":"rail"},"geometry":{"type":"LineString","coordinates":[[21.0176,44.57763],[21.01226,44.57793],[21.01094,44.57811],[21.01034,44.57826],[21.00924,44.57868],[21.00847,44.5791],[21.00778,44.57963],[21.00646,44.58087]]}},{"type":"Feature","properties":{"kind":"rail"},"geometry":{"type":"LineString","coordinates":[[21.44059,43.64997],[21.44167,43.64987],[21.44214,43.64989],[21.44265,43.64999],[21.44341,43.65027]]}},{"type":"Feature","properties":{"kind":"rail"},"geometry":{"type":"LineString","coordinates":[[21.4533,43.6496],[21.45369,43.64902],[21.45426,43.64843],[21.45493,43.64802],[21.45568,43.64774],[21.45648,43.64759],[21.45733,43.64757],[21.45848,43.64781],[21.45914,43.64808],[21.45955,43.64834],[21.46001,43.64874],[21.46041,43.64926],[21.46058,43.64963],[21.46079,43.6502],[21.46097,43.65105],[21.46167,43.65251],[21.46183,43.65405],[21.46201,43.6546],[21.46218,43.65489],[21.46261,43.65536],[21.46292,43.65562],[21.4638,43.65612]]}},{"type":"Feature","properties":{"kind":"rail"},"geometry":{"type":"LineString","coordinates":[[20.9818,44.60171],[20.99218,44.59523],[20.997,44.59065],[20.99887,44.58819],[20.99938,44.58766]]}},{"type":"Feature","properties":{"kind":"rail"},"geometry":{"type":"LineString","coordinates":[[21.4373,43.71623],[21.43648,43.71218],[21.43605,43.71037],[21.43567,43.70933],[21.43507,43.7083],[21.4344,43.70742],[21.42506,43.69753],[21.42404,43.69655],[21.42013,43.69307],[21.41949,43.69228],[21.41885,43.69125],[21.41709,43.68723]]}},{"type":"Feature","properties":{"kind":"rail"},"geometry":{"type":"LineString","coordinates":[[21.71688,44.4494],[21.71678,44.44945]]}},{"type":"Feature","properties":{"kind":"rail"},"geometry":{"type":"LineString","coordinates":[[21.71678,44.44945],[21.70317,44.4564],[21.69871,44.45896]]}},{"type":"Feature","properties":{"kind":"rail"},"geometry":{"type":"LineString","coordinates":[[21.88743,44.39166],[21.88735,44.39147]]}},{"type":"Feature","properties":{"kind":"rail"},"geometry":{"type":"LineString","coordinates":[[19.63273,43.49312],[19.63189,43.49357]]}},{"type":"Feature","properties":{"kind":"rail"},"geometry":{"type":"LineString","coordinates":[[19.63189,43.49357],[19.63002,43.49432],[19.62674,43.49526],[19.62607,43.49554],[19.62454,43.49636]]}},{"type":"Feature","properties":{"kind":"rail"},"geometry":{"type":"LineString","coordinates":[[21.93362,44.33102],[21.9337,44.33091]]}},{"type":"Feature","properties":{"kind":"rail"},"geometry":{"type":"LineString","coordinates":[[21.93291,44.33166],[21.93362,44.33102]]}},{"type":"Feature","properties":{"kind":"rail"},"geometry":{"type":"LineString","coordinates":[[21.9469,44.30739],[21.94691,44.30726]]}},{"type":"Feature","properties":{"kind":"rail"},"geometry":{"type":"LineString","coordinates":[[21.94675,44.30799],[21.9469,44.30739]]}},{"type":"Feature","properties":{"kind":"rail"},"geometry":{"type":"LineString","coordinates":[[21.94718,44.30469],[21.94733,44.30435],[21.94775,44.30372],[21.95022,44.30047]]}},{"type":"Feature","properties":{"kind":"rail"},"geometry":{"type":"LineString","coordinates":[[21.94711,44.30488],[21.94718,44.30469]]}},{"type":"Feature","properties":{"kind":"rail"},"geometry":{"type":"LineString","coordinates":[[21.95022,44.30047],[21.95027,44.30041]]}},{"type":"Feature","properties":{"kind":"rail"},"geometry":{"type":"LineString","coordinates":[[21.95027,44.30041],[21.95073,44.29994],[21.95122,44.29959],[21.95469,44.29794],[21.95513,44.29761],[21.95556,44.29714]]}},{"type":"Feature","properties":{"kind":"rail"},"geometry":{"type":"LineString","coordinates":[[22.01545,44.23298],[22.01681,44.23178]]}},{"type":"Feature","properties":{"kind":"rail"},"geometry":{"type":"LineString","coordinates":[[22.01541,44.23301],[22.01545,44.23298]]}},{"type":"Feature","properties":{"kind":"rail"},"geometry":{"type":"LineString","coordinates":[[22.20873,44.03807],[22.20898,44.03799]]}},{"type":"Feature","properties":{"kind":"rail"},"geometry":{"type":"LineString","coordinates":[[22.21692,44.03133],[22.21904,44.02965],[22.21955,44.02914],[22.22086,44.02834],[22.22169,44.02802],[22.2225,44.02782],[22.22602,44.02727]]}},{"type":"Feature","properties":{"kind":"rail"},"geometry":{"type":"LineString","coordinates":[[19.77511,43.16942],[19.77483,43.17019]]}},{"type":"Feature","properties":{"kind":"rail"},"geometry":{"type":"LineString","coordinates":[[22.26069,43.58081],[22.2608,43.58089]]}},{"type":"Feature","properties":{"kind":"rail"},"geometry":{"type":"LineString","coordinates":[[22.2608,43.58089],[22.26133,43.5812],[22.26331,43.58213]]}},{"type":"Feature","properties":{"kind":"rail"},"geometry":{"type":"LineString","coordinates":[[22.45284,43.23295],[22.45253,43.23297]]}},{"type":"Feature","properties":{"kind":"rail"},"geometry":{"type":"LineString","coordinates":[[22.45253,43.23297],[22.45126,43.23297],[22.45001,43.23288]]}},{"type":"Feature","properties":{"kind":"rail"},"geometry":{"type":"LineString","coordinates":[[22.46224,43.22902],[22.45703,43.2319],[22.45617,43.23226],[22.45505,43.23257]]}},{"type":"Feature","properties":{"kind":"rail"},"geometry":{"type":"LineString","coordinates":[[22.46246,43.2289],[22.46224,43.22902]]}},{"type":"Feature","properties":{"kind":"rail"},"geometry":{"type":"LineString","coordinates":[[20.64945,43.75745],[20.64932,43.75756]]}},{"type":"Feature","properties":{"kind":"rail"},"geometry":{"type":"LineString","coordinates":[[20.66989,43.74204],[20.66594,43.74432],[20.6643,43.74537],[20.64945,43.75745]]}},{"type":"Feature","properties":{"kind":"rail"},"geometry":{"type":"LineString","coordinates":[[20.26276,44.88546],[20.25752,44.8765],[20.25422,44.87049],[20.24663,44.85733],[20.24627,44.85648],[20.24353,44.84807],[20.24337,44.84718],[20.24334,44.84561],[20.24398,44.83724]]}},{"type":"Feature","properties":{"kind":"rail"},"geometry":{"type":"LineString","coordinates":[[20.26289,44.88563],[20.26276,44.88546]]}},{"type":"Feature","properties":{"kind":"rail"},"geometry":{"type":"LineString","coordinates":[[21.76357,44.48042],[21.76056,44.47964],[21.75821,44.4788],[21.75645,44.478],[21.75399,44.47664],[21.73286,44.46236],[21.73231,44.46189],[21.73146,44.4609],[21.73082,44.45987],[21.73057,44.45925],[21.7304,44.45864],[21.73028,44.45741],[21.73059,44.45494],[21.73049,44.45409],[21.73024,44.45338],[21.72866,44.45028],[21.72836,44.44984],[21.72776,44.44916],[21.72711,44.44865],[21.72587,44.44797],[21.72477,44.44761]]}},{"type":"Feature","properties":{"kind":"rail"},"geometry":{"type":"LineString","coordinates":[[21.76379,44.48047],[21.76357,44.48042]]}},{"type":"Feature","properties":{"kind":"rail"},"geometry":{"type":"LineString","coordinates":[[22.17785,43.31102],[22.1778,43.31108]]}},{"type":"Feature","properties":{"kind":"rail"},"geometry":{"type":"LineString","coordinates":[[22.1778,43.31108],[22.17735,43.3116],[22.17664,43.31271],[22.17631,43.31362],[22.17627,43.31392]]}},{"type":"Feature","properties":{"kind":"rail"},"geometry":{"type":"LineString","coordinates":[[21.84204,43.22402],[21.84214,43.22412]]}},{"type":"Feature","properties":{"kind":"rail"},"geometry":{"type":"LineString","coordinates":[[21.84214,43.22412],[21.84303,43.22518],[21.84681,43.23089],[21.84736,43.23181],[21.84806,43.23321],[21.84857,43.23465],[21.84886,43.23587],[21.84908,43.23733],[21.84912,43.23879],[21.84894,43.24052],[21.84881,43.2411]]}},{"type":"Feature","properties":{"kind":"rail"},"geometry":{"type":"LineString","coordinates":[[21.41345,43.67875],[21.41248,43.67671],[21.41186,43.67522],[21.41183,43.67449],[21.41224,43.67184]]}},{"type":"Feature","properties":{"kind":"rail"},"geometry":{"type":"LineString","coordinates":[[21.28633,43.9704],[21.31646,43.95489]]}},{"type":"Feature","properties":{"kind":"rail"},"geometry":{"type":"LineString","coordinates":[[21.28198,43.97264],[21.2825,43.97237]]}},{"type":"Feature","properties":{"kind":"rail"},"geometry":{"type":"LineString","coordinates":[[21.27202,43.97786],[21.28198,43.97264]]}},{"type":"Feature","properties":{"kind":"rail"},"geometry":{"type":"LineString","coordinates":[[21.27199,43.97784],[21.28195,43.97261]]}},{"type":"Feature","properties":{"kind":"rail"},"geometry":{"type":"LineString","coordinates":[[21.35917,43.91832],[21.3607,43.91627]]}},{"type":"Feature","properties":{"kind":"rail"},"geometry":{"type":"LineString","coordinates":[[21.34623,43.93572],[21.34821,43.93305]]}},{"type":"Feature","properties":{"kind":"rail"},"geometry":{"type":"LineString","coordinates":[[21.34821,43.93305],[21.35853,43.91917]]}},{"type":"Feature","properties":{"kind":"rail"},"geometry":{"type":"LineString","coordinates":[[21.31646,43.95489],[21.33432,43.94561],[21.33688,43.94415],[21.3382,43.94333],[21.33969,43.94228],[21.34211,43.94033],[21.34274,43.93975]]}},{"type":"Feature","properties":{"kind":"rail"},"geometry":{"type":"LineString","coordinates":[[21.39413,43.87126],[21.40348,43.85866]]}},{"type":"Feature","properties":{"kind":"rail"},"geometry":{"type":"LineString","coordinates":[[21.37483,43.89728],[21.3834,43.88575]]}},{"type":"Feature","properties":{"kind":"rail"},"geometry":{"type":"LineString","coordinates":[[21.3945,43.87069],[21.40342,43.85863]]}},{"type":"Feature","properties":{"kind":"rail"},"geometry":{"type":"LineString","coordinates":[[21.40348,43.85866],[21.40373,43.85833]]}},{"type":"Feature","properties":{"kind":"rail"},"geometry":{"type":"LineString","coordinates":[[21.42185,43.79304],[21.42366,43.78203],[21.42422,43.77909],[21.43428,43.73918]]}},{"type":"Feature","properties":{"kind":"rail"},"geometry":{"type":"LineString","coordinates":[[21.42179,43.79306],[21.42389,43.78057],[21.42419,43.77909],[21.4266,43.76954],[21.42788,43.76421],[21.43111,43.75172],[21.43133,43.75063],[21.43421,43.73916]]}},{"type":"Feature","properties":{"kind":"rail"},"geometry":{"type":"LineString","coordinates":[[21.83096,43.30101],[21.83077,43.30139],[21.83015,43.30342],[21.82653,43.31558],[21.82642,43.31638],[21.82658,43.31749]]}},{"type":"Feature","properties":{"kind":"rail"},"geometry":{"type":"LineString","coordinates":[[21.82662,43.31761],[21.82714,43.31847],[21.82813,43.31939]]}},{"type":"Feature","properties":{"kind":"rail"},"geometry":{"type":"LineString","coordinates":[[21.82658,43.31749],[21.82662,43.31761]]}},{"type":"Feature","properties":{"kind":"rail"},"geometry":{"type":"LineString","coordinates":[[21.84556,43.25215],[21.84155,43.26575],[21.8316,43.29873],[21.82658,43.3156],[21.82647,43.31639],[21.82662,43.31748]]}},{"type":"Feature","properties":{"kind":"rail"},"geometry":{"type":"LineString","coordinates":[[21.9903,43.34607],[21.99037,43.34593]]}},{"type":"Feature","properties":{"kind":"rail"},"geometry":{"type":"LineString","coordinates":[[21.94151,43.35191],[21.94165,43.35195]]}},{"type":"Feature","properties":{"kind":"rail"},"geometry":{"type":"LineString","coordinates":[[21.94165,43.35195],[21.94248,43.35215],[21.94533,43.35245],[21.94636,43.35273],[21.9472,43.35311],[21.94773,43.35345],[21.9484,43.35401],[21.94878,43.35445],[21.95,43.3562],[21.95066,43.35666]]}},{"type":"Feature","properties":{"kind":"rail"},"geometry":{"type":"LineString","coordinates":[[21.95665,43.35165],[21.95642,43.35117],[21.95544,43.34714],[21.9554,43.34669]]}},{"type":"Feature","properties":{"kind":"rail"},"geometry":{"type":"LineString","coordinates":[[22.09144,43.33513],[22.09137,43.33516]]}},{"type":"Feature","properties":{"kind":"rail"},"geometry":{"type":"LineString","coordinates":[[22.09137,43.33516],[22.09071,43.33535],[22.0894,43.33546],[22.08884,43.33541],[22.08763,43.33513]]}},{"type":"Feature","properties":{"kind":"rail"},"geometry":{"type":"LineString","coordinates":[[22.28905,43.68298],[22.28916,43.68317]]}},{"type":"Feature","properties":{"kind":"rail"},"geometry":{"type":"LineString","coordinates":[[22.29973,43.70733],[22.29998,43.70751]]}},{"type":"Feature","properties":{"kind":"rail"},"geometry":{"type":"LineString","coordinates":[[22.83979,42.99624],[22.8378,42.99748],[22.83697,42.99782],[22.83537,42.99825]]}},{"type":"Feature","properties":{"kind":"rail"},"geometry":{"type":"LineString","coordinates":[[21.16135,44.10665],[21.16122,44.10673]]}},{"type":"Feature","properties":{"kind":"rail"},"geometry":{"type":"LineString","coordinates":[[21.16119,44.1067],[21.16131,44.10663]]}},{"type":"Feature","properties":{"kind":"rail"},"geometry":{"type":"LineString","coordinates":[[21.16131,44.10663],[21.16308,44.10557],[21.16409,44.10475],[21.16505,44.10368],[21.1655,44.10296],[21.16589,44.10211],[21.16612,44.10118],[21.16619,44.10011],[21.16607,44.09917],[21.16537,44.09642],[21.16525,44.09552],[21.16525,44.09475],[21.16539,44.0939],[21.16565,44.09312],[21.1663,44.09194],[21.1669,44.0912],[21.16763,44.0905],[21.16867,44.08973],[21.18223,44.0819],[21.18537,44.08019]]}},{"type":"Feature","properties":{"kind":"rail"},"geometry":{"type":"LineString","coordinates":[[21.10507,44.15313],[21.10586,44.15193],[21.10641,44.15127]]}},{"type":"Feature","properties":{"kind":"rail"},"geometry":{"type":"LineString","coordinates":[[21.10663,44.15103],[21.10765,44.15012],[21.11467,44.14458]]}},{"type":"Feature","properties":{"kind":"rail"},"geometry":{"type":"LineString","coordinates":[[22.04405,43.37095],[22.04407,43.37112]]}},{"type":"Feature","properties":{"kind":"rail"},"geometry":{"type":"LineString","coordinates":[[22.04407,43.37112],[22.04424,43.3716],[22.04456,43.37206],[22.04612,43.37329],[22.04659,43.37389],[22.04846,43.37942],[22.04886,43.38096],[22.04893,43.38175]]}},{"type":"Feature","properties":{"kind":"rail"},"geometry":{"type":"LineString","coordinates":[[20.37966,44.54372],[20.37807,44.5406],[20.37482,44.53616],[20.37443,44.53571],[20.37376,44.53514],[20.37132,44.53378],[20.37036,44.53307],[20.36828,44.53091],[20.36201,44.52411],[20.3612,44.52285],[20.36057,44.52093],[20.3603,44.52033],[20.35975,44.51946],[20.35944,44.51911],[20.35909,44.51874],[20.35799,44.51784],[20.35314,44.51409],[20.35157,44.51298],[20.33977,44.50723],[20.31868,44.49788],[20.31748,44.4974],[20.31588,44.49707],[20.29629,44.49577],[20.2956,44.49566],[20.29428,44.49522],[20.29298,44.49443]]}},{"type":"Feature","properties":{"kind":"rail"},"geometry":{"type":"LineString","coordinates":[[19.14428,45.78864],[19.16911,45.79121],[19.17732,45.79239],[19.19135,45.79412],[19.19356,45.79416],[19.20171,45.79342],[19.20331,45.79339],[19.2042,45.79345],[19.20998,45.79432],[19.21635,45.79507],[19.24282,45.79848],[19.24409,45.79846],[19.24642,45.79806],[19.24917,45.7975],[19.25047,45.79711],[19.2511,45.79684],[19.25184,45.79639],[19.25232,45.79598],[19.25278,45.79542],[19.25391,45.79383],[19.26036,45.78414],[19.26093,45.78302],[19.26509,45.77083],[19.26546,45.77015],[19.26593,45.76954],[19.26665,45.76892],[19.2675,45.76839],[19.27709,45.7633],[19.27805,45.76293],[19.29482,45.75918],[19.30651,45.75669],[19.3094,45.75592],[19.3106,45.75539],[19.31696,45.75191],[19.3186,45.75134],[19.32557,45.74928],[19.3365,45.7446],[19.33913,45.74357],[19.34785,45.74073],[19.34878,45.74037],[19.34958,45.74003],[19.35042,45.73957],[19.35178,45.73866],[19.35447,45.73559],[19.36007,45.72977],[19.36987,45.71936],[19.37025,45.71893],[19.37066,45.71827],[19.3727,45.71342],[19.37293,45.71254],[19.37297,45.71164],[19.37289,45.71094],[19.37264,45.71008],[19.36914,45.70225],[19.36889,45.70157],[19.36874,45.70099],[19.3687,45.70044],[19.36882,45.69962],[19.36904,45.69901]]}},{"type":"Feature","properties":{"kind":"rail"},"geometry":{"type":"LineString","coordinates":[[19.14409,45.78862],[19.14428,45.78864]]}},{"type":"Feature","properties":{"kind":"rail"},"geometry":{"type":"LineString","coordinates":[[19.13692,45.7982],[19.13705,45.79831]]}},{"type":"Feature","properties":{"kind":"rail"},"geometry":{"type":"LineString","coordinates":[[19.21169,45.84406],[19.2302,45.85394],[19.24877,45.8637],[19.27798,45.87921],[19.29149,45.88782],[19.30602,45.89724],[19.31663,45.90401],[19.347,45.92359]]}},{"type":"Feature","properties":{"kind":"rail"},"geometry":{"type":"LineString","coordinates":[[19.09449,45.78363],[19.09427,45.7836]]}},{"type":"Feature","properties":{"kind":"rail"},"geometry":{"type":"LineString","coordinates":[[19.09427,45.7836],[19.08775,45.78279],[19.0862,45.78247],[19.0851,45.78217],[19.08334,45.78149],[19.08172,45.78065],[19.08069,45.77996],[19.07942,45.77889],[19.07848,45.77783],[19.07746,45.77625],[19.06875,45.75917]]}},{"type":"Feature","properties":{"kind":"rail"},"geometry":{"type":"LineString","coordinates":[[19.1187,45.78658],[19.11821,45.78648]]}},{"type":"Feature","properties":{"kind":"rail"},"geometry":{"type":"LineString","coordinates":[[20.98728,44.34924],[20.97969,44.35376],[20.97046,44.35938],[20.96882,44.36013],[20.9674,44.3606]]}},{"type":"Feature","properties":{"kind":"rail"},"geometry":{"type":"LineString","coordinates":[[20.98795,44.34883],[20.98728,44.34924]]}},{"type":"Feature","properties":{"kind":"rail"},"geometry":{"type":"LineString","coordinates":[[19.46701,45.64452],[19.4671,45.64447]]}},{"type":"Feature","properties":{"kind":"rail"},"geometry":{"type":"LineString","coordinates":[[20.37534,44.53687],[20.37563,44.53718],[20.37702,44.53907]]}},{"type":"Feature","properties":{"kind":"rail"},"geometry":{"type":"LineString","coordinates":[[21.08597,44.30094],[21.09196,44.29073],[21.09237,44.28982],[21.09269,44.28859],[21.09276,44.28797],[21.09276,44.2871],[21.09261,44.286],[21.09024,44.27909],[21.09002,44.27807],[21.08996,44.27732],[21.09001,44.27622],[21.09085,44.27]]}},{"type":"Feature","properties":{"kind":"rail"},"geometry":{"type":"LineString","coordinates":[[21.10647,44.1513],[21.10668,44.15107]]}},{"type":"Feature","properties":{"kind":"rail"},"geometry":{"type":"LineString","coordinates":[[21.10668,44.15107],[21.10754,44.15027],[21.11471,44.1446]]}},{"type":"Feature","properties":{"kind":"rail"},"geometry":{"type":"LineString","coordinates":[[21.11467,44.14458],[21.11479,44.14449]]}},{"type":"Feature","properties":{"kind":"rail"},"geometry":{"type":"LineString","coordinates":[[21.11479,44.14449],[21.12096,44.13962],[21.12202,44.13862],[21.13754,44.121],[21.13863,44.11991],[21.13938,44.11932],[21.1404,44.11869]]}},{"type":"Feature","properties":{"kind":"rail"},"geometry":{"type":"LineString","coordinates":[[21.16122,44.10673],[21.14886,44.11385]]}},{"type":"Feature","properties":{"kind":"rail"},"geometry":{"type":"LineString","coordinates":[[21.11471,44.1446],[21.11483,44.14451]]}},{"type":"Feature","properties":{"kind":"rail"},"geometry":{"type":"LineString","coordinates":[[21.17392,44.0867],[21.17452,44.08642]]}},{"type":"Feature","properties":{"kind":"rail"},"geometry":{"type":"LineString","coordinates":[[21.09511,44.22262],[21.0951,44.22242]]}},{"type":"Feature","properties":{"kind":"rail"},"geometry":{"type":"LineString","coordinates":[[21.0951,44.22242],[21.09471,44.21742],[21.09294,44.20915],[21.09287,44.20846],[21.09294,44.20751],[21.09317,44.20668],[21.09348,44.20596],[21.09979,44.19305],[21.10182,44.18868]]}},{"type":"Feature","properties":{"kind":"rail"},"geometry":{"type":"LineString","coordinates":[[21.09518,44.22242],[21.09478,44.21746],[21.09301,44.20925],[21.09293,44.2083],[21.09304,44.20734],[21.09347,44.20611],[21.10135,44.18994],[21.10187,44.18868]]}},{"type":"Feature","properties":{"kind":"rail"},"geometry":{"type":"LineString","coordinates":[[21.0952,44.22261],[21.09518,44.22242]]}},{"type":"Feature","properties":{"kind":"rail"},"geometry":{"type":"LineString","coordinates":[[21.09613,44.23372],[21.09573,44.22839],[21.0958,44.22783],[21.09605,44.22717],[21.09651,44.22655],[21.0971,44.22607],[21.09788,44.22565],[21.0984,44.22545],[21.09901,44.22532],[21.10029,44.22517]]}},{"type":"Feature","properties":{"kind":"rail"},"geometry":{"type":"LineString","coordinates":[[21.09085,44.27],[21.09086,44.26991]]}},{"type":"Feature","properties":{"kind":"rail"},"geometry":{"type":"LineString","coordinates":[[21.09086,44.26991],[21.0923,44.25943],[21.0926,44.25798],[21.09301,44.25699],[21.09348,44.25617],[21.09656,44.25154],[21.09705,44.25051],[21.09722,44.24991],[21.0973,44.24929],[21.0973,44.24852],[21.09675,44.24268]]}},{"type":"Feature","properties":{"kind":"rail"},"geometry":{"type":"LineString","coordinates":[[21.09082,44.26991],[21.09229,44.25909],[21.09247,44.25823],[21.09289,44.2571],[21.09309,44.25672],[21.09644,44.25164],[21.09683,44.25091],[21.09711,44.25015],[21.09726,44.24917],[21.09725,44.24846],[21.09669,44.24267]]}},{"type":"Feature","properties":{"kind":"rail"},"geometry":{"type":"LineString","coordinates":[[21.09081,44.27],[21.09082,44.26991]]}},{"type":"Feature","properties":{"kind":"rail"},"geometry":{"type":"LineString","coordinates":[[21.07242,44.33912],[21.07216,44.33915]]}},{"type":"Feature","properties":{"kind":"rail"},"geometry":{"type":"LineString","coordinates":[[21.07216,44.33915],[21.07027,44.33926],[21.05761,44.33932],[21.0529,44.33885],[21.02148,44.3354],[21.01969,44.33529],[21.0174,44.33546],[21.01533,44.33588],[21.00585,44.3384],[21.00373,44.33921],[21.00082,44.34091],[20.98795,44.34883]]}},{"type":"Feature","properties":{"kind":"rail"},"geometry":{"type":"LineString","coordinates":[[21.08594,44.30098],[21.08597,44.30094]]}},{"type":"Feature","properties":{"kind":"rail"},"geometry":{"type":"LineString","coordinates":[[21.08593,44.30092],[21.0919,44.29075],[21.09246,44.28936],[21.09267,44.28836],[21.09272,44.2872],[21.09255,44.28602],[21.09034,44.27958],[21.09009,44.27871],[21.08994,44.27779],[21.0899,44.27693],[21.08995,44.27621],[21.09081,44.27]]}},{"type":"Feature","properties":{"kind":"rail"},"geometry":{"type":"LineString","coordinates":[[21.0859,44.30096],[21.08593,44.30092]]}},{"type":"Feature","properties":{"kind":"rail"},"geometry":{"type":"LineString","coordinates":[[21.07775,44.337],[21.07796,44.33682]]}},{"type":"Feature","properties":{"kind":"rail"},"geometry":{"type":"LineString","coordinates":[[21.07772,44.33695],[21.07679,44.33765],[21.07551,44.33829],[21.07419,44.33875],[21.07242,44.33912]]}},{"type":"Feature","properties":{"kind":"rail"},"geometry":{"type":"LineString","coordinates":[[21.08492,44.31897],[21.0852,44.31813],[21.0854,44.31702],[21.08541,44.31592],[21.0853,44.31517],[21.08488,44.31382],[21.08332,44.31029],[21.08302,44.30919],[21.08294,44.30805],[21.08302,44.30712],[21.08324,44.30621],[21.08357,44.30531],[21.08515,44.30254],[21.08594,44.30098]]}},{"type":"Feature","properties":{"kind":"rail"},"geometry":{"type":"LineString","coordinates":[[21.07425,44.33944],[21.07683,44.3377],[21.07775,44.337]]}},{"type":"Feature","properties":{"kind":"rail"},"geometry":{"type":"LineString","coordinates":[[21.07386,44.33974],[21.07425,44.33944]]}},{"type":"Feature","properties":{"kind":"rail"},"geometry":{"type":"LineString","coordinates":[[21.31056,43.58816],[21.3104,43.58816]]}},{"type":"Feature","properties":{"kind":"rail"},"geometry":{"type":"LineString","coordinates":[[21.3104,43.58816],[21.30783,43.58795],[21.29396,43.58646],[21.29226,43.58645],[21.27858,43.58742],[21.27735,43.58757],[21.2765,43.58779],[21.27584,43.58804],[21.27521,43.58836],[21.27318,43.58968],[21.27237,43.59009],[21.27158,43.5904],[21.27007,43.59068],[21.26869,43.5907]]}},{"type":"Feature","properties":{"kind":"rail"},"geometry":{"type":"LineString","coordinates":[[20.63558,43.32483],[20.63985,43.3303]]}},{"type":"Feature","properties":{"kind":"rail"},"geometry":{"type":"LineString","coordinates":[[20.63551,43.32475],[20.63558,43.32483]]}},{"type":"Feature","properties":{"kind":"rail"},"geometry":{"type":"LineString","coordinates":[[21.83655,43.32083],[21.83751,43.3208],[21.83924,43.32049],[21.84627,43.31805],[21.84756,43.31772],[21.84854,43.31761],[21.85232,43.31744],[21.85351,43.31719],[21.85562,43.31659],[21.85668,43.31646],[21.86152,43.31628],[21.8646,43.31631]]}},{"type":"Feature","properties":{"kind":"rail"},"geometry":{"type":"LineString","coordinates":[[21.86992,43.33771],[21.8669,43.33907],[21.86499,43.33975],[21.85693,43.34203],[21.85438,43.34263],[21.85242,43.34294],[21.8356,43.34465],[21.8344,43.34485],[21.83271,43.3453],[21.83149,43.34577],[21.82994,43.34658],[21.82432,43.35053],[21.82297,43.35165],[21.82225,43.35243],[21.82163,43.35324],[21.82087,43.35453]]}},{"type":"Feature","properties":{"kind":"rail"},"geometry":{"type":"LineString","coordinates":[[21.76936,43.39523],[21.77119,43.39476]]}},{"type":"Feature","properties":{"kind":"rail"},"geometry":{"type":"LineString","coordinates":[[21.77119,43.39476],[21.79551,43.38872],[21.79763,43.388],[21.79888,43.38748],[21.80027,43.38676],[21.8014,43.38606],[21.80248,43.38528],[21.80343,43.38446],[21.8043,43.38359],[21.80516,43.38254],[21.80578,43.38164],[21.80653,43.3802],[21.8103,43.3708],[21.81073,43.36996],[21.81171,43.36863],[21.81444,43.36553],[21.8157,43.36347]]}},{"type":"Feature","properties":{"kind":"rail"},"geometry":{"type":"LineString","coordinates":[[21.76437,43.39762],[21.76401,43.39799],[21.76348,43.39872],[21.76303,43.39963],[21.76281,43.40028],[21.76234,43.40429],[21.76211,43.40557],[21.7615,43.4068],[21.76112,43.40733],[21.75982,43.40857],[21.75357,43.41259],[21.752,43.41366],[21.75134,43.4142],[21.75047,43.41518],[21.74983,43.41616],[21.74935,43.4174],[21.74881,43.41923]]}},{"type":"Feature","properties":{"kind":"rail"},"geometry":{"type":"LineString","coordinates":[[21.65731,43.51986],[21.65705,43.51997]]}},{"type":"Feature","properties":{"kind":"rail"},"geometry":{"type":"LineString","coordinates":[[21.64658,43.52461],[21.64341,43.52609],[21.64174,43.52705],[21.63995,43.5283],[21.63818,43.52984],[21.63622,43.53197],[21.63568,43.5327],[21.63424,43.53518],[21.63365,43.53591],[21.63305,43.5365],[21.63244,43.53699],[21.62857,43.53945],[21.6181,43.54804]]}},{"type":"Feature","properties":{"kind":"rail"},"geometry":{"type":"LineString","coordinates":[[21.95511,42.99938],[21.95477,42.99968]]}},{"type":"Feature","properties":{"kind":"rail"},"geometry":{"type":"LineString","coordinates":[[21.9701,42.98135],[21.9601,42.99324],[21.95972,42.99379],[21.95733,42.99666],[21.95318,43.00148],[21.94668,43.00933],[21.94564,43.01096],[21.94499,43.01224],[21.94349,43.01627]]}},{"type":"Feature","properties":{"kind":"rail"},"geometry":{"type":"LineString","coordinates":[[21.9702,42.98123],[21.9701,42.98135]]}},{"type":"Feature","properties":{"kind":"rail"},"geometry":{"type":"LineString","coordinates":[[22.03778,42.63317],[22.03785,42.63333]]}},{"type":"Feature","properties":{"kind":"rail"},"geometry":{"type":"LineString","coordinates":[[22.03785,42.63333],[22.03812,42.6343],[22.03812,42.63468],[22.03799,42.63543],[22.03765,42.63621],[22.03633,42.63863],[22.0362,42.639],[22.0361,42.63971],[22.03623,42.64049],[22.0369,42.64232],[22.0371,42.64305],[22.03793,42.64719],[22.0382,42.64808],[22.03883,42.64935],[22.03926,42.64999],[22.04013,42.651],[22.04362,42.65392],[22.04453,42.65475]]}},{"type":"Feature","properties":{"kind":"rail"},"geometry":{"type":"LineString","coordinates":[[22.04774,42.65926],[22.04781,42.65944]]}},{"type":"Feature","properties":{"kind":"rail"},"geometry":{"type":"LineString","coordinates":[[22.29103,43.86358],[22.29158,43.86869],[22.29156,43.8697],[22.29092,43.87514],[22.29085,43.87764]]}},{"type":"Feature","properties":{"kind":"rail"},"geometry":{"type":"LineString","coordinates":[[22.291,43.86333],[22.29103,43.86358]]}},{"type":"Feature","properties":{"kind":"rail"},"geometry":{"type":"LineString","coordinates":[[22.29085,43.87764],[22.29085,43.87785]]}},{"type":"Feature","properties":{"kind":"rail"},"geometry":{"type":"LineString","coordinates":[[21.38477,43.21931],[21.414,43.23074]]}},{"type":"Feature","properties":{"kind":"rail"},"geometry":{"type":"LineString","coordinates":[[21.38457,43.21923],[21.38477,43.21931]]}},{"type":"Feature","properties":{"kind":"rail"},"geometry":{"type":"LineString","coordinates":[[21.41417,43.23081],[21.43362,43.2384]]}},{"type":"Feature","properties":{"kind":"rail"},"geometry":{"type":"LineString","coordinates":[[21.414,43.23074],[21.41417,43.23081]]}},{"type":"Feature","properties":{"kind":"rail"},"geometry":{"type":"LineString","coordinates":[[21.35289,43.1767],[21.35302,43.17681]]}},{"type":"Feature","properties":{"kind":"rail"},"geometry":{"type":"LineString","coordinates":[[21.35302,43.17681],[21.35552,43.17912],[21.35605,43.17971],[21.35644,43.18034],[21.35677,43.18127],[21.35756,43.18425],[21.35759,43.18479],[21.35742,43.18717],[21.35754,43.18769],[21.35778,43.18816],[21.35887,43.18935],[21.35933,43.18995],[21.35975,43.19098],[21.35999,43.19461],[21.36025,43.19722],[21.36044,43.20095],[21.36073,43.20187]]}},{"type":"Feature","properties":{"kind":"rail"},"geometry":{"type":"LineString","coordinates":[[21.2941,43.11622],[21.29373,43.11651],[21.29286,43.1174],[21.2925,43.11802],[21.29211,43.11892],[21.292,43.11942],[21.29146,43.12419],[21.2911,43.12604],[21.28953,43.13141],[21.2895,43.13271],[21.29009,43.13562],[21.29024,43.13597],[21.29056,43.13642],[21.2909,43.13673],[21.29154,43.13714]]}},{"type":"Feature","properties":{"kind":"rail"},"geometry":{"type":"LineString","coordinates":[[21.29417,43.11617],[21.2941,43.11622]]}},{"type":"Feature","properties":{"kind":"rail"},"geometry":{"type":"LineString","coordinates":[[21.43377,43.23846],[21.43436,43.23875],[21.43716,43.24055],[21.43818,43.24107],[21.43891,43.24134],[21.43972,43.24152],[21.44194,43.24181],[21.44511,43.24236],[21.44612,43.24245],[21.44735,43.24229],[21.4487,43.24194]]}},{"type":"Feature","properties":{"kind":"rail"},"geometry":{"type":"LineString","coordinates":[[21.43362,43.2384],[21.43377,43.23846]]}},{"type":"Feature","properties":{"kind":"rail"},"geometry":{"type":"LineString","coordinates":[[21.44892,43.24188],[21.45542,43.2402],[21.4565,43.2401],[21.45788,43.24022],[21.45963,43.24061],[21.46144,43.24068],[21.46243,43.24081],[21.46361,43.24113],[21.46474,43.24131],[21.46557,43.24133],[21.46922,43.24101],[21.47189,43.24013],[21.47274,43.24005],[21.47486,43.24003]]}},{"type":"Feature","properties":{"kind":"rail"},"geometry":{"type":"LineString","coordinates":[[21.4487,43.24194],[21.44892,43.24188]]}},{"type":"Feature","properties":{"kind":"rail"},"geometry":{"type":"LineString","coordinates":[[21.36648,43.21417],[21.36744,43.21461],[21.36788,43.21471],[21.37358,43.21543],[21.37509,43.2157],[21.37635,43.21606],[21.38457,43.21923]]}},{"type":"Feature","properties":{"kind":"rail"},"geometry":{"type":"LineString","coordinates":[[21.36626,43.21404],[21.36648,43.21417]]}},{"type":"Feature","properties":{"kind":"rail"},"geometry":{"type":"LineString","coordinates":[[21.28781,42.96438],[21.28802,42.96473],[21.28879,42.96552]]}},{"type":"Feature","properties":{"kind":"rail"},"geometry":{"type":"LineString","coordinates":[[21.28879,42.96552],[21.28927,42.96587],[21.29063,42.96664],[21.29097,42.96689],[21.29185,42.96774],[21.29214,42.96813],[21.29298,42.97005],[21.29334,42.97053],[21.29368,42.97086],[21.29522,42.97205],[21.29545,42.97235],[21.2963,42.974],[21.29685,42.97475],[21.29867,42.97674],[21.30019,42.97856],[21.30052,42.97907],[21.3008,42.97969],[21.30114,42.98181],[21.30145,42.98246],[21.30177,42.98289],[21.30291,42.98386],[21.30399,42.98495],[21.30446,42.98534],[21.3054,42.98591],[21.30676,42.98636],[21.30849,42.98655],[21.30948,42.98677],[21.31033,42.98716],[21.31124,42.98782],[21.31374,42.99009],[21.31424,42.99047],[21.3154,42.99119],[21.31692,42.99201],[21.31727,42.99225],[21.31767,42.99267]]}},{"type":"Feature","properties":{"kind":"rail"},"geometry":{"type":"LineString","coordinates":[[21.58714,44.53569],[21.58568,44.53578]]}},{"type":"Feature","properties":{"kind":"rail"},"geometry":{"type":"LineString","coordinates":[[21.58568,44.53578],[21.58477,44.53591],[21.5833,44.53633],[21.58014,44.53783],[21.56332,44.54551],[21.56191,44.54622],[21.56081,44.54688],[21.55973,44.54768],[21.55842,44.54892],[21.55647,44.55099],[21.55523,44.55183]]}},{"type":"Feature","properties":{"kind":"rail"},"geometry":{"type":"LineString","coordinates":[[21.54089,44.56099],[21.53514,44.56875],[21.52928,44.57706],[21.52637,44.58104],[21.52543,44.58217],[21.5246,44.58302],[21.52021,44.58688],[21.51914,44.58793],[21.51725,44.59022],[21.51542,44.59312]]}},{"type":"Feature","properties":{"kind":"rail"},"geometry":{"type":"LineString","coordinates":[[21.55523,44.55183],[21.55495,44.55198]]}},{"type":"Feature","properties":{"kind":"rail"},"geometry":{"type":"LineString","coordinates":[[21.27646,43.13741],[21.27858,43.13743],[21.28079,43.13785],[21.28183,43.13794],[21.28258,43.13793],[21.28712,43.13738],[21.28793,43.13712],[21.28856,43.13679],[21.28909,43.13637],[21.28932,43.13611],[21.28949,43.13587],[21.28971,43.13536],[21.28978,43.13464],[21.28945,43.13274],[21.28949,43.13139],[21.29017,43.12895],[21.2904,43.12846]]}},{"type":"Feature","properties":{"kind":"rail"},"geometry":{"type":"LineString","coordinates":[[21.27598,43.1374],[21.27646,43.13741]]}},{"type":"Feature","properties":{"kind":"rail"},"geometry":{"type":"LineString","coordinates":[[21.319,43.06099],[21.319,43.06136]]}},{"type":"Feature","properties":{"kind":"rail"},"geometry":{"type":"LineString","coordinates":[[21.319,43.06136],[21.31915,43.06432],[21.31912,43.06552],[21.31896,43.06917],[21.31874,43.0699],[21.31662,43.07295],[21.31639,43.07319],[21.31542,43.0739],[21.31484,43.07451],[21.31342,43.077],[21.31237,43.07872],[21.31203,43.07916],[21.31161,43.07958],[21.31097,43.08008],[21.31038,43.08041]]}},{"type":"Feature","properties":{"kind":"rail"},"geometry":{"type":"LineString","coordinates":[[21.31872,43.04621],[21.31899,43.04648]]}},{"type":"Feature","properties":{"kind":"rail"},"geometry":{"type":"LineString","coordinates":[[21.31899,43.04648],[21.31952,43.04724],[21.31978,43.04839],[21.31978,43.04936],[21.31927,43.05093],[21.31929,43.05161],[21.32029,43.05438],[21.32035,43.05471],[21.32029,43.05542],[21.32015,43.0558],[21.31927,43.05733],[21.31901,43.05815],[21.31891,43.05878],[21.319,43.06099]]}},{"type":"Feature","properties":{"kind":"rail"},"geometry":{"type":"LineString","coordinates":[[21.31813,42.99401],[21.31799,42.99461],[21.31708,42.99617],[21.31694,42.99679],[21.31694,42.99709],[21.31711,42.99778],[21.31915,43.00206],[21.31937,43.00281],[21.31945,43.00336],[21.31945,43.00402],[21.31925,43.00805],[21.31913,43.00893],[21.31896,43.00939],[21.31864,43.00988],[21.31809,43.01045],[21.31689,43.01134],[21.3166,43.01162],[21.31611,43.01235],[21.31597,43.01301],[21.31612,43.01456],[21.31601,43.0151],[21.31577,43.01563],[21.31488,43.01678],[21.31472,43.01709],[21.31452,43.01782],[21.31455,43.01875],[21.31445,43.01938],[21.31419,43.01997],[21.31378,43.02049]]}},{"type":"Feature","properties":{"kind":"rail"},"geometry":{"type":"LineString","coordinates":[[21.31038,43.08041],[21.31021,43.08049]]}},{"type":"Feature","properties":{"kind":"rail"},"geometry":{"type":"LineString","coordinates":[[19.69395,46.08241],[19.69382,46.08252]]}},{"type":"Feature","properties":{"kind":"rail"},"geometry":{"type":"LineString","coordinates":[[20.12622,43.89656],[20.12556,43.89627]]}},{"type":"Feature","properties":{"kind":"rail"},"geometry":{"type":"LineString","coordinates":[[20.12556,43.89627],[20.12301,43.8951],[20.12211,43.89453],[20.12136,43.89386],[20.12064,43.89296],[20.12035,43.89241],[20.11967,43.89055],[20.11918,43.88966]]}},{"type":"Feature","properties":{"kind":"rail"},"geometry":{"type":"LineString","coordinates":[[19.54113,45.35157],[19.54095,45.35159]]}},{"type":"Feature","properties":{"kind":"rail"},"geometry":{"type":"LineString","coordinates":[[19.54095,45.35159],[19.53986,45.35169],[19.53586,45.3517]]}},{"type":"Feature","properties":{"kind":"rail"},"geometry":{"type":"LineString","coordinates":[[19.54117,45.35139],[19.54271,45.35096],[19.54362,45.35057],[19.5455,45.34955]]}},{"type":"Feature","properties":{"kind":"rail"},"geometry":{"type":"LineString","coordinates":[[19.54083,45.35146],[19.54117,45.35139]]}},{"type":"Feature","properties":{"kind":"rail"},"geometry":{"type":"LineString","coordinates":[[20.61782,43.52085],[20.61789,43.52048],[20.61785,43.52],[20.6177,43.51943],[20.61637,43.51599],[20.61556,43.5141]]}},{"type":"Feature","properties":{"kind":"rail"},"geometry":{"type":"LineString","coordinates":[[20.61779,43.52097],[20.61782,43.52085]]}},{"type":"Feature","properties":{"kind":"rail"},"geometry":{"type":"LineString","coordinates":[[19.82539,46.11912],[19.93764,46.14875]]}},{"type":"Feature","properties":{"kind":"rail"},"geometry":{"type":"LineString","coordinates":[[19.82515,46.11906],[19.82539,46.11912]]}},{"type":"Feature","properties":{"kind":"rail"},"geometry":{"type":"LineString","coordinates":[[19.7037,44.75764],[19.70595,44.75618],[19.70772,44.75527]]}},{"type":"Feature","properties":{"kind":"rail"},"geometry":{"type":"LineString","coordinates":[[22.27129,43.59937],[22.27133,43.59953]]}},{"type":"Feature","properties":{"kind":"rail"},"geometry":{"type":"LineString","coordinates":[[22.27739,43.64845],[22.28424,43.67066]]}},{"type":"Feature","properties":{"kind":"rail"},"geometry":{"type":"LineString","coordinates":[[22.27653,43.6456],[22.27659,43.64578]]}},{"type":"Feature","properties":{"kind":"rail"},"geometry":{"type":"LineString","coordinates":[[22.77077,43.01276],[22.76495,43.01119]]}},{"type":"Feature","properties":{"kind":"rail"},"geometry":{"type":"LineString","coordinates":[[21.63091,43.22261],[21.62879,43.22256],[21.62227,43.22177],[21.62068,43.22147],[21.61595,43.22024],[21.61453,43.21997],[21.61327,43.2198],[21.6111,43.21974],[21.60863,43.21982],[21.60805,43.21991],[21.60693,43.22021],[21.60444,43.22126],[21.60367,43.22171],[21.60217,43.22278],[21.60124,43.22313]]}},{"type":"Feature","properties":{"kind":"rail"},"geometry":{"type":"LineString","coordinates":[[21.65398,43.21536],[21.65387,43.2154]]}},{"type":"Feature","properties":{"kind":"rail"},"geometry":{"type":"LineString","coordinates":[[19.82698,44.98941],[19.80942,44.98933],[19.76576,44.98897],[19.67891,44.98813],[19.67679,44.988],[19.62845,44.98375]]}},{"type":"Feature","properties":{"kind":"rail"},"geometry":{"type":"LineString","coordinates":[[20.13903,44.98458],[20.1345,44.99087]]}},{"type":"Feature","properties":{"kind":"rail"},"geometry":{"type":"LineString","coordinates":[[20.27991,44.89411],[20.2681,44.90152]]}},{"type":"Feature","properties":{"kind":"rail"},"geometry":{"type":"LineString","coordinates":[[20.30297,44.87898],[20.28618,44.8902],[20.27991,44.89411]]}},{"type":"Feature","properties":{"kind":"rail"},"geometry":{"type":"LineString","coordinates":[[20.41048,44.81031],[20.40373,44.81341]]}},{"type":"Feature","properties":{"kind":"rail"},"geometry":{"type":"LineString","coordinates":[[20.30301,44.87889],[20.33292,44.8589]]}},{"type":"Feature","properties":{"kind":"rail"},"geometry":{"type":"LineString","coordinates":[[20.27178,44.89906],[20.27486,44.89709],[20.27929,44.89444]]}},{"type":"Feature","properties":{"kind":"rail"},"geometry":{"type":"LineString","coordinates":[[20.26804,44.90146],[20.27178,44.89906]]}},{"type":"Feature","properties":{"kind":"rail"},"geometry":{"type":"LineString","coordinates":[[20.04698,45.01408],[20.0578,45.01913]]}},{"type":"Feature","properties":{"kind":"rail"},"geometry":{"type":"LineString","coordinates":[[19.95677,44.97865],[19.96915,44.9812]]}},{"type":"Feature","properties":{"kind":"rail"},"geometry":{"type":"LineString","coordinates":[[19.96915,44.9812],[19.9772,44.9829],[19.97959,44.98348],[19.98312,44.98458],[19.98541,44.98548],[20.04698,45.01408]]}},{"type":"Feature","properties":{"kind":"rail"},"geometry":{"type":"LineString","coordinates":[[19.81637,44.98932],[19.83289,44.98942]]}},{"type":"Feature","properties":{"kind":"rail"},"geometry":{"type":"LineString","coordinates":[[19.72342,44.98848],[19.77197,44.98898],[19.81637,44.98932]]}},{"type":"Feature","properties":{"kind":"rail"},"geometry":{"type":"LineString","coordinates":[[19.72342,44.98848],[19.71059,44.98838]]}},{"type":"Feature","properties":{"kind":"rail"},"geometry":{"type":"LineString","coordinates":[[19.54359,44.99592],[19.57674,44.98498],[19.57784,44.98464],[19.57918,44.98432],[19.58017,44.98413],[19.58216,44.98389],[19.60356,44.98207],[19.60653,44.98191],[19.60978,44.98207]]}},{"type":"Feature","properties":{"kind":"rail"},"geometry":{"type":"LineString","coordinates":[[19.35004,45.05987],[19.36267,45.05578],[19.4259,45.03491],[19.43954,45.03048],[19.45323,45.02586],[19.46056,45.02348]]}},{"type":"Feature","properties":{"kind":"rail"},"geometry":{"type":"LineString","coordinates":[[19.33814,45.06381],[19.35004,45.05987]]}},{"type":"Feature","properties":{"kind":"rail"},"geometry":{"type":"LineString","coordinates":[[19.22687,45.1148],[19.23824,45.10896],[19.27822,45.08808],[19.30133,45.07612],[19.304,45.07505],[19.33814,45.06381]]}},{"type":"Feature","properties":{"kind":"rail"},"geometry":{"type":"LineString","coordinates":[[19.22166,45.11749],[19.22528,45.11561]]}},{"type":"Feature","properties":{"kind":"rail"},"geometry":{"type":"LineString","coordinates":[[19.8899,45.23775],[19.8908,45.23642],[19.89666,45.22989],[19.89952,45.22632]]}},{"type":"Feature","properties":{"kind":"rail"},"geometry":{"type":"LineString","coordinates":[[19.22169,45.11753],[19.21529,45.12087]]}},{"type":"Feature","properties":{"kind":"rail"},"geometry":{"type":"LineString","coordinates":[[19.33723,45.06419],[19.30398,45.07511],[19.30136,45.07616],[19.23827,45.10899],[19.22626,45.11517]]}},{"type":"Feature","properties":{"kind":"rail"},"geometry":{"type":"LineString","coordinates":[[19.78039,43.14917],[19.78088,43.151]]}},{"type":"Feature","properties":{"kind":"rail"},"geometry":{"type":"LineString","coordinates":[[22.31978,43.94905],[22.32152,43.9504],[22.32241,43.95125],[22.3264,43.95621]]}},{"type":"Feature","properties":{"kind":"rail"},"geometry":{"type":"LineString","coordinates":[[22.32484,43.96347],[22.32338,43.96455],[22.32253,43.96506],[22.32138,43.9655],[22.31963,43.96596]]}},{"type":"Feature","properties":{"kind":"rail"},"geometry":{"type":"LineString","coordinates":[[22.32528,43.96316],[22.32484,43.96347]]}},{"type":"Feature","properties":{"kind":"rail"},"geometry":{"type":"LineString","coordinates":[[22.28505,44.00339],[22.28453,44.00369],[22.27882,44.0077],[22.27845,44.00802]]}},{"type":"Feature","properties":{"kind":"rail"},"geometry":{"type":"LineString","coordinates":[[22.28461,44.0037],[22.28427,44.00401],[22.27918,44.00757],[22.27881,44.00777]]}},{"type":"Feature","properties":{"kind":"rail"},"geometry":{"type":"LineString","coordinates":[[22.27882,44.0077],[22.28408,44.00394],[22.28453,44.00369]]}},{"type":"Feature","properties":{"kind":"rail"},"geometry":{"type":"LineString","coordinates":[[21.60997,43.55474],[21.60775,43.55658],[21.60631,43.55765],[21.58345,43.57236],[21.58215,43.57293],[21.5797,43.57359],[21.57903,43.5738],[21.57811,43.57419],[21.57765,43.57446],[21.57502,43.57652],[21.57451,43.57681],[21.57174,43.57806],[21.57087,43.57853],[21.56992,43.57921],[21.56962,43.5795],[21.56741,43.58201],[21.56613,43.58293],[21.56105,43.5857],[21.56047,43.58595],[21.55757,43.58687],[21.55638,43.5874],[21.55607,43.58761]]}},{"type":"Feature","properties":{"kind":"rail"},"geometry":{"type":"LineString","coordinates":[[21.6181,43.54804],[21.61792,43.54819]]}},{"type":"Feature","properties":{"kind":"rail"},"geometry":{"type":"LineString","coordinates":[[21.61788,43.54816],[21.61807,43.548]]}},{"type":"Feature","properties":{"kind":"rail"},"geometry":{"type":"LineString","coordinates":[[21.61807,43.548],[21.62812,43.53973],[21.62927,43.53892],[21.63241,43.53696],[21.63316,43.53636],[21.63412,43.53526],[21.63562,43.53269],[21.63658,43.53145],[21.63874,43.52924],[21.63958,43.52854],[21.64135,43.52725],[21.64302,43.52624],[21.64453,43.52548],[21.64655,43.52458]]}},{"type":"Feature","properties":{"kind":"rail"},"geometry":{"type":"LineString","coordinates":[[22.10202,42.80295],[22.10217,42.80316]]}},{"type":"Feature","properties":{"kind":"rail"},"geometry":{"type":"LineString","coordinates":[[22.10217,42.80316],[22.10248,42.8035],[22.103,42.80388],[22.10374,42.80423],[22.10631,42.80498],[22.10698,42.80527],[22.10772,42.80579],[22.10858,42.80676],[22.10925,42.80729],[22.11005,42.80765],[22.11171,42.80816],[22.11243,42.80853],[22.11474,42.81013],[22.11643,42.81118],[22.11717,42.81199],[22.11765,42.81272],[22.11785,42.81355],[22.11806,42.81581],[22.1184,42.81643],[22.11922,42.81716],[22.11956,42.81737],[22.1214,42.81822],[22.12233,42.81888],[22.12274,42.81935],[22.12391,42.8214],[22.12437,42.82199],[22.12491,42.82251],[22.12557,42.82298],[22.12625,42.82335],[22.12848,42.82423],[22.12933,42.82482],[22.13018,42.82566],[22.13051,42.82634],[22.13052,42.82721],[22.13019,42.82803],[22.12975,42.82879]]}},{"type":"Feature","properties":{"kind":"rail"},"geometry":{"type":"LineString","coordinates":[[21.73868,43.43963],[21.73605,43.44594],[21.7337,43.45135],[21.7329,43.45264],[21.701,43.50087],[21.70003,43.50228],[21.69914,43.50323]]}},{"type":"Feature","properties":{"kind":"rail"},"geometry":{"type":"LineString","coordinates":[[21.73888,43.43916],[21.73868,43.43963]]}},{"type":"Feature","properties":{"kind":"rail"},"geometry":{"type":"LineString","coordinates":[[21.73894,43.43918],[21.73875,43.43964]]}},{"type":"Feature","properties":{"kind":"rail"},"geometry":{"type":"LineString","coordinates":[[21.73875,43.43964],[21.73377,43.45136],[21.70052,43.50167],[21.69985,43.50258],[21.69919,43.50326]]}},{"type":"Feature","properties":{"kind":"rail"},"geometry":{"type":"LineString","coordinates":[[19.11082,45.59553],[19.11099,45.59104],[19.11129,45.58657],[19.11272,45.56002],[19.11269,45.55879],[19.11234,45.55694],[19.11154,45.5547],[19.11095,45.55348],[19.10995,45.55192],[19.10759,45.54906]]}},{"type":"Feature","properties":{"kind":"rail"},"geometry":{"type":"LineString","coordinates":[[19.21527,45.12083],[19.22166,45.11749]]}},{"type":"Feature","properties":{"kind":"rail"},"geometry":{"type":"LineString","coordinates":[[19.21331,45.12184],[19.21527,45.12083]]}},{"type":"Feature","properties":{"kind":"rail"},"geometry":{"type":"LineString","coordinates":[[20.51807,44.85981],[20.52732,44.86857],[20.52857,44.86964],[20.53021,44.87064],[20.53154,44.87124],[20.53839,44.87351]]}},{"type":"Feature","properties":{"kind":"rail"},"geometry":{"type":"LineString","coordinates":[[20.51796,44.8597],[20.51807,44.85981]]}},{"type":"Feature","properties":{"kind":"rail"},"geometry":{"type":"LineString","coordinates":[[20.51035,44.85255],[20.51796,44.8597]]}},{"type":"Feature","properties":{"kind":"rail"},"geometry":{"type":"LineString","coordinates":[[22.30056,43.8011],[22.30034,43.80135],[22.30007,43.80184],[22.29999,43.8025],[22.30007,43.80294],[22.30027,43.80334],[22.3012,43.80443],[22.30143,43.80491],[22.30151,43.80541],[22.30144,43.8059],[22.30122,43.80639],[22.30104,43.80662],[22.30063,43.807],[22.30007,43.80734],[22.29655,43.80911],[22.28832,43.81304],[22.28785,43.8134],[22.28747,43.81379],[22.28702,43.81467]]}},{"type":"Feature","properties":{"kind":"rail"},"geometry":{"type":"LineString","coordinates":[[22.30061,43.80105],[22.30056,43.8011]]}},{"type":"Feature","properties":{"kind":"rail"},"geometry":{"type":"LineString","coordinates":[[22.28784,43.6809],[22.28788,43.68096]]}},{"type":"Feature","properties":{"kind":"rail"},"geometry":{"type":"LineString","coordinates":[[22.28788,43.68096],[22.28905,43.68298]]}},{"type":"Feature","properties":{"kind":"rail"},"geometry":{"type":"LineString","coordinates":[[22.29533,43.69962],[22.29373,43.69568],[22.2936,43.69475],[22.29385,43.69254],[22.29379,43.69161],[22.29361,43.69098],[22.29333,43.69036],[22.29276,43.68937]]}},{"type":"Feature","properties":{"kind":"rail"},"geometry":{"type":"LineString","coordinates":[[22.28579,44.00288],[22.28595,44.00277]]}},{"type":"Feature","properties":{"kind":"rail"},"geometry":{"type":"LineString","coordinates":[[22.28595,44.00277],[22.28955,44.00024],[22.29028,43.99965],[22.29154,43.99832],[22.29215,43.99742],[22.29264,43.99645],[22.29296,43.99542],[22.29311,43.99456],[22.29362,43.99023],[22.294,43.98568],[22.29425,43.98473],[22.29447,43.98416],[22.2948,43.98349],[22.29538,43.98261],[22.29874,43.97877],[22.29924,43.97829],[22.29968,43.97799],[22.30025,43.97771],[22.30107,43.97747],[22.30467,43.97713]]}},{"type":"Feature","properties":{"kind":"rail"},"geometry":{"type":"LineString","coordinates":[[22.24794,44.02427],[22.24859,44.02387],[22.24956,44.02294],[22.25001,44.02223],[22.25089,44.02035],[22.25108,44.02008],[22.25152,44.01966],[22.25206,44.01931],[22.25263,44.01906],[22.2544,44.01854],[22.25516,44.01822],[22.25588,44.0178],[22.2572,44.0168],[22.25791,44.01647],[22.26061,44.01569],[22.26322,44.01555],[22.2641,44.01535],[22.26465,44.01512],[22.26843,44.01303],[22.26983,44.01177],[22.27044,44.01133],[22.27082,44.01113],[22.27188,44.01075]]}},{"type":"Feature","properties":{"kind":"rail"},"geometry":{"type":"LineString","coordinates":[[22.24784,44.02432],[22.24794,44.02427]]}},{"type":"Feature","properties":{"kind":"rail"},"geometry":{"type":"LineString","coordinates":[[21.03992,43.60475],[21.03964,43.60486]]}},{"type":"Feature","properties":{"kind":"rail"},"geometry":{"type":"LineString","coordinates":[[21.03964,43.60486],[21.02286,43.61156]]}},{"type":"Feature","properties":{"kind":"rail"},"geometry":{"type":"LineString","coordinates":[[19.8551,45.26475],[19.85752,45.26339]]}},{"type":"Feature","properties":{"kind":"rail"},"geometry":{"type":"LineString","coordinates":[[19.86463,45.25977],[19.86532,45.25952]]}},{"type":"Feature","properties":{"kind":"rail"},"geometry":{"type":"LineString","coordinates":[[20.42595,45.78783],[20.374,45.75857]]}},{"type":"Feature","properties":{"kind":"rail"},"geometry":{"type":"LineString","coordinates":[[22.32625,43.99592],[22.32705,43.99691],[22.32956,43.99972]]}},{"type":"Feature","properties":{"kind":"rail"},"geometry":{"type":"LineString","coordinates":[[20.54058,44.87423],[20.55029,44.8773]]}},{"type":"Feature","properties":{"kind":"rail"},"geometry":{"type":"LineString","coordinates":[[19.53131,43.57446],[19.53148,43.5759],[19.53147,43.57664],[19.53137,43.57709],[19.53097,43.57772],[19.53074,43.57795],[19.52938,43.57892]]}},{"type":"Feature","properties":{"kind":"rail"},"geometry":{"type":"LineString","coordinates":[[19.52155,43.58421],[19.52033,43.58508],[19.5199,43.58533],[19.51928,43.58557],[19.5187,43.58571],[19.51606,43.58604],[19.51177,43.58712],[19.51097,43.58742]]}},{"type":"Feature","properties":{"kind":"rail"},"geometry":{"type":"LineString","coordinates":[[20.53312,44.6459],[20.53326,44.64482],[20.53329,44.64403],[20.5327,44.64046],[20.53266,44.63988],[20.53275,44.63929],[20.53312,44.63832]]}},{"type":"Feature","properties":{"kind":"rail"},"geometry":{"type":"LineString","coordinates":[[19.15105,44.42982],[19.15076,44.42766],[19.15049,44.42445]]}},{"type":"Feature","properties":{"kind":"rail"},"geometry":{"type":"LineString","coordinates":[[20.37961,44.74291],[20.37851,44.74239]]}},{"type":"Feature","properties":{"kind":"rail"},"geometry":{"type":"LineString","coordinates":[[21.25292,43.58608],[21.246,43.58529],[21.23957,43.58482],[21.23246,43.58405],[21.22147,43.58277],[21.1993,43.58038],[21.16791,43.57678],[21.16675,43.57673],[21.164,43.57679],[21.14809,43.57733],[21.14693,43.5775],[21.14247,43.57843]]}},{"type":"Feature","properties":{"kind":"rail"},"geometry":{"type":"LineString","coordinates":[[19.65077,45.68818],[19.65095,45.68229],[19.65089,45.68121],[19.65069,45.68007],[19.63908,45.63054],[19.63796,45.62689],[19.63709,45.62466],[19.63637,45.62306],[19.63444,45.61981],[19.63335,45.61821],[19.6322,45.61668],[19.63086,45.61506],[19.62637,45.61022],[19.62443,45.60799],[19.62335,45.60659],[19.62141,45.60368],[19.62076,45.6026],[19.61975,45.6007],[19.619,45.59918],[19.6186,45.59818],[19.61731,45.59447],[19.61669,45.5916]]}},{"type":"Feature","properties":{"kind":"rail"},"geometry":{"type":"LineString","coordinates":[[19.43053,45.65923],[19.44033,45.65577],[19.44108,45.65541],[19.44255,45.65488],[19.45746,45.6485],[19.45952,45.64775],[19.46701,45.64452]]}},{"type":"Feature","properties":{"kind":"rail"},"geometry":{"type":"LineString","coordinates":[[19.43021,45.65934],[19.43053,45.65923]]}},{"type":"Feature","properties":{"kind":"rail"},"geometry":{"type":"LineString","coordinates":[[20.31691,45.19755],[20.31553,45.19758]]}},{"type":"Feature","properties":{"kind":"rail"},"geometry":{"type":"LineString","coordinates":[[20.31727,45.19755],[20.31691,45.19755]]}},{"type":"Feature","properties":{"kind":"rail"},"geometry":{"type":"LineString","coordinates":[[20.34764,45.19515],[20.3475,45.19515]]}},{"type":"Feature","properties":{"kind":"rail"},"geometry":{"type":"LineString","coordinates":[[20.3475,45.19515],[20.33811,45.19478],[20.33551,45.1949]]}},{"type":"Feature","properties":{"kind":"rail"},"geometry":{"type":"LineString","coordinates":[[20.2879,45.20176],[20.28963,45.20125],[20.30506,45.19809],[20.30694,45.19782],[20.3105,45.19769]]}},{"type":"Feature","properties":{"kind":"rail"},"geometry":{"type":"LineString","coordinates":[[20.28776,45.20181],[20.2879,45.20176]]}},{"type":"Feature","properties":{"kind":"rail"},"geometry":{"type":"LineString","coordinates":[[20.33551,45.1949],[20.31959,45.1973],[20.31825,45.19749],[20.31727,45.19755]]}},{"type":"Feature","properties":{"kind":"rail"},"geometry":{"type":"LineString","coordinates":[[20.26744,45.20716],[20.26882,45.20693],[20.27846,45.20392],[20.2799,45.20374]]}},{"type":"Feature","properties":{"kind":"rail"},"geometry":{"type":"LineString","coordinates":[[20.2799,45.20374],[20.28002,45.20373]]}},{"type":"Feature","properties":{"kind":"rail"},"geometry":{"type":"LineString","coordinates":[[20.28002,45.20373],[20.28152,45.20364],[20.28266,45.20347],[20.28776,45.20181]]}},{"type":"Feature","properties":{"kind":"rail"},"geometry":{"type":"LineString","coordinates":[[19.64354,45.52649],[19.66342,45.48144]]}},{"type":"Feature","properties":{"kind":"rail"},"geometry":{"type":"LineString","coordinates":[[19.66342,45.48144],[19.66357,45.4811]]}},{"type":"Feature","properties":{"kind":"rail"},"geometry":{"type":"LineString","coordinates":[[19.66348,45.48147],[19.64752,45.5177],[19.64358,45.52651]]}},{"type":"Feature","properties":{"kind":"rail"},"geometry":{"type":"LineString","coordinates":[[22.30518,43.79696],[22.30144,43.8003]]}},{"type":"Feature","properties":{"kind":"rail"},"geometry":{"type":"LineString","coordinates":[[22.30597,43.79626],[22.30556,43.79662]]}},{"type":"Feature","properties":{"kind":"rail"},"geometry":{"type":"LineString","coordinates":[[22.59108,43.16593],[22.59007,43.16657],[22.58638,43.17009],[22.58491,43.17141],[22.58414,43.1722],[22.58342,43.17326]]}},{"type":"Feature","properties":{"kind":"rail"},"geometry":{"type":"LineString","coordinates":[[22.59133,43.16581],[22.59108,43.16593]]}},{"type":"Feature","properties":{"kind":"rail"},"geometry":{"type":"LineString","coordinates":[[22.59883,43.16216],[22.5979,43.16276]]}},{"type":"Feature","properties":{"kind":"rail"},"geometry":{"type":"LineString","coordinates":[[22.59893,43.16207],[22.59883,43.16216]]}},{"type":"Feature","properties":{"kind":"rail"},"geometry":{"type":"LineString","coordinates":[[22.57522,43.18246],[22.57316,43.18408],[22.56973,43.18704],[22.569,43.18781],[22.56167,43.19773],[22.56033,43.19943],[22.55958,43.20086],[22.55823,43.20446],[22.55767,43.20543],[22.55697,43.20646],[22.55678,43.20687],[22.55656,43.20778],[22.55646,43.20966],[22.55638,43.2101],[22.55609,43.21084],[22.5555,43.21163],[22.55507,43.21205],[22.55427,43.21257],[22.55351,43.21298],[22.55304,43.21316]]}},{"type":"Feature","properties":{"kind":"rail"},"geometry":{"type":"LineString","coordinates":[[22.59996,43.15163],[22.60009,43.15206]]}},{"type":"Feature","properties":{"kind":"rail"},"geometry":{"type":"LineString","coordinates":[[19.27745,45.50722],[19.29074,45.4912]]}},{"type":"Feature","properties":{"kind":"rail"},"geometry":{"type":"LineString","coordinates":[[19.27739,45.50729],[19.27745,45.50722]]}},{"type":"Feature","properties":{"kind":"rail"},"geometry":{"type":"LineString","coordinates":[[20.86424,43.99067],[20.86415,43.99051]]}},{"type":"Feature","properties":{"kind":"rail"},"geometry":{"type":"LineString","coordinates":[[20.86415,43.99051],[20.86319,43.98859],[20.86273,43.98787],[20.8617,43.98689],[20.86078,43.98629],[20.86004,43.98599],[20.85878,43.98567],[20.85482,43.98515],[20.85338,43.98487],[20.84821,43.98336],[20.84676,43.98273],[20.84578,43.98212],[20.84476,43.98125],[20.84395,43.98027],[20.84271,43.97813],[20.84194,43.97738],[20.84136,43.97699],[20.83753,43.97481],[20.83658,43.97441],[20.83576,43.97415],[20.82882,43.97295],[20.82796,43.97286],[20.8263,43.97294]]}},{"type":"Feature","properties":{"kind":"rail"},"geometry":{"type":"LineString","coordinates":[[20.86563,43.9921],[20.8655,43.99203]]}},{"type":"Feature","properties":{"kind":"rail"},"geometry":{"type":"LineString","coordinates":[[20.8655,43.99203],[20.86493,43.99163],[20.8647,43.99139],[20.86438,43.99097],[20.86424,43.99067]]}},{"type":"Feature","properties":{"kind":"rail"},"geometry":{"type":"LineString","coordinates":[[19.77798,43.13794],[19.77843,43.13849],[19.77871,43.13872],[19.78082,43.14008],[19.78134,43.14052],[19.78185,43.1411],[19.78221,43.14174],[19.78233,43.1421]]}},{"type":"Feature","properties":{"kind":"rail"},"geometry":{"type":"LineString","coordinates":[[20.2583,44.45197],[20.25892,44.45212]]}},{"type":"Feature","properties":{"kind":"rail"},"geometry":{"type":"LineString","coordinates":[[20.25837,44.45184],[20.25897,44.45199]]}},{"type":"Feature","properties":{"kind":"rail"},"geometry":{"type":"LineString","coordinates":[[22.3588,44.02531],[22.35976,44.02527]]}},{"type":"Feature","properties":{"kind":"rail"},"geometry":{"type":"LineString","coordinates":[[22.34745,44.00379],[22.34833,44.00374],[22.35006,44.00333],[22.3508,44.00328],[22.35149,44.00335],[22.35215,44.00353],[22.35269,44.00379],[22.35309,44.00408],[22.35515,44.00641],[22.3569,44.00813],[22.35734,44.00876],[22.35748,44.00937],[22.35736,44.0101],[22.35711,44.01051],[22.35636,44.01137]]}},{"type":"Feature","properties":{"kind":"rail"},"geometry":{"type":"LineString","coordinates":[[22.37177,44.03441],[22.37241,44.03646],[22.37295,44.0376],[22.37327,44.03797],[22.37391,44.03847],[22.37606,44.03973],[22.37761,44.04048],[22.37914,44.04103],[22.38163,44.04176],[22.3842,44.04207],[22.38506,44.04202]]}},{"type":"Feature","properties":{"kind":"rail"},"geometry":{"type":"LineString","coordinates":[[20.183,45.22435],[20.18313,45.22417]]}},{"type":"Feature","properties":{"kind":"rail"},"geometry":{"type":"LineString","coordinates":[[20.18313,45.22417],[20.18391,45.22337],[20.18495,45.22268],[20.20181,45.21345],[20.2025,45.21314],[20.20384,45.21277],[20.2054,45.21257],[20.23627,45.20959],[20.24934,45.20852],[20.26744,45.20716]]}},{"type":"Feature","properties":{"kind":"rail"},"geometry":{"type":"LineString","coordinates":[[20.0139,45.93218],[19.95088,45.93182],[19.94842,45.93204],[19.92531,45.9355],[19.92245,45.93599],[19.92091,45.93642],[19.92008,45.93675],[19.88329,45.95254],[19.8618,45.96313],[19.85521,45.96607],[19.85271,45.96727],[19.83823,45.97387],[19.83687,45.97462],[19.83566,45.97542],[19.82513,45.98285],[19.81952,45.9867],[19.81743,45.98826],[19.8145,45.99029],[19.74418,46.03863],[19.74293,46.03965],[19.73167,46.04953],[19.73053,46.05044],[19.72017,46.0596],[19.69995,46.07726],[19.69395,46.08241]]}},{"type":"Feature","properties":{"kind":"rail"},"geometry":{"type":"LineString","coordinates":[[20.03056,45.92935],[20.02831,45.92919],[20.02698,45.92916],[20.02512,45.92936],[20.02427,45.92955],[20.02304,45.92994],[20.01807,45.93189]]}},{"type":"Feature","properties":{"kind":"rail"},"geometry":{"type":"LineString","coordinates":[[19.69725,45.25504],[19.6974,45.25499]]}},{"type":"Feature","properties":{"kind":"rail"},"geometry":{"type":"LineString","coordinates":[[20.4193,44.83272],[20.41933,44.83262]]}},{"type":"Feature","properties":{"kind":"rail"},"geometry":{"type":"LineString","coordinates":[[20.09161,45.03488],[20.09347,45.0357],[20.09419,45.03592],[20.09752,45.03641],[20.09815,45.03661],[20.09853,45.03679],[20.0993,45.03734],[20.09956,45.03761],[20.09983,45.03813]]}},{"type":"Feature","properties":{"kind":"rail"},"geometry":{"type":"LineString","coordinates":[[20.09999,45.03875],[20.09996,45.03937],[20.0998,45.03983],[20.09954,45.04026],[20.09662,45.04315],[20.09531,45.04491]]}},{"type":"Feature","properties":{"kind":"rail"},"geometry":{"type":"LineString","coordinates":[[20.09983,45.03813],[20.09999,45.03875]]}},{"type":"Feature","properties":{"kind":"rail"},"geometry":{"type":"LineString","coordinates":[[19.86163,45.29176],[19.86203,45.29222]]}},{"type":"Feature","properties":{"kind":"rail"},"geometry":{"type":"LineString","coordinates":[[21.35878,43.91883],[21.35897,43.91859]]}},{"type":"Feature","properties":{"kind":"rail"},"geometry":{"type":"LineString","coordinates":[[21.35875,43.91882],[21.35893,43.91857]]}},{"type":"Feature","properties":{"kind":"rail"},"geometry":{"type":"LineString","coordinates":[[19.29074,45.4912],[19.29078,45.49114]]}},{"type":"Feature","properties":{"kind":"rail"},"geometry":{"type":"LineString","coordinates":[[20.03792,44.30248],[20.03775,44.30242]]}},{"type":"Feature","properties":{"kind":"rail"},"geometry":{"type":"LineString","coordinates":[[21.47286,43.66359],[21.4739,43.66383],[21.47473,43.66392],[21.47568,43.66389],[21.47672,43.6637],[21.47877,43.66302],[21.48012,43.66238],[21.48095,43.66179],[21.48166,43.66113],[21.48201,43.66067]]}},{"type":"Feature","properties":{"kind":"rail"},"geometry":{"type":"LineString","coordinates":[[21.4727,43.66353],[21.47286,43.66359]]}},{"type":"Feature","properties":{"kind":"rail"},"geometry":{"type":"LineString","coordinates":[[22.29537,43.69972],[22.29533,43.69962]]}},{"type":"Feature","properties":{"kind":"rail"},"geometry":{"type":"LineString","coordinates":[[21.33303,43.58984],[21.3307,43.58855],[21.33002,43.58826],[21.32883,43.58789],[21.32804,43.58772],[21.32394,43.58712],[21.32285,43.587],[21.32195,43.58704]]}},{"type":"Feature","properties":{"kind":"rail"},"geometry":{"type":"LineString","coordinates":[[21.33345,43.59006],[21.33303,43.58984]]}},{"type":"Feature","properties":{"kind":"rail"},"geometry":{"type":"LineString","coordinates":[[20.61211,45.09752],[20.61209,45.09765]]}},{"type":"Feature","properties":{"kind":"rail"},"geometry":{"type":"LineString","coordinates":[[20.61209,45.09765],[20.61051,45.11514],[20.61062,45.11894],[20.6109,45.12267],[20.61107,45.12655],[20.6115,45.13862],[20.61248,45.16151],[20.61261,45.16235],[20.61728,45.18115],[20.61817,45.18296],[20.62332,45.18942]]}},{"type":"Feature","properties":{"kind":"rail"},"geometry":{"type":"LineString","coordinates":[[20.62332,45.18942],[20.62347,45.18959]]}},{"type":"Feature","properties":{"kind":"rail"},"geometry":{"type":"LineString","coordinates":[[20.62347,45.18959],[20.63907,45.20881],[20.63928,45.20918],[20.63941,45.20965],[20.63939,45.21043],[20.63928,45.21078],[20.63906,45.21118],[20.63854,45.21173],[20.63788,45.21219],[20.63345,45.21467],[20.63294,45.21504],[20.63212,45.2159],[20.63177,45.21646],[20.63155,45.21699],[20.62851,45.22581],[20.62789,45.22701],[20.62736,45.22776],[20.62678,45.2284],[20.60664,45.24574],[20.60517,45.2469],[20.60334,45.24784]]}},{"type":"Feature","properties":{"kind":"rail"},"geometry":{"type":"LineString","coordinates":[[20.62371,45.01936],[20.62371,45.01948]]}},{"type":"Feature","properties":{"kind":"rail"},"geometry":{"type":"LineString","coordinates":[[20.62371,45.01948],[20.62369,45.02114],[20.62356,45.0221],[20.62188,45.03043],[20.61806,45.04795],[20.61606,45.05618],[20.61533,45.05971],[20.61448,45.06321],[20.6133,45.06905],[20.61323,45.07076],[20.61337,45.08359],[20.61213,45.09708]]}},{"type":"Feature","properties":{"kind":"rail"},"geometry":{"type":"LineString","coordinates":[[20.66932,44.93557],[20.67899,44.94943],[20.68499,44.95815],[20.68551,44.95866],[20.68649,44.95933],[20.68716,44.95967],[20.68853,44.96016],[20.68942,44.96068],[20.69001,44.96134],[20.69019,44.96169],[20.69032,44.96213],[20.69036,44.96257],[20.69027,44.96299],[20.69,44.96359],[20.68424,44.97244],[20.68381,44.97298],[20.68324,44.97347],[20.68226,44.97407],[20.68172,44.97431],[20.66127,44.98275]]}},{"type":"Feature","properties":{"kind":"rail"},"geometry":{"type":"LineString","coordinates":[[20.66918,44.93536],[20.66932,44.93557]]}},{"type":"Feature","properties":{"kind":"rail"},"geometry":{"type":"LineString","coordinates":[[20.60334,45.24784],[20.60328,45.24788]]}},{"type":"Feature","properties":{"kind":"rail"},"geometry":{"type":"LineString","coordinates":[[19.86722,45.29987],[19.86729,45.29996]]}},{"type":"Feature","properties":{"kind":"rail"},"geometry":{"type":"LineString","coordinates":[[19.86203,45.29222],[19.86492,45.29636],[19.86579,45.29767],[19.86621,45.29843],[19.86722,45.29987]]}},{"type":"Feature","properties":{"kind":"rail"},"geometry":{"type":"LineString","coordinates":[[21.32195,43.58704],[21.32007,43.58711],[21.31201,43.58806],[21.31056,43.58816]]}},{"type":"Feature","properties":{"kind":"rail"},"geometry":{"type":"LineString","coordinates":[[20.49032,44.81989],[20.49018,44.81917]]}},{"type":"Feature","properties":{"kind":"rail"},"geometry":{"type":"LineString","coordinates":[[20.44553,44.75714],[20.44543,44.75806],[20.44521,44.75915]]}},{"type":"Feature","properties":{"kind":"rail"},"geometry":{"type":"LineString","coordinates":[[20.45571,44.79287],[20.4557,44.79288]]}},{"type":"Feature","properties":{"kind":"rail"},"geometry":{"type":"LineString","coordinates":[[20.45721,44.792],[20.45715,44.79203]]}},{"type":"Feature","properties":{"kind":"rail"},"geometry":{"type":"LineString","coordinates":[[20.49026,44.81916],[20.49044,44.82016]]}},{"type":"Feature","properties":{"kind":"rail"},"geometry":{"type":"LineString","coordinates":[[20.44601,44.70855],[20.44655,44.70717],[20.44681,44.70668],[20.44754,44.70565],[20.44874,44.70422]]}},{"type":"Feature","properties":{"kind":"rail"},"geometry":{"type":"LineString","coordinates":[[20.453,44.79353],[20.45542,44.79255]]}},{"type":"Feature","properties":{"kind":"rail"},"geometry":{"type":"LineString","coordinates":[[20.36758,44.83771],[20.37166,44.83655]]}},{"type":"Feature","properties":{"kind":"rail"},"geometry":{"type":"LineString","coordinates":[[20.36796,44.83799],[20.36617,44.8385]]}},{"type":"Feature","properties":{"kind":"rail"},"geometry":{"type":"LineString","coordinates":[[20.45331,44.7939],[20.45225,44.79419],[20.45058,44.79448]]}},{"type":"Feature","properties":{"kind":"rail"},"geometry":{"type":"LineString","coordinates":[[20.46573,44.79363],[20.46544,44.79323]]}},{"type":"Feature","properties":{"kind":"rail"},"geometry":{"type":"LineString","coordinates":[[20.54055,44.87427],[20.5394,44.87389]]}},{"type":"Feature","properties":{"kind":"rail"},"geometry":{"type":"LineString","coordinates":[[20.46548,44.79321],[20.46586,44.79358]]}},{"type":"Feature","properties":{"kind":"rail"},"geometry":{"type":"LineString","coordinates":[[20.44863,44.79467],[20.44812,44.79477]]}},{"type":"Feature","properties":{"kind":"rail"},"geometry":{"type":"LineString","coordinates":[[20.50372,44.84636],[20.50972,44.85204]]}},{"type":"Feature","properties":{"kind":"rail"},"geometry":{"type":"LineString","coordinates":[[20.50377,44.84634],[20.50977,44.85201]]}},{"type":"Feature","properties":{"kind":"rail"},"geometry":{"type":"LineString","coordinates":[[20.51021,44.8525],[20.50972,44.85204]]}},{"type":"Feature","properties":{"kind":"rail"},"geometry":{"type":"LineString","coordinates":[[20.50977,44.85201],[20.51026,44.85248]]}},{"type":"Feature","properties":{"kind":"rail"},"geometry":{"type":"LineString","coordinates":[[20.54914,44.87699],[20.54055,44.87427]]}},{"type":"Feature","properties":{"kind":"rail"},"geometry":{"type":"LineString","coordinates":[[20.45651,44.79205],[20.457,44.79182]]}},{"type":"Feature","properties":{"kind":"rail"},"geometry":{"type":"LineString","coordinates":[[20.45542,44.79255],[20.45651,44.79205]]}},{"type":"Feature","properties":{"kind":"rail"},"geometry":{"type":"LineString","coordinates":[[20.44535,44.76826],[20.45836,44.78532]]}},{"type":"Feature","properties":{"kind":"rail"},"geometry":{"type":"LineString","coordinates":[[20.45836,44.78532],[20.46226,44.79046],[20.4627,44.79085]]}},{"type":"Feature","properties":{"kind":"rail"},"geometry":{"type":"LineString","coordinates":[[21.56315,44.09929],[21.56313,44.09946]]}},{"type":"Feature","properties":{"kind":"rail"},"geometry":{"type":"LineString","coordinates":[[21.56315,44.09928],[21.56323,44.09921],[21.56356,44.09917],[21.56426,44.09936]]}},{"type":"Feature","properties":{"kind":"rail"},"geometry":{"type":"LineString","coordinates":[[21.56337,44.09919],[21.56369,44.09921],[21.56449,44.09945]]}},{"type":"Feature","properties":{"kind":"rail"},"geometry":{"type":"LineString","coordinates":[[21.56313,44.0995],[21.56342,44.09971]]}},{"type":"Feature","properties":{"kind":"rail"},"geometry":{"type":"LineString","coordinates":[[21.56315,44.09904],[21.56313,44.09929]]}},{"type":"Feature","properties":{"kind":"rail"},"geometry":{"type":"LineString","coordinates":[[21.56311,44.09946],[21.56308,44.09988]]}},{"type":"Feature","properties":{"kind":"rail"},"geometry":{"type":"LineString","coordinates":[[21.56313,44.09929],[21.56311,44.09946]]}},{"type":"Feature","properties":{"kind":"rail"},"geometry":{"type":"LineString","coordinates":[[21.56315,44.09928],[21.56313,44.09933]]}},{"type":"Feature","properties":{"kind":"rail"},"geometry":{"type":"LineString","coordinates":[[20.18657,44.54674],[20.18669,44.54662]]}},{"type":"Feature","properties":{"kind":"rail"},"geometry":{"type":"LineString","coordinates":[[20.18665,44.54659],[20.18652,44.54671]]}},{"type":"Feature","properties":{"kind":"rail"},"geometry":{"type":"LineString","coordinates":[[20.18901,44.54438],[20.18856,44.54488],[20.18665,44.54659]]}},{"type":"Feature","properties":{"kind":"rail"},"geometry":{"type":"LineString","coordinates":[[20.18669,44.54662],[20.18838,44.54519],[20.18911,44.54443]]}},{"type":"Feature","properties":{"kind":"rail"},"geometry":{"type":"LineString","coordinates":[[19.9351,43.98421],[19.93785,43.98351],[19.93927,43.98302],[19.94032,43.98242],[19.94278,43.98052],[19.94369,43.97997],[19.9454,43.97921],[19.95046,43.97721]]}},{"type":"Feature","properties":{"kind":"rail"},"geometry":{"type":"LineString","coordinates":[[19.93496,43.98424],[19.9351,43.98421]]}},{"type":"Feature","properties":{"kind":"rail"},"geometry":{"type":"LineString","coordinates":[[19.89944,44.06696],[19.89951,44.0669]]}},{"type":"Feature","properties":{"kind":"rail"},"geometry":{"type":"LineString","coordinates":[[19.921,44.05203],[19.92076,44.05164]]}},{"type":"Feature","properties":{"kind":"rail"},"geometry":{"type":"LineString","coordinates":[[19.92113,44.05236],[19.921,44.05203]]}},{"type":"Feature","properties":{"kind":"rail"},"geometry":{"type":"LineString","coordinates":[[19.88451,44.08973],[19.8917,44.08153],[19.8935,44.07939],[19.89389,44.07877],[19.8942,44.07808],[19.89604,44.07318],[19.89617,44.07263],[19.89638,44.07072],[19.89658,44.07009],[19.89698,44.06936],[19.89762,44.06862],[19.89944,44.06696]]}},{"type":"Feature","properties":{"kind":"rail"},"geometry":{"type":"LineString","coordinates":[[21.46202,44.09694],[21.46448,44.09818]]}},{"type":"Feature","properties":{"kind":"rail"},"geometry":{"type":"LineString","coordinates":[[19.96488,43.96355],[19.9653,43.96328]]}},{"type":"Feature","properties":{"kind":"rail"},"geometry":{"type":"LineString","coordinates":[[19.96364,43.96431],[19.96488,43.96355]]}},{"type":"Feature","properties":{"kind":"rail"},"geometry":{"type":"LineString","coordinates":[[20.46308,44.79115],[20.4627,44.79085]]}},{"type":"Feature","properties":{"kind":"rail"},"geometry":{"type":"LineString","coordinates":[[20.46382,44.79122],[20.46449,44.79187],[20.46554,44.79319]]}},{"type":"Feature","properties":{"kind":"rail"},"geometry":{"type":"LineString","coordinates":[[20.46303,44.79118],[20.46266,44.79088]]}},{"type":"Feature","properties":{"kind":"rail"},"geometry":{"type":"LineString","coordinates":[[21.84564,43.25189],[21.84556,43.25215]]}},{"type":"Feature","properties":{"kind":"rail"},"geometry":{"type":"LineString","coordinates":[[20.43041,44.74077],[20.43155,44.74057],[20.43241,44.74054],[20.43354,44.74063]]}},{"type":"Feature","properties":{"kind":"rail"},"geometry":{"type":"LineString","coordinates":[[20.43888,44.74308],[20.44125,44.74437],[20.44187,44.74484],[20.44268,44.74575],[20.44415,44.74813]]}},{"type":"Feature","properties":{"kind":"rail"},"geometry":{"type":"LineString","coordinates":[[20.43548,44.74113],[20.43851,44.74281],[20.43888,44.74308]]}},{"type":"Feature","properties":{"kind":"rail"},"geometry":{"type":"LineString","coordinates":[[21.84878,43.24124],[21.84855,43.24224],[21.84564,43.25189]]}},{"type":"Feature","properties":{"kind":"rail"},"geometry":{"type":"LineString","coordinates":[[21.84881,43.2411],[21.84878,43.24124]]}},{"type":"Feature","properties":{"kind":"rail"},"geometry":{"type":"LineString","coordinates":[[20.25138,45.67852],[20.25134,45.67849]]}},{"type":"Feature","properties":{"kind":"rail"},"geometry":{"type":"LineString","coordinates":[[20.31659,45.72122],[20.31547,45.71976],[20.30864,45.71022],[20.30297,45.70254],[20.29363,45.68965],[20.29287,45.68888],[20.29246,45.6886],[20.29116,45.68789],[20.29008,45.68757],[20.25492,45.67999],[20.25322,45.67947],[20.25222,45.67901],[20.25138,45.67852]]}},{"type":"Feature","properties":{"kind":"rail"},"geometry":{"type":"LineString","coordinates":[[20.48824,44.81932],[20.48907,44.81962],[20.48951,44.81988],[20.49006,44.82039],[20.49041,44.82092]]}},{"type":"Feature","properties":{"kind":"rail"},"geometry":{"type":"LineString","coordinates":[[22.28965,43.85106],[22.29034,43.85745]]}},{"type":"Feature","properties":{"kind":"rail"},"geometry":{"type":"LineString","coordinates":[[22.28915,43.84631],[22.28916,43.84641]]}},{"type":"Feature","properties":{"kind":"rail"},"geometry":{"type":"LineString","coordinates":[[19.83382,45.26677],[19.83344,45.2667]]}},{"type":"Feature","properties":{"kind":"rail"},"geometry":{"type":"LineString","coordinates":[[21.07796,44.33682],[21.07835,44.33648],[21.07888,44.33585],[21.07955,44.33471],[21.0799,44.33358],[21.08041,44.33126],[21.08117,44.32911]]}},{"type":"Feature","properties":{"kind":"rail"},"geometry":{"type":"LineString","coordinates":[[20.46266,44.79088],[20.4622,44.7905],[20.45815,44.78536]]}},{"type":"Feature","properties":{"kind":"rail"},"geometry":{"type":"LineString","coordinates":[[20.64524,44.88696],[20.64689,44.88684]]}},{"type":"Feature","properties":{"kind":"rail"},"geometry":{"type":"LineString","coordinates":[[22.03266,43.36414],[22.03287,43.36408]]}},{"type":"Feature","properties":{"kind":"rail"},"geometry":{"type":"LineString","coordinates":[[22.03287,43.36408],[22.03371,43.3637],[22.03522,43.36271],[22.03576,43.36249],[22.03637,43.36234],[22.03716,43.36231],[22.03791,43.36242],[22.03869,43.3627],[22.03909,43.36294],[22.04445,43.36633],[22.04481,43.36662],[22.04519,43.36709],[22.04532,43.36734],[22.04541,43.36782],[22.04536,43.36851],[22.04504,43.36911],[22.04469,43.36949],[22.04426,43.37012],[22.04408,43.37057],[22.04405,43.37095]]}},{"type":"Feature","properties":{"kind":"rail"},"geometry":{"type":"LineString","coordinates":[[22.41011,43.22366],[22.41007,43.22382]]}},{"type":"Feature","properties":{"kind":"rail"},"geometry":{"type":"LineString","coordinates":[[22.41007,43.22382],[22.40857,43.22814],[22.4083,43.22857],[22.40767,43.22924],[22.40718,43.2296],[22.40655,43.22993],[22.40476,43.23065],[22.404,43.23082],[22.40308,43.23093],[22.40182,43.23085],[22.39776,43.22995]]}},{"type":"Feature","properties":{"kind":"rail"},"geometry":{"type":"LineString","coordinates":[[22.39776,43.22995],[22.39768,43.22993]]}},{"type":"Feature","properties":{"kind":"rail"},"geometry":{"type":"LineString","coordinates":[[22.39768,43.22993],[22.38979,43.22815],[22.38888,43.22797],[22.3878,43.2279],[22.38693,43.22795],[22.38604,43.2281],[22.38457,43.2286],[22.38374,43.22906]]}},{"type":"Feature","properties":{"kind":"rail"},"geometry":{"type":"LineString","coordinates":[[22.30411,43.92902],[22.30682,43.93317],[22.30775,43.9352],[22.30798,43.93602],[22.30797,43.93736],[22.30808,43.93841],[22.30913,43.9411],[22.30937,43.94144],[22.31071,43.94276],[22.31092,43.94304],[22.31152,43.94434],[22.31219,43.94505]]}},{"type":"Feature","properties":{"kind":"rail"},"geometry":{"type":"LineString","coordinates":[[22.30404,43.9289],[22.30411,43.92902]]}},{"type":"Feature","properties":{"kind":"rail"},"geometry":{"type":"LineString","coordinates":[[21.56315,44.09904],[21.56316,44.09871]]}},{"type":"Feature","properties":{"kind":"rail"},"geometry":{"type":"LineString","coordinates":[[21.56318,44.09905],[21.56319,44.09871]]}},{"type":"Feature","properties":{"kind":"rail"},"geometry":{"type":"LineString","coordinates":[[21.56306,44.10022],[21.56308,44.09988]]}},{"type":"Feature","properties":{"kind":"rail"},"geometry":{"type":"LineString","coordinates":[[21.56309,44.10022],[21.5631,44.09988]]}},{"type":"Feature","properties":{"kind":"rail"},"geometry":{"type":"LineString","coordinates":[[21.2978,44.18472],[21.29866,44.18405],[21.30001,44.18243],[21.30059,44.18183],[21.30101,44.1815],[21.30842,44.17663]]}},{"type":"Feature","properties":{"kind":"rail"},"geometry":{"type":"LineString","coordinates":[[21.29772,44.18477],[21.2978,44.18472]]}},{"type":"Feature","properties":{"kind":"rail"},"geometry":{"type":"LineString","coordinates":[[21.24004,44.21009],[21.24511,44.20816],[21.24626,44.20779],[21.2514,44.20639],[21.2527,44.20588],[21.2565,44.20369],[21.26313,44.20066],[21.27325,44.19617],[21.29552,44.18585],[21.29772,44.18477]]}},{"type":"Feature","properties":{"kind":"rail"},"geometry":{"type":"LineString","coordinates":[[21.23996,44.21012],[21.24004,44.21009]]}},{"type":"Feature","properties":{"kind":"rail"},"geometry":{"type":"LineString","coordinates":[[22.11151,43.48933],[22.11156,43.48934]]}},{"type":"Feature","properties":{"kind":"rail"},"geometry":{"type":"LineString","coordinates":[[22.11156,43.48934],[22.1123,43.48944],[22.11307,43.4894],[22.11509,43.48891],[22.11537,43.48889],[22.11772,43.4891],[22.11846,43.48903],[22.11918,43.48882]]}},{"type":"Feature","properties":{"kind":"rail"},"geometry":{"type":"LineString","coordinates":[[22.14581,43.50132],[22.1464,43.50165],[22.1471,43.50193],[22.14787,43.50213],[22.14847,43.50221]]}},{"type":"Feature","properties":{"kind":"rail"},"geometry":{"type":"LineString","coordinates":[[20.20232,44.37095],[20.2002,44.37107]]}},{"type":"Feature","properties":{"kind":"rail"},"geometry":{"type":"LineString","coordinates":[[20.20247,44.37094],[20.20232,44.37095]]}},{"type":"Feature","properties":{"kind":"rail"},"geometry":{"type":"LineString","coordinates":[[22.10145,43.46628],[22.10106,43.46655],[22.10065,43.46696],[22.10034,43.46738]]}},{"type":"Feature","properties":{"kind":"rail"},"geometry":{"type":"LineString","coordinates":[[20.34307,43.90575],[20.34294,43.90578]]}},{"type":"Feature","properties":{"kind":"rail"},"geometry":{"type":"LineString","coordinates":[[20.34943,43.90452],[20.34307,43.90575]]}},{"type":"Feature","properties":{"kind":"rail"},"geometry":{"type":"LineString","coordinates":[[21.23042,44.0534],[21.23064,44.05331]]}},{"type":"Feature","properties":{"kind":"rail"},"geometry":{"type":"LineString","coordinates":[[21.23039,44.05337],[21.23061,44.05327]]}},{"type":"Feature","properties":{"kind":"rail"},"geometry":{"type":"LineString","coordinates":[[21.22759,44.01674],[21.22986,44.01301],[21.23155,44.00916],[21.23247,44.00739],[21.23311,44.00634],[21.23423,44.00472],[21.23623,44.00203],[21.23655,44.0015],[21.237,44.00041],[21.23775,43.99807],[21.2381,43.9972],[21.23848,43.99649],[21.23925,43.99545],[21.23961,43.99506],[21.24015,43.99453],[21.24134,43.99361]]}},{"type":"Feature","properties":{"kind":"rail"},"geometry":{"type":"LineString","coordinates":[[21.10256,44.18649],[21.10294,44.18523],[21.10303,44.18456],[21.10298,44.18338],[21.09833,44.1657],[21.09829,44.16479],[21.0984,44.1642],[21.09858,44.16366],[21.09925,44.16248]]}},{"type":"Feature","properties":{"kind":"rail"},"geometry":{"type":"LineString","coordinates":[[21.10262,44.18651],[21.10294,44.18551],[21.10308,44.18468],[21.10304,44.1834],[21.09836,44.16555],[21.09833,44.16484],[21.09849,44.16404],[21.09872,44.16348],[21.09932,44.16249]]}},{"type":"Feature","properties":{"kind":"rail"},"geometry":{"type":"LineString","coordinates":[[21.10225,44.15776],[21.10546,44.15262],[21.10585,44.15204],[21.10647,44.1513]]}},{"type":"Feature","properties":{"kind":"rail"},"geometry":{"type":"LineString","coordinates":[[20.30568,43.91051],[20.30552,43.91052]]}},{"type":"Feature","properties":{"kind":"rail"},"geometry":{"type":"LineString","coordinates":[[20.3176,43.90995],[20.31107,43.91008],[20.30568,43.91051]]}},{"type":"Feature","properties":{"kind":"rail"},"geometry":{"type":"LineString","coordinates":[[20.04569,43.83572],[20.04399,43.83487],[20.04264,43.83445],[20.04158,43.83431],[20.04071,43.83427],[20.03947,43.8344],[20.03825,43.83468],[20.03467,43.8358],[20.0341,43.83607],[20.03326,43.83661],[20.03161,43.83801]]}},{"type":"Feature","properties":{"kind":"rail"},"geometry":{"type":"LineString","coordinates":[[20.05241,43.83931],[20.05144,43.83879]]}},{"type":"Feature","properties":{"kind":"rail"},"geometry":{"type":"LineString","coordinates":[[20.43154,44.73137],[20.43088,44.73224],[20.43056,44.73303],[20.43046,44.73357],[20.43046,44.73419],[20.43071,44.73519],[20.43183,44.7371],[20.43367,44.73974],[20.43418,44.74037],[20.43516,44.74117],[20.4371,44.74224]]}},{"type":"Feature","properties":{"kind":"rail"},"geometry":{"type":"LineString","coordinates":[[20.43706,44.74227],[20.43497,44.74111],[20.43404,44.7403],[20.43329,44.73932],[20.43165,44.73691],[20.43075,44.73538],[20.4305,44.73471],[20.43039,44.73412],[20.43047,44.73314],[20.43098,44.73191],[20.43123,44.73152],[20.43183,44.7309]]}},{"type":"Feature","properties":{"kind":"rail"},"geometry":{"type":"LineString","coordinates":[[20.94504,44.65247],[20.94565,44.6517],[20.95133,44.64597],[20.95227,44.64519],[20.95464,44.64359],[20.9556,44.64275],[20.95588,44.64234],[20.95618,44.6417],[20.95687,44.63888],[20.95718,44.63814],[20.96392,44.62727],[20.9646,44.62614],[20.9649,44.62552]]}},{"type":"Feature","properties":{"kind":"rail"},"geometry":{"type":"LineString","coordinates":[[19.92316,43.82412],[19.92308,43.82419]]}},{"type":"Feature","properties":{"kind":"rail"},"geometry":{"type":"LineString","coordinates":[[22.15686,43.5052],[22.15694,43.50538]]}},{"type":"Feature","properties":{"kind":"rail"},"geometry":{"type":"LineString","coordinates":[[22.15694,43.50538],[22.15716,43.50585]]}},{"type":"Feature","properties":{"kind":"rail"},"geometry":{"type":"LineString","coordinates":[[19.67318,43.78349],[19.67193,43.78353]]}},{"type":"Feature","properties":{"kind":"rail"},"geometry":{"type":"LineString","coordinates":[[19.67672,43.78184],[19.67532,43.78287],[19.67465,43.78317],[19.67318,43.78349]]}},{"type":"Feature","properties":{"kind":"rail"},"geometry":{"type":"LineString","coordinates":[[19.67684,43.78175],[19.67672,43.78184]]}},{"type":"Feature","properties":{"kind":"rail"},"geometry":{"type":"LineString","coordinates":[[19.68535,43.77842],[19.68168,43.77923],[19.67999,43.77971],[19.67902,43.78015],[19.67853,43.78046],[19.67684,43.78175]]}},{"type":"Feature","properties":{"kind":"rail"},"geometry":{"type":"LineString","coordinates":[[19.67193,43.78353],[19.67114,43.78344],[19.67061,43.78331],[19.66955,43.7829],[19.66899,43.78258],[19.66659,43.78087],[19.66537,43.77975]]}},{"type":"Feature","properties":{"kind":"rail"},"geometry":{"type":"LineString","coordinates":[[19.68549,43.77839],[19.68535,43.77842]]}},{"type":"Feature","properties":{"kind":"rail"},"geometry":{"type":"LineString","coordinates":[[21.81096,43.18931],[21.80928,43.18935],[21.80755,43.18908],[21.78965,43.1841]]}},{"type":"Feature","properties":{"kind":"rail"},"geometry":{"type":"LineString","coordinates":[[21.81119,43.1893],[21.81096,43.18931]]}},{"type":"Feature","properties":{"kind":"rail"},"geometry":{"type":"LineString","coordinates":[[21.78954,43.18407],[21.78794,43.18373],[21.78542,43.18364],[21.78377,43.18344],[21.77977,43.1824],[21.77831,43.18213],[21.77656,43.18207],[21.77181,43.18242],[21.77088,43.18238],[21.76755,43.18132],[21.76587,43.1811],[21.76406,43.18118],[21.74936,43.18399]]}},{"type":"Feature","properties":{"kind":"rail"},"geometry":{"type":"LineString","coordinates":[[21.78965,43.1841],[21.78954,43.18407]]}},{"type":"Feature","properties":{"kind":"rail"},"geometry":{"type":"LineString","coordinates":[[21.74936,43.18399],[21.7492,43.18403]]}},{"type":"Feature","properties":{"kind":"rail"},"geometry":{"type":"LineString","coordinates":[[21.7492,43.18403],[21.74562,43.18472],[21.74322,43.18511],[21.71238,43.18941],[21.71103,43.1897],[21.70939,43.19033],[21.70676,43.19104],[21.70625,43.19111],[21.70521,43.19113],[21.70267,43.19089],[21.70166,43.19094],[21.70083,43.19107],[21.69934,43.19132],[21.69769,43.19171],[21.69711,43.19194],[21.69633,43.19245]]}},{"type":"Feature","properties":{"kind":"rail"},"geometry":{"type":"LineString","coordinates":[[21.48966,43.2384],[21.48982,43.23837]]}},{"type":"Feature","properties":{"kind":"rail"},"geometry":{"type":"LineString","coordinates":[[21.48982,43.23837],[21.50116,43.23624],[21.50248,43.23604],[21.51199,43.23426],[21.51331,43.23407],[21.51461,43.23395],[21.52247,43.23354],[21.53083,43.2329],[21.53906,43.23315],[21.54048,43.2331],[21.54587,43.23212],[21.55559,43.23047],[21.55757,43.22999]]}},{"type":"Feature","properties":{"kind":"rail"},"geometry":{"type":"LineString","coordinates":[[21.38295,43.64443],[21.38261,43.6431],[21.38182,43.64131],[21.38106,43.64019],[21.38045,43.63894],[21.38003,43.63724],[21.37965,43.63653],[21.37793,43.63394],[21.37746,43.63268],[21.37689,43.63157],[21.37681,43.63118],[21.37682,43.63034],[21.37626,43.62859],[21.37616,43.62811],[21.37612,43.62721]]}},{"type":"Feature","properties":{"kind":"rail"},"geometry":{"type":"LineString","coordinates":[[21.38297,43.64451],[21.38295,43.64443]]}},{"type":"Feature","properties":{"kind":"rail"},"geometry":{"type":"LineString","coordinates":[[19.75814,45.26268],[19.75816,45.2627]]}},{"type":"Feature","properties":{"kind":"rail"},"geometry":{"type":"LineString","coordinates":[[19.86535,45.25956],[19.86465,45.25981]]}},{"type":"Feature","properties":{"kind":"rail"},"geometry":{"type":"LineString","coordinates":[[19.86465,45.25981],[19.86431,45.25995]]}},{"type":"Feature","properties":{"kind":"rail"},"geometry":{"type":"LineString","coordinates":[[19.86427,45.25991],[19.86463,45.25977]]}},{"type":"Feature","properties":{"kind":"rail"},"geometry":{"type":"LineString","coordinates":[[20.4711,44.68228],[20.4792,44.68004],[20.48053,44.6799],[20.48299,44.67993],[20.48392,44.67986],[20.48484,44.67966],[20.48617,44.67918],[20.48674,44.67889],[20.48735,44.67845],[20.48793,44.67791],[20.48835,44.67731],[20.48868,44.6767],[20.48915,44.67538],[20.48953,44.67476],[20.49001,44.67418],[20.4906,44.67367],[20.49221,44.67264],[20.49295,44.67201]]}},{"type":"Feature","properties":{"kind":"rail"},"geometry":{"type":"LineString","coordinates":[[20.76078,44.38821],[20.75724,44.39569],[20.75689,44.39621],[20.75641,44.39674],[20.75588,44.3972],[20.75521,44.39762],[20.75349,44.39829],[20.74407,44.40105],[20.7424,44.40172],[20.73981,44.40289],[20.73882,44.40327],[20.73787,44.40355],[20.73697,44.40375],[20.72817,44.40521],[20.72699,44.40544],[20.726,44.40571],[20.72519,44.40601],[20.7245,44.40631],[20.72332,44.40697],[20.70278,44.42037],[20.70202,44.42104],[20.70136,44.42187],[20.69766,44.4283],[20.69731,44.42898],[20.69688,44.43019],[20.69666,44.43121],[20.69627,44.43238],[20.69587,44.43315],[20.69481,44.43476]]}},{"type":"Feature","properties":{"kind":"rail"},"geometry":{"type":"LineString","coordinates":[[20.82352,44.37497],[20.81743,44.37381],[20.81577,44.37358],[20.81433,44.37358],[20.81267,44.37383],[20.81143,44.37419],[20.78398,44.38395],[20.78275,44.38432],[20.78165,44.38457],[20.77939,44.38483],[20.77844,44.38485],[20.76929,44.38457],[20.7683,44.38458],[20.76652,44.38477],[20.76473,44.38526],[20.76375,44.38569],[20.76294,44.38614],[20.7617,44.38712],[20.76078,44.38821]]}},{"type":"Feature","properties":{"kind":"rail"},"geometry":{"type":"LineString","coordinates":[[20.69481,44.43476],[20.69001,44.4421],[20.68925,44.44307],[20.68863,44.44362],[20.68783,44.44417],[20.68305,44.44657],[20.68251,44.44689],[20.68175,44.44749]]}},{"type":"Feature","properties":{"kind":"rail"},"geometry":{"type":"LineString","coordinates":[[20.45148,44.70089],[20.45226,44.70019],[20.453,44.69978],[20.45354,44.69959],[20.45417,44.69943],[20.45492,44.69934],[20.45698,44.69944],[20.45806,44.69936],[20.45875,44.69919],[20.45925,44.69898],[20.46018,44.69835],[20.46055,44.69792],[20.46086,44.69726],[20.4611,44.69518],[20.46123,44.69468],[20.46168,44.69365],[20.46247,44.69267],[20.46293,44.69226],[20.46409,44.69144],[20.46555,44.6906],[20.46612,44.69014],[20.46669,44.68951],[20.46717,44.68878],[20.4674,44.68813],[20.4675,44.68721],[20.46746,44.68601],[20.46762,44.6853],[20.46792,44.68461],[20.46842,44.68394],[20.46893,44.68345],[20.46967,44.68293],[20.47037,44.68256],[20.4711,44.68228]]}},{"type":"Feature","properties":{"kind":"rail"},"geometry":{"type":"LineString","coordinates":[[21.49543,44.62315],[21.4943,44.62365],[21.49328,44.62393],[21.49219,44.62409],[21.49067,44.62414]]}},{"type":"Feature","properties":{"kind":"rail"},"geometry":{"type":"LineString","coordinates":[[21.49552,44.6231],[21.49543,44.62315]]}},{"type":"Feature","properties":{"kind":"rail"},"geometry":{"type":"LineString","coordinates":[[21.39363,43.87204],[21.40092,43.86213],[21.4011,43.86181]]}},{"type":"Feature","properties":{"kind":"rail"},"geometry":{"type":"LineString","coordinates":[[22.60266,44.15995],[22.6027,44.15984]]}},{"type":"Feature","properties":{"kind":"rail"},"geometry":{"type":"LineString","coordinates":[[22.60305,44.1587],[22.60769,44.14391],[22.6078,44.14325],[22.60764,44.14258],[22.6073,44.14207],[22.60704,44.14181],[22.60606,44.14127],[22.6043,44.14077],[22.60352,44.14042],[22.60296,44.13999],[22.60273,44.13972],[22.60254,44.13945],[22.60244,44.13915],[22.60238,44.13831],[22.6026,44.13646],[22.60332,44.13425],[22.60348,44.13286],[22.60445,44.13003],[22.60452,44.12948],[22.60447,44.12909],[22.60434,44.12874],[22.60309,44.12704],[22.60294,44.1266],[22.60275,44.12555],[22.60243,44.12486],[22.60168,44.12352],[22.60019,44.12146],[22.59945,44.11994],[22.59924,44.11965],[22.59896,44.11937],[22.59831,44.11896],[22.59791,44.11879],[22.59711,44.11861],[22.59455,44.11847],[22.59364,44.1185],[22.59063,44.11891],[22.59011,44.11903],[22.58837,44.11971],[22.58696,44.12002],[22.58299,44.12036]]}},{"type":"Feature","properties":{"kind":"rail"},"geometry":{"type":"LineString","coordinates":[[20.61822,44.88912],[20.61487,44.88937]]}},{"type":"Feature","properties":{"kind":"rail"},"geometry":{"type":"LineString","coordinates":[[20.59473,44.88786],[20.59445,44.88784]]}},{"type":"Feature","properties":{"kind":"rail"},"geometry":{"type":"LineString","coordinates":[[20.61487,44.88937],[20.61314,44.88948],[20.6114,44.88942],[20.6061,44.88885],[20.59473,44.88786]]}},{"type":"Feature","properties":{"kind":"rail"},"geometry":{"type":"LineString","coordinates":[[21.26854,43.13376],[21.27515,43.13755],[21.27623,43.13787]]}},{"type":"Feature","properties":{"kind":"rail"},"geometry":{"type":"LineString","coordinates":[[20.05144,43.83879],[20.04569,43.83572]]}},{"type":"Feature","properties":{"kind":"rail"},"geometry":{"type":"LineString","coordinates":[[20.79554,43.78325],[20.80194,43.777],[20.80258,43.77597],[20.80286,43.77518]]}},{"type":"Feature","properties":{"kind":"rail"},"geometry":{"type":"LineString","coordinates":[[20.93286,44.01445],[20.93305,44.01488]]}},{"type":"Feature","properties":{"kind":"rail"},"geometry":{"type":"LineString","coordinates":[[20.09805,43.86635],[20.09047,43.86325]]}},{"type":"Feature","properties":{"kind":"rail"},"geometry":{"type":"LineString","coordinates":[[20.10554,43.8694],[20.10543,43.86936]]}},{"type":"Feature","properties":{"kind":"rail"},"geometry":{"type":"LineString","coordinates":[[20.08259,43.85802],[20.07732,43.85364]]}},{"type":"Feature","properties":{"kind":"rail"},"geometry":{"type":"LineString","coordinates":[[20.09047,43.86325],[20.09035,43.8632]]}},{"type":"Feature","properties":{"kind":"rail"},"geometry":{"type":"LineString","coordinates":[[20.05762,43.84207],[20.05415,43.84023]]}},{"type":"Feature","properties":{"kind":"rail"},"geometry":{"type":"LineString","coordinates":[[20.05773,43.84213],[20.05762,43.84207]]}},{"type":"Feature","properties":{"kind":"rail"},"geometry":{"type":"LineString","coordinates":[[20.06385,43.84538],[20.05773,43.84213]]}},{"type":"Feature","properties":{"kind":"rail"},"geometry":{"type":"LineString","coordinates":[[20.06395,43.84544],[20.06385,43.84538]]}},{"type":"Feature","properties":{"kind":"rail"},"geometry":{"type":"LineString","coordinates":[[20.06779,43.84748],[20.06395,43.84544]]}},{"type":"Feature","properties":{"kind":"rail"},"geometry":{"type":"LineString","coordinates":[[20.06791,43.84755],[20.06779,43.84748]]}},{"type":"Feature","properties":{"kind":"rail"},"geometry":{"type":"LineString","coordinates":[[20.6119,43.53475],[20.61148,43.53432]]}},{"type":"Feature","properties":{"kind":"rail"},"geometry":{"type":"LineString","coordinates":[[20.61198,43.53485],[20.6119,43.53475]]}},{"type":"Feature","properties":{"kind":"rail"},"geometry":{"type":"LineString","coordinates":[[20.67512,43.23847],[20.67409,43.23854],[20.67301,43.23841],[20.67215,43.23812],[20.66924,43.2368],[20.66864,43.2366],[20.66743,43.23647],[20.66614,43.23667],[20.6656,43.23686],[20.6651,43.23712],[20.66462,43.23748],[20.66428,43.23783],[20.66401,43.23826],[20.66361,43.23925],[20.66358,43.23965],[20.66454,43.24392],[20.66494,43.24467],[20.66684,43.24651],[20.66755,43.24738],[20.66816,43.24855],[20.66849,43.24977],[20.66877,43.2526],[20.66867,43.25328],[20.66829,43.25395],[20.66798,43.25427],[20.66747,43.25465],[20.66636,43.25514]]}},{"type":"Feature","properties":{"kind":"rail"},"geometry":{"type":"LineString","coordinates":[[19.51455,43.80098],[19.51506,43.80119],[19.51561,43.80126]]}},{"type":"Feature","properties":{"kind":"rail"},"geometry":{"type":"LineString","coordinates":[[19.5145,43.80094],[19.51455,43.80098]]}},{"type":"Feature","properties":{"kind":"rail"},"geometry":{"type":"LineString","coordinates":[[21.48796,44.62411],[21.47948,44.62415],[21.47528,44.62488],[21.47277,44.62499],[21.46956,44.62525],[21.46744,44.62554],[21.46555,44.62558],[21.46376,44.62535],[21.46207,44.62478],[21.45961,44.6237],[21.45535,44.62166],[21.45354,44.62112],[21.44932,44.62059],[21.44742,44.62],[21.44569,44.61938],[21.44161,44.61851],[21.43984,44.61837],[21.43845,44.61842],[21.43564,44.61874],[21.43316,44.6188],[21.43161,44.61897],[21.43015,44.61951],[21.42903,44.62021],[21.42828,44.62128]]}},{"type":"Feature","properties":{"kind":"rail"},"geometry":{"type":"LineString","coordinates":[[21.48812,44.62411],[21.48796,44.62411]]}},{"type":"Feature","properties":{"kind":"rail"},"geometry":{"type":"LineString","coordinates":[[20.15283,45.23868],[20.16382,45.23528],[20.17725,45.23045],[20.17811,45.23006],[20.17879,45.22962],[20.17933,45.22912],[20.183,45.22435]]}},{"type":"Feature","properties":{"kind":"rail"},"geometry":{"type":"LineString","coordinates":[[19.60999,44.98214],[19.60977,44.98212]]}},{"type":"Feature","properties":{"kind":"rail"},"geometry":{"type":"LineString","coordinates":[[19.62847,44.98371],[19.67805,44.98804],[19.67896,44.98809],[19.71059,44.98838]]}},{"type":"Feature","properties":{"kind":"rail"},"geometry":{"type":"LineString","coordinates":[[19.62832,44.9837],[19.62847,44.98371]]}},{"type":"Feature","properties":{"kind":"rail"},"geometry":{"type":"LineString","coordinates":[[19.62831,44.98373],[19.6136,44.98246]]}},{"type":"Feature","properties":{"kind":"rail"},"geometry":{"type":"LineString","coordinates":[[19.62845,44.98375],[19.62831,44.98373]]}},{"type":"Feature","properties":{"kind":"rail"},"geometry":{"type":"LineString","coordinates":[[20.44921,44.79464],[20.44864,44.79471]]}},{"type":"Feature","properties":{"kind":"rail"},"geometry":{"type":"LineString","coordinates":[[19.05177,45.50759],[19.05887,45.50818],[19.06935,45.50854],[19.07123,45.50883],[19.07291,45.50939],[19.07369,45.50977],[19.07488,45.51051],[19.07574,45.51112],[19.07694,45.5122],[19.07889,45.51445],[19.0805,45.51646],[19.08434,45.52098]]}},{"type":"Feature","properties":{"kind":"rail"},"geometry":{"type":"LineString","coordinates":[[20.94867,44.36409],[20.94614,44.36295],[20.94459,44.36253],[20.94356,44.36243],[20.94269,44.36243],[20.94173,44.36253],[20.9163,44.36877],[20.91525,44.36899],[20.91316,44.36919],[20.91142,44.36912],[20.88488,44.36606],[20.88268,44.36588],[20.88166,44.36586],[20.87982,44.36604],[20.86978,44.36756]]}},{"type":"Feature","properties":{"kind":"rail"},"geometry":{"type":"LineString","coordinates":[[20.95172,44.36476],[20.95139,44.36474]]}},{"type":"Feature","properties":{"kind":"rail"},"geometry":{"type":"LineString","coordinates":[[20.62108,43.31624],[20.62139,43.31742],[20.6216,43.31799],[20.62207,43.31893],[20.62338,43.32073],[20.62396,43.32126],[20.62435,43.3215],[20.62475,43.32169],[20.62554,43.32192],[20.62824,43.32251],[20.63259,43.32317],[20.63409,43.32375],[20.63479,43.32417],[20.63551,43.32475]]}},{"type":"Feature","properties":{"kind":"rail"},"geometry":{"type":"LineString","coordinates":[[20.62106,43.31616],[20.62108,43.31624]]}},{"type":"Feature","properties":{"kind":"rail"},"geometry":{"type":"LineString","coordinates":[[20.48374,44.7148],[20.48449,44.71439],[20.486,44.71321],[20.48706,44.7127],[20.48768,44.71252],[20.48814,44.71241],[20.48904,44.71232],[20.49213,44.71233],[20.49359,44.7124]]}},{"type":"Feature","properties":{"kind":"rail"},"geometry":{"type":"LineString","coordinates":[[20.5333,44.63537],[20.53279,44.63238],[20.53268,44.63077],[20.53279,44.62937],[20.53314,44.62767],[20.53313,44.62726],[20.5328,44.6257],[20.53277,44.6252],[20.53295,44.62419],[20.53333,44.6231],[20.53345,44.62256],[20.53349,44.62209],[20.53342,44.61952],[20.53337,44.61904],[20.53311,44.61823],[20.5321,44.61673],[20.53191,44.61603],[20.53197,44.61526],[20.53208,44.61495],[20.53263,44.61423],[20.53353,44.61343],[20.53377,44.61309],[20.53407,44.61234],[20.53411,44.61193],[20.53406,44.6116],[20.53359,44.60961],[20.53352,44.60909],[20.53355,44.60865],[20.53366,44.60826],[20.53441,44.60691]]}},{"type":"Feature","properties":{"kind":"rail"},"geometry":{"type":"LineString","coordinates":[[20.53332,44.63545],[20.5333,44.63537]]}},{"type":"Feature","properties":{"kind":"rail"},"geometry":{"type":"LineString","coordinates":[[20.55681,44.5708],[20.55736,44.57057],[20.55798,44.57021],[20.55978,44.56893],[20.56098,44.56834],[20.56275,44.56774],[20.56515,44.56718],[20.56591,44.56693]]}},{"type":"Feature","properties":{"kind":"rail"},"geometry":{"type":"LineString","coordinates":[[20.60627,44.52767],[20.6139,44.52212]]}},{"type":"Feature","properties":{"kind":"rail"},"geometry":{"type":"LineString","coordinates":[[20.6139,44.52212],[20.64545,44.49919],[20.64611,44.49864],[20.65362,44.49132]]}},{"type":"Feature","properties":{"kind":"rail"},"geometry":{"type":"LineString","coordinates":[[20.65368,44.49126],[20.65451,44.49034],[20.6552,44.48924],[20.6555,44.48861],[20.65612,44.48659],[20.65654,44.48572],[20.65864,44.48267],[20.6628,44.47743],[20.66322,44.47676],[20.66347,44.47625],[20.66358,44.47584]]}},{"type":"Feature","properties":{"kind":"rail"},"geometry":{"type":"LineString","coordinates":[[20.65362,44.49132],[20.65368,44.49126]]}},{"type":"Feature","properties":{"kind":"rail"},"geometry":{"type":"LineString","coordinates":[[21.22764,44.01679],[21.22934,44.01402],[21.22993,44.01295],[21.23175,44.00886],[21.23234,44.0077],[21.23299,44.00662],[21.23407,44.00503],[21.23654,44.00164],[21.23707,44.00042],[21.23775,43.99822],[21.23809,43.99739],[21.23856,43.99649],[21.23943,43.99535],[21.23987,43.99487],[21.24139,43.99364]]}},{"type":"Feature","properties":{"kind":"rail"},"geometry":{"type":"LineString","coordinates":[[20.98912,44.58821],[20.98994,44.58831],[20.99619,44.58866],[20.9969,44.58863],[20.99754,44.58851],[20.99821,44.5883],[20.99862,44.5881],[20.99913,44.58776],[20.99994,44.58701],[21.00061,44.58631],[21.00806,44.57924],[21.00845,44.57877],[21.00908,44.57774],[21.00981,44.57613],[21.00997,44.57563]]}},{"type":"Feature","properties":{"kind":"rail"},"geometry":{"type":"LineString","coordinates":[[21.14883,44.11382],[21.16119,44.1067]]}},{"type":"Feature","properties":{"kind":"rail"},"geometry":{"type":"LineString","coordinates":[[21.14876,44.11386],[21.14883,44.11382]]}},{"type":"Feature","properties":{"kind":"rail"},"geometry":{"type":"LineString","coordinates":[[21.14043,44.11872],[21.13911,44.11959],[21.13829,44.12029],[21.1376,44.12101],[21.1219,44.13879],[21.12115,44.13951],[21.11483,44.14451]]}},{"type":"Feature","properties":{"kind":"rail"},"geometry":{"type":"LineString","coordinates":[[21.14886,44.11385],[21.14879,44.11388]]}},{"type":"Feature","properties":{"kind":"rail"},"geometry":{"type":"LineString","coordinates":[[19.89229,43.83977],[19.88806,43.83816]]}},{"type":"Feature","properties":{"kind":"rail"},"geometry":{"type":"LineString","coordinates":[[19.89239,43.8398],[19.89229,43.83977]]}},{"type":"Feature","properties":{"kind":"rail"},"geometry":{"type":"LineString","coordinates":[[21.22725,44.01744],[21.2273,44.0173]]}},{"type":"Feature","properties":{"kind":"rail"},"geometry":{"type":"LineString","coordinates":[[21.23832,44.03272],[21.23826,44.03212],[21.23808,44.03143],[21.23783,44.03071],[21.23752,44.03009],[21.23716,44.02949],[21.23679,44.02903],[21.23585,44.02805],[21.23461,44.02717],[21.23082,44.0253],[21.23003,44.02482],[21.22876,44.02379],[21.22829,44.0233],[21.22777,44.02258],[21.22743,44.02196],[21.22715,44.02134],[21.22694,44.02059],[21.22684,44.01997],[21.22682,44.0193],[21.2269,44.01856],[21.22725,44.01744]]}},{"type":"Feature","properties":{"kind":"rail"},"geometry":{"type":"LineString","coordinates":[[21.22732,44.01745],[21.22738,44.01732]]}},{"type":"Feature","properties":{"kind":"rail"},"geometry":{"type":"LineString","coordinates":[[21.23837,44.03272],[21.23829,44.03194],[21.23783,44.03058],[21.23732,44.02962],[21.23644,44.02854],[21.23588,44.02801],[21.23448,44.02705],[21.23113,44.02542],[21.2304,44.025],[21.22971,44.02452],[21.22867,44.02363],[21.22822,44.02311],[21.2275,44.022],[21.22723,44.02138],[21.22702,44.02063],[21.22689,44.01927],[21.22708,44.0181],[21.22732,44.01745]]}},{"type":"Feature","properties":{"kind":"rail"},"geometry":{"type":"LineString","coordinates":[[21.23603,44.04401],[21.23608,44.04351],[21.23828,44.03484],[21.23836,44.03419],[21.23832,44.03272]]}},{"type":"Feature","properties":{"kind":"rail"},"geometry":{"type":"LineString","coordinates":[[21.23609,44.044],[21.23639,44.04252],[21.23833,44.03485],[21.23844,44.03345],[21.23837,44.03272]]}},{"type":"Feature","properties":{"kind":"rail"},"geometry":{"type":"LineString","coordinates":[[20.58269,44.63852],[20.58313,44.63797],[20.58339,44.63732],[20.58342,44.63669],[20.58323,44.63604],[20.58289,44.63551],[20.58236,44.63501],[20.58058,44.63401],[20.57985,44.63324],[20.57955,44.63252],[20.57942,44.63161],[20.57917,44.63051],[20.57842,44.62927],[20.57799,44.62791],[20.57764,44.62737],[20.57695,44.62663],[20.57661,44.62611],[20.5764,44.6253],[20.57647,44.62475],[20.57681,44.62402],[20.57741,44.62339],[20.57815,44.6229],[20.57876,44.62237],[20.57912,44.6218],[20.57953,44.62088],[20.57975,44.62061],[20.58025,44.62014],[20.5806,44.6199],[20.58204,44.61919],[20.58259,44.61884],[20.58321,44.61826],[20.58467,44.6167]]}},{"type":"Feature","properties":{"kind":"rail"},"geometry":{"type":"LineString","coordinates":[[20.5826,44.63862],[20.58269,44.63852]]}},{"type":"Feature","properties":{"kind":"rail"},"geometry":{"type":"LineString","coordinates":[[22.16928,43.32173],[22.16797,43.32215]]}},{"type":"Feature","properties":{"kind":"rail"},"geometry":{"type":"LineString","coordinates":[[22.16938,43.3217],[22.16928,43.32173]]}},{"type":"Feature","properties":{"kind":"rail"},"geometry":{"type":"LineString","coordinates":[[22.24881,43.26653],[22.24379,43.2691]]}},{"type":"Feature","properties":{"kind":"rail"},"geometry":{"type":"LineString","coordinates":[[22.2489,43.26648],[22.24881,43.26653]]}},{"type":"Feature","properties":{"kind":"rail"},"geometry":{"type":"LineString","coordinates":[[21.69017,43.51093],[21.68891,43.5119],[21.68752,43.51262],[21.68635,43.51302],[21.68508,43.51332],[21.67109,43.51483],[21.66936,43.51506],[21.66799,43.51535],[21.66662,43.51578],[21.66553,43.51623],[21.6588,43.51919]]}},{"type":"Feature","properties":{"kind":"rail"},"geometry":{"type":"LineString","coordinates":[[21.69115,43.51012],[21.69107,43.51018]]}},{"type":"Feature","properties":{"kind":"rail"},"geometry":{"type":"LineString","coordinates":[[21.69012,43.5109],[21.6891,43.5117],[21.68763,43.51251],[21.68637,43.51296],[21.68506,43.51329],[21.67043,43.51487],[21.66881,43.51512],[21.66788,43.51534],[21.66597,43.51598],[21.65875,43.51916]]}},{"type":"Feature","properties":{"kind":"rail"},"geometry":{"type":"LineString","coordinates":[[21.69111,43.51008],[21.69103,43.51014]]}},{"type":"Feature","properties":{"kind":"rail"},"geometry":{"type":"LineString","coordinates":[[21.6587,43.51924],[21.65731,43.51986]]}},{"type":"Feature","properties":{"kind":"rail"},"geometry":{"type":"LineString","coordinates":[[21.6588,43.51919],[21.6587,43.51924]]}},{"type":"Feature","properties":{"kind":"rail"},"geometry":{"type":"LineString","coordinates":[[21.65865,43.5192],[21.65727,43.51981]]}},{"type":"Feature","properties":{"kind":"rail"},"geometry":{"type":"LineString","coordinates":[[21.65875,43.51916],[21.65865,43.5192]]}},{"type":"Feature","properties":{"kind":"rail"},"geometry":{"type":"LineString","coordinates":[[22.6651,43.07503],[22.65622,43.08358]]}},{"type":"Feature","properties":{"kind":"rail"},"geometry":{"type":"LineString","coordinates":[[22.6247,43.11379],[22.61191,43.12595]]}},{"type":"Feature","properties":{"kind":"rail"},"geometry":{"type":"LineString","coordinates":[[22.61191,43.12595],[22.60378,43.13375],[22.6029,43.13471],[22.60136,43.13686],[22.60051,43.13839],[22.59987,43.13981],[22.59945,43.14101],[22.59914,43.14228]]}},{"type":"Feature","properties":{"kind":"rail"},"geometry":{"type":"LineString","coordinates":[[22.6012,43.15583],[22.60125,43.15604]]}},{"type":"Feature","properties":{"kind":"rail"},"geometry":{"type":"LineString","coordinates":[[22.60125,43.15604],[22.60143,43.15712],[22.60142,43.15796],[22.60131,43.15858],[22.60106,43.15935],[22.60073,43.16004],[22.60033,43.16065],[22.59971,43.16138],[22.59893,43.16207]]}},{"type":"Feature","properties":{"kind":"rail"},"geometry":{"type":"LineString","coordinates":[[22.5979,43.16276],[22.59695,43.16326],[22.59133,43.16581]]}},{"type":"Feature","properties":{"kind":"rail"},"geometry":{"type":"LineString","coordinates":[[22.58342,43.17326],[22.58266,43.17443],[22.58171,43.17652],[22.581,43.17764],[22.58008,43.17854],[22.5753,43.1824]]}},{"type":"Feature","properties":{"kind":"rail"},"geometry":{"type":"LineString","coordinates":[[22.50687,43.21309],[22.50538,43.21332],[22.50459,43.21358],[22.50363,43.21402],[22.50302,43.21439],[22.50241,43.21484],[22.50186,43.21538],[22.50059,43.21689],[22.50007,43.21739],[22.49931,43.21798],[22.49832,43.21861],[22.49755,43.21899],[22.49662,43.2193],[22.49548,43.21964],[22.49245,43.22037]]}},{"type":"Feature","properties":{"kind":"rail"},"geometry":{"type":"LineString","coordinates":[[22.49245,43.22037],[22.48753,43.22153]]}},{"type":"Feature","properties":{"kind":"rail"},"geometry":{"type":"LineString","coordinates":[[22.48753,43.22153],[22.48648,43.22164],[22.48567,43.22165],[22.47751,43.22149],[22.47665,43.22158],[22.47542,43.22182],[22.47476,43.22202],[22.47359,43.22254],[22.46246,43.2289]]}},{"type":"Feature","properties":{"kind":"rail"},"geometry":{"type":"LineString","coordinates":[[22.45505,43.23257],[22.45365,43.23286],[22.45284,43.23295]]}},{"type":"Feature","properties":{"kind":"rail"},"geometry":{"type":"LineString","coordinates":[[22.45001,43.23288],[22.44818,43.2325],[22.43883,43.22948]]}},{"type":"Feature","properties":{"kind":"rail"},"geometry":{"type":"LineString","coordinates":[[22.43724,43.22896],[22.43585,43.22849],[22.43487,43.22795],[22.4343,43.22749],[22.43401,43.22717],[22.43353,43.22636]]}},{"type":"Feature","properties":{"kind":"rail"},"geometry":{"type":"LineString","coordinates":[[22.43883,43.22948],[22.43724,43.22896]]}},{"type":"Feature","properties":{"kind":"rail"},"geometry":{"type":"LineString","coordinates":[[22.38374,43.22906],[22.38291,43.2297],[22.38229,43.23039],[22.381,43.23302]]}},{"type":"Feature","properties":{"kind":"rail"},"geometry":{"type":"LineString","coordinates":[[22.381,43.23302],[22.38043,43.2336],[22.3799,43.23394],[22.37924,43.23422],[22.37854,43.23438],[22.37791,43.23444],[22.37663,43.2343],[22.376,43.2341],[22.37545,43.23384],[22.36397,43.22699],[22.36291,43.22645],[22.36211,43.22612],[22.3604,43.22557],[22.35959,43.22538],[22.35804,43.22516],[22.35585,43.22508],[22.35274,43.22533],[22.35086,43.22521]]}},{"type":"Feature","properties":{"kind":"rail"},"geometry":{"type":"LineString","coordinates":[[22.35086,43.22521],[22.34942,43.22503]]}},{"type":"Feature","properties":{"kind":"rail"},"geometry":{"type":"LineString","coordinates":[[22.34942,43.22503],[22.33579,43.22338],[22.3346,43.22319],[22.3306,43.22235],[22.32623,43.22134],[22.32473,43.2211],[22.32393,43.2211],[22.31528,43.22192]]}},{"type":"Feature","properties":{"kind":"rail"},"geometry":{"type":"LineString","coordinates":[[22.31528,43.22192],[22.31141,43.22229]]}},{"type":"Feature","properties":{"kind":"rail"},"geometry":{"type":"LineString","coordinates":[[22.25111,43.26534],[22.2489,43.26648]]}},{"type":"Feature","properties":{"kind":"rail"},"geometry":{"type":"LineString","coordinates":[[22.24379,43.2691],[22.24298,43.26952],[22.24194,43.2702],[22.2411,43.27109],[22.24038,43.27235]]}},{"type":"Feature","properties":{"kind":"rail"},"geometry":{"type":"LineString","coordinates":[[22.2118,43.29394],[22.20224,43.29801]]}},{"type":"Feature","properties":{"kind":"rail"},"geometry":{"type":"LineString","coordinates":[[22.20224,43.29801],[22.20092,43.2985],[22.20024,43.29866]]}},{"type":"Feature","properties":{"kind":"rail"},"geometry":{"type":"LineString","coordinates":[[22.20024,43.29866],[22.19944,43.29879]]}},{"type":"Feature","properties":{"kind":"rail"},"geometry":{"type":"LineString","coordinates":[[22.12667,43.33602],[22.12572,43.33599],[22.12473,43.33586],[22.12382,43.33562],[22.12256,43.3351]]}},{"type":"Feature","properties":{"kind":"rail"},"geometry":{"type":"LineString","coordinates":[[22.1165,43.33109],[22.11601,43.33045],[22.11552,43.33008],[22.11181,43.3281],[22.11051,43.32766],[22.10969,43.32752],[22.10899,43.3275],[22.10594,43.32773],[22.10355,43.32747],[22.1023,43.32752],[22.10137,43.32781],[22.10049,43.32832],[22.10003,43.32877],[22.09882,43.33038],[22.0983,43.33085],[22.09597,43.33231],[22.09439,43.3337],[22.09144,43.33513]]}},{"type":"Feature","properties":{"kind":"rail"},"geometry":{"type":"LineString","coordinates":[[22.06211,43.32871],[22.05679,43.32533],[22.05595,43.32491],[22.05377,43.32402]]}},{"type":"Feature","properties":{"kind":"rail"},"geometry":{"type":"LineString","coordinates":[[22.05273,43.31773],[22.05371,43.31654],[22.05388,43.31624],[22.05408,43.31562],[22.05409,43.31491],[22.05389,43.3143],[22.05364,43.3139],[22.053,43.31331],[22.05208,43.31274],[22.05054,43.31212],[22.04964,43.31189],[22.03635,43.30939]]}},{"type":"Feature","properties":{"kind":"rail"},"geometry":{"type":"LineString","coordinates":[[22.03635,43.30939],[22.03526,43.30913],[22.0346,43.30887],[22.03387,43.30846],[22.03286,43.30767]]}},{"type":"Feature","properties":{"kind":"rail"},"geometry":{"type":"LineString","coordinates":[[22.01765,43.30152],[21.99757,43.30007],[21.99609,43.30003],[21.99399,43.30018],[21.98357,43.30184]]}},{"type":"Feature","properties":{"kind":"rail"},"geometry":{"type":"LineString","coordinates":[[22.01819,43.30156],[22.01765,43.30152]]}},{"type":"Feature","properties":{"kind":"rail"},"geometry":{"type":"LineString","coordinates":[[21.98357,43.30184],[21.98275,43.30197]]}},{"type":"Feature","properties":{"kind":"rail"},"geometry":{"type":"LineString","coordinates":[[21.98275,43.30197],[21.98146,43.30218]]}},{"type":"Feature","properties":{"kind":"rail"},"geometry":{"type":"LineString","coordinates":[[21.94821,43.30748],[21.9382,43.30907]]}},{"type":"Feature","properties":{"kind":"rail"},"geometry":{"type":"LineString","coordinates":[[21.9382,43.30907],[21.9247,43.31124]]}},{"type":"Feature","properties":{"kind":"rail"},"geometry":{"type":"LineString","coordinates":[[21.8991,43.31319],[21.89701,43.31299]]}},{"type":"Feature","properties":{"kind":"rail"},"geometry":{"type":"LineString","coordinates":[[21.89701,43.31299],[21.89206,43.31244],[21.89088,43.31242]]}},{"type":"Feature","properties":{"kind":"rail"},"geometry":{"type":"LineString","coordinates":[[21.89088,43.31242],[21.88982,43.31256],[21.8889,43.31282],[21.88825,43.31309],[21.88744,43.31353],[21.88608,43.31442]]}},{"type":"Feature","properties":{"kind":"rail"},"geometry":{"type":"LineString","coordinates":[[21.88164,43.31661],[21.88062,43.31669]]}},{"type":"Feature","properties":{"kind":"rail"},"geometry":{"type":"LineString","coordinates":[[22.31095,43.78722],[22.31112,43.78757],[22.31119,43.78807],[22.31113,43.78963],[22.31083,43.79047],[22.30982,43.79253],[22.30916,43.79341],[22.30597,43.79626]]}},{"type":"Feature","properties":{"kind":"rail"},"geometry":{"type":"LineString","coordinates":[[22.31091,43.78713],[22.31095,43.78722]]}},{"type":"Feature","properties":{"kind":"rail"},"geometry":{"type":"LineString","coordinates":[[22.30708,43.7527],[22.30708,43.75353],[22.30732,43.7543],[22.30901,43.75736],[22.30909,43.75773],[22.30919,43.76069],[22.30941,43.76126],[22.30995,43.76215],[22.31017,43.76267],[22.31025,43.76316],[22.31021,43.76424],[22.31004,43.7649],[22.30985,43.76521],[22.30939,43.76573],[22.30454,43.77009],[22.30423,43.77048],[22.30405,43.77088],[22.30393,43.77134],[22.30394,43.77181],[22.30415,43.77256],[22.30437,43.77286],[22.30465,43.77319],[22.30557,43.77383],[22.30619,43.77407],[22.3074,43.77427],[22.3098,43.77423],[22.31027,43.77426],[22.31109,43.77445],[22.31203,43.77494],[22.31245,43.77537],[22.31277,43.77593],[22.31306,43.77691],[22.3132,43.77814],[22.31309,43.77879],[22.31294,43.77911],[22.31253,43.77967],[22.31197,43.78018],[22.31133,43.78055],[22.30823,43.78169],[22.30766,43.78197],[22.30697,43.78263],[22.30682,43.78289],[22.30664,43.78355],[22.30676,43.78432],[22.30694,43.78467],[22.30757,43.78527],[22.30823,43.78563],[22.31007,43.78633],[22.31064,43.78675],[22.31091,43.78713]]}},{"type":"Feature","properties":{"kind":"rail"},"geometry":{"type":"LineString","coordinates":[[22.30709,43.7526],[22.30708,43.7527]]}},{"type":"Feature","properties":{"kind":"rail"},"geometry":{"type":"LineString","coordinates":[[21.59659,43.22581],[21.59909,43.22392],[21.59965,43.22362],[21.60087,43.22323]]}},{"type":"Feature","properties":{"kind":"rail"},"geometry":{"type":"LineString","coordinates":[[21.59651,43.22587],[21.59659,43.22581]]}},{"type":"Feature","properties":{"kind":"rail"},"geometry":{"type":"LineString","coordinates":[[21.55768,43.22996],[21.55869,43.22968],[21.55982,43.22927]]}},{"type":"Feature","properties":{"kind":"rail"},"geometry":{"type":"LineString","coordinates":[[21.55757,43.22999],[21.55768,43.22996]]}},{"type":"Feature","properties":{"kind":"rail"},"geometry":{"type":"LineString","coordinates":[[21.47497,43.24003],[21.48084,43.23995],[21.48316,43.2396],[21.48966,43.2384]]}},{"type":"Feature","properties":{"kind":"rail"},"geometry":{"type":"LineString","coordinates":[[21.47486,43.24003],[21.47497,43.24003]]}},{"type":"Feature","properties":{"kind":"rail"},"geometry":{"type":"LineString","coordinates":[[21.07515,44.3639],[21.07315,44.35856],[21.07254,44.35663],[21.07232,44.35572],[21.07109,44.34757],[21.07079,44.34519],[21.07078,44.3445],[21.07085,44.34401],[21.07102,44.34327],[21.07143,44.34231],[21.07275,44.34069],[21.07386,44.33974]]}},{"type":"Feature","properties":{"kind":"rail"},"geometry":{"type":"LineString","coordinates":[[21.07531,44.36435],[21.07515,44.3639]]}},{"type":"Feature","properties":{"kind":"rail"},"geometry":{"type":"LineString","coordinates":[[20.96067,44.67876],[20.96244,44.68069],[20.96269,44.68104],[20.96289,44.68145],[20.96298,44.68182],[20.96295,44.68257],[20.96265,44.68323],[20.96238,44.6836],[20.958,44.68841]]}},{"type":"Feature","properties":{"kind":"rail"},"geometry":{"type":"LineString","coordinates":[[20.95767,44.69037],[20.95808,44.69083],[20.9585,44.69109],[20.96672,44.69493]]}},{"type":"Feature","properties":{"kind":"rail"},"geometry":{"type":"LineString","coordinates":[[20.95755,44.69016],[20.95767,44.69037]]}},{"type":"Feature","properties":{"kind":"rail"},"geometry":{"type":"LineString","coordinates":[[20.95784,44.68859],[20.95762,44.68888],[20.95745,44.68929],[20.95743,44.68976],[20.95755,44.69016]]}},{"type":"Feature","properties":{"kind":"rail"},"geometry":{"type":"LineString","coordinates":[[20.958,44.68841],[20.95784,44.68859]]}},{"type":"Feature","properties":{"kind":"rail"},"geometry":{"type":"LineString","coordinates":[[20.94322,44.65985],[20.94186,44.65829],[20.94172,44.65801],[20.94156,44.65737],[20.94161,44.65637]]}},{"type":"Feature","properties":{"kind":"rail"},"geometry":{"type":"LineString","coordinates":[[20.95767,44.6755],[20.95368,44.67124]]}},{"type":"Feature","properties":{"kind":"rail"},"geometry":{"type":"LineString","coordinates":[[20.55295,44.87814],[20.57609,44.88548],[20.57897,44.8863],[20.58021,44.88653],[20.58114,44.88663],[20.59446,44.8878]]}},{"type":"Feature","properties":{"kind":"rail"},"geometry":{"type":"LineString","coordinates":[[20.61821,44.88901],[20.62967,44.88813]]}},{"type":"Feature","properties":{"kind":"rail"},"geometry":{"type":"LineString","coordinates":[[20.64592,44.88687],[20.62967,44.88813]]}},{"type":"Feature","properties":{"kind":"rail"},"geometry":{"type":"LineString","coordinates":[[20.65832,44.88051],[20.65036,44.88575],[20.64946,44.88616],[20.64864,44.88644],[20.64693,44.88678]]}},{"type":"Feature","properties":{"kind":"rail"},"geometry":{"type":"LineString","coordinates":[[20.73989,44.94962],[20.73435,44.9446],[20.73238,44.94269],[20.70646,44.91887],[20.68915,44.90256]]}},{"type":"Feature","properties":{"kind":"rail"},"geometry":{"type":"LineString","coordinates":[[20.75223,44.95435],[20.75077,44.95316],[20.74947,44.95242],[20.74868,44.95214],[20.74776,44.95192],[20.74336,44.95131],[20.74254,44.95112],[20.7418,44.95085],[20.74101,44.95047],[20.73989,44.94962]]}},{"type":"Feature","properties":{"kind":"rail"},"geometry":{"type":"LineString","coordinates":[[20.78175,44.97394],[20.7784,44.97257],[20.77073,44.96927],[20.7695,44.96863],[20.76869,44.96804],[20.75223,44.95435]]}},{"type":"Feature","properties":{"kind":"rail"},"geometry":{"type":"LineString","coordinates":[[20.89069,45.02278],[20.87772,45.0146],[20.87704,45.01424],[20.87553,45.01373],[20.86207,45.0113],[20.84449,45.00905],[20.83521,45.00711],[20.83431,45.00688],[20.83364,45.0066],[20.81779,44.99904],[20.8165,44.99828],[20.8157,44.99749],[20.81535,44.99702],[20.81508,44.99647],[20.81487,44.99575],[20.81384,44.98507],[20.81366,44.98452],[20.81309,44.9835],[20.81228,44.98268],[20.8117,44.98227],[20.81051,44.9817],[20.80927,44.98133],[20.807,44.9808],[20.80538,44.98062],[20.80338,44.98076],[20.79548,44.98167],[20.79417,44.98164],[20.79298,44.98145],[20.79166,44.981],[20.79053,44.98036],[20.78914,44.97921]]}},{"type":"Feature","properties":{"kind":"rail"},"geometry":{"type":"LineString","coordinates":[[20.8929,45.02809],[20.89286,45.02555],[20.89263,45.02476],[20.89208,45.02393],[20.89069,45.02278]]}},{"type":"Feature","properties":{"kind":"rail"},"geometry":{"type":"LineString","coordinates":[[20.8941,45.03683],[20.89297,45.03517],[20.89262,45.03417],[20.8929,45.02809]]}},{"type":"Feature","properties":{"kind":"rail"},"geometry":{"type":"LineString","coordinates":[[20.94548,45.07486],[20.93814,45.07133],[20.92781,45.0665],[20.9257,45.06547],[20.92498,45.065],[20.92459,45.06469],[20.92404,45.06411],[20.92166,45.06052],[20.91913,45.05704],[20.9165,45.05314],[20.91583,45.05232],[20.91495,45.05163],[20.91378,45.05104],[20.90755,45.04861],[20.9018,45.04627],[20.90054,45.04551],[20.8995,45.04432],[20.8941,45.03683]]}},{"type":"Feature","properties":{"kind":"rail"},"geometry":{"type":"LineString","coordinates":[[20.95931,45.07129],[20.95451,45.0747],[20.95381,45.07507],[20.95307,45.07533],[20.95172,45.07554],[20.94814,45.07549],[20.94669,45.07529],[20.94603,45.0751],[20.94548,45.07486]]}},{"type":"Feature","properties":{"kind":"rail"},"geometry":{"type":"LineString","coordinates":[[20.97451,45.06677],[20.97355,45.06718],[20.97268,45.06741],[20.96915,45.06772],[20.96423,45.06854],[20.96315,45.06888],[20.96235,45.06924],[20.96155,45.06973],[20.95931,45.07129]]}},{"type":"Feature","properties":{"kind":"rail"},"geometry":{"type":"LineString","coordinates":[[21.00838,45.05607],[20.99968,45.05638],[20.99864,45.05649],[20.99753,45.05676],[20.99606,45.05733],[20.98067,45.0639],[20.97451,45.06677]]}},{"type":"Feature","properties":{"kind":"rail"},"geometry":{"type":"LineString","coordinates":[[21.01887,45.05573],[21.00838,45.05607]]}},{"type":"Feature","properties":{"kind":"rail"},"geometry":{"type":"LineString","coordinates":[[21.06105,45.06073],[21.05842,45.06076],[21.05727,45.06061],[21.02574,45.05558],[21.02437,45.05553],[21.01924,45.05572]]}},{"type":"Feature","properties":{"kind":"rail"},"geometry":{"type":"LineString","coordinates":[[21.15231,45.05057],[21.14192,45.04884],[21.14111,45.04875],[21.12442,45.04808],[21.1229,45.04809],[21.12161,45.0482],[21.11969,45.04856],[21.07549,45.05979],[21.07364,45.06018],[21.07183,45.06031]]}},{"type":"Feature","properties":{"kind":"rail"},"geometry":{"type":"LineString","coordinates":[[21.05011,44.15378],[21.05002,44.1538]]}},{"type":"Feature","properties":{"kind":"rail"},"geometry":{"type":"LineString","coordinates":[[21.10528,44.15254],[21.10531,44.15188],[21.10519,44.15146],[21.10473,44.15079],[21.10437,44.1505],[21.10362,44.1501],[21.10298,44.14992],[21.10146,44.14988],[21.10088,44.15003],[21.10031,44.15028],[21.09693,44.15252],[21.09623,44.15279],[21.0954,44.15299],[21.08638,44.15456],[21.08199,44.15587],[21.08108,44.15606],[21.08013,44.15615],[21.0787,44.15609],[21.06144,44.15374],[21.05242,44.15347],[21.05119,44.15356],[21.05011,44.15378]]}},{"type":"Feature","properties":{"kind":"rail"},"geometry":{"type":"LineString","coordinates":[[20.46268,44.69101],[20.46278,44.69094]]}},{"type":"Feature","properties":{"kind":"rail"},"geometry":{"type":"LineString","coordinates":[[20.46166,44.69207],[20.46196,44.69165],[20.46268,44.69101]]}},{"type":"Feature","properties":{"kind":"rail"},"geometry":{"type":"LineString","coordinates":[[22.10302,43.43868],[22.1009,43.4424],[22.10069,43.44296],[22.10054,43.44378]]}},{"type":"Feature","properties":{"kind":"rail"},"geometry":{"type":"LineString","coordinates":[[22.10054,43.44378],[22.10054,43.44384]]}},{"type":"Feature","properties":{"kind":"rail"},"geometry":{"type":"LineString","coordinates":[[20.00516,43.87147],[20.00621,43.87106],[20.00743,43.87043],[20.00827,43.86986],[20.00929,43.86893],[20.00991,43.86817],[20.01153,43.86529],[20.01185,43.86487],[20.01403,43.86281],[20.01473,43.86201],[20.01515,43.86124],[20.01534,43.86058],[20.01572,43.85669]]}},{"type":"Feature","properties":{"kind":"rail"},"geometry":{"type":"LineString","coordinates":[[20.01624,43.85318],[20.01663,43.85218]]}},{"type":"Feature","properties":{"kind":"rail"},"geometry":{"type":"LineString","coordinates":[[20.01574,43.8566],[20.01597,43.85427],[20.01624,43.85318]]}},{"type":"Feature","properties":{"kind":"rail"},"geometry":{"type":"LineString","coordinates":[[20.01572,43.85669],[20.01574,43.8566]]}},{"type":"Feature","properties":{"kind":"rail"},"geometry":{"type":"LineString","coordinates":[[21.65387,43.2154],[21.63525,43.2218],[21.63411,43.22213],[21.63256,43.22247],[21.63102,43.2226]]}},{"type":"Feature","properties":{"kind":"rail"},"geometry":{"type":"LineString","coordinates":[[21.63102,43.2226],[21.63091,43.22261]]}},{"type":"Feature","properties":{"kind":"rail"},"geometry":{"type":"LineString","coordinates":[[21.36076,43.20196],[21.36507,43.21253],[21.3654,43.2132],[21.36626,43.21404]]}},{"type":"Feature","properties":{"kind":"rail"},"geometry":{"type":"LineString","coordinates":[[21.36073,43.20187],[21.36076,43.20196]]}},{"type":"Feature","properties":{"kind":"rail"},"geometry":{"type":"LineString","coordinates":[[19.38297,45.69037],[19.3863,45.68854],[19.39377,45.68388],[19.39514,45.68325],[19.39823,45.68233],[19.39965,45.68165],[19.40017,45.68128],[19.40079,45.68072],[19.40143,45.67976],[19.40169,45.67904],[19.40179,45.6778]]}},{"type":"Feature","properties":{"kind":"rail"},"geometry":{"type":"LineString","coordinates":[[19.36904,45.69901],[19.36921,45.69869],[19.36966,45.69812],[19.37012,45.69764],[19.37061,45.69726],[19.37508,45.69474]]}},{"type":"Feature","properties":{"kind":"rail"},"geometry":{"type":"LineString","coordinates":[[19.37508,45.69474],[19.38297,45.69037]]}},{"type":"Feature","properties":{"kind":"rail"},"geometry":{"type":"LineString","coordinates":[[19.86027,44.90273],[19.86155,44.90451],[19.86195,44.90541],[19.86203,44.90582],[19.86208,44.90623],[19.86216,44.91186],[19.86212,44.91248],[19.86189,44.91352],[19.85755,44.92778]]}},{"type":"Feature","properties":{"kind":"rail"},"geometry":{"type":"LineString","coordinates":[[19.5972,46.08874],[19.64544,46.11236],[19.65091,46.11502],[19.65229,46.11557],[19.65381,46.11594],[19.65539,46.1161],[19.65639,46.11609],[19.65742,46.11599],[19.65873,46.11572],[19.65981,46.11536],[19.66058,46.11502],[19.6638,46.11302],[19.66525,46.11204]]}},{"type":"Feature","properties":{"kind":"rail"},"geometry":{"type":"LineString","coordinates":[[19.58686,46.08368],[19.5972,46.08874]]}},{"type":"Feature","properties":{"kind":"rail"},"geometry":{"type":"LineString","coordinates":[[19.50877,46.04541],[19.58686,46.08368]]}},{"type":"Feature","properties":{"kind":"rail"},"geometry":{"type":"LineString","coordinates":[[19.50116,46.04166],[19.50877,46.04541]]}},{"type":"Feature","properties":{"kind":"rail"},"geometry":{"type":"LineString","coordinates":[[19.41496,45.9785],[19.42826,45.99115],[19.45842,46.01959],[19.45909,46.02021],[19.46048,46.02129],[19.46227,46.02245],[19.46559,46.02417],[19.49236,46.03739],[19.50116,46.04166]]}},{"type":"Feature","properties":{"kind":"rail"},"geometry":{"type":"LineString","coordinates":[[19.40786,45.97192],[19.41309,45.97684],[19.41496,45.9785]]}},{"type":"Feature","properties":{"kind":"rail"},"geometry":{"type":"LineString","coordinates":[[19.35423,45.92824],[19.35714,45.93003],[19.37454,45.94122],[19.37814,45.9438],[19.3794,45.94489],[19.40786,45.97192]]}},{"type":"Feature","properties":{"kind":"rail"},"geometry":{"type":"LineString","coordinates":[[19.347,45.92359],[19.35372,45.92791]]}},{"type":"Feature","properties":{"kind":"rail"},"geometry":{"type":"LineString","coordinates":[[19.13705,45.79831],[19.144,45.80427],[19.14881,45.80829],[19.15412,45.81261],[19.15561,45.81391],[19.15755,45.81517],[19.15915,45.81608],[19.17456,45.82435],[19.19356,45.83436],[19.2025,45.83922],[19.20431,45.84014]]}},{"type":"Feature","properties":{"kind":"rail"},"geometry":{"type":"LineString","coordinates":[[19.20431,45.84014],[19.21169,45.84406]]}},{"type":"Feature","properties":{"kind":"rail"},"geometry":{"type":"LineString","coordinates":[[19.12105,45.78687],[19.12212,45.78714],[19.12437,45.7881],[19.12583,45.78895],[19.12677,45.78968]]}},{"type":"Feature","properties":{"kind":"rail"},"geometry":{"type":"LineString","coordinates":[[19.11407,45.786],[19.12105,45.78687]]}},{"type":"Feature","properties":{"kind":"rail"},"geometry":{"type":"LineString","coordinates":[[19.10452,45.7848],[19.12112,45.78682]]}},{"type":"Feature","properties":{"kind":"rail"},"geometry":{"type":"LineString","coordinates":[[19.11407,45.786],[19.10452,45.7848]]}},{"type":"Feature","properties":{"kind":"rail"},"geometry":{"type":"LineString","coordinates":[[19.108,45.63246],[19.10884,45.6291],[19.10908,45.62685],[19.10984,45.61215],[19.11011,45.60907],[19.11028,45.60417],[19.11082,45.59553]]}},{"type":"Feature","properties":{"kind":"rail"},"geometry":{"type":"LineString","coordinates":[[19.10759,45.54906],[19.10394,45.54476]]}},{"type":"Feature","properties":{"kind":"rail"},"geometry":{"type":"LineString","coordinates":[[19.10394,45.54476],[19.1011,45.54141]]}},{"type":"Feature","properties":{"kind":"rail"},"geometry":{"type":"LineString","coordinates":[[20.58154,45.25122],[20.58013,45.2515],[20.57932,45.2515],[20.57855,45.25137],[20.578,45.25123],[20.57715,45.25083],[20.57678,45.25055],[20.57633,45.25005]]}},{"type":"Feature","properties":{"kind":"rail"},"geometry":{"type":"LineString","coordinates":[[21.37609,43.62694],[21.37582,43.62532],[21.37577,43.62437],[21.37564,43.62385]]}},{"type":"Feature","properties":{"kind":"rail"},"geometry":{"type":"LineString","coordinates":[[21.37564,43.62385],[21.37561,43.62377]]}},{"type":"Feature","properties":{"kind":"rail"},"geometry":{"type":"LineString","coordinates":[[22.28426,43.67071],[22.28674,43.67869],[22.28784,43.6809]]}},{"type":"Feature","properties":{"kind":"rail"},"geometry":{"type":"LineString","coordinates":[[22.27659,43.64578],[22.27737,43.64839]]}},{"type":"Feature","properties":{"kind":"rail"},"geometry":{"type":"LineString","coordinates":[[22.27737,43.64839],[22.27739,43.64845]]}},{"type":"Feature","properties":{"kind":"rail"},"geometry":{"type":"LineString","coordinates":[[22.10522,43.42744],[22.10468,43.43118],[22.10469,43.43157],[22.10496,43.43315],[22.10497,43.43413],[22.10491,43.43475],[22.10462,43.43576],[22.10313,43.43849]]}},{"type":"Feature","properties":{"kind":"rail"},"geometry":{"type":"LineString","coordinates":[[22.10524,43.42732],[22.10522,43.42744]]}},{"type":"Feature","properties":{"kind":"rail"},"geometry":{"type":"LineString","coordinates":[[22.17434,43.54315],[22.17511,43.54316],[22.1771,43.54286],[22.17804,43.54297],[22.17878,43.54323],[22.17916,43.54343],[22.1796,43.5438],[22.17982,43.54407],[22.18062,43.54549],[22.18119,43.54605],[22.18166,43.54635],[22.18272,43.54675],[22.18334,43.54687],[22.1842,43.54689],[22.18506,43.54673],[22.18554,43.54657],[22.18616,43.54625]]}},{"type":"Feature","properties":{"kind":"rail"},"geometry":{"type":"LineString","coordinates":[[22.18616,43.54625],[22.18643,43.54611]]}},{"type":"Feature","properties":{"kind":"rail"},"geometry":{"type":"LineString","coordinates":[[22.43327,43.22577],[22.43294,43.22516],[22.4326,43.22472],[22.43174,43.22401]]}},{"type":"Feature","properties":{"kind":"rail"},"geometry":{"type":"LineString","coordinates":[[22.43174,43.22401],[22.43167,43.22396]]}},{"type":"Feature","properties":{"kind":"rail"},"geometry":{"type":"LineString","coordinates":[[22.43167,43.22396],[22.42876,43.22217],[22.4282,43.2219],[22.42288,43.22038]]}},{"type":"Feature","properties":{"kind":"rail"},"geometry":{"type":"LineString","coordinates":[[22.42288,43.22038],[22.42277,43.22035]]}},{"type":"Feature","properties":{"kind":"rail"},"geometry":{"type":"LineString","coordinates":[[21.43426,43.73898],[21.43744,43.72657]]}},{"type":"Feature","properties":{"kind":"rail"},"geometry":{"type":"LineString","coordinates":[[21.43421,43.73916],[21.43426,43.73898]]}},{"type":"Feature","properties":{"kind":"rail"},"geometry":{"type":"LineString","coordinates":[[21.43432,43.73899],[21.43751,43.72658]]}},{"type":"Feature","properties":{"kind":"rail"},"geometry":{"type":"LineString","coordinates":[[21.43428,43.73918],[21.43432,43.73899]]}},{"type":"Feature","properties":{"kind":"rail"},"geometry":{"type":"LineString","coordinates":[[20.761,43.90447],[20.76099,43.90397],[20.7611,43.90338],[20.76145,43.90239],[20.76515,43.89656]]}},{"type":"Feature","properties":{"kind":"rail"},"geometry":{"type":"LineString","coordinates":[[20.76111,43.90872],[20.76115,43.9077],[20.761,43.90447]]}},{"type":"Feature","properties":{"kind":"rail"},"geometry":{"type":"LineString","coordinates":[[20.7611,43.9088],[20.76111,43.90872]]}},{"type":"Feature","properties":{"kind":"rail"},"geometry":{"type":"LineString","coordinates":[[21.69624,43.19251],[21.6942,43.19387],[21.69377,43.19409],[21.67895,43.20117]]}},{"type":"Feature","properties":{"kind":"rail"},"geometry":{"type":"LineString","coordinates":[[21.69633,43.19245],[21.69624,43.19251]]}},{"type":"Feature","properties":{"kind":"rail"},"geometry":{"type":"LineString","coordinates":[[21.3607,43.91627],[21.37186,43.90126]]}},{"type":"Feature","properties":{"kind":"rail"},"geometry":{"type":"LineString","coordinates":[[21.37186,43.90126],[21.37192,43.90118]]}},{"type":"Feature","properties":{"kind":"rail"},"geometry":{"type":"LineString","coordinates":[[21.36065,43.91624],[21.3718,43.90123]]}},{"type":"Feature","properties":{"kind":"rail"},"geometry":{"type":"LineString","coordinates":[[21.3718,43.90123],[21.37186,43.90116]]}},{"type":"Feature","properties":{"kind":"rail"},"geometry":{"type":"LineString","coordinates":[[21.34281,43.93968],[21.3447,43.93766],[21.34623,43.93572]]}},{"type":"Feature","properties":{"kind":"rail"},"geometry":{"type":"LineString","coordinates":[[21.34274,43.93975],[21.34281,43.93968]]}},{"type":"Feature","properties":{"kind":"rail"},"geometry":{"type":"LineString","coordinates":[[21.34277,43.93966],[21.34464,43.93764],[21.34617,43.93568]]}},{"type":"Feature","properties":{"kind":"rail"},"geometry":{"type":"LineString","coordinates":[[21.3427,43.93973],[21.34277,43.93966]]}},{"type":"Feature","properties":{"kind":"rail"},"geometry":{"type":"LineString","coordinates":[[20.24542,44.38489],[20.23918,44.38113],[20.23633,44.37895],[20.23532,44.3783],[20.23472,44.37802],[20.23323,44.37754],[20.23168,44.37731]]}},{"type":"Feature","properties":{"kind":"rail"},"geometry":{"type":"LineString","coordinates":[[20.4456,44.757],[20.44553,44.75714]]}},{"type":"Feature","properties":{"kind":"rail"},"geometry":{"type":"LineString","coordinates":[[20.4456,44.757],[20.44553,44.75779],[20.44533,44.75891]]}},{"type":"Feature","properties":{"kind":"rail"},"geometry":{"type":"LineString","coordinates":[[20.32363,44.73445],[20.32589,44.73333],[20.33294,44.73109],[20.33405,44.73079],[20.33701,44.73023],[20.34041,44.72992]]}},{"type":"Feature","properties":{"kind":"rail"},"geometry":{"type":"LineString","coordinates":[[21.24404,43.99219],[21.24861,43.98982]]}},{"type":"Feature","properties":{"kind":"rail"},"geometry":{"type":"LineString","coordinates":[[21.24139,43.99364],[21.24157,43.99354]]}},{"type":"Feature","properties":{"kind":"rail"},"geometry":{"type":"LineString","coordinates":[[21.24396,43.99215],[21.24865,43.98973]]}},{"type":"Feature","properties":{"kind":"rail"},"geometry":{"type":"LineString","coordinates":[[21.24134,43.99361],[21.24153,43.99349]]}},{"type":"Feature","properties":{"kind":"rail"},"geometry":{"type":"LineString","coordinates":[[20.49044,44.82016],[20.49057,44.8209]]}},{"type":"Feature","properties":{"kind":"rail"},"geometry":{"type":"LineString","coordinates":[[20.49057,44.8209],[20.49074,44.82175]]}},{"type":"Feature","properties":{"kind":"rail"},"geometry":{"type":"LineString","coordinates":[[20.49062,44.82152],[20.4905,44.82091]]}},{"type":"Feature","properties":{"kind":"rail"},"geometry":{"type":"LineString","coordinates":[[20.46279,44.79154],[20.46195,44.79134]]}},{"type":"Feature","properties":{"kind":"rail"},"geometry":{"type":"LineString","coordinates":[[21.40373,43.85833],[21.41167,43.84774],[21.41285,43.84604],[21.41339,43.84467],[21.41378,43.84293],[21.41515,43.83385]]}},{"type":"Feature","properties":{"kind":"rail"},"geometry":{"type":"LineString","coordinates":[[21.41515,43.83385],[21.41516,43.83377]]}},{"type":"Feature","properties":{"kind":"rail"},"geometry":{"type":"LineString","coordinates":[[21.40366,43.85832],[21.41225,43.84693],[21.41283,43.84603],[21.41337,43.84467],[21.41375,43.84293],[21.4151,43.83385]]}},{"type":"Feature","properties":{"kind":"rail"},"geometry":{"type":"LineString","coordinates":[[21.4151,43.83385],[21.41511,43.83377]]}},{"type":"Feature","properties":{"kind":"rail"},"geometry":{"type":"LineString","coordinates":[[21.4158,43.82978],[21.41655,43.82515]]}},{"type":"Feature","properties":{"kind":"rail"},"geometry":{"type":"LineString","coordinates":[[21.41655,43.82515],[21.41656,43.82509]]}},{"type":"Feature","properties":{"kind":"rail"},"geometry":{"type":"LineString","coordinates":[[21.41511,43.83377],[21.41574,43.82977]]}},{"type":"Feature","properties":{"kind":"rail"},"geometry":{"type":"LineString","coordinates":[[21.41574,43.82977],[21.41648,43.82515]]}},{"type":"Feature","properties":{"kind":"rail"},"geometry":{"type":"LineString","coordinates":[[21.41648,43.82515],[21.41649,43.82508]]}},{"type":"Feature","properties":{"kind":"rail"},"geometry":{"type":"LineString","coordinates":[[21.18926,44.61621],[21.18408,44.61099]]}},{"type":"Feature","properties":{"kind":"rail"},"geometry":{"type":"LineString","coordinates":[[21.31323,44.66979],[21.31636,44.67569]]}},{"type":"Feature","properties":{"kind":"rail"},"geometry":{"type":"LineString","coordinates":[[21.34324,44.67086],[21.34448,44.67018],[21.34585,44.66959],[21.34757,44.66909],[21.35027,44.66865],[21.35131,44.66832],[21.35273,44.6676]]}},{"type":"Feature","properties":{"kind":"rail"},"geometry":{"type":"LineString","coordinates":[[21.34094,44.68041],[21.34074,44.67996],[21.33879,44.67702]]}},{"type":"Feature","properties":{"kind":"rail"},"geometry":{"type":"LineString","coordinates":[[21.35273,44.6676],[21.35616,44.66584],[21.35732,44.66502],[21.35839,44.66397],[21.35903,44.66307],[21.35955,44.66215]]}},{"type":"Feature","properties":{"kind":"rail"},"geometry":{"type":"LineString","coordinates":[[21.35955,44.66215],[21.36056,44.66023]]}},{"type":"Feature","properties":{"kind":"rail"},"geometry":{"type":"LineString","coordinates":[[21.42305,44.6299],[21.42431,44.62917],[21.42588,44.62809],[21.42673,44.62714],[21.42743,44.62598],[21.42798,44.62467],[21.42813,44.623]]}},{"type":"Feature","properties":{"kind":"rail"},"geometry":{"type":"LineString","coordinates":[[21.42813,44.623],[21.42828,44.62128]]}},{"type":"Feature","properties":{"kind":"rail"},"geometry":{"type":"LineString","coordinates":[[21.49067,44.62414],[21.48812,44.62411]]}},{"type":"Feature","properties":{"kind":"rail"},"geometry":{"type":"LineString","coordinates":[[21.51151,44.59927],[21.49748,44.62116],[21.49683,44.62203],[21.49625,44.6226],[21.49552,44.6231]]}},{"type":"Feature","properties":{"kind":"rail"},"geometry":{"type":"LineString","coordinates":[[21.51542,44.59312],[21.51151,44.59927]]}},{"type":"Feature","properties":{"kind":"rail"},"geometry":{"type":"LineString","coordinates":[[21.59224,44.53383],[21.59131,44.5346],[21.59009,44.53519],[21.58877,44.53554],[21.58714,44.53569]]}},{"type":"Feature","properties":{"kind":"rail"},"geometry":{"type":"LineString","coordinates":[[21.5969,44.52932],[21.59257,44.53344],[21.59224,44.53383]]}},{"type":"Feature","properties":{"kind":"rail"},"geometry":{"type":"LineString","coordinates":[[21.63978,44.48684],[21.63866,44.48706],[21.63718,44.48764],[21.63642,44.48813],[21.6327,44.49107]]}},{"type":"Feature","properties":{"kind":"rail"},"geometry":{"type":"LineString","coordinates":[[21.64349,44.48626],[21.63978,44.48684]]}},{"type":"Feature","properties":{"kind":"rail"},"geometry":{"type":"LineString","coordinates":[[21.65096,44.48322],[21.65095,44.48339],[21.65066,44.48403],[21.65006,44.48473],[21.64969,44.48499],[21.64889,44.48537],[21.64761,44.48564]]}},{"type":"Feature","properties":{"kind":"rail"},"geometry":{"type":"LineString","coordinates":[[21.65346,44.47914],[21.65298,44.47928],[21.65211,44.47972],[21.65144,44.48033],[21.65122,44.48066],[21.65096,44.48142],[21.65096,44.48322]]}},{"type":"Feature","properties":{"kind":"rail"},"geometry":{"type":"LineString","coordinates":[[21.67125,44.47466],[21.66609,44.47762]]}},{"type":"Feature","properties":{"kind":"rail"},"geometry":{"type":"LineString","coordinates":[[21.82404,44.48113],[21.82368,44.48148],[21.81914,44.48686]]}},{"type":"Feature","properties":{"kind":"rail"},"geometry":{"type":"LineString","coordinates":[[21.8599,44.44807],[21.86001,44.44851],[21.86002,44.44891],[21.85994,44.44932],[21.85976,44.44972],[21.85857,44.45163],[21.8573,44.45309],[21.85601,44.45437],[21.85572,44.45478],[21.85504,44.45689],[21.85474,44.45736],[21.8544,44.45769]]}},{"type":"Feature","properties":{"kind":"rail"},"geometry":{"type":"LineString","coordinates":[[21.8544,44.45769],[21.85346,44.45826],[21.85244,44.45858],[21.8513,44.45864],[21.84933,44.45846]]}},{"type":"Feature","properties":{"kind":"rail"},"geometry":{"type":"LineString","coordinates":[[21.857,44.44506],[21.85737,44.44562],[21.8578,44.44606]]}},{"type":"Feature","properties":{"kind":"rail"},"geometry":{"type":"LineString","coordinates":[[21.88606,44.38534],[21.88553,44.38614],[21.88542,44.38641],[21.88532,44.38705],[21.88536,44.38732],[21.88551,44.38781],[21.88735,44.39147]]}},{"type":"Feature","properties":{"kind":"rail"},"geometry":{"type":"LineString","coordinates":[[21.89446,44.37964],[21.89043,44.38123],[21.88926,44.3819]]}},{"type":"Feature","properties":{"kind":"rail"},"geometry":{"type":"LineString","coordinates":[[21.89868,44.37452],[21.89822,44.3759],[21.89769,44.37676],[21.89647,44.37841],[21.89571,44.37908],[21.89534,44.3793],[21.89446,44.37964]]}},{"type":"Feature","properties":{"kind":"rail"},"geometry":{"type":"LineString","coordinates":[[21.90094,44.372],[21.90051,44.37226],[21.89961,44.373],[21.89902,44.37378],[21.89868,44.37452]]}},{"type":"Feature","properties":{"kind":"rail"},"geometry":{"type":"LineString","coordinates":[[21.9105,44.36108],[21.91081,44.36041],[21.91096,44.35973]]}},{"type":"Feature","properties":{"kind":"rail"},"geometry":{"type":"LineString","coordinates":[[21.94253,44.31499],[21.94348,44.3122],[21.94389,44.3113]]}},{"type":"Feature","properties":{"kind":"rail"},"geometry":{"type":"LineString","coordinates":[[21.94401,44.31112],[21.94458,44.31044]]}},{"type":"Feature","properties":{"kind":"rail"},"geometry":{"type":"LineString","coordinates":[[21.9916,44.26403],[21.99223,44.26346],[21.99258,44.26325]]}},{"type":"Feature","properties":{"kind":"rail"},"geometry":{"type":"LineString","coordinates":[[22.00002,44.26118],[22.00053,44.26049]]}},{"type":"Feature","properties":{"kind":"rail"},"geometry":{"type":"LineString","coordinates":[[22.06005,44.12061],[22.06197,44.1199],[22.06342,44.11917],[22.06771,44.11601]]}},{"type":"Feature","properties":{"kind":"rail"},"geometry":{"type":"LineString","coordinates":[[22.06771,44.11601],[22.06891,44.1151],[22.06961,44.11433]]}},{"type":"Feature","properties":{"kind":"rail"},"geometry":{"type":"LineString","coordinates":[[22.10127,44.07466],[22.10144,44.07453]]}},{"type":"Feature","properties":{"kind":"rail"},"geometry":{"type":"LineString","coordinates":[[22.10523,44.06852],[22.10524,44.06835]]}},{"type":"Feature","properties":{"kind":"rail"},"geometry":{"type":"LineString","coordinates":[[22.11771,44.06468],[22.11901,44.06512],[22.1199,44.06534],[22.12066,44.06539],[22.1215,44.06526],[22.12226,44.06498],[22.12301,44.06445],[22.12334,44.06405],[22.12375,44.06306]]}},{"type":"Feature","properties":{"kind":"rail"},"geometry":{"type":"LineString","coordinates":[[22.12375,44.06306],[22.12432,44.06134],[22.12464,44.0607],[22.1252,44.05992],[22.12577,44.05934],[22.12677,44.05854],[22.12876,44.05732]]}},{"type":"Feature","properties":{"kind":"rail"},"geometry":{"type":"LineString","coordinates":[[22.15408,44.04915],[22.15765,44.04746],[22.16021,44.04686],[22.1624,44.04579],[22.16306,44.0456],[22.16487,44.04547],[22.16582,44.04533],[22.16634,44.04517],[22.16772,44.04449],[22.16853,44.04419],[22.16928,44.04403],[22.17204,44.04374],[22.17285,44.04345],[22.17344,44.04312],[22.17396,44.04268],[22.17438,44.04207],[22.1758,44.03919],[22.17619,44.03875],[22.17746,44.03779],[22.17782,44.0374],[22.17805,44.03698],[22.17828,44.03634],[22.17865,44.03568],[22.17933,44.03504],[22.18009,44.03464],[22.18341,44.03358],[22.18584,44.03305],[22.18711,44.03271],[22.19048,44.03154],[22.19123,44.03134],[22.19213,44.03117],[22.19474,44.03104],[22.19592,44.0309],[22.1969,44.03065],[22.19812,44.0302],[22.19974,44.02974],[22.20038,44.02968],[22.20097,44.02971],[22.20186,44.02994]]}},{"type":"Feature","properties":{"kind":"rail"},"geometry":{"type":"LineString","coordinates":[[22.14746,44.05213],[22.15408,44.04915]]}},{"type":"Feature","properties":{"kind":"rail"},"geometry":{"type":"LineString","coordinates":[[22.20898,44.03799],[22.20951,44.03777],[22.21002,44.03743],[22.21143,44.03613]]}},{"type":"Feature","properties":{"kind":"rail"},"geometry":{"type":"LineString","coordinates":[[22.21143,44.03613],[22.2139,44.03381],[22.21692,44.03133]]}},{"type":"Feature","properties":{"kind":"rail"},"geometry":{"type":"LineString","coordinates":[[22.27269,44.01047],[22.27671,44.00913],[22.27743,44.00874],[22.27845,44.00802]]}},{"type":"Feature","properties":{"kind":"rail"},"geometry":{"type":"LineString","coordinates":[[22.28505,44.00339],[22.28579,44.00288]]}},{"type":"Feature","properties":{"kind":"rail"},"geometry":{"type":"LineString","coordinates":[[22.30467,43.97713],[22.3057,43.97691],[22.30676,43.97645],[22.31558,43.97112],[22.31632,43.97046],[22.31687,43.96954]]}},{"type":"Feature","properties":{"kind":"rail"},"geometry":{"type":"LineString","coordinates":[[22.31687,43.96954],[22.31657,43.97025],[22.31613,43.97078],[22.31551,43.97123],[22.31298,43.9728],[22.31236,43.97341],[22.31215,43.97381],[22.31206,43.97414],[22.31208,43.97473],[22.31229,43.97527],[22.31275,43.97588]]}},{"type":"Feature","properties":{"kind":"rail"},"geometry":{"type":"LineString","coordinates":[[22.3264,43.95621],[22.32697,43.95701],[22.32722,43.95762],[22.32732,43.95841],[22.3273,43.96035],[22.32706,43.96117],[22.32669,43.96184],[22.32623,43.96238],[22.32528,43.96316]]}},{"type":"Feature","properties":{"kind":"rail"},"geometry":{"type":"LineString","coordinates":[[21.43744,43.72657],[21.43809,43.72403],[21.43829,43.72266],[21.43823,43.7213],[21.43762,43.71807]]}},{"type":"Feature","properties":{"kind":"rail"},"geometry":{"type":"LineString","coordinates":[[21.43726,43.71631],[21.43724,43.71623]]}},{"type":"Feature","properties":{"kind":"rail"},"geometry":{"type":"LineString","coordinates":[[21.43751,43.72658],[21.4381,43.72427],[21.43834,43.72274],[21.43828,43.72123],[21.43767,43.71806]]}},{"type":"Feature","properties":{"kind":"rail"},"geometry":{"type":"LineString","coordinates":[[21.43732,43.71631],[21.4373,43.71623]]}},{"type":"Feature","properties":{"kind":"rail"},"geometry":{"type":"LineString","coordinates":[[21.48671,43.61646],[21.48607,43.61556],[21.48553,43.6145],[21.48535,43.61363],[21.48529,43.61293],[21.48534,43.61243],[21.48602,43.60952]]}},{"type":"Feature","properties":{"kind":"rail"},"geometry":{"type":"LineString","coordinates":[[21.48609,43.60923],[21.48612,43.60913]]}},{"type":"Feature","properties":{"kind":"rail"},"geometry":{"type":"LineString","coordinates":[[21.33855,44.67373],[21.33858,44.67369]]}},{"type":"Feature","properties":{"kind":"rail"},"geometry":{"type":"LineString","coordinates":[[21.33879,44.67702],[21.33831,44.67611],[21.33819,44.67554],[21.33821,44.67459],[21.33832,44.67412],[21.33855,44.67373]]}},{"type":"Feature","properties":{"kind":"rail"},"geometry":{"type":"LineString","coordinates":[[21.34318,44.67089],[21.34324,44.67086]]}},{"type":"Feature","properties":{"kind":"rail"},"geometry":{"type":"LineString","coordinates":[[21.33858,44.67369],[21.33926,44.67288],[21.34024,44.67224],[21.34207,44.67147],[21.34318,44.67089]]}},{"type":"Feature","properties":{"kind":"rail"},"geometry":{"type":"LineString","coordinates":[[19.54346,44.99596],[19.54359,44.99592]]}},{"type":"Feature","properties":{"kind":"rail"},"geometry":{"type":"LineString","coordinates":[[19.47395,45.01908],[19.48227,45.01623],[19.52127,45.00341],[19.54346,44.99596]]}},{"type":"Feature","properties":{"kind":"rail"},"geometry":{"type":"LineString","coordinates":[[19.54349,44.99601],[19.53034,45.00037],[19.52136,45.00345],[19.48225,45.01632],[19.47509,45.01876],[19.45325,45.02592],[19.445,45.02873],[19.42919,45.03387],[19.36265,45.05583],[19.35078,45.05968],[19.33723,45.06419]]}},{"type":"Feature","properties":{"kind":"rail"},"geometry":{"type":"LineString","coordinates":[[19.54362,44.99596],[19.54349,44.99601]]}},{"type":"Feature","properties":{"kind":"rail"},"geometry":{"type":"LineString","coordinates":[[19.6797,46.09337],[19.68067,46.09298],[19.6813,46.09282],[19.68236,46.09275]]}},{"type":"Feature","properties":{"kind":"rail"},"geometry":{"type":"LineString","coordinates":[[21.08112,44.38015],[21.07531,44.36435]]}},{"type":"Feature","properties":{"kind":"rail"},"geometry":{"type":"LineString","coordinates":[[21.08114,44.3802],[21.08112,44.38015]]}},{"type":"Feature","properties":{"kind":"rail"},"geometry":{"type":"LineString","coordinates":[[19.70206,43.30826],[19.70197,43.30829]]}},{"type":"Feature","properties":{"kind":"rail"},"geometry":{"type":"LineString","coordinates":[[19.70327,43.30754],[19.70271,43.30793],[19.70206,43.30826]]}},{"type":"Feature","properties":{"kind":"rail"},"geometry":{"type":"LineString","coordinates":[[21.14219,43.57848],[21.12944,43.58113],[21.12294,43.5824],[21.08991,43.58717],[21.08772,43.58775],[21.08029,43.59042]]}},{"type":"Feature","properties":{"kind":"rail"},"geometry":{"type":"LineString","coordinates":[[21.14247,43.57843],[21.14219,43.57848]]}},{"type":"Feature","properties":{"kind":"rail"},"geometry":{"type":"LineString","coordinates":[[20.43789,43.84876],[20.41037,43.86186],[20.36516,43.87726],[20.36396,43.8779],[20.36331,43.87841],[20.36289,43.87884],[20.36249,43.87939],[20.36136,43.88133]]}},{"type":"Feature","properties":{"kind":"rail"},"geometry":{"type":"LineString","coordinates":[[20.48186,43.81976],[20.4818,43.81983]]}},{"type":"Feature","properties":{"kind":"rail"},"geometry":{"type":"LineString","coordinates":[[22.11655,43.33116],[22.1165,43.33109]]}},{"type":"Feature","properties":{"kind":"rail"},"geometry":{"type":"LineString","coordinates":[[19.93764,46.14875],[19.93772,46.14877]]}},{"type":"Feature","properties":{"kind":"rail"},"geometry":{"type":"LineString","coordinates":[[22.06023,42.70821],[22.06279,42.7109],[22.06448,42.71245],[22.06483,42.71288],[22.06505,42.7133],[22.06542,42.71432],[22.06553,42.71512],[22.06552,42.7155],[22.06525,42.71656],[22.06493,42.71718],[22.06466,42.71755]]}},{"type":"Feature","properties":{"kind":"rail"},"geometry":{"type":"LineString","coordinates":[[22.06017,42.70814],[22.06023,42.70821]]}},{"type":"Feature","properties":{"kind":"rail"},"geometry":{"type":"LineString","coordinates":[[20.45711,44.79199],[20.45717,44.79196]]}},{"type":"Feature","properties":{"kind":"rail"},"geometry":{"type":"LineString","coordinates":[[20.68605,43.23588],[20.68428,43.2364]]}},{"type":"Feature","properties":{"kind":"rail"},"geometry":{"type":"LineString","coordinates":[[20.63995,43.33043],[20.64084,43.33164],[20.64108,43.33234]]}},{"type":"Feature","properties":{"kind":"rail"},"geometry":{"type":"LineString","coordinates":[[20.64108,43.33234],[20.64119,43.33299],[20.6412,43.33363],[20.64117,43.3346],[20.6411,43.33478]]}},{"type":"Feature","properties":{"kind":"rail"},"geometry":{"type":"LineString","coordinates":[[20.64302,43.35251],[20.64282,43.35215],[20.64268,43.35168],[20.64266,43.35139],[20.64271,43.35078],[20.64299,43.35016],[20.64338,43.34968],[20.64381,43.34932],[20.64491,43.34866],[20.64528,43.34837],[20.64585,43.34772]]}},{"type":"Feature","properties":{"kind":"rail"},"geometry":{"type":"LineString","coordinates":[[20.64796,43.36013],[20.64738,43.35948],[20.64302,43.35251]]}},{"type":"Feature","properties":{"kind":"rail"},"geometry":{"type":"LineString","coordinates":[[20.65695,43.40814],[20.65665,43.4077],[20.65631,43.40673]]}},{"type":"Feature","properties":{"kind":"rail"},"geometry":{"type":"LineString","coordinates":[[20.66405,43.41543],[20.66371,43.41468],[20.66338,43.41433],[20.66286,43.41392]]}},{"type":"Feature","properties":{"kind":"rail"},"geometry":{"type":"LineString","coordinates":[[20.66538,43.44208],[20.66512,43.44167],[20.66485,43.44088],[20.66479,43.4405],[20.66478,43.44013],[20.66506,43.43826],[20.66492,43.43761],[20.66459,43.43699],[20.66429,43.43664],[20.66362,43.43617],[20.66134,43.43523],[20.66078,43.43481],[20.66039,43.43441]]}},{"type":"Feature","properties":{"kind":"rail"},"geometry":{"type":"LineString","coordinates":[[20.6655,43.4423],[20.66538,43.44208]]}},{"type":"Feature","properties":{"kind":"rail"},"geometry":{"type":"LineString","coordinates":[[20.61445,43.51172],[20.61373,43.51009],[20.61363,43.5097],[20.61359,43.5093],[20.61371,43.50831]]}},{"type":"Feature","properties":{"kind":"rail"},"geometry":{"type":"LineString","coordinates":[[20.55569,43.65124],[20.55467,43.65032],[20.55427,43.64968],[20.55413,43.64925]]}},{"type":"Feature","properties":{"kind":"rail"},"geometry":{"type":"LineString","coordinates":[[20.59447,43.69672],[20.58587,43.69636],[20.58391,43.6962],[20.58229,43.69588],[20.58139,43.69563],[20.57971,43.695],[20.57887,43.69458]]}},{"type":"Feature","properties":{"kind":"rail"},"geometry":{"type":"LineString","coordinates":[[20.60467,43.69713],[20.59447,43.69672]]}},{"type":"Feature","properties":{"kind":"rail"},"geometry":{"type":"LineString","coordinates":[[20.69044,43.7291],[20.68971,43.72924],[20.68887,43.7295],[20.68679,43.73068],[20.68571,43.73103],[20.68463,43.73107],[20.684,43.73098],[20.68326,43.73071],[20.6824,43.73029]]}},{"type":"Feature","properties":{"kind":"rail"},"geometry":{"type":"LineString","coordinates":[[19.50995,43.70001],[19.51038,43.70027]]}},{"type":"Feature","properties":{"kind":"rail"},"geometry":{"type":"LineString","coordinates":[[19.50975,43.69987],[19.50995,43.70001]]}},{"type":"Feature","properties":{"kind":"rail"},"geometry":{"type":"LineString","coordinates":[[21.41224,43.67184],[21.41225,43.67179]]}},{"type":"Feature","properties":{"kind":"rail"},"geometry":{"type":"LineString","coordinates":[[20.48244,44.71515],[20.4829,44.71507],[20.48374,44.7148]]}},{"type":"Feature","properties":{"kind":"rail"},"geometry":{"type":"LineString","coordinates":[[21.25742,43.58662],[21.25725,43.5866]]}},{"type":"Feature","properties":{"kind":"rail"},"geometry":{"type":"LineString","coordinates":[[21.25833,43.58673],[21.25742,43.58662]]}},{"type":"Feature","properties":{"kind":"rail"},"geometry":{"type":"LineString","coordinates":[[21.25875,43.58678],[21.25833,43.58673]]}},{"type":"Feature","properties":{"kind":"rail"},"geometry":{"type":"LineString","coordinates":[[21.26036,43.58699],[21.25875,43.58678]]}},{"type":"Feature","properties":{"kind":"rail"},"geometry":{"type":"LineString","coordinates":[[21.26049,43.58702],[21.26036,43.58699]]}},{"type":"Feature","properties":{"kind":"rail"},"geometry":{"type":"LineString","coordinates":[[19.54233,43.82999],[19.54472,43.83017],[19.54545,43.83028]]}},{"type":"Feature","properties":{"kind":"rail"},"geometry":{"type":"LineString","coordinates":[[20.68229,43.73876],[20.68143,43.73901],[20.68065,43.73915],[20.67571,43.73977],[20.67395,43.74017],[20.67164,43.74108],[20.66996,43.74201]]}},{"type":"Feature","properties":{"kind":"rail"},"geometry":{"type":"LineString","coordinates":[[20.66996,43.74201],[20.66989,43.74204]]}},{"type":"Feature","properties":{"kind":"rail"},"geometry":{"type":"LineString","coordinates":[[20.79108,43.78898],[20.79145,43.78756],[20.79186,43.78686],[20.79547,43.78331]]}},{"type":"Feature","properties":{"kind":"rail"},"geometry":{"type":"LineString","coordinates":[[20.79547,43.78331],[20.79554,43.78325]]}},{"type":"Feature","properties":{"kind":"rail"},"geometry":{"type":"LineString","coordinates":[[22.5753,43.1824],[22.57522,43.18246]]}},{"type":"Feature","properties":{"kind":"rail"},"geometry":{"type":"LineString","coordinates":[[22.55293,43.21319],[22.55204,43.21344],[22.55105,43.21359],[22.54804,43.21364],[22.54681,43.21389],[22.54637,43.21404],[22.54554,43.21446],[22.54357,43.21601],[22.5427,43.21637],[22.54173,43.21658]]}},{"type":"Feature","properties":{"kind":"rail"},"geometry":{"type":"LineString","coordinates":[[22.55304,43.21316],[22.55293,43.21319]]}},{"type":"Feature","properties":{"kind":"rail"},"geometry":{"type":"LineString","coordinates":[[20.07009,44.64153],[20.03717,44.64834],[20.03472,44.64877],[20.03296,44.64896],[20.03184,44.64901],[20.0301,44.64899],[20.02838,44.64886],[20.02586,44.64846],[20.02208,44.64751],[20.02095,44.64728],[20.01976,44.64715],[20.01824,44.64714],[20.017,44.64724],[20.0148,44.64771],[20.01261,44.64852],[20.01122,44.64933]]}},{"type":"Feature","properties":{"kind":"rail"},"geometry":{"type":"LineString","coordinates":[[20.0704,44.64147],[20.07009,44.64153]]}},{"type":"Feature","properties":{"kind":"rail"},"geometry":{"type":"LineString","coordinates":[[20.86951,44.3676],[20.86521,44.36827],[20.86413,44.36849],[20.86185,44.36922],[20.84716,44.37663],[20.8452,44.37731],[20.84319,44.37773],[20.84099,44.3779],[20.83977,44.37787],[20.83838,44.37775],[20.82352,44.37497]]}},{"type":"Feature","properties":{"kind":"rail"},"geometry":{"type":"LineString","coordinates":[[20.86978,44.36756],[20.86951,44.3676]]}},{"type":"Feature","properties":{"kind":"rail"},"geometry":{"type":"LineString","coordinates":[[21.83184,43.32418],[21.83204,43.32452]]}},{"type":"Feature","properties":{"kind":"rail"},"geometry":{"type":"LineString","coordinates":[[21.83655,43.32083],[21.83571,43.32079]]}},{"type":"Feature","properties":{"kind":"rail"},"geometry":{"type":"LineString","coordinates":[[21.83402,43.32783],[21.83428,43.32846]]}},{"type":"Feature","properties":{"kind":"rail"},"geometry":{"type":"LineString","coordinates":[[21.83822,43.33894],[21.83821,43.33939],[21.83808,43.33986],[21.83756,43.34072],[21.83701,43.34138],[21.83604,43.34219],[21.82427,43.35049],[21.82357,43.35105],[21.8225,43.35203],[21.82196,43.35265],[21.82156,43.35323],[21.82057,43.35494]]}},{"type":"Feature","properties":{"kind":"rail"},"geometry":{"type":"LineString","coordinates":[[21.76936,43.39523],[21.76815,43.3955],[21.76705,43.39588],[21.76539,43.39677],[21.76437,43.39762]]}},{"type":"Feature","properties":{"kind":"rail"},"geometry":{"type":"LineString","coordinates":[[21.7465,43.42674],[21.74572,43.42922],[21.74487,43.43075],[21.74395,43.4321],[21.74044,43.4363],[21.73941,43.43804],[21.73888,43.43916]]}},{"type":"Feature","properties":{"kind":"rail"},"geometry":{"type":"LineString","coordinates":[[21.74876,43.41938],[21.74655,43.42674]]}},{"type":"Feature","properties":{"kind":"rail"},"geometry":{"type":"LineString","coordinates":[[21.74871,43.41937],[21.7465,43.42674]]}},{"type":"Feature","properties":{"kind":"rail"},"geometry":{"type":"LineString","coordinates":[[21.69914,43.50323],[21.6963,43.50577],[21.69111,43.51008]]}},{"type":"Feature","properties":{"kind":"rail"},"geometry":{"type":"LineString","coordinates":[[21.69919,43.50326],[21.69604,43.50605],[21.69115,43.51012]]}},{"type":"Feature","properties":{"kind":"rail"},"geometry":{"type":"LineString","coordinates":[[21.69103,43.51014],[21.69012,43.5109]]}},{"type":"Feature","properties":{"kind":"rail"},"geometry":{"type":"LineString","coordinates":[[21.69107,43.51018],[21.69017,43.51093]]}},{"type":"Feature","properties":{"kind":"rail"},"geometry":{"type":"LineString","coordinates":[[21.64655,43.52458],[21.65703,43.51992]]}},{"type":"Feature","properties":{"kind":"rail"},"geometry":{"type":"LineString","coordinates":[[21.65705,43.51997],[21.64658,43.52461]]}},{"type":"Feature","properties":{"kind":"rail"},"geometry":{"type":"LineString","coordinates":[[21.61792,43.54819],[21.60997,43.55474]]}},{"type":"Feature","properties":{"kind":"rail"},"geometry":{"type":"LineString","coordinates":[[21.60993,43.55472],[21.61788,43.54816]]}},{"type":"Feature","properties":{"kind":"rail"},"geometry":{"type":"LineString","coordinates":[[21.51964,43.60669],[21.50727,43.60328]]}},{"type":"Feature","properties":{"kind":"rail"},"geometry":{"type":"LineString","coordinates":[[21.48602,43.60952],[21.48609,43.60923]]}},{"type":"Feature","properties":{"kind":"rail"},"geometry":{"type":"LineString","coordinates":[[21.48844,43.62211],[21.48876,43.62158],[21.48898,43.62099],[21.48902,43.62049],[21.48893,43.6199],[21.48851,43.61901],[21.48671,43.61646]]}},{"type":"Feature","properties":{"kind":"rail"},"geometry":{"type":"LineString","coordinates":[[21.48262,43.65933],[21.48384,43.65576],[21.48459,43.65314],[21.48541,43.65147]]}},{"type":"Feature","properties":{"kind":"rail"},"geometry":{"type":"LineString","coordinates":[[21.48208,43.66058],[21.48262,43.65933]]}},{"type":"Feature","properties":{"kind":"rail"},"geometry":{"type":"LineString","coordinates":[[21.46585,43.65782],[21.46632,43.65847],[21.46674,43.65885],[21.46863,43.65997],[21.47121,43.66266],[21.4719,43.66315],[21.4727,43.66353]]}},{"type":"Feature","properties":{"kind":"rail"},"geometry":{"type":"LineString","coordinates":[[21.44412,43.6506],[21.44544,43.65127],[21.44655,43.65172],[21.4477,43.65193],[21.44888,43.65192],[21.44976,43.65175],[21.45104,43.65139],[21.45192,43.65102],[21.45263,43.65047],[21.4533,43.6496]]}},{"type":"Feature","properties":{"kind":"rail"},"geometry":{"type":"LineString","coordinates":[[21.44341,43.65027],[21.44412,43.6506]]}},{"type":"Feature","properties":{"kind":"rail"},"geometry":{"type":"LineString","coordinates":[[21.43334,43.65288],[21.43497,43.65238],[21.43724,43.65153],[21.43815,43.6511],[21.4395,43.6503],[21.44059,43.64997]]}},{"type":"Feature","properties":{"kind":"rail"},"geometry":{"type":"LineString","coordinates":[[21.43767,43.71806],[21.43732,43.71631]]}},{"type":"Feature","properties":{"kind":"rail"},"geometry":{"type":"LineString","coordinates":[[21.43762,43.71807],[21.43726,43.71631]]}},{"type":"Feature","properties":{"kind":"rail"},"geometry":{"type":"LineString","coordinates":[[21.41656,43.82509],[21.42046,43.80112],[21.4211,43.79772],[21.42185,43.79304]]}},{"type":"Feature","properties":{"kind":"rail"},"geometry":{"type":"LineString","coordinates":[[21.41649,43.82508],[21.42057,43.80006],[21.42104,43.79772],[21.42179,43.79306]]}},{"type":"Feature","properties":{"kind":"rail"},"geometry":{"type":"LineString","coordinates":[[21.41516,43.83377],[21.4158,43.82978]]}},{"type":"Feature","properties":{"kind":"rail"},"geometry":{"type":"LineString","coordinates":[[21.38335,43.88574],[21.38834,43.87906],[21.39326,43.87234]]}},{"type":"Feature","properties":{"kind":"rail"},"geometry":{"type":"LineString","coordinates":[[21.37192,43.90118],[21.37483,43.89728]]}},{"type":"Feature","properties":{"kind":"rail"},"geometry":{"type":"LineString","coordinates":[[21.37186,43.90116],[21.37476,43.89727]]}},{"type":"Feature","properties":{"kind":"rail"},"geometry":{"type":"LineString","coordinates":[[21.2825,43.97237],[21.28633,43.9704]]}},{"type":"Feature","properties":{"kind":"rail"},"geometry":{"type":"LineString","coordinates":[[21.28247,43.97235],[21.2863,43.97037]]}},{"type":"Feature","properties":{"kind":"rail"},"geometry":{"type":"LineString","coordinates":[[21.24905,43.98953],[21.25243,43.98777],[21.25577,43.98619],[21.25786,43.98512]]}},{"type":"Feature","properties":{"kind":"rail"},"geometry":{"type":"LineString","coordinates":[[21.24157,43.99354],[21.24404,43.99219]]}},{"type":"Feature","properties":{"kind":"rail"},"geometry":{"type":"LineString","coordinates":[[21.24153,43.99349],[21.24262,43.99284],[21.24396,43.99215]]}},{"type":"Feature","properties":{"kind":"rail"},"geometry":{"type":"LineString","coordinates":[[21.22738,44.01732],[21.22764,44.01679]]}},{"type":"Feature","properties":{"kind":"rail"},"geometry":{"type":"LineString","coordinates":[[21.2273,44.0173],[21.22759,44.01674]]}},{"type":"Feature","properties":{"kind":"rail"},"geometry":{"type":"LineString","coordinates":[[21.23064,44.05331],[21.23184,44.05272],[21.23332,44.05179],[21.23449,44.05074],[21.23537,44.04953],[21.23568,44.04891],[21.23588,44.04831],[21.23609,44.04721],[21.23609,44.044]]}},{"type":"Feature","properties":{"kind":"rail"},"geometry":{"type":"LineString","coordinates":[[21.23061,44.05327],[21.23185,44.05266],[21.23327,44.05176],[21.23391,44.05123],[21.23453,44.0506],[21.23498,44.05004],[21.23534,44.04946],[21.23566,44.04877],[21.2359,44.04801],[21.23603,44.04731],[21.23603,44.04401]]}},{"type":"Feature","properties":{"kind":"rail"},"geometry":{"type":"LineString","coordinates":[[21.22538,44.05502],[21.22901,44.05391],[21.23042,44.0534]]}},{"type":"Feature","properties":{"kind":"rail"},"geometry":{"type":"LineString","coordinates":[[21.22537,44.05499],[21.22891,44.05389],[21.23039,44.05337]]}},{"type":"Feature","properties":{"kind":"rail"},"geometry":{"type":"LineString","coordinates":[[21.21028,44.06068],[21.22538,44.05502]]}},{"type":"Feature","properties":{"kind":"rail"},"geometry":{"type":"LineString","coordinates":[[21.21023,44.06065],[21.22537,44.05499]]}},{"type":"Feature","properties":{"kind":"rail"},"geometry":{"type":"LineString","coordinates":[[21.18582,44.07999],[21.18725,44.07908],[21.18851,44.07791],[21.19209,44.07298],[21.19575,44.06913]]}},{"type":"Feature","properties":{"kind":"rail"},"geometry":{"type":"LineString","coordinates":[[21.18578,44.07995],[21.18724,44.07901],[21.1883,44.07808],[21.18934,44.07675],[21.1918,44.07326],[21.1924,44.07255],[21.19571,44.06912]]}},{"type":"Feature","properties":{"kind":"rail"},"geometry":{"type":"LineString","coordinates":[[21.14879,44.11388],[21.14043,44.11872]]}},{"type":"Feature","properties":{"kind":"rail"},"geometry":{"type":"LineString","coordinates":[[21.1404,44.11869],[21.14876,44.11386]]}},{"type":"Feature","properties":{"kind":"rail"},"geometry":{"type":"LineString","coordinates":[[21.10187,44.18868],[21.10262,44.18651]]}},{"type":"Feature","properties":{"kind":"rail"},"geometry":{"type":"LineString","coordinates":[[21.10182,44.18868],[21.10256,44.18649]]}},{"type":"Feature","properties":{"kind":"rail"},"geometry":{"type":"LineString","coordinates":[[21.09602,44.23302],[21.0952,44.22261]]}},{"type":"Feature","properties":{"kind":"rail"},"geometry":{"type":"LineString","coordinates":[[21.09598,44.23303],[21.09511,44.22262]]}},{"type":"Feature","properties":{"kind":"rail"},"geometry":{"type":"LineString","coordinates":[[21.09675,44.24268],[21.09643,44.23912],[21.09602,44.23302]]}},{"type":"Feature","properties":{"kind":"rail"},"geometry":{"type":"LineString","coordinates":[[21.09669,44.24267],[21.09637,44.23911],[21.09598,44.23303]]}},{"type":"Feature","properties":{"kind":"rail"},"geometry":{"type":"LineString","coordinates":[[21.08263,44.32517],[21.08117,44.32911]]}},{"type":"Feature","properties":{"kind":"rail"},"geometry":{"type":"LineString","coordinates":[[21.08486,44.31896],[21.08514,44.31815],[21.08533,44.3172],[21.08535,44.31581],[21.08526,44.31521],[21.08483,44.31388],[21.08326,44.31029],[21.08297,44.30919],[21.08289,44.30804],[21.08297,44.30712],[21.08308,44.30663],[21.08353,44.30528],[21.0851,44.30253],[21.0859,44.30096]]}},{"type":"Feature","properties":{"kind":"rail"},"geometry":{"type":"LineString","coordinates":[[21.07793,44.33679],[21.07887,44.33578],[21.07947,44.33477],[21.07985,44.33358],[21.08019,44.33188],[21.08052,44.33072]]}},{"type":"Feature","properties":{"kind":"rail"},"geometry":{"type":"LineString","coordinates":[[20.9674,44.3606],[20.95464,44.36436],[20.95324,44.36468],[20.95172,44.36476]]}},{"type":"Feature","properties":{"kind":"rail"},"geometry":{"type":"LineString","coordinates":[[20.95139,44.36474],[20.95032,44.36459],[20.94867,44.36409]]}},{"type":"Feature","properties":{"kind":"rail"},"geometry":{"type":"LineString","coordinates":[[20.66368,44.47514],[20.66368,44.47458]]}},{"type":"Feature","properties":{"kind":"rail"},"geometry":{"type":"LineString","coordinates":[[20.66358,44.47584],[20.66367,44.47525]]}},{"type":"Feature","properties":{"kind":"rail"},"geometry":{"type":"LineString","coordinates":[[20.45016,44.70253],[20.45061,44.70192]]}},{"type":"Feature","properties":{"kind":"rail"},"geometry":{"type":"LineString","coordinates":[[21.76938,43.39513],[21.76805,43.39547],[21.76675,43.39595],[21.76536,43.3967],[21.76429,43.39759]]}},{"type":"Feature","properties":{"kind":"rail"},"geometry":{"type":"LineString","coordinates":[[20.49301,44.67194],[20.49366,44.67107],[20.49435,44.66925],[20.49457,44.6689],[20.49521,44.66813],[20.49599,44.66746],[20.4969,44.66695],[20.49792,44.66651],[20.50303,44.66445]]}},{"type":"Feature","properties":{"kind":"rail"},"geometry":{"type":"LineString","coordinates":[[20.49295,44.67201],[20.49301,44.67194]]}},{"type":"Feature","properties":{"kind":"rail"},"geometry":{"type":"LineString","coordinates":[[19.87704,44.14125],[19.87705,44.1404],[19.87734,44.13929]]}},{"type":"Feature","properties":{"kind":"rail"},"geometry":{"type":"LineString","coordinates":[[19.87734,44.13929],[19.87762,44.13842]]}},{"type":"Feature","properties":{"kind":"rail"},"geometry":{"type":"LineString","coordinates":[[19.87762,44.13842],[19.87764,44.13769],[19.87756,44.13731],[19.87727,44.13671]]}},{"type":"Feature","properties":{"kind":"rail"},"geometry":{"type":"LineString","coordinates":[[19.8771,44.13652],[19.8766,44.1361]]}},{"type":"Feature","properties":{"kind":"rail"},"geometry":{"type":"LineString","coordinates":[[19.96816,43.96143],[19.96905,43.96084]]}},{"type":"Feature","properties":{"kind":"rail"},"geometry":{"type":"LineString","coordinates":[[19.96973,43.96045],[19.97053,43.96009]]}},{"type":"Feature","properties":{"kind":"rail"},"geometry":{"type":"LineString","coordinates":[[20.01457,43.80892],[20.01218,43.80856],[20.01097,43.80844],[20.0097,43.80847],[20.00831,43.80873]]}},{"type":"Feature","properties":{"kind":"rail"},"geometry":{"type":"LineString","coordinates":[[20.01473,43.80893],[20.01457,43.80892]]}},{"type":"Feature","properties":{"kind":"rail"},"geometry":{"type":"LineString","coordinates":[[20.64693,44.88678],[20.64642,44.88684]]}},{"type":"Feature","properties":{"kind":"rail"},"geometry":{"type":"LineString","coordinates":[[19.37338,44.69444],[19.38104,44.69897]]}},{"type":"Feature","properties":{"kind":"rail"},"geometry":{"type":"LineString","coordinates":[[19.21236,44.53418],[19.20739,44.53239]]}},{"type":"Feature","properties":{"kind":"rail"},"geometry":{"type":"LineString","coordinates":[[20.765,43.72459],[20.76298,43.7255]]}},{"type":"Feature","properties":{"kind":"rail"},"geometry":{"type":"LineString","coordinates":[[20.76512,43.72453],[20.765,43.72459]]}},{"type":"Feature","properties":{"kind":"rail"},"geometry":{"type":"LineString","coordinates":[[20.75813,43.72714],[20.75484,43.72801]]}},{"type":"Feature","properties":{"kind":"rail"},"geometry":{"type":"LineString","coordinates":[[20.75484,43.72801],[20.75479,43.72803]]}},{"type":"Feature","properties":{"kind":"rail"},"geometry":{"type":"LineString","coordinates":[[19.83237,44.98938],[19.82697,44.98933]]}},{"type":"Feature","properties":{"kind":"rail"},"geometry":{"type":"LineString","coordinates":[[19.99748,43.89731],[19.99646,43.89546],[19.99603,43.89453],[19.99588,43.89393],[19.99586,43.89343],[19.99599,43.89257],[19.99639,43.89165],[19.99766,43.89004]]}},{"type":"Feature","properties":{"kind":"rail"},"geometry":{"type":"LineString","coordinates":[[19.99753,43.89739],[19.99748,43.89731]]}},{"type":"Feature","properties":{"kind":"rail"},"geometry":{"type":"LineString","coordinates":[[20.0755,43.85213],[20.07435,43.85123],[20.07002,43.84871]]}},{"type":"Feature","properties":{"kind":"rail"},"geometry":{"type":"LineString","coordinates":[[20.07561,43.85222],[20.0755,43.85213]]}},{"type":"Feature","properties":{"kind":"rail"},"geometry":{"type":"LineString","coordinates":[[20.78277,43.8151],[20.7853,43.80993],[20.78581,43.80916],[20.78676,43.80794]]}},{"type":"Feature","properties":{"kind":"rail"},"geometry":{"type":"LineString","coordinates":[[20.78676,43.80794],[20.78681,43.80787]]}},{"type":"Feature","properties":{"kind":"rail"},"geometry":{"type":"LineString","coordinates":[[21.48541,43.65147],[21.48589,43.65053]]}},{"type":"Feature","properties":{"kind":"rail"},"geometry":{"type":"LineString","coordinates":[[21.48589,43.65053],[21.48594,43.65043]]}},{"type":"Feature","properties":{"kind":"rail"},"geometry":{"type":"LineString","coordinates":[[19.88093,43.83416],[19.88084,43.83413]]}},{"type":"Feature","properties":{"kind":"rail"},"geometry":{"type":"LineString","coordinates":[[19.88715,43.83774],[19.88607,43.83706],[19.88427,43.83553],[19.88281,43.83478],[19.88093,43.83416]]}},{"type":"Feature","properties":{"kind":"rail"},"geometry":{"type":"LineString","coordinates":[[20.37183,44.83689],[20.36796,44.83799]]}},{"type":"Feature","properties":{"kind":"rail"},"geometry":{"type":"LineString","coordinates":[[20.37641,44.83559],[20.37183,44.83689]]}},{"type":"Feature","properties":{"kind":"rail"},"geometry":{"type":"LineString","coordinates":[[19.9675,45.18259],[19.97419,45.1793],[19.97796,45.17758],[19.97949,45.1771]]}},{"type":"Feature","properties":{"kind":"rail"},"geometry":{"type":"LineString","coordinates":[[19.97952,45.17721],[19.97806,45.17768],[19.97423,45.17938],[19.96761,45.18266]]}},{"type":"Feature","properties":{"kind":"rail"},"geometry":{"type":"LineString","coordinates":[[19.87983,45.2532],[19.88225,45.24947]]}},{"type":"Feature","properties":{"kind":"rail"},"geometry":{"type":"LineString","coordinates":[[19.88229,45.24949],[19.87988,45.25321]]}},{"type":"Feature","properties":{"kind":"rail"},"geometry":{"type":"LineString","coordinates":[[20.26474,44.90357],[20.26804,44.90146]]}},{"type":"Feature","properties":{"kind":"rail"},"geometry":{"type":"LineString","coordinates":[[20.2681,44.90152],[20.26477,44.90362]]}},{"type":"Feature","properties":{"kind":"rail"},"geometry":{"type":"LineString","coordinates":[[20.30307,44.87891],[20.30297,44.87898]]}},{"type":"Feature","properties":{"kind":"rail"},"geometry":{"type":"LineString","coordinates":[[20.333,44.85896],[20.30654,44.87654],[20.30307,44.87891]]}},{"type":"Feature","properties":{"kind":"rail"},"geometry":{"type":"LineString","coordinates":[[20.30291,44.87896],[20.30301,44.87889]]}},{"type":"Feature","properties":{"kind":"rail"},"geometry":{"type":"LineString","coordinates":[[20.4481,44.79472],[20.4486,44.79462]]}},{"type":"Feature","properties":{"kind":"rail"},"geometry":{"type":"LineString","coordinates":[[20.61201,43.48211],[20.62021,43.47787]]}},{"type":"Feature","properties":{"kind":"rail"},"geometry":{"type":"LineString","coordinates":[[20.62021,43.47787],[20.62028,43.47781]]}},{"type":"Feature","properties":{"kind":"rail"},"geometry":{"type":"LineString","coordinates":[[20.02369,45.15826],[20.02628,45.15632],[20.02853,45.15453]]}},{"type":"Feature","properties":{"kind":"rail"},"geometry":{"type":"LineString","coordinates":[[20.0286,45.15459],[20.02358,45.15858]]}},{"type":"Feature","properties":{"kind":"rail"},"geometry":{"type":"LineString","coordinates":[[20.03186,45.15188],[20.0286,45.15459]]}},{"type":"Feature","properties":{"kind":"rail"},"geometry":{"type":"LineString","coordinates":[[20.02853,45.15453],[20.03176,45.15185]]}},{"type":"Feature","properties":{"kind":"rail"},"geometry":{"type":"LineString","coordinates":[[20.36812,44.73504],[20.37182,44.73697]]}},{"type":"Feature","properties":{"kind":"rail"},"geometry":{"type":"LineString","coordinates":[[20.35833,44.73541],[20.35754,44.73551],[20.35641,44.73545],[20.35547,44.7352],[20.3546,44.73482],[20.35398,44.73431],[20.35348,44.73352],[20.35337,44.73301],[20.35339,44.73236],[20.35372,44.73167],[20.35421,44.73111],[20.35501,44.7306],[20.35548,44.7304],[20.3564,44.73018],[20.3575,44.73011],[20.35849,44.73025],[20.35887,44.73037],[20.3601,44.73101]]}},{"type":"Feature","properties":{"kind":"rail"},"geometry":{"type":"LineString","coordinates":[[20.3601,44.73101],[20.3602,44.73107]]}},{"type":"Feature","properties":{"kind":"rail"},"geometry":{"type":"LineString","coordinates":[[20.3603,44.73111],[20.36034,44.73113]]}},{"type":"Feature","properties":{"kind":"rail"},"geometry":{"type":"LineString","coordinates":[[20.3602,44.73107],[20.3603,44.73111]]}},{"type":"Feature","properties":{"kind":"rail"},"geometry":{"type":"LineString","coordinates":[[20.36037,44.7311],[20.36812,44.73504]]}},{"type":"Feature","properties":{"kind":"rail"},"geometry":{"type":"LineString","coordinates":[[20.36014,44.73097],[20.36033,44.73107]]}},{"type":"Feature","properties":{"kind":"rail"},"geometry":{"type":"LineString","coordinates":[[20.36033,44.73107],[20.36037,44.7311]]}},{"type":"Feature","properties":{"kind":"rail"},"geometry":{"type":"LineString","coordinates":[[20.36413,44.72155],[20.36199,44.72193],[20.36091,44.72228],[20.35972,44.72281],[20.35904,44.72327],[20.35815,44.72406],[20.35694,44.7253],[20.35663,44.72568],[20.35627,44.72629],[20.35611,44.72706],[20.35614,44.72739],[20.35642,44.72831],[20.35671,44.72871],[20.35728,44.72928],[20.36022,44.73091]]}},{"type":"Feature","properties":{"kind":"rail"},"geometry":{"type":"LineString","coordinates":[[20.36022,44.73091],[20.36038,44.731]]}},{"type":"Feature","properties":{"kind":"rail"},"geometry":{"type":"LineString","coordinates":[[20.36038,44.731],[20.36043,44.73103]]}},{"type":"Feature","properties":{"kind":"rail"},"geometry":{"type":"LineString","coordinates":[[20.0945,45.046],[20.09135,45.05034]]}},{"type":"Feature","properties":{"kind":"rail"},"geometry":{"type":"LineString","coordinates":[[20.09104,45.05055],[20.09133,45.05007],[20.09429,45.04597]]}},{"type":"Feature","properties":{"kind":"rail"},"geometry":{"type":"LineString","coordinates":[[20.09135,45.05034],[20.09025,45.05178]]}},{"type":"Feature","properties":{"kind":"rail"},"geometry":{"type":"LineString","coordinates":[[20.26854,44.90094],[20.26634,44.90245],[20.256,44.9089],[20.25427,44.90989],[20.2527,44.9106],[20.24774,44.91238],[20.24586,44.91312],[20.24483,44.91365],[20.24343,44.91473],[20.24085,44.91752],[20.24012,44.91823],[20.23845,44.91966],[20.23701,44.92074],[20.22041,44.93111],[20.21181,44.93626],[20.1919,44.94863],[20.18905,44.95029],[20.18095,44.95474],[20.17104,44.96002],[20.15717,44.96778],[20.15405,44.96966],[20.15107,44.97172],[20.14872,44.97354],[20.14766,44.9744],[20.1451,44.97676],[20.14403,44.97783],[20.14313,44.97884],[20.14114,44.98128],[20.13973,44.98317],[20.13864,44.98476]]}},{"type":"Feature","properties":{"kind":"rail"},"geometry":{"type":"LineString","coordinates":[[20.24178,44.91809],[20.24128,44.91898],[20.24035,44.92028],[20.23957,44.92099],[20.23875,44.92157],[20.23716,44.92236],[20.2343,44.92342],[20.23261,44.92412],[20.23026,44.92524],[20.21884,44.93228],[20.21279,44.93592]]}},{"type":"Feature","properties":{"kind":"rail"},"geometry":{"type":"LineString","coordinates":[[20.26842,44.90111],[20.267,44.90209],[20.25668,44.90854],[20.25442,44.90988],[20.25279,44.91063],[20.2477,44.91255],[20.2458,44.91339],[20.24535,44.91365],[20.24441,44.91432],[20.24355,44.91519],[20.24304,44.91588],[20.24208,44.91755]]}},{"type":"Feature","properties":{"kind":"rail"},"geometry":{"type":"LineString","coordinates":[[20.24208,44.91755],[20.24178,44.91809]]}},{"type":"Feature","properties":{"kind":"rail"},"geometry":{"type":"LineString","coordinates":[[20.09544,45.04441],[20.09761,45.04134],[20.09799,45.04048],[20.09807,45.03998]]}},{"type":"Feature","properties":{"kind":"rail"},"geometry":{"type":"LineString","coordinates":[[20.33626,44.85679],[20.333,44.85896]]}},{"type":"Feature","properties":{"kind":"rail"},"geometry":{"type":"LineString","coordinates":[[20.33292,44.8589],[20.33618,44.85672]]}},{"type":"Feature","properties":{"kind":"rail"},"geometry":{"type":"LineString","coordinates":[[19.58705,44.77737],[19.58721,44.77743]]}},{"type":"Feature","properties":{"kind":"rail"},"geometry":{"type":"LineString","coordinates":[[19.50887,44.74988],[19.51205,44.75025],[19.51366,44.75055],[19.5247,44.75301],[19.5289,44.75399],[19.53017,44.7544],[19.58705,44.77737]]}},{"type":"Feature","properties":{"kind":"rail"},"geometry":{"type":"LineString","coordinates":[[22.08695,42.76658],[22.08695,42.76679]]}},{"type":"Feature","properties":{"kind":"rail"},"geometry":{"type":"LineString","coordinates":[[22.06777,42.7493],[22.07108,42.74892],[22.07756,42.74935],[22.07828,42.74948],[22.07897,42.74973],[22.08112,42.75084],[22.08182,42.75135],[22.08228,42.75188],[22.08294,42.7533],[22.08342,42.75462],[22.08395,42.75679],[22.08482,42.75845],[22.08522,42.7598],[22.08546,42.76101],[22.08553,42.76193],[22.08576,42.76346],[22.08615,42.76437],[22.08646,42.76494],[22.08682,42.76543],[22.08695,42.76658]]}},{"type":"Feature","properties":{"kind":"rail"},"geometry":{"type":"LineString","coordinates":[[19.62633,45.5591],[19.63015,45.55177],[19.63078,45.55086]]}},{"type":"Feature","properties":{"kind":"rail"},"geometry":{"type":"LineString","coordinates":[[19.62672,45.55922],[19.62451,45.56361],[19.6244,45.56406],[19.62438,45.56433],[19.62451,45.56473],[19.62513,45.56556],[19.62549,45.56622],[19.6254,45.56704],[19.62522,45.56775]]}},{"type":"Feature","properties":{"kind":"rail"},"geometry":{"type":"LineString","coordinates":[[19.62516,45.56774],[19.6254,45.56659],[19.62536,45.56613],[19.62523,45.56589],[19.62412,45.56454],[19.62385,45.56378]]}},{"type":"Feature","properties":{"kind":"rail"},"geometry":{"type":"LineString","coordinates":[[19.63078,45.55086],[19.64327,45.52711]]}},{"type":"Feature","properties":{"kind":"rail"},"geometry":{"type":"LineString","coordinates":[[19.62349,45.56475],[19.62418,45.56344]]}},{"type":"Feature","properties":{"kind":"rail"},"geometry":{"type":"LineString","coordinates":[[19.64331,45.52712],[19.6309,45.55089]]}},{"type":"Feature","properties":{"kind":"rail"},"geometry":{"type":"LineString","coordinates":[[19.6243,45.56347],[19.62362,45.56474]]}},{"type":"Feature","properties":{"kind":"rail"},"geometry":{"type":"LineString","coordinates":[[22.20188,44.03567],[22.20191,44.03577]]}},{"type":"Feature","properties":{"kind":"rail"},"geometry":{"type":"LineString","coordinates":[[22.20336,44.03214],[22.20314,44.03281],[22.20226,44.03389],[22.20198,44.03437],[22.20182,44.03514],[22.20188,44.03567]]}},{"type":"Feature","properties":{"kind":"rail"},"geometry":{"type":"LineString","coordinates":[[20.47712,44.80497],[20.47519,44.80364],[20.47348,44.80222],[20.46671,44.79461],[20.46573,44.79363]]}},{"type":"Feature","properties":{"kind":"rail"},"geometry":{"type":"LineString","coordinates":[[20.47746,44.8052],[20.47712,44.80497]]}},{"type":"Feature","properties":{"kind":"rail"},"geometry":{"type":"LineString","coordinates":[[20.47812,44.8053],[20.48555,44.81007],[20.48674,44.8109],[20.48797,44.81215],[20.48865,44.81317],[20.4895,44.8149],[20.49026,44.81916]]}},{"type":"Feature","properties":{"kind":"rail"},"geometry":{"type":"LineString","coordinates":[[20.47739,44.80484],[20.47812,44.8053]]}},{"type":"Feature","properties":{"kind":"rail"},"geometry":{"type":"LineString","coordinates":[[22.59253,44.18955],[22.59362,44.18925],[22.59418,44.18895],[22.59464,44.18854],[22.59501,44.18793],[22.5951,44.18728],[22.59478,44.18445],[22.59488,44.18343],[22.60266,44.15995]]}},{"type":"Feature","properties":{"kind":"rail"},"geometry":{"type":"LineString","coordinates":[[22.59153,44.1897],[22.59177,44.18966]]}},{"type":"Feature","properties":{"kind":"rail"},"geometry":{"type":"LineString","coordinates":[[22.59177,44.18966],[22.59244,44.18957]]}},{"type":"Feature","properties":{"kind":"rail"},"geometry":{"type":"LineString","coordinates":[[22.59244,44.18957],[22.59253,44.18955]]}},{"type":"Feature","properties":{"kind":"rail"},"geometry":{"type":"LineString","coordinates":[[21.89178,42.5156],[21.89183,42.51565]]}},{"type":"Feature","properties":{"kind":"rail"},"geometry":{"type":"LineString","coordinates":[[21.31773,42.99275],[21.31793,42.99307]]}},{"type":"Feature","properties":{"kind":"rail"},"geometry":{"type":"LineString","coordinates":[[21.31767,42.99267],[21.31773,42.99275]]}},{"type":"Feature","properties":{"kind":"rail"},"geometry":{"type":"LineString","coordinates":[[22.0582,44.12138],[22.05853,44.12115],[22.06005,44.12061]]}},{"type":"Feature","properties":{"kind":"rail"},"geometry":{"type":"LineString","coordinates":[[19.68825,43.77737],[19.68747,43.77779],[19.68667,43.77809],[19.68549,43.77839]]}},{"type":"Feature","properties":{"kind":"rail"},"geometry":{"type":"LineString","coordinates":[[19.7465,43.7838],[19.74591,43.78385]]}},{"type":"Feature","properties":{"kind":"rail"},"geometry":{"type":"LineString","coordinates":[[19.76723,43.84549],[19.76516,43.84558]]}},{"type":"Feature","properties":{"kind":"rail"},"geometry":{"type":"LineString","coordinates":[[19.77521,43.84334],[19.77429,43.84329],[19.77354,43.84336]]}},{"type":"Feature","properties":{"kind":"rail"},"geometry":{"type":"LineString","coordinates":[[19.83541,43.85331],[19.83465,43.85317],[19.83376,43.85291],[19.83175,43.85198]]}},{"type":"Feature","properties":{"kind":"rail"},"geometry":{"type":"LineString","coordinates":[[19.84501,43.84954],[19.84332,43.85157],[19.84248,43.85216],[19.84175,43.85254]]}},{"type":"Feature","properties":{"kind":"rail"},"geometry":{"type":"LineString","coordinates":[[20.04298,43.82922],[20.04314,43.82836],[20.04313,43.82775],[20.04298,43.82712],[20.04275,43.82658],[20.0372,43.81817],[20.03674,43.81714],[20.03589,43.81427],[20.03534,43.81337],[20.034,43.81158]]}},{"type":"Feature","properties":{"kind":"rail"},"geometry":{"type":"LineString","coordinates":[[20.04232,43.8311],[20.04298,43.82922]]}},{"type":"Feature","properties":{"kind":"rail"},"geometry":{"type":"LineString","coordinates":[[20.03166,43.8379],[20.03327,43.83653],[20.03452,43.83581],[20.03536,43.83549],[20.03881,43.83443],[20.04016,43.83381],[20.04102,43.83318],[20.04146,43.83273],[20.04201,43.83189],[20.04232,43.8311]]}},{"type":"Feature","properties":{"kind":"rail"},"geometry":{"type":"LineString","coordinates":[[19.92241,44.01911],[19.92278,44.01779]]}},{"type":"Feature","properties":{"kind":"rail"},"geometry":{"type":"LineString","coordinates":[[19.92199,44.02189],[19.92241,44.01911]]}},{"type":"Feature","properties":{"kind":"rail"},"geometry":{"type":"LineString","coordinates":[[19.85894,44.22018],[19.85911,44.21917],[19.85901,44.2184]]}},{"type":"Feature","properties":{"kind":"rail"},"geometry":{"type":"LineString","coordinates":[[19.89401,44.26511],[19.89305,44.26453]]}},{"type":"Feature","properties":{"kind":"rail"},"geometry":{"type":"LineString","coordinates":[[20.28415,44.47239],[20.28325,44.47011],[20.28291,44.46898],[20.28192,44.46408],[20.2815,44.46129],[20.28127,44.46062],[20.2805,44.45897],[20.28017,44.45803],[20.27985,44.45411]]}},{"type":"Feature","properties":{"kind":"rail"},"geometry":{"type":"LineString","coordinates":[[22.35216,44.01632],[22.35206,44.0166]]}},{"type":"Feature","properties":{"kind":"rail"},"geometry":{"type":"LineString","coordinates":[[20.06115,45.93509],[20.06113,45.93395],[20.06097,45.9334],[20.06059,45.93279],[20.05994,45.93226],[20.0591,45.93183],[20.0579,45.93144],[20.05484,45.93113]]}},{"type":"Feature","properties":{"kind":"rail"},"geometry":{"type":"LineString","coordinates":[[20.47901,44.65995],[20.47762,44.65894]]}},{"type":"Feature","properties":{"kind":"rail"},"geometry":{"type":"LineString","coordinates":[[20.47762,44.65894],[20.47752,44.65887]]}},{"type":"Feature","properties":{"kind":"rail"},"geometry":{"type":"LineString","coordinates":[[20.48487,45.84451],[20.48736,45.84069],[20.48844,45.8395],[20.49171,45.83439],[20.49248,45.83259]]}},{"type":"Feature","properties":{"kind":"rail"},"geometry":{"type":"LineString","coordinates":[[20.49248,45.83259],[20.49282,45.83204]]}},{"type":"Feature","properties":{"kind":"rail"},"geometry":{"type":"LineString","coordinates":[[20.45051,44.79427],[20.45228,44.79392],[20.45313,44.79367]]}},{"type":"Feature","properties":{"kind":"rail"},"geometry":{"type":"LineString","coordinates":[[20.45558,44.79274],[20.45317,44.79372]]}},{"type":"Feature","properties":{"kind":"rail"},"geometry":{"type":"LineString","coordinates":[[20.45836,44.78532],[20.45947,44.78717]]}},{"type":"Feature","properties":{"kind":"rail"},"geometry":{"type":"LineString","coordinates":[[20.43235,44.73041],[20.43177,44.73087]]}},{"type":"Feature","properties":{"kind":"rail"},"geometry":{"type":"LineString","coordinates":[[20.43183,44.7309],[20.43239,44.73037]]}},{"type":"Feature","properties":{"kind":"rail"},"geometry":{"type":"LineString","coordinates":[[20.44021,44.72083],[20.43941,44.72169],[20.43661,44.72365],[20.43594,44.72432],[20.43567,44.72474],[20.4353,44.72553],[20.43414,44.72837],[20.43381,44.72902],[20.43327,44.72974],[20.43212,44.73081]]}},{"type":"Feature","properties":{"kind":"rail"},"geometry":{"type":"LineString","coordinates":[[20.43212,44.73081],[20.43154,44.73137]]}},{"type":"Feature","properties":{"kind":"rail"},"geometry":{"type":"LineString","coordinates":[[20.46049,44.69679],[20.46051,44.69491],[20.46068,44.69429],[20.46127,44.69285]]}},{"type":"Feature","properties":{"kind":"rail"},"geometry":{"type":"LineString","coordinates":[[20.46048,44.69688],[20.46049,44.69679]]}},{"type":"Feature","properties":{"kind":"rail"},"geometry":{"type":"LineString","coordinates":[[21.35917,43.91832],[21.36009,43.91725],[21.36058,43.91684]]}},{"type":"Feature","properties":{"kind":"rail"},"geometry":{"type":"LineString","coordinates":[[21.3834,43.88575],[21.39391,43.87156]]}},{"type":"Feature","properties":{"kind":"rail"},"geometry":{"type":"LineString","coordinates":[[21.25788,43.98517],[21.26341,43.98231]]}},{"type":"Feature","properties":{"kind":"rail"},"geometry":{"type":"LineString","coordinates":[[21.25786,43.98512],[21.26338,43.98229]]}},{"type":"Feature","properties":{"kind":"rail"},"geometry":{"type":"LineString","coordinates":[[21.35822,43.91952],[21.35875,43.91882]]}},{"type":"Feature","properties":{"kind":"rail"},"geometry":{"type":"LineString","coordinates":[[21.35897,43.91859],[21.35917,43.91832]]}},{"type":"Feature","properties":{"kind":"rail"},"geometry":{"type":"LineString","coordinates":[[21.46391,43.65617],[21.46497,43.65676],[21.46538,43.65716],[21.46585,43.65782]]}},{"type":"Feature","properties":{"kind":"rail"},"geometry":{"type":"LineString","coordinates":[[21.4638,43.65612],[21.46391,43.65617]]}},{"type":"Feature","properties":{"kind":"rail"},"geometry":{"type":"LineString","coordinates":[[21.74881,43.41923],[21.74876,43.41938]]}},{"type":"Feature","properties":{"kind":"rail"},"geometry":{"type":"LineString","coordinates":[[21.74875,43.41923],[21.74871,43.41937]]}},{"type":"Feature","properties":{"kind":"rail"},"geometry":{"type":"LineString","coordinates":[[21.82057,43.35494],[21.82087,43.35453]]}},{"type":"Feature","properties":{"kind":"rail"},"geometry":{"type":"LineString","coordinates":[[21.82057,43.35494],[21.81564,43.36345]]}},{"type":"Feature","properties":{"kind":"rail"},"geometry":{"type":"LineString","coordinates":[[21.8773,43.31666],[21.88186,43.31675]]}},{"type":"Feature","properties":{"kind":"rail"},"geometry":{"type":"LineString","coordinates":[[21.8773,43.3166],[21.88062,43.31669]]}},{"type":"Feature","properties":{"kind":"rail"},"geometry":{"type":"LineString","coordinates":[[21.8738,43.33584],[21.86996,43.33764]]}},{"type":"Feature","properties":{"kind":"rail"},"geometry":{"type":"LineString","coordinates":[[22.049,42.90751],[22.04836,42.90912]]}},{"type":"Feature","properties":{"kind":"rail"},"geometry":{"type":"LineString","coordinates":[[22.04836,42.90912],[22.04827,42.90935]]}},{"type":"Feature","properties":{"kind":"rail"},"geometry":{"type":"LineString","coordinates":[[22.11839,42.86305],[22.11784,42.86353],[22.11581,42.86486],[22.1149,42.86535],[22.11396,42.8656],[22.11255,42.86582],[22.11185,42.866]]}},{"type":"Feature","properties":{"kind":"rail"},"geometry":{"type":"LineString","coordinates":[[22.11847,42.86295],[22.11839,42.86305]]}},{"type":"Feature","properties":{"kind":"rail"},"geometry":{"type":"LineString","coordinates":[[22.12969,42.82889],[22.12858,42.8305],[22.12839,42.83087],[22.12827,42.8316],[22.12842,42.8323],[22.12862,42.8327],[22.12915,42.83329],[22.12962,42.83362],[22.13136,42.8346],[22.13176,42.83494],[22.13212,42.83541]]}},{"type":"Feature","properties":{"kind":"rail"},"geometry":{"type":"LineString","coordinates":[[22.12975,42.82879],[22.12969,42.82889]]}},{"type":"Feature","properties":{"kind":"rail"},"geometry":{"type":"LineString","coordinates":[[21.87788,42.50454],[21.88622,42.5105],[21.88713,42.51127],[21.89178,42.5156]]}},{"type":"Feature","properties":{"kind":"rail"},"geometry":{"type":"LineString","coordinates":[[21.87781,42.50449],[21.87788,42.50454]]}},{"type":"Feature","properties":{"kind":"rail"},"geometry":{"type":"LineString","coordinates":[[21.86226,42.49242],[21.86306,42.49298],[21.86938,42.49787],[21.87668,42.50368],[21.87781,42.50449]]}},{"type":"Feature","properties":{"kind":"rail"},"geometry":{"type":"LineString","coordinates":[[21.86217,42.49237],[21.86226,42.49242]]}},{"type":"Feature","properties":{"kind":"rail"},"geometry":{"type":"LineString","coordinates":[[21.71726,42.40783],[21.71886,42.40954],[21.71972,42.41069],[21.72147,42.41351],[21.72218,42.41454],[21.72292,42.4151],[21.72406,42.41575],[21.72585,42.41656],[21.72723,42.41728],[21.73006,42.41846],[21.73081,42.4189],[21.7317,42.41963],[21.73489,42.42324],[21.73687,42.42612],[21.73771,42.42763],[21.73837,42.42865],[21.73886,42.42926],[21.74,42.43017],[21.7411,42.43074],[21.74171,42.43096],[21.74387,42.43153],[21.74516,42.43201],[21.74597,42.43246],[21.74712,42.43334],[21.74947,42.43599],[21.75018,42.43653],[21.75099,42.43694],[21.75271,42.4376]]}},{"type":"Feature","properties":{"kind":"rail"},"geometry":{"type":"LineString","coordinates":[[21.71719,42.40776],[21.71726,42.40783]]}},{"type":"Feature","properties":{"kind":"rail"},"geometry":{"type":"LineString","coordinates":[[21.70974,42.39497],[21.7096,42.39859],[21.70961,42.39978],[21.70974,42.40058],[21.7102,42.40166],[21.71077,42.40245],[21.71141,42.40307],[21.7119,42.40346],[21.71412,42.40493],[21.71505,42.40567],[21.71719,42.40776]]}},{"type":"Feature","properties":{"kind":"rail"},"geometry":{"type":"LineString","coordinates":[[21.70974,42.39489],[21.70974,42.39497]]}},{"type":"Feature","properties":{"kind":"rail"},"geometry":{"type":"LineString","coordinates":[[21.7183,42.37931],[21.71207,42.38663],[21.7113,42.3878],[21.71072,42.38917],[21.71012,42.39106],[21.70996,42.39175],[21.70983,42.39263],[21.70974,42.39489]]}},{"type":"Feature","properties":{"kind":"rail"},"geometry":{"type":"LineString","coordinates":[[21.71838,42.37922],[21.7183,42.37931]]}},{"type":"Feature","properties":{"kind":"rail"},"geometry":{"type":"LineString","coordinates":[[21.69828,42.32471],[21.70092,42.32756],[21.70165,42.32847],[21.70247,42.3298],[21.70275,42.33044],[21.70314,42.33175],[21.70407,42.33556],[21.70425,42.33657],[21.70549,42.34121],[21.70691,42.34722],[21.70688,42.34741],[21.70744,42.3493],[21.70766,42.35063],[21.70834,42.35322]]}},{"type":"Feature","properties":{"kind":"rail"},"geometry":{"type":"LineString","coordinates":[[21.69822,42.32465],[21.69828,42.32471]]}},{"type":"Feature","properties":{"kind":"rail"},"geometry":{"type":"LineString","coordinates":[[21.69766,42.22705],[21.69791,42.22847],[21.69799,42.2294],[21.69798,42.22972],[21.69775,42.23092]]}},{"type":"Feature","properties":{"kind":"rail"},"geometry":{"type":"LineString","coordinates":[[20.44441,44.74853],[20.4436,44.7475],[20.44239,44.74562],[20.44148,44.7447],[20.44092,44.7443],[20.44016,44.74387],[20.4371,44.74224]]}},{"type":"Feature","properties":{"kind":"rail"},"geometry":{"type":"LineString","coordinates":[[20.61824,44.57549],[20.61987,44.57455],[20.62318,44.57289],[20.62489,44.57183],[20.62548,44.57157],[20.62605,44.57137],[20.62736,44.57112],[20.62982,44.57099],[20.63124,44.5708],[20.63193,44.57056],[20.63245,44.57029],[20.63404,44.56922],[20.63536,44.5685],[20.63703,44.56794],[20.63855,44.56764],[20.64004,44.56752],[20.64155,44.56749],[20.64291,44.56754],[20.64421,44.56771],[20.64591,44.56817],[20.64849,44.56913],[20.64986,44.56941],[20.65132,44.56945],[20.65798,44.56933]]}},{"type":"Feature","properties":{"kind":"rail"},"geometry":{"type":"LineString","coordinates":[[20.65798,44.56933],[20.66869,44.56923]]}},{"type":"Feature","properties":{"kind":"rail"},"geometry":{"type":"LineString","coordinates":[[20.66869,44.56923],[20.6714,44.56926],[20.67471,44.56956],[20.68499,44.571],[20.68902,44.57113],[20.6929,44.57146],[20.69427,44.57152],[20.69951,44.57148],[20.70326,44.57187],[20.70518,44.57222],[20.70862,44.57323],[20.70992,44.57373],[20.71255,44.5749],[20.71363,44.57529],[20.71527,44.57567],[20.71938,44.57639],[20.72016,44.5766],[20.72407,44.57791],[20.72487,44.5781],[20.72632,44.57832],[20.72766,44.57844],[20.73666,44.57833],[20.73817,44.57839],[20.74053,44.5786]]}},{"type":"Feature","properties":{"kind":"rail"},"geometry":{"type":"LineString","coordinates":[[20.74053,44.5786],[20.75095,44.5795]]}},{"type":"Feature","properties":{"kind":"rail"},"geometry":{"type":"LineString","coordinates":[[20.97049,44.58704],[20.98912,44.58821]]}},{"type":"Feature","properties":{"kind":"rail"},"geometry":{"type":"LineString","coordinates":[[22.68479,43.05999],[22.68345,43.06022]]}},{"type":"Feature","properties":{"kind":"rail"},"geometry":{"type":"LineString","coordinates":[[22.68345,43.06022],[22.68332,43.06024]]}},{"type":"Feature","properties":{"kind":"rail"},"geometry":{"type":"LineString","coordinates":[[22.72437,43.02306],[22.72376,43.0237],[22.72313,43.02476],[22.72111,43.03114],[22.72083,43.0319],[22.72038,43.03263],[22.71987,43.03316],[22.71932,43.03362],[22.71877,43.03398],[22.71816,43.03428],[22.7159,43.03502]]}},{"type":"Feature","properties":{"kind":"rail"},"geometry":{"type":"LineString","coordinates":[[22.72445,43.023],[22.72437,43.02306]]}},{"type":"Feature","properties":{"kind":"rail"},"geometry":{"type":"LineString","coordinates":[[20.66474,44.8763],[20.66568,44.87568],[20.6664,44.8753],[20.66741,44.87499],[20.66804,44.87492]]}},{"type":"Feature","properties":{"kind":"rail"},"geometry":{"type":"LineString","coordinates":[[21.01901,45.05573],[21.01887,45.05573]]}},{"type":"Feature","properties":{"kind":"rail"},"geometry":{"type":"LineString","coordinates":[[21.01924,45.05572],[21.01901,45.05573]]}},{"type":"Feature","properties":{"kind":"rail"},"geometry":{"type":"LineString","coordinates":[[20.45041,44.794],[20.45293,44.7934]]}},{"type":"Feature","properties":{"kind":"rail"},"geometry":{"type":"LineString","coordinates":[[20.44684,44.79497],[20.44628,44.79507]]}},{"type":"Feature","properties":{"kind":"rail"},"geometry":{"type":"LineString","coordinates":[[20.44627,44.79502],[20.44682,44.79492]]}},{"type":"Feature","properties":{"kind":"rail"},"geometry":{"type":"LineString","coordinates":[[19.83515,45.26705],[19.83434,45.2669]]}},{"type":"Feature","properties":{"kind":"rail"},"geometry":{"type":"LineString","coordinates":[[20.04418,45.13794],[20.0571,45.12296]]}},{"type":"Feature","properties":{"kind":"rail"},"geometry":{"type":"LineString","coordinates":[[20.05716,45.12299],[20.04428,45.13793]]}},{"type":"Feature","properties":{"kind":"rail"},"geometry":{"type":"LineString","coordinates":[[20.0571,45.12296],[20.06044,45.11909]]}},{"type":"Feature","properties":{"kind":"rail"},"geometry":{"type":"LineString","coordinates":[[20.06051,45.11911],[20.05716,45.12299]]}},{"type":"Feature","properties":{"kind":"rail"},"geometry":{"type":"LineString","coordinates":[[21.74878,43.41913],[21.74897,43.41869]]}},{"type":"Feature","properties":{"kind":"rail"},"geometry":{"type":"LineString","coordinates":[[21.74891,43.41868],[21.74884,43.41914]]}},{"type":"Feature","properties":{"kind":"rail"},"geometry":{"type":"LineString","coordinates":[[21.69044,43.51063],[21.69095,43.51028]]}},{"type":"Feature","properties":{"kind":"rail"},"geometry":{"type":"LineString","coordinates":[[21.6909,43.51025],[21.6905,43.51066]]}},{"type":"Feature","properties":{"kind":"rail"},"geometry":{"type":"LineString","coordinates":[[21.6983,43.50407],[21.69769,43.50455]]}},{"type":"Feature","properties":{"kind":"rail"},"geometry":{"type":"LineString","coordinates":[[21.69774,43.50458],[21.69827,43.50405]]}},{"type":"Feature","properties":{"kind":"rail"},"geometry":{"type":"LineString","coordinates":[[21.74655,43.42674],[21.74637,43.42715]]}},{"type":"Feature","properties":{"kind":"rail"},"geometry":{"type":"LineString","coordinates":[[21.7465,43.42674],[21.74642,43.42715]]}},{"type":"Feature","properties":{"kind":"rail"},"geometry":{"type":"LineString","coordinates":[[20.45061,44.70192],[20.4509,44.70157]]}},{"type":"Feature","properties":{"kind":"rail"},"geometry":{"type":"LineString","coordinates":[[20.29271,44.49418],[20.29224,44.49363],[20.29196,44.49318],[20.29173,44.49262],[20.29094,44.49006]]}},{"type":"Feature","properties":{"kind":"rail"},"geometry":{"type":"LineString","coordinates":[[20.29094,44.49006],[20.29088,44.48989]]}},{"type":"Feature","properties":{"kind":"rail"},"geometry":{"type":"LineString","coordinates":[[20.03775,44.30242],[20.03634,44.30194],[20.03476,44.3015],[20.02797,44.30031],[20.01277,44.2979],[20.00096,44.29621]]}},{"type":"Feature","properties":{"kind":"rail"},"geometry":{"type":"LineString","coordinates":[[20.00096,44.29621],[20.00074,44.29617]]}},{"type":"Feature","properties":{"kind":"rail"},"geometry":{"type":"LineString","coordinates":[[19.9971,44.29567],[19.98882,44.29456],[19.98223,44.29392],[19.96377,44.29326],[19.96251,44.29307],[19.96133,44.29275],[19.95609,44.29049]]}},{"type":"Feature","properties":{"kind":"rail"},"geometry":{"type":"LineString","coordinates":[[19.95609,44.29049],[19.95597,44.29044]]}},{"type":"Feature","properties":{"kind":"rail"},"geometry":{"type":"LineString","coordinates":[[19.92474,44.27741],[19.92432,44.2764],[19.92365,44.27519],[19.92318,44.27464],[19.92262,44.27414],[19.92195,44.27367],[19.9212,44.27326],[19.92045,44.27294],[19.91739,44.27205]]}},{"type":"Feature","properties":{"kind":"rail"},"geometry":{"type":"LineString","coordinates":[[19.92479,44.27756],[19.92474,44.27741]]}},{"type":"Feature","properties":{"kind":"rail"},"geometry":{"type":"LineString","coordinates":[[19.91739,44.27205],[19.91501,44.27144],[19.91182,44.27107]]}},{"type":"Feature","properties":{"kind":"rail"},"geometry":{"type":"LineString","coordinates":[[19.86649,44.23288],[19.8654,44.23273]]}},{"type":"Feature","properties":{"kind":"rail"},"geometry":{"type":"LineString","coordinates":[[19.85843,44.2172],[19.85806,44.21663]]}},{"type":"Feature","properties":{"kind":"rail"},"geometry":{"type":"LineString","coordinates":[[19.85781,44.21626],[19.85745,44.21562],[19.85732,44.21526],[19.8572,44.21457],[19.85723,44.21424]]}},{"type":"Feature","properties":{"kind":"rail"},"geometry":{"type":"LineString","coordinates":[[19.86146,44.20226],[19.8612,44.20172],[19.86061,44.20082],[19.86024,44.20038],[19.85976,44.19996],[19.85794,44.19876]]}},{"type":"Feature","properties":{"kind":"rail"},"geometry":{"type":"LineString","coordinates":[[19.86139,44.20404],[19.86151,44.20372],[19.8616,44.20311],[19.86146,44.20226]]}},{"type":"Feature","properties":{"kind":"rail"},"geometry":{"type":"LineString","coordinates":[[19.85718,44.19471],[19.85817,44.1941]]}},{"type":"Feature","properties":{"kind":"rail"},"geometry":{"type":"LineString","coordinates":[[19.85649,44.19552],[19.85691,44.19496],[19.85718,44.19471]]}},{"type":"Feature","properties":{"kind":"rail"},"geometry":{"type":"LineString","coordinates":[[19.85817,44.1941],[19.85955,44.19358]]}},{"type":"Feature","properties":{"kind":"rail"},"geometry":{"type":"LineString","coordinates":[[19.85955,44.19358],[19.86096,44.19307]]}},{"type":"Feature","properties":{"kind":"rail"},"geometry":{"type":"LineString","coordinates":[[19.86372,44.19137],[19.8649,44.19006]]}},{"type":"Feature","properties":{"kind":"rail"},"geometry":{"type":"LineString","coordinates":[[19.86334,44.19181],[19.86372,44.19137]]}},{"type":"Feature","properties":{"kind":"rail"},"geometry":{"type":"LineString","coordinates":[[19.8649,44.19006],[19.86525,44.18978]]}},{"type":"Feature","properties":{"kind":"rail"},"geometry":{"type":"LineString","coordinates":[[19.86603,44.18918],[19.86633,44.18891],[19.86674,44.18839],[19.86696,44.18782]]}},{"type":"Feature","properties":{"kind":"rail"},"geometry":{"type":"LineString","coordinates":[[19.86625,44.17882],[19.86695,44.17756]]}},{"type":"Feature","properties":{"kind":"rail"},"geometry":{"type":"LineString","coordinates":[[19.87366,44.16888],[19.874,44.16832],[19.87434,44.1675],[19.87456,44.16715]]}},{"type":"Feature","properties":{"kind":"rail"},"geometry":{"type":"LineString","coordinates":[[19.87456,44.16715],[19.8748,44.16684]]}},{"type":"Feature","properties":{"kind":"rail"},"geometry":{"type":"LineString","coordinates":[[19.8748,44.16684],[19.87795,44.16385],[19.87872,44.16329],[19.88095,44.16192],[19.88161,44.16141],[19.88247,44.16059],[19.88287,44.16012],[19.88354,44.15908]]}},{"type":"Feature","properties":{"kind":"rail"},"geometry":{"type":"LineString","coordinates":[[19.88354,44.15908],[19.8836,44.15898]]}},{"type":"Feature","properties":{"kind":"rail"},"geometry":{"type":"LineString","coordinates":[[19.90424,44.14904],[19.904,44.1491]]}},{"type":"Feature","properties":{"kind":"rail"},"geometry":{"type":"LineString","coordinates":[[19.8822,44.14996],[19.88203,44.14975]]}},{"type":"Feature","properties":{"kind":"rail"},"geometry":{"type":"LineString","coordinates":[[19.87727,44.13671],[19.8771,44.13652]]}},{"type":"Feature","properties":{"kind":"rail"},"geometry":{"type":"LineString","coordinates":[[19.8766,44.1361],[19.87628,44.13592]]}},{"type":"Feature","properties":{"kind":"rail"},"geometry":{"type":"LineString","coordinates":[[19.87189,44.1352],[19.87136,44.13508],[19.87012,44.13461]]}},{"type":"Feature","properties":{"kind":"rail"},"geometry":{"type":"LineString","coordinates":[[19.8739,44.13534],[19.87322,44.13531]]}},{"type":"Feature","properties":{"kind":"rail"},"geometry":{"type":"LineString","coordinates":[[19.86777,44.13411],[19.86741,44.13413]]}},{"type":"Feature","properties":{"kind":"rail"},"geometry":{"type":"LineString","coordinates":[[19.86741,44.13413],[19.86667,44.13424]]}},{"type":"Feature","properties":{"kind":"rail"},"geometry":{"type":"LineString","coordinates":[[19.86667,44.13424],[19.86644,44.13429]]}},{"type":"Feature","properties":{"kind":"rail"},"geometry":{"type":"LineString","coordinates":[[19.91801,43.99786],[19.91789,43.99756]]}},{"type":"Feature","properties":{"kind":"rail"},"geometry":{"type":"LineString","coordinates":[[19.9653,43.96328],[19.96703,43.96217]]}},{"type":"Feature","properties":{"kind":"rail"},"geometry":{"type":"LineString","coordinates":[[19.96703,43.96217],[19.96724,43.96204]]}},{"type":"Feature","properties":{"kind":"rail"},"geometry":{"type":"LineString","coordinates":[[19.96724,43.96204],[19.96816,43.96143]]}},{"type":"Feature","properties":{"kind":"rail"},"geometry":{"type":"LineString","coordinates":[[19.96905,43.96084],[19.96973,43.96045]]}},{"type":"Feature","properties":{"kind":"rail"},"geometry":{"type":"LineString","coordinates":[[19.98541,43.94857],[19.98588,43.94776],[19.98619,43.94683],[19.98624,43.94646],[19.98623,43.9453]]}},{"type":"Feature","properties":{"kind":"rail"},"geometry":{"type":"LineString","coordinates":[[19.98423,43.95011],[19.98448,43.94975]]}},{"type":"Feature","properties":{"kind":"rail"},"geometry":{"type":"LineString","coordinates":[[19.98448,43.94975],[19.98468,43.94949]]}},{"type":"Feature","properties":{"kind":"rail"},"geometry":{"type":"LineString","coordinates":[[19.98468,43.94949],[19.98541,43.94857]]}},{"type":"Feature","properties":{"kind":"rail"},"geometry":{"type":"LineString","coordinates":[[19.98621,43.9447],[19.98611,43.94171],[19.98638,43.94014],[19.98722,43.93708]]}},{"type":"Feature","properties":{"kind":"rail"},"geometry":{"type":"LineString","coordinates":[[19.98722,43.93708],[19.98725,43.93699]]}},{"type":"Feature","properties":{"kind":"rail"},"geometry":{"type":"LineString","coordinates":[[19.98725,43.93699],[19.98843,43.93289],[19.9903,43.9238]]}},{"type":"Feature","properties":{"kind":"rail"},"geometry":{"type":"LineString","coordinates":[[19.9903,43.9238],[19.99031,43.92371]]}},{"type":"Feature","properties":{"kind":"rail"},"geometry":{"type":"LineString","coordinates":[[20.00034,43.90242],[19.99753,43.89739]]}},{"type":"Feature","properties":{"kind":"rail"},"geometry":{"type":"LineString","coordinates":[[20.00039,43.90251],[20.00034,43.90242]]}},{"type":"Feature","properties":{"kind":"rail"},"geometry":{"type":"LineString","coordinates":[[19.64016,43.39206],[19.63997,43.39285]]}},{"type":"Feature","properties":{"kind":"rail"},"geometry":{"type":"LineString","coordinates":[[22.09957,43.45374],[22.09963,43.4541],[22.09983,43.45462],[22.1013,43.45737],[22.10157,43.45776],[22.10203,43.45824],[22.10348,43.45916]]}},{"type":"Feature","properties":{"kind":"rail"},"geometry":{"type":"LineString","coordinates":[[22.09957,43.45366],[22.09957,43.45374]]}},{"type":"Feature","properties":{"kind":"rail"},"geometry":{"type":"LineString","coordinates":[[20.38816,45.3703],[20.39243,45.36629],[20.39288,45.36589],[20.39335,45.36559],[20.39416,45.36525],[20.39519,45.36505],[20.39625,45.36506],[20.39727,45.36527]]}},{"type":"Feature","properties":{"kind":"rail"},"geometry":{"type":"LineString","coordinates":[[20.07171,45.92959],[20.06509,45.93197]]}},{"type":"Feature","properties":{"kind":"rail"},"geometry":{"type":"LineString","coordinates":[[20.37324,45.75815],[20.32363,45.73013],[20.32321,45.72985],[20.32263,45.72934],[20.3221,45.72874]]}},{"type":"Feature","properties":{"kind":"rail"},"geometry":{"type":"LineString","coordinates":[[19.76953,43.19531],[19.76906,43.19571]]}},{"type":"Feature","properties":{"kind":"rail"},"geometry":{"type":"LineString","coordinates":[[19.76541,43.19853],[19.76501,43.19895],[19.76469,43.19942],[19.76447,43.19991],[19.76437,43.2004],[19.76438,43.20089],[19.76536,43.20726]]}},{"type":"Feature","properties":{"kind":"rail"},"geometry":{"type":"LineString","coordinates":[[19.76536,43.20726],[19.76539,43.20748]]}},{"type":"Feature","properties":{"kind":"rail"},"geometry":{"type":"LineString","coordinates":[[19.73982,43.23814],[19.73969,43.23835]]}},{"type":"Feature","properties":{"kind":"rail"},"geometry":{"type":"LineString","coordinates":[[19.73969,43.23835],[19.73955,43.23855]]}},{"type":"Feature","properties":{"kind":"rail"},"geometry":{"type":"LineString","coordinates":[[19.73796,43.24018],[19.737,43.24063],[19.7355,43.24117]]}},{"type":"Feature","properties":{"kind":"rail"},"geometry":{"type":"LineString","coordinates":[[19.7355,43.24117],[19.73424,43.24153]]}},{"type":"Feature","properties":{"kind":"rail"},"geometry":{"type":"LineString","coordinates":[[19.77988,43.15749],[19.77956,43.1579],[19.77931,43.15836]]}},{"type":"Feature","properties":{"kind":"rail"},"geometry":{"type":"LineString","coordinates":[[19.68717,43.31635],[19.68638,43.31663]]}},{"type":"Feature","properties":{"kind":"rail"},"geometry":{"type":"LineString","coordinates":[[19.68733,43.31627],[19.68717,43.31635]]}},{"type":"Feature","properties":{"kind":"rail"},"geometry":{"type":"LineString","coordinates":[[19.63602,43.3985],[19.63518,43.39954],[19.63477,43.40019]]}},{"type":"Feature","properties":{"kind":"rail"},"geometry":{"type":"LineString","coordinates":[[19.63609,43.39841],[19.63602,43.3985]]}},{"type":"Feature","properties":{"kind":"rail"},"geometry":{"type":"LineString","coordinates":[[19.62748,43.41522],[19.62761,43.41566],[19.62785,43.41612],[19.6286,43.41701]]}},{"type":"Feature","properties":{"kind":"rail"},"geometry":{"type":"LineString","coordinates":[[19.62746,43.41511],[19.62748,43.41522]]}},{"type":"Feature","properties":{"kind":"rail"},"geometry":{"type":"LineString","coordinates":[[19.61289,43.49784],[19.61177,43.49838],[19.61093,43.49911]]}},{"type":"Feature","properties":{"kind":"rail"},"geometry":{"type":"LineString","coordinates":[[19.61383,43.49751],[19.61289,43.49784]]}},{"type":"Feature","properties":{"kind":"rail"},"geometry":{"type":"LineString","coordinates":[[19.61064,43.49941],[19.61032,43.49975]]}},{"type":"Feature","properties":{"kind":"rail"},"geometry":{"type":"LineString","coordinates":[[19.61093,43.49911],[19.61064,43.49941]]}},{"type":"Feature","properties":{"kind":"rail"},"geometry":{"type":"LineString","coordinates":[[19.60273,43.50743],[19.60238,43.50762]]}},{"type":"Feature","properties":{"kind":"rail"},"geometry":{"type":"LineString","coordinates":[[19.60305,43.50725],[19.60273,43.50743]]}},{"type":"Feature","properties":{"kind":"rail"},"geometry":{"type":"LineString","coordinates":[[19.59753,43.50963],[19.59675,43.51006]]}},{"type":"Feature","properties":{"kind":"rail"},"geometry":{"type":"LineString","coordinates":[[19.59675,43.51006],[19.59654,43.5102]]}},{"type":"Feature","properties":{"kind":"rail"},"geometry":{"type":"LineString","coordinates":[[20.05408,43.84019],[20.05241,43.83931]]}},{"type":"Feature","properties":{"kind":"rail"},"geometry":{"type":"LineString","coordinates":[[20.05415,43.84023],[20.05408,43.84019]]}},{"type":"Feature","properties":{"kind":"rail"},"geometry":{"type":"LineString","coordinates":[[20.09035,43.8632],[20.08856,43.8624],[20.0872,43.86165],[20.0858,43.86068],[20.08265,43.85808]]}},{"type":"Feature","properties":{"kind":"rail"},"geometry":{"type":"LineString","coordinates":[[20.08265,43.85808],[20.08259,43.85802]]}},{"type":"Feature","properties":{"kind":"rail"},"geometry":{"type":"LineString","coordinates":[[20.07726,43.85359],[20.07561,43.85222]]}},{"type":"Feature","properties":{"kind":"rail"},"geometry":{"type":"LineString","coordinates":[[20.07732,43.85364],[20.07726,43.85359]]}},{"type":"Feature","properties":{"kind":"rail"},"geometry":{"type":"LineString","coordinates":[[20.10543,43.86936],[20.09813,43.86638]]}},{"type":"Feature","properties":{"kind":"rail"},"geometry":{"type":"LineString","coordinates":[[20.09813,43.86638],[20.09805,43.86635]]}},{"type":"Feature","properties":{"kind":"rail"},"geometry":{"type":"LineString","coordinates":[[19.99965,43.87732],[20.00026,43.87517],[20.00044,43.87473],[20.00079,43.87408],[20.00146,43.87328],[20.00244,43.87256],[20.00302,43.87227],[20.00506,43.87151]]}},{"type":"Feature","properties":{"kind":"rail"},"geometry":{"type":"LineString","coordinates":[[20.00506,43.87151],[20.00516,43.87147]]}},{"type":"Feature","properties":{"kind":"rail"},"geometry":{"type":"LineString","coordinates":[[20.00541,43.81009],[20.00403,43.81075],[20.00287,43.81107],[20.00187,43.81119],[20.00011,43.81113],[19.99798,43.81064]]}},{"type":"Feature","properties":{"kind":"rail"},"geometry":{"type":"LineString","coordinates":[[19.99798,43.81064],[19.99785,43.81061]]}},{"type":"Feature","properties":{"kind":"rail"},"geometry":{"type":"LineString","coordinates":[[20.62899,44.88823],[20.62966,44.88818]]}},{"type":"Feature","properties":{"kind":"rail"},"geometry":{"type":"LineString","coordinates":[[20.66432,44.87653],[20.66474,44.8763]]}},{"type":"Feature","properties":{"kind":"rail"},"geometry":{"type":"LineString","coordinates":[[20.65832,44.88051],[20.659,44.88006]]}},{"type":"Feature","properties":{"kind":"rail"},"geometry":{"type":"LineString","coordinates":[[20.49099,44.82316],[20.49125,44.82447]]}},{"type":"Feature","properties":{"kind":"rail"},"geometry":{"type":"LineString","coordinates":[[20.49117,44.82448],[20.49087,44.82283]]}},{"type":"Feature","properties":{"kind":"rail"},"geometry":{"type":"LineString","coordinates":[[20.49062,44.82152],[20.49066,44.82175]]}},{"type":"Feature","properties":{"kind":"rail"},"geometry":{"type":"LineString","coordinates":[[21.28199,45.10905],[21.28485,45.10197]]}},{"type":"Feature","properties":{"kind":"rail"},"geometry":{"type":"LineString","coordinates":[[21.28168,45.10983],[21.28195,45.10916]]}},{"type":"Feature","properties":{"kind":"rail"},"geometry":{"type":"LineString","coordinates":[[21.35853,43.91917],[21.35878,43.91883]]}},{"type":"Feature","properties":{"kind":"rail"},"geometry":{"type":"LineString","coordinates":[[20.69272,43.72879],[20.69368,43.72864]]}},{"type":"Feature","properties":{"kind":"rail"},"geometry":{"type":"LineString","coordinates":[[20.3596,43.88429],[20.35627,43.89]]}},{"type":"Feature","properties":{"kind":"rail"},"geometry":{"type":"LineString","coordinates":[[21.41646,43.68598],[21.41345,43.67875]]}},{"type":"Feature","properties":{"kind":"rail"},"geometry":{"type":"LineString","coordinates":[[22.75917,43.00997],[22.75722,43.01011]]}},{"type":"Feature","properties":{"kind":"rail"},"geometry":{"type":"LineString","coordinates":[[21.10218,44.15774],[21.10507,44.15313]]}},{"type":"Feature","properties":{"kind":"rail"},"geometry":{"type":"LineString","coordinates":[[21.41664,43.6864],[21.41646,43.68598]]}},{"type":"Feature","properties":{"kind":"rail"},"geometry":{"type":"LineString","coordinates":[[21.41709,43.68723],[21.41406,43.67991],[21.41345,43.67875]]}},{"type":"Feature","properties":{"kind":"rail"},"geometry":{"type":"LineString","coordinates":[[20.0311,43.83837],[20.03166,43.8379]]}},{"type":"Feature","properties":{"kind":"rail"},"geometry":{"type":"LineString","coordinates":[[20.0288,43.8404],[20.0311,43.83837]]}},{"type":"Feature","properties":{"kind":"rail"},"geometry":{"type":"LineString","coordinates":[[20.35479,43.89256],[20.35444,43.89313]]}},{"type":"Feature","properties":{"kind":"rail"},"geometry":{"type":"LineString","coordinates":[[21.88275,43.33176],[21.87437,43.33557],[21.87346,43.33605]]}},{"type":"Feature","properties":{"kind":"rail"},"geometry":{"type":"LineString","coordinates":[[20.3789,45.37802],[20.38113,45.37452],[20.38147,45.37415],[20.38207,45.37371],[20.38683,45.37125],[20.38816,45.3703]]}},{"type":"Feature","properties":{"kind":"rail"},"geometry":{"type":"LineString","coordinates":[[22.27306,43.90505],[22.2758,43.90558]]}},{"type":"Feature","properties":{"kind":"rail"},"geometry":{"type":"LineString","coordinates":[[22.27845,44.00802],[22.27881,44.00777]]}},{"type":"Feature","properties":{"kind":"rail"},"geometry":{"type":"LineString","coordinates":[[22.28461,44.0037],[22.28505,44.00339]]}},{"type":"Feature","properties":{"kind":"rail"},"geometry":{"type":"LineString","coordinates":[[21.88926,44.3819],[21.88846,44.38248],[21.88766,44.38323],[21.88707,44.38393],[21.88606,44.38534]]}},{"type":"Feature","properties":{"kind":"rail"},"geometry":{"type":"LineString","coordinates":[[21.82087,43.35453],[21.8157,43.36347]]}},{"type":"Feature","properties":{"kind":"rail"},"geometry":{"type":"LineString","coordinates":[[21.39326,43.87234],[21.3945,43.87069]]}},{"type":"Feature","properties":{"kind":"rail"},"geometry":{"type":"LineString","coordinates":[[21.39391,43.87156],[21.39413,43.87126]]}},{"type":"Feature","properties":{"kind":"rail"},"geometry":{"type":"LineString","coordinates":[[21.88092,43.33264],[21.86997,43.33768]]}},{"type":"Feature","properties":{"kind":"rail"},"geometry":{"type":"LineString","coordinates":[[21.10641,44.15127],[21.10663,44.15103]]}},{"type":"Feature","properties":{"kind":"rail"},"geometry":{"type":"LineString","coordinates":[[19.8291,45.26589],[19.83344,45.2667]]}},{"type":"Feature","properties":{"kind":"rail"},"geometry":{"type":"LineString","coordinates":[[19.53586,45.3517],[19.53703,45.35168]]}},{"type":"Feature","properties":{"kind":"rail"},"geometry":{"type":"LineString","coordinates":[[19.5455,45.34955],[19.56476,45.33876],[19.57002,45.33573]]}},{"type":"Feature","properties":{"kind":"rail"},"geometry":{"type":"LineString","coordinates":[[19.79311,45.28292],[19.79124,45.28395],[19.79009,45.28469],[19.78892,45.28554],[19.78769,45.28658]]}},{"type":"Feature","properties":{"kind":"rail"},"geometry":{"type":"LineString","coordinates":[[19.78553,45.28887],[19.78457,45.2902]]}},{"type":"Feature","properties":{"kind":"rail"},"geometry":{"type":"LineString","coordinates":[[19.78764,45.28656],[19.78887,45.28551],[19.78997,45.28471],[19.79119,45.28392],[19.7931,45.28286]]}},{"type":"Feature","properties":{"kind":"rail"},"geometry":{"type":"LineString","coordinates":[[19.66363,45.48112],[19.66348,45.48147]]}},{"type":"Feature","properties":{"kind":"rail"},"geometry":{"type":"LineString","coordinates":[[19.35372,45.92791],[19.35423,45.92824]]}},{"type":"Feature","properties":{"kind":"rail"},"geometry":{"type":"LineString","coordinates":[[20.48896,45.83806],[20.49248,45.83259]]}},{"type":"Feature","properties":{"kind":"rail"},"geometry":{"type":"LineString","coordinates":[[20.65784,44.88089],[20.65708,44.88142],[20.6565,44.88192],[20.65606,44.8825],[20.6558,44.88296],[20.65547,44.88387],[20.65271,44.89037],[20.65251,44.89098],[20.6524,44.89158]]}},{"type":"Feature","properties":{"kind":"rail"},"geometry":{"type":"LineString","coordinates":[[20.64524,44.88696],[20.64592,44.88687]]}},{"type":"Feature","properties":{"kind":"rail"},"geometry":{"type":"LineString","coordinates":[[20.62966,44.88818],[20.63743,44.88757]]}},{"type":"Feature","properties":{"kind":"rail"},"geometry":{"type":"LineString","coordinates":[[20.17332,43.90017],[20.17268,43.89983],[20.17198,43.8996],[20.16964,43.89913]]}},{"type":"Feature","properties":{"kind":"rail"},"geometry":{"type":"LineString","coordinates":[[20.16964,43.89913],[20.16855,43.89903],[20.16751,43.89907],[20.16314,43.8996],[20.16209,43.89958],[20.16124,43.89945],[20.16037,43.89924],[20.15959,43.8989],[20.15862,43.8984],[20.15655,43.89707],[20.15587,43.89678],[20.15387,43.89624]]}},{"type":"Feature","properties":{"kind":"rail"},"geometry":{"type":"LineString","coordinates":[[20.11118,43.87213],[20.1107,43.87172],[20.11009,43.87132]]}},{"type":"Feature","properties":{"kind":"rail"},"geometry":{"type":"LineString","coordinates":[[20.07002,43.84871],[20.06791,43.84755]]}},{"type":"Feature","properties":{"kind":"rail"},"geometry":{"type":"LineString","coordinates":[[19.45922,43.76031],[19.46049,43.76061],[19.46133,43.76097],[19.46199,43.76106],[19.46398,43.76097],[19.46619,43.76043],[19.46678,43.7604]]}},{"type":"Feature","properties":{"kind":"rail"},"geometry":{"type":"LineString","coordinates":[[20.19614,44.37129],[20.1784,44.37223],[20.17613,44.37246],[20.17469,44.37244],[20.17328,44.37219],[20.17227,44.37184],[20.16642,44.36893]]}},{"type":"Feature","properties":{"kind":"rail"},"geometry":{"type":"LineString","coordinates":[[20.16642,44.36893],[20.16106,44.3663]]}},{"type":"Feature","properties":{"kind":"rail"},"geometry":{"type":"LineString","coordinates":[[20.16106,44.3663],[20.15932,44.36558],[20.15826,44.36532],[20.15738,44.36522],[20.14075,44.36453],[20.13179,44.36495],[20.1299,44.3648],[20.12782,44.3644],[20.12338,44.36309],[20.12225,44.36267],[20.12074,44.36182],[20.11691,44.35941],[20.11568,44.35877],[20.11045,44.3565],[20.10629,44.35445],[20.10008,44.35218],[20.09899,44.3516],[20.09534,44.34884]]}},{"type":"Feature","properties":{"kind":"rail"},"geometry":{"type":"LineString","coordinates":[[20.09534,44.34884],[20.09361,44.34748],[20.09231,44.34628],[20.09014,44.34364],[20.08926,44.34272],[20.08836,44.34207],[20.08782,44.34178],[20.087,44.34147]]}},{"type":"Feature","properties":{"kind":"rail"},"geometry":{"type":"LineString","coordinates":[[19.93048,44.28199],[19.92865,44.28132],[19.92774,44.28085],[19.92679,44.28019],[19.92627,44.27974],[19.92558,44.27894],[19.92514,44.27828],[19.92479,44.27756]]}},{"type":"Feature","properties":{"kind":"rail"},"geometry":{"type":"LineString","coordinates":[[20.18925,44.54413],[20.18908,44.54431]]}},{"type":"Feature","properties":{"kind":"rail"},"geometry":{"type":"LineString","coordinates":[[20.18908,44.54431],[20.18901,44.54438]]}},{"type":"Feature","properties":{"kind":"rail"},"geometry":{"type":"LineString","coordinates":[[20.18917,44.54436],[20.18935,44.54417]]}},{"type":"Feature","properties":{"kind":"rail"},"geometry":{"type":"LineString","coordinates":[[20.18911,44.54443],[20.18917,44.54436]]}},{"type":"Feature","properties":{"kind":"rail"},"geometry":{"type":"LineString","coordinates":[[19.50806,43.79265],[19.50926,43.793]]}},{"type":"Feature","properties":{"kind":"rail"},"geometry":{"type":"LineString","coordinates":[[22.31242,43.94522],[22.31353,43.94602],[22.31427,43.94638],[22.31731,43.94726],[22.31803,43.94768],[22.31978,43.94905]]}},{"type":"Feature","properties":{"kind":"rail"},"geometry":{"type":"LineString","coordinates":[[22.31219,43.94505],[22.31242,43.94522]]}},{"type":"Feature","properties":{"kind":"rail"},"geometry":{"type":"LineString","coordinates":[[22.38506,44.04202],[22.38658,44.04181]]}},{"type":"Feature","properties":{"kind":"rail"},"geometry":{"type":"LineString","coordinates":[[22.39178,44.04392],[22.39245,44.04518]]}},{"type":"Feature","properties":{"kind":"rail"},"geometry":{"type":"LineString","coordinates":[[22.41683,44.05629],[22.41738,44.05605]]}},{"type":"Feature","properties":{"kind":"rail"},"geometry":{"type":"LineString","coordinates":[[22.42153,44.05932],[22.42191,44.05843]]}},{"type":"Feature","properties":{"kind":"rail"},"geometry":{"type":"LineString","coordinates":[[20.71027,43.72597],[20.70614,43.72583],[20.70547,43.72593],[20.70465,43.72616]]}},{"type":"Feature","properties":{"kind":"rail"},"geometry":{"type":"LineString","coordinates":[[20.78017,43.69408],[20.77815,43.69602],[20.77768,43.6964],[20.77666,43.69697],[20.76934,43.70057],[20.75646,43.70895],[20.75573,43.70965],[20.75427,43.71154],[20.75348,43.7124],[20.74599,43.7195],[20.74292,43.72251]]}},{"type":"Feature","properties":{"kind":"rail"},"geometry":{"type":"LineString","coordinates":[[20.7803,43.69397],[20.78017,43.69408]]}},{"type":"Feature","properties":{"kind":"rail"},"geometry":{"type":"LineString","coordinates":[[21.25725,43.5866],[21.25292,43.58608]]}},{"type":"Feature","properties":{"kind":"rail"},"geometry":{"type":"LineString","coordinates":[[21.26869,43.5907],[21.2674,43.59053],[21.26589,43.59],[21.26502,43.58952],[21.26292,43.58801],[21.26225,43.58761],[21.26141,43.58726],[21.26049,43.58702]]}},{"type":"Feature","properties":{"kind":"rail"},"geometry":{"type":"LineString","coordinates":[[21.34659,43.58865],[21.34556,43.58868],[21.34484,43.58885],[21.34448,43.58901]]}},{"type":"Feature","properties":{"kind":"rail"},"geometry":{"type":"LineString","coordinates":[[21.34681,43.58868],[21.34659,43.58865]]}},{"type":"Feature","properties":{"kind":"rail"},"geometry":{"type":"LineString","coordinates":[[21.38359,43.64701],[21.38359,43.64655],[21.38349,43.64597],[21.38297,43.64451]]}},{"type":"Feature","properties":{"kind":"rail"},"geometry":{"type":"LineString","coordinates":[[21.38358,43.64707],[21.38359,43.64701]]}},{"type":"Feature","properties":{"kind":"rail"},"geometry":{"type":"LineString","coordinates":[[21.41339,43.67876],[21.4131,43.67811],[21.41261,43.67759],[21.41217,43.67733],[21.41123,43.67705]]}},{"type":"Feature","properties":{"kind":"rail"},"geometry":{"type":"LineString","coordinates":[[20.61213,45.09708],[20.61211,45.09752]]}},{"type":"Feature","properties":{"kind":"rail"},"geometry":{"type":"LineString","coordinates":[[20.93046,43.63767],[20.92771,43.6386],[20.92263,43.64003],[20.91967,43.64074]]}},{"type":"Feature","properties":{"kind":"rail"},"geometry":{"type":"LineString","coordinates":[[22.0761,42.50781],[22.07627,42.50777]]}},{"type":"Feature","properties":{"kind":"rail"},"geometry":{"type":"LineString","coordinates":[[22.08556,42.87754],[22.08146,42.88089],[22.08015,42.88178],[22.07911,42.88235],[22.07576,42.8837]]}},{"type":"Feature","properties":{"kind":"rail"},"geometry":{"type":"LineString","coordinates":[[22.07576,42.8837],[22.07566,42.88374]]}},{"type":"Feature","properties":{"kind":"rail"},"geometry":{"type":"LineString","coordinates":[[21.2449,42.93466],[21.24985,42.93603]]}},{"type":"Feature","properties":{"kind":"rail"},"geometry":{"type":"LineString","coordinates":[[20.66095,44.98288],[20.6307,44.99528],[20.62974,44.99587],[20.62928,44.99626],[20.62869,44.99691],[20.62823,44.9977],[20.62394,45.01204],[20.62375,45.01287],[20.62369,45.01345],[20.62371,45.01936]]}},{"type":"Feature","properties":{"kind":"rail"},"geometry":{"type":"LineString","coordinates":[[20.66127,44.98275],[20.66095,44.98288]]}},{"type":"Feature","properties":{"kind":"rail"},"geometry":{"type":"LineString","coordinates":[[19.88864,44.15277],[19.88724,44.1523]]}},{"type":"Feature","properties":{"kind":"rail"},"geometry":{"type":"LineString","coordinates":[[19.8894,44.1529],[19.88864,44.15277]]}},{"type":"Feature","properties":{"kind":"rail"},"geometry":{"type":"LineString","coordinates":[[19.50926,43.793],[19.51007,43.79324]]}},{"type":"Feature","properties":{"kind":"rail"},"geometry":{"type":"LineString","coordinates":[[19.51796,43.80156],[19.51805,43.80304],[19.51826,43.80375]]}},{"type":"Feature","properties":{"kind":"rail"},"geometry":{"type":"LineString","coordinates":[[19.51861,43.80075],[19.51828,43.80096],[19.51806,43.80121],[19.51796,43.80156]]}},{"type":"Feature","properties":{"kind":"rail"},"geometry":{"type":"LineString","coordinates":[[19.53823,43.82891],[19.53946,43.82963],[19.5402,43.82985]]}},{"type":"Feature","properties":{"kind":"rail"},"geometry":{"type":"LineString","coordinates":[[20.91777,45.30217],[20.91791,45.30212]]}},{"type":"Feature","properties":{"kind":"rail"},"geometry":{"type":"LineString","coordinates":[[20.13941,44.98387],[20.13903,44.98458]]}},{"type":"Feature","properties":{"kind":"rail"},"geometry":{"type":"LineString","coordinates":[[20.1345,44.99087],[20.13425,44.99121]]}},{"type":"Feature","properties":{"kind":"rail"},"geometry":{"type":"LineString","coordinates":[[19.75816,45.2627],[19.76363,45.26721],[19.77042,45.27314],[19.77928,45.28104],[19.78125,45.28328],[19.78278,45.28562],[19.78351,45.28624],[19.78455,45.28671],[19.78546,45.28688],[19.78673,45.28689],[19.78759,45.28672],[19.7881,45.28651],[19.78888,45.28606],[19.7909,45.28431],[19.79178,45.28373]]}},{"type":"Feature","properties":{"kind":"rail"},"geometry":{"type":"LineString","coordinates":[[19.78548,45.28884],[19.78718,45.28697]]}},{"type":"Feature","properties":{"kind":"rail"},"geometry":{"type":"LineString","coordinates":[[19.78718,45.28697],[19.78764,45.28656]]}},{"type":"Feature","properties":{"kind":"rail"},"geometry":{"type":"LineString","coordinates":[[19.78724,45.28698],[19.78553,45.28887]]}},{"type":"Feature","properties":{"kind":"rail"},"geometry":{"type":"LineString","coordinates":[[19.78769,45.28658],[19.78724,45.28698]]}},{"type":"Feature","properties":{"kind":"rail"},"geometry":{"type":"LineString","coordinates":[[19.62362,45.56474],[19.61973,45.57112],[19.61863,45.57351],[19.61742,45.57677],[19.61709,45.57801]]}},{"type":"Feature","properties":{"kind":"rail"},"geometry":{"type":"LineString","coordinates":[[19.61702,45.57793],[19.61735,45.57675],[19.61854,45.5735],[19.61965,45.57112],[19.62349,45.56475]]}},{"type":"Feature","properties":{"kind":"rail"},"geometry":{"type":"LineString","coordinates":[[19.61709,45.57801],[19.61661,45.58037],[19.61634,45.58214],[19.61616,45.58481],[19.61632,45.58863],[19.61649,45.59],[19.6168,45.59159]]}},{"type":"Feature","properties":{"kind":"rail"},"geometry":{"type":"LineString","coordinates":[[19.61669,45.5916],[19.61637,45.59001],[19.61624,45.58863],[19.61608,45.58479],[19.61626,45.58213],[19.61702,45.57793]]}},{"type":"Feature","properties":{"kind":"rail"},"geometry":{"type":"LineString","coordinates":[[19.22593,45.11534],[19.22169,45.11753]]}},{"type":"Feature","properties":{"kind":"rail"},"geometry":{"type":"LineString","coordinates":[[19.46056,45.02348],[19.47395,45.01908]]}},{"type":"Feature","properties":{"kind":"rail"},"geometry":{"type":"LineString","coordinates":[[20.44682,44.79492],[20.44713,44.79486]]}},{"type":"Feature","properties":{"kind":"rail"},"geometry":{"type":"LineString","coordinates":[[20.44715,44.79492],[20.44684,44.79497]]}},{"type":"Feature","properties":{"kind":"rail"},"geometry":{"type":"LineString","coordinates":[[20.44864,44.79457],[20.44908,44.79445]]}},{"type":"Feature","properties":{"kind":"rail"},"geometry":{"type":"LineString","coordinates":[[19.64995,45.71507],[19.6501,45.71043]]}},{"type":"Feature","properties":{"kind":"rail"},"geometry":{"type":"LineString","coordinates":[[19.6502,45.71043],[19.65003,45.71507]]}},{"type":"Feature","properties":{"kind":"rail"},"geometry":{"type":"LineString","coordinates":[[19.68067,46.02027],[19.68065,46.02074],[19.68167,46.02776],[19.68423,46.04336],[19.68559,46.05228],[19.68628,46.05616]]}},{"type":"Feature","properties":{"kind":"rail"},"geometry":{"type":"LineString","coordinates":[[21.6821,42.3083],[21.682,42.31176],[21.68205,42.31256],[21.68214,42.31295],[21.68247,42.31363],[21.68268,42.31394],[21.68324,42.3145],[21.68397,42.315],[21.68487,42.31537],[21.693,42.31776],[21.69386,42.31824],[21.69411,42.31845]]}},{"type":"Feature","properties":{"kind":"rail"},"geometry":{"type":"LineString","coordinates":[[21.68211,42.30821],[21.6821,42.3083]]}},{"type":"Feature","properties":{"kind":"rail"},"geometry":{"type":"LineString","coordinates":[[19.12576,44.40241],[19.12154,44.40024]]}},{"type":"Feature","properties":{"kind":"rail"},"geometry":{"type":"LineString","coordinates":[[19.15085,44.43086],[19.151,44.43034],[19.15105,44.42982]]}},{"type":"Feature","properties":{"kind":"rail"},"geometry":{"type":"LineString","coordinates":[[19.14554,44.46369],[19.14642,44.46139],[19.14699,44.46025],[19.1476,44.45925],[19.14896,44.45737]]}},{"type":"Feature","properties":{"kind":"rail"},"geometry":{"type":"LineString","coordinates":[[19.15861,44.5169],[19.15536,44.51668],[19.15349,44.51669],[19.14736,44.51728],[19.14459,44.51747]]}},{"type":"Feature","properties":{"kind":"rail"},"geometry":{"type":"LineString","coordinates":[[19.16788,44.51752],[19.15861,44.5169]]}},{"type":"Feature","properties":{"kind":"rail"},"geometry":{"type":"LineString","coordinates":[[19.22332,44.53815],[19.21236,44.53418]]}},{"type":"Feature","properties":{"kind":"rail"},"geometry":{"type":"LineString","coordinates":[[19.30868,44.63589],[19.31009,44.64088],[19.31045,44.64187],[19.31069,44.64233],[19.31145,44.64347],[19.31277,44.64528],[19.31337,44.64634],[19.31363,44.64714],[19.31408,44.64921],[19.31462,44.65044],[19.31485,44.65082],[19.31566,44.65183],[19.31956,44.65512]]}},{"type":"Feature","properties":{"kind":"rail"},"geometry":{"type":"LineString","coordinates":[[19.31956,44.65512],[19.3262,44.66068]]}},{"type":"Feature","properties":{"kind":"rail"},"geometry":{"type":"LineString","coordinates":[[19.44373,44.72663],[19.45065,44.72966]]}},{"type":"Feature","properties":{"kind":"rail"},"geometry":{"type":"LineString","coordinates":[[19.58721,44.77743],[19.59611,44.78102],[19.59819,44.78161],[19.59939,44.78177],[19.60081,44.78176],[19.60211,44.78162],[19.60646,44.78088]]}},{"type":"Feature","properties":{"kind":"rail"},"geometry":{"type":"LineString","coordinates":[[19.60646,44.78088],[19.61539,44.77924]]}},{"type":"Feature","properties":{"kind":"rail"},"geometry":{"type":"LineString","coordinates":[[19.69539,44.76455],[19.69874,44.76133]]}},{"type":"Feature","properties":{"kind":"rail"},"geometry":{"type":"LineString","coordinates":[[19.69539,44.76455],[19.69456,44.76541],[19.694,44.76623],[19.69365,44.76707],[19.69312,44.76909]]}},{"type":"Feature","properties":{"kind":"rail"},"geometry":{"type":"LineString","coordinates":[[19.70411,44.77795],[19.70975,44.77945],[19.71123,44.77998],[19.7176,44.78349],[19.71909,44.78444],[19.71949,44.7848],[19.71992,44.78527],[19.72037,44.78595],[19.72824,44.8004],[19.72855,44.80087],[19.72909,44.80149],[19.72987,44.8021],[19.73083,44.80269],[19.7382,44.80681],[19.76747,44.82309],[19.77636,44.82831],[19.77791,44.82908]]}},{"type":"Feature","properties":{"kind":"rail"},"geometry":{"type":"LineString","coordinates":[[19.77791,44.82908],[19.78423,44.83193],[19.78648,44.83337]]}},{"type":"Feature","properties":{"kind":"rail"},"geometry":{"type":"LineString","coordinates":[[19.78648,44.83337],[19.78812,44.83455],[19.80306,44.84672],[19.80353,44.84717],[19.80778,44.85207],[19.80839,44.85261],[19.80933,44.85317],[19.81698,44.85669],[19.81754,44.85688],[19.8193,44.85727],[19.82234,44.85778]]}},{"type":"Feature","properties":{"kind":"rail"},"geometry":{"type":"LineString","coordinates":[[19.82234,44.85778],[19.82301,44.85789]]}},{"type":"Feature","properties":{"kind":"rail"},"geometry":{"type":"LineString","coordinates":[[19.8553,44.89607],[19.86027,44.90273]]}},{"type":"Feature","properties":{"kind":"rail"},"geometry":{"type":"LineString","coordinates":[[19.83644,44.98396],[19.83646,44.98455],[19.8366,44.9851],[19.83702,44.98624],[19.83706,44.98683],[19.83693,44.98741],[19.83661,44.98793],[19.83599,44.98854],[19.83524,44.98897],[19.83411,44.98931],[19.83296,44.98938]]}},{"type":"Feature","properties":{"kind":"rail"},"geometry":{"type":"LineString","coordinates":[[19.08841,45.52578],[19.08631,45.5233]]}},{"type":"Feature","properties":{"kind":"rail"},"geometry":{"type":"LineString","coordinates":[[20.00062,43.91034],[20.00131,43.90948],[20.00161,43.90894]]}},{"type":"Feature","properties":{"kind":"rail"},"geometry":{"type":"LineString","coordinates":[[20.00054,43.91043],[20.00062,43.91034]]}},{"type":"Feature","properties":{"kind":"rail"},"geometry":{"type":"LineString","coordinates":[[21.28105,45.09777],[21.25645,45.08834],[21.24924,45.0851]]}},{"type":"Feature","properties":{"kind":"rail"},"geometry":{"type":"LineString","coordinates":[[21.24924,45.0851],[21.24915,45.08505]]}},{"type":"Feature","properties":{"kind":"rail"},"geometry":{"type":"LineString","coordinates":[[19.47979,43.78096],[19.48221,43.78248],[19.48357,43.78293]]}},{"type":"Feature","properties":{"kind":"rail"},"geometry":{"type":"LineString","coordinates":[[19.48357,43.78293],[19.484,43.78308]]}},{"type":"Feature","properties":{"kind":"rail"},"geometry":{"type":"LineString","coordinates":[[18.96512,45.41884],[18.96682,45.39111],[18.96684,45.38984],[18.96646,45.37685],[18.96639,45.37637],[18.96615,45.3758],[18.96572,45.37526],[18.96522,45.37485],[18.96464,45.37454],[18.96382,45.37427],[18.9622,45.37408]]}},{"type":"Feature","properties":{"kind":"rail"},"geometry":{"type":"LineString","coordinates":[[19.10132,45.54166],[19.10191,45.54228],[19.10795,45.5494]]}},{"type":"Feature","properties":{"kind":"rail"},"geometry":{"type":"LineString","coordinates":[[19.68076,46.09282],[19.6797,46.09337]]}},{"type":"Feature","properties":{"kind":"rail"},"geometry":{"type":"LineString","coordinates":[[22.56001,44.08822],[22.55247,44.07992],[22.55202,44.07954],[22.55141,44.07919],[22.54938,44.07828],[22.54804,44.07781],[22.54663,44.07756],[22.54555,44.07748],[22.54315,44.07762],[22.54227,44.07782],[22.54136,44.07827],[22.54088,44.07874],[22.54027,44.07968]]}},{"type":"Feature","properties":{"kind":"rail"},"geometry":{"type":"LineString","coordinates":[[22.56566,44.09445],[22.56562,44.0944]]}},{"type":"Feature","properties":{"kind":"rail"},"geometry":{"type":"LineString","coordinates":[[20.9416,44.65662],[20.94172,44.65615]]}},{"type":"Feature","properties":{"kind":"rail"},"geometry":{"type":"LineString","coordinates":[[20.96053,44.6786],[20.96067,44.67876]]}},{"type":"Feature","properties":{"kind":"rail"},"geometry":{"type":"LineString","coordinates":[[20.95767,44.6755],[20.96053,44.6786]]}},{"type":"Feature","properties":{"kind":"rail"},"geometry":{"type":"LineString","coordinates":[[19.79499,45.28192],[19.79322,45.28291]]}},{"type":"Feature","properties":{"kind":"rail"},"geometry":{"type":"LineString","coordinates":[[19.79317,45.28298],[19.7928,45.28325]]}},{"type":"Feature","properties":{"kind":"rail"},"geometry":{"type":"LineString","coordinates":[[19.79366,45.28271],[19.79322,45.28291]]}},{"type":"Feature","properties":{"kind":"rail"},"geometry":{"type":"LineString","coordinates":[[19.79468,45.28223],[19.79421,45.2824]]}},{"type":"Feature","properties":{"kind":"rail"},"geometry":{"type":"LineString","coordinates":[[19.79499,45.28192],[19.79458,45.2822]]}},{"type":"Feature","properties":{"kind":"rail"},"geometry":{"type":"LineString","coordinates":[[19.79517,45.28188],[19.79561,45.2817]]}},{"type":"Feature","properties":{"kind":"rail"},"geometry":{"type":"LineString","coordinates":[[19.79468,45.28223],[19.7928,45.28325],[19.79125,45.28419],[19.79039,45.28506],[19.78778,45.28843]]}},{"type":"Feature","properties":{"kind":"rail"},"geometry":{"type":"LineString","coordinates":[[19.80698,45.27282],[19.80741,45.27261]]}},{"type":"Feature","properties":{"kind":"rail"},"geometry":{"type":"LineString","coordinates":[[19.80815,45.2721],[19.80784,45.27236]]}},{"type":"Feature","properties":{"kind":"rail"},"geometry":{"type":"LineString","coordinates":[[19.81314,45.26922],[19.81393,45.26841]]}},{"type":"Feature","properties":{"kind":"rail"},"geometry":{"type":"LineString","coordinates":[[19.81959,45.26531],[19.81911,45.26554]]}},{"type":"Feature","properties":{"kind":"rail"},"geometry":{"type":"LineString","coordinates":[[19.81651,45.2669],[19.81622,45.26713]]}},{"type":"Feature","properties":{"kind":"rail"},"geometry":{"type":"LineString","coordinates":[[19.81497,45.26786],[19.81541,45.26764]]}},{"type":"Feature","properties":{"kind":"rail"},"geometry":{"type":"LineString","coordinates":[[19.81955,45.26528],[19.81906,45.26551]]}},{"type":"Feature","properties":{"kind":"rail"},"geometry":{"type":"LineString","coordinates":[[19.81896,45.26544],[19.81941,45.26521]]}},{"type":"Feature","properties":{"kind":"rail"},"geometry":{"type":"LineString","coordinates":[[19.81911,45.26554],[19.80815,45.2721],[19.80535,45.27384],[19.80407,45.27496],[19.8018,45.27785],[19.80115,45.27843],[19.80023,45.27902],[19.79499,45.28192]]}},{"type":"Feature","properties":{"kind":"rail"},"geometry":{"type":"LineString","coordinates":[[19.7823,45.294],[19.78259,45.29352]]}},{"type":"Feature","properties":{"kind":"rail"},"geometry":{"type":"LineString","coordinates":[[19.78259,45.29352],[19.7845,45.29019]]}},{"type":"Feature","properties":{"kind":"rail"},"geometry":{"type":"LineString","coordinates":[[19.7827,45.29348],[19.78239,45.29401]]}},{"type":"Feature","properties":{"kind":"rail"},"geometry":{"type":"LineString","coordinates":[[19.78457,45.2902],[19.7827,45.29348]]}},{"type":"Feature","properties":{"kind":"rail"},"geometry":{"type":"LineString","coordinates":[[19.78685,45.2895],[19.7853,45.29143],[19.78475,45.29198],[19.78094,45.29491],[19.78021,45.29572],[19.77993,45.29621],[19.7797,45.29679],[19.77921,45.29837],[19.77875,45.29944],[19.77804,45.30046],[19.77191,45.3083],[19.76896,45.31218]]}},{"type":"Feature","properties":{"kind":"rail"},"geometry":{"type":"LineString","coordinates":[[19.78685,45.2895],[19.78771,45.28841]]}},{"type":"Feature","properties":{"kind":"rail"},"geometry":{"type":"LineString","coordinates":[[19.786,45.29065],[19.78589,45.29091],[19.78436,45.29286],[19.78413,45.29327],[19.78391,45.29382],[19.78377,45.2949],[19.78391,45.29569],[19.78418,45.29632],[19.78446,45.29679],[19.78516,45.29758],[19.78644,45.29846]]}},{"type":"Feature","properties":{"kind":"rail"},"geometry":{"type":"LineString","coordinates":[[21.68461,42.30053],[21.68278,42.3036],[21.68247,42.30422],[21.6823,42.30495],[21.68211,42.30821]]}},{"type":"Feature","properties":{"kind":"rail"},"geometry":{"type":"LineString","coordinates":[[20.51229,44.71347],[20.51345,44.71359],[20.51438,44.71377],[20.51698,44.71451],[20.51765,44.71464],[20.51886,44.71475]]}},{"type":"Feature","properties":{"kind":"rail"},"geometry":{"type":"LineString","coordinates":[[21.08492,44.31897],[21.08263,44.32517]]}},{"type":"Feature","properties":{"kind":"rail"},"geometry":{"type":"LineString","coordinates":[[20.69258,43.22064],[20.69244,43.22033]]}},{"type":"Feature","properties":{"kind":"rail"},"geometry":{"type":"LineString","coordinates":[[22.28424,43.67066],[22.28426,43.67071]]}},{"type":"Feature","properties":{"kind":"rail"},"geometry":{"type":"LineString","coordinates":[[22.47781,44.09787],[22.47764,44.09782]]}},{"type":"Feature","properties":{"kind":"rail"},"geometry":{"type":"LineString","coordinates":[[22.29998,43.70751],[22.30318,43.70976],[22.30374,43.71027],[22.30441,43.7112],[22.30474,43.71195],[22.305,43.71304],[22.30557,43.71717],[22.30556,43.71867]]}},{"type":"Feature","properties":{"kind":"rail"},"geometry":{"type":"LineString","coordinates":[[22.30556,43.71867],[22.30555,43.71875]]}},{"type":"Feature","properties":{"kind":"rail"},"geometry":{"type":"LineString","coordinates":[[19.67106,46.10331],[19.67149,46.10237],[19.67178,46.10147]]}},{"type":"Feature","properties":{"kind":"rail"},"geometry":{"type":"LineString","coordinates":[[19.6706,46.10327],[19.67213,46.10006]]}},{"type":"Feature","properties":{"kind":"rail"},"geometry":{"type":"LineString","coordinates":[[19.67213,46.10006],[19.67224,46.09982]]}},{"type":"Feature","properties":{"kind":"rail"},"geometry":{"type":"LineString","coordinates":[[19.66874,45.9425],[19.66934,45.94604],[19.67386,45.97569],[19.6759,45.9878],[19.67731,45.99731],[19.67912,46.00881],[19.68093,46.02125],[19.68385,46.0401]]}},{"type":"Feature","properties":{"kind":"rail"},"geometry":{"type":"LineString","coordinates":[[19.66538,45.92079],[19.66545,45.92129]]}},{"type":"Feature","properties":{"kind":"rail"},"geometry":{"type":"LineString","coordinates":[[19.68378,46.0401],[19.68192,46.02854],[19.6807,46.02051],[19.67586,45.9878],[19.67422,45.9784],[19.66944,45.94699],[19.66868,45.94251]]}},{"type":"Feature","properties":{"kind":"rail"},"geometry":{"type":"LineString","coordinates":[[19.66533,45.92129],[19.66525,45.92077]]}},{"type":"Feature","properties":{"kind":"rail"},"geometry":{"type":"LineString","coordinates":[[19.62519,45.56154],[19.62587,45.56051]]}},{"type":"Feature","properties":{"kind":"rail"},"geometry":{"type":"LineString","coordinates":[[19.62598,45.56031],[19.62672,45.55922]]}},{"type":"Feature","properties":{"kind":"rail"},"geometry":{"type":"LineString","coordinates":[[19.62587,45.56028],[19.62633,45.5591]]}},{"type":"Feature","properties":{"kind":"rail"},"geometry":{"type":"LineString","coordinates":[[19.63102,45.55066],[19.63145,45.5496]]}},{"type":"Feature","properties":{"kind":"rail"},"geometry":{"type":"LineString","coordinates":[[22.09758,43.47286],[22.09769,43.47295]]}},{"type":"Feature","properties":{"kind":"rail"},"geometry":{"type":"LineString","coordinates":[[22.09806,43.47322],[22.0982,43.47329]]}},{"type":"Feature","properties":{"kind":"rail"},"geometry":{"type":"LineString","coordinates":[[19.5402,43.82985],[19.54233,43.82999]]}},{"type":"Feature","properties":{"kind":"rail"},"geometry":{"type":"LineString","coordinates":[[19.64029,43.39095],[19.64019,43.39187]]}},{"type":"Feature","properties":{"kind":"rail"},"geometry":{"type":"LineString","coordinates":[[19.64019,43.39187],[19.64016,43.39206]]}},{"type":"Feature","properties":{"kind":"rail"},"geometry":{"type":"LineString","coordinates":[[19.5087,44.74986],[19.50887,44.74988]]}},{"type":"Feature","properties":{"kind":"rail"},"geometry":{"type":"LineString","coordinates":[[21.94974,42.54887],[21.95907,42.55481]]}},{"type":"Feature","properties":{"kind":"rail"},"geometry":{"type":"LineString","coordinates":[[21.9497,42.54884],[21.94974,42.54887]]}},{"type":"Feature","properties":{"kind":"rail"},"geometry":{"type":"LineString","coordinates":[[21.95907,42.55481],[21.95912,42.55484]]}},{"type":"Feature","properties":{"kind":"rail"},"geometry":{"type":"LineString","coordinates":[[21.9345,42.54204],[21.93601,42.54195],[21.93731,42.54197],[21.93845,42.54215],[21.93964,42.54255],[21.94024,42.54285],[21.9497,42.54884]]}},{"type":"Feature","properties":{"kind":"rail"},"geometry":{"type":"LineString","coordinates":[[20.00074,44.29617],[19.99721,44.29568]]}},{"type":"Feature","properties":{"kind":"rail"},"geometry":{"type":"LineString","coordinates":[[19.99721,44.29568],[19.9971,44.29567]]}},{"type":"Feature","properties":{"kind":"rail"},"geometry":{"type":"LineString","coordinates":[[20.66121,43.26219],[20.66115,43.2623]]}},{"type":"Feature","properties":{"kind":"rail"},"geometry":{"type":"LineString","coordinates":[[20.66274,43.25941],[20.66121,43.26219]]}},{"type":"Feature","properties":{"kind":"rail"},"geometry":{"type":"LineString","coordinates":[[20.66627,43.25518],[20.66513,43.25573],[20.66451,43.25628],[20.66429,43.25658],[20.66283,43.25925]]}},{"type":"Feature","properties":{"kind":"rail"},"geometry":{"type":"LineString","coordinates":[[20.66636,43.25514],[20.66627,43.25518]]}},{"type":"Feature","properties":{"kind":"rail"},"geometry":{"type":"LineString","coordinates":[[20.6585,43.266],[20.65843,43.26604]]}},{"type":"Feature","properties":{"kind":"rail"},"geometry":{"type":"LineString","coordinates":[[20.66115,43.2623],[20.65976,43.26483],[20.6595,43.2652],[20.65919,43.26554],[20.6585,43.266]]}},{"type":"Feature","properties":{"kind":"rail"},"geometry":{"type":"LineString","coordinates":[[20.63494,43.28234],[20.63492,43.28236]]}},{"type":"Feature","properties":{"kind":"rail"},"geometry":{"type":"LineString","coordinates":[[20.6435,43.27558],[20.6406,43.27726],[20.6385,43.27832],[20.6379,43.27886],[20.63494,43.28234]]}},{"type":"Feature","properties":{"kind":"rail"},"geometry":{"type":"LineString","coordinates":[[19.66525,46.11204],[19.66643,46.11115],[19.6668,46.1108],[19.66729,46.11021],[19.66765,46.10963]]}},{"type":"Feature","properties":{"kind":"rail"},"geometry":{"type":"LineString","coordinates":[[19.78778,45.28843],[19.7869,45.28953]]}},{"type":"Feature","properties":{"kind":"rail"},"geometry":{"type":"LineString","coordinates":[[19.87247,44.23295],[19.87207,44.23293]]}},{"type":"Feature","properties":{"kind":"rail"},"geometry":{"type":"LineString","coordinates":[[21.42397,44.09517],[21.43038,44.09482],[21.43248,44.09462],[21.44495,44.09142],[21.44591,44.09124],[21.44661,44.0912],[21.44751,44.09135],[21.44831,44.09157],[21.4491,44.09191],[21.44947,44.09215],[21.4501,44.09268],[21.4516,44.09487],[21.45227,44.09536]]}},{"type":"Feature","properties":{"kind":"rail"},"geometry":{"type":"LineString","coordinates":[[21.87473,43.1487],[21.86225,43.16018]]}},{"type":"Feature","properties":{"kind":"rail"},"geometry":{"type":"LineString","coordinates":[[20.97149,44.60998],[20.97232,44.60872],[20.97324,44.60758],[20.97469,44.60623],[20.98163,44.60181]]}},{"type":"Feature","properties":{"kind":"rail"},"geometry":{"type":"LineString","coordinates":[[20.96593,44.62268],[20.96753,44.61837],[20.97149,44.60998]]}},{"type":"Feature","properties":{"kind":"rail"},"geometry":{"type":"LineString","coordinates":[[20.9211,44.6664],[20.92153,44.66669],[20.92313,44.66755],[20.92376,44.66779],[20.92421,44.66788],[20.9256,44.66797],[20.92845,44.66772]]}},{"type":"Feature","properties":{"kind":"rail"},"geometry":{"type":"LineString","coordinates":[[20.60328,45.24788],[20.60197,45.24836],[20.60064,45.24872],[20.59928,45.2489],[20.59759,45.24895],[20.59518,45.24887]]}},{"type":"Feature","properties":{"kind":"rail"},"geometry":{"type":"LineString","coordinates":[[20.59518,45.24887],[20.59358,45.24881]]}},{"type":"Feature","properties":{"kind":"rail"},"geometry":{"type":"LineString","coordinates":[[21.80457,44.486],[21.8033,44.48534]]}},{"type":"Feature","properties":{"kind":"rail"},"geometry":{"type":"LineString","coordinates":[[21.80022,44.48509],[21.79926,44.48541]]}},{"type":"Feature","properties":{"kind":"rail"},"geometry":{"type":"LineString","coordinates":[[21.55495,44.55198],[21.55351,44.55254],[21.54926,44.55362],[21.54738,44.5544],[21.54511,44.55578],[21.5434,44.5576]]}},{"type":"Feature","properties":{"kind":"rail"},"geometry":{"type":"LineString","coordinates":[[21.5434,44.5576],[21.54089,44.56099]]}},{"type":"Feature","properties":{"kind":"rail"},"geometry":{"type":"LineString","coordinates":[[21.1839,44.61081],[21.18251,44.60946],[21.18132,44.60868],[21.18037,44.60828]]}},{"type":"Feature","properties":{"kind":"rail"},"geometry":{"type":"LineString","coordinates":[[20.9649,44.62552],[20.96593,44.62268]]}},{"type":"Feature","properties":{"kind":"rail"},"geometry":{"type":"LineString","coordinates":[[20.93259,44.66485],[20.93862,44.66021],[20.93959,44.65941],[20.94053,44.65851],[20.94118,44.65769],[20.94139,44.65719],[20.94167,44.65602]]}},{"type":"Feature","properties":{"kind":"rail"},"geometry":{"type":"LineString","coordinates":[[20.94167,44.65602],[20.94181,44.65546],[20.94218,44.6548],[20.94262,44.65436],[20.94384,44.6536],[20.94431,44.65324],[20.94475,44.65284],[20.94504,44.65247]]}},{"type":"Feature","properties":{"kind":"rail"},"geometry":{"type":"LineString","coordinates":[[20.92926,44.66762],[20.92998,44.66743],[20.93069,44.66699],[20.93157,44.66576],[20.93259,44.66485]]}},{"type":"Feature","properties":{"kind":"rail"},"geometry":{"type":"LineString","coordinates":[[19.62337,46.17905],[19.6303,46.17084]]}},{"type":"Feature","properties":{"kind":"rail"},"geometry":{"type":"LineString","coordinates":[[19.6303,46.17084],[19.63163,46.16926]]}},{"type":"Feature","properties":{"kind":"rail"},"geometry":{"type":"LineString","coordinates":[[19.63168,46.16929],[19.6297,46.17164]]}},{"type":"Feature","properties":{"kind":"rail"},"geometry":{"type":"LineString","coordinates":[[21.862,43.1604],[21.85287,43.16877]]}},{"type":"Feature","properties":{"kind":"rail"},"geometry":{"type":"LineString","coordinates":[[21.85287,43.16877],[21.85278,43.16885]]}},{"type":"Feature","properties":{"kind":"rail"},"geometry":{"type":"LineString","coordinates":[[21.8351,43.21924],[21.83631,43.22035],[21.83731,43.22105]]}},{"type":"Feature","properties":{"kind":"rail"},"geometry":{"type":"LineString","coordinates":[[19.81906,45.26551],[19.81882,45.26566]]}},{"type":"Feature","properties":{"kind":"rail"},"geometry":{"type":"LineString","coordinates":[[19.81882,45.26566],[19.81622,45.26713],[19.80619,45.2732]]}},{"type":"Feature","properties":{"kind":"rail"},"geometry":{"type":"LineString","coordinates":[[19.78239,45.29401],[19.78219,45.29432]]}},{"type":"Feature","properties":{"kind":"rail"},"geometry":{"type":"LineString","coordinates":[[19.78211,45.29434],[19.7823,45.294]]}},{"type":"Feature","properties":{"kind":"rail"},"geometry":{"type":"LineString","coordinates":[[19.80625,45.2731],[19.81651,45.2669],[19.81876,45.26562]]}},{"type":"Feature","properties":{"kind":"rail"},"geometry":{"type":"LineString","coordinates":[[19.81876,45.26562],[19.81901,45.26548]]}},{"type":"Feature","properties":{"kind":"rail"},"geometry":{"type":"LineString","coordinates":[[19.68385,46.0401],[19.68449,46.04396],[19.68467,46.04451],[19.68509,46.04527],[19.68577,46.04626],[19.68794,46.04899],[19.68903,46.05004],[19.6913,46.05197],[19.69518,46.05502],[19.69638,46.05611],[19.69728,46.05709],[19.69914,46.05944],[19.69988,46.06077],[19.70047,46.06209],[19.7008,46.06308],[19.70112,46.06443],[19.70208,46.07232]]}},{"type":"Feature","properties":{"kind":"rail"},"geometry":{"type":"LineString","coordinates":[[19.70197,46.0723],[19.70103,46.06446],[19.70072,46.06314],[19.70035,46.06211],[19.6998,46.06079],[19.69905,46.05945],[19.69642,46.05623],[19.6951,46.05508],[19.69048,46.05139],[19.68784,46.04903],[19.68563,46.04623],[19.68458,46.04453],[19.68441,46.04397],[19.68378,46.0401]]}},{"type":"Feature","properties":{"kind":"rail"},"geometry":{"type":"LineString","coordinates":[[19.68358,46.09131],[19.68457,46.09066],[19.69122,46.08477],[19.69522,46.08103],[19.70041,46.07646],[19.70097,46.07581],[19.70132,46.07529],[19.70162,46.07468],[19.70186,46.07397],[19.70199,46.07315],[19.70197,46.0723]]}},{"type":"Feature","properties":{"kind":"rail"},"geometry":{"type":"LineString","coordinates":[[19.70208,46.07232],[19.70211,46.07314],[19.702,46.07399],[19.70173,46.07473],[19.70111,46.07585],[19.70054,46.07648],[19.69531,46.08109],[19.69078,46.08521],[19.6851,46.09025],[19.68439,46.09086],[19.68362,46.09134]]}},{"type":"Feature","properties":{"kind":"rail"},"geometry":{"type":"LineString","coordinates":[[19.67181,46.10103],[19.67146,46.1023],[19.671,46.10331]]}},{"type":"Feature","properties":{"kind":"rail"},"geometry":{"type":"LineString","coordinates":[[19.67219,46.10006],[19.67068,46.10328]]}},{"type":"Feature","properties":{"kind":"rail"},"geometry":{"type":"LineString","coordinates":[[21.88186,43.3167],[21.88121,43.3167]]}},{"type":"Feature","properties":{"kind":"rail"},"geometry":{"type":"LineString","coordinates":[[21.88273,43.33182],[21.88092,43.33264]]}},{"type":"Feature","properties":{"kind":"rail"},"geometry":{"type":"LineString","coordinates":[[21.87438,43.3357],[21.87317,43.33631],[21.87201,43.33727]]}},{"type":"Feature","properties":{"kind":"rail"},"geometry":{"type":"LineString","coordinates":[[21.87138,43.33963],[21.87168,43.34018],[21.87235,43.3408]]}},{"type":"Feature","properties":{"kind":"rail"},"geometry":{"type":"LineString","coordinates":[[21.95501,43.35618],[21.95549,43.3555],[21.95676,43.35308],[21.95683,43.35252],[21.95665,43.35165]]}},{"type":"Feature","properties":{"kind":"rail"},"geometry":{"type":"LineString","coordinates":[[21.95665,43.35165],[21.9554,43.34669]]}},{"type":"Feature","properties":{"kind":"rail"},"geometry":{"type":"LineString","coordinates":[[22.05061,43.39818],[22.05127,43.39846],[22.05208,43.39864],[22.05295,43.3987],[22.05368,43.39863]]}},{"type":"Feature","properties":{"kind":"rail"},"geometry":{"type":"LineString","coordinates":[[22.12557,43.41029],[22.12511,43.41092],[22.12441,43.41145],[22.12109,43.41297]]}},{"type":"Feature","properties":{"kind":"rail"},"geometry":{"type":"LineString","coordinates":[[22.12109,43.41297],[22.11507,43.41569]]}},{"type":"Feature","properties":{"kind":"rail"},"geometry":{"type":"LineString","coordinates":[[22.10348,43.45916],[22.10419,43.4597]]}},{"type":"Feature","properties":{"kind":"rail"},"geometry":{"type":"LineString","coordinates":[[22.10442,43.45999],[22.1047,43.46066]]}},{"type":"Feature","properties":{"kind":"rail"},"geometry":{"type":"LineString","coordinates":[[22.11029,43.48882],[22.11095,43.48914],[22.11151,43.48933]]}},{"type":"Feature","properties":{"kind":"rail"},"geometry":{"type":"LineString","coordinates":[[22.18643,43.54611],[22.18742,43.54567],[22.18827,43.54549],[22.19315,43.54523]]}},{"type":"Feature","properties":{"kind":"rail"},"geometry":{"type":"LineString","coordinates":[[22.24734,43.56757],[22.2485,43.56847],[22.24971,43.56966]]}},{"type":"Feature","properties":{"kind":"rail"},"geometry":{"type":"LineString","coordinates":[[22.29276,43.68937],[22.28916,43.68317]]}},{"type":"Feature","properties":{"kind":"rail"},"geometry":{"type":"LineString","coordinates":[[22.28916,43.84641],[22.28965,43.85106]]}},{"type":"Feature","properties":{"kind":"rail"},"geometry":{"type":"LineString","coordinates":[[22.30556,43.79662],[22.30518,43.79696]]}},{"type":"Feature","properties":{"kind":"rail"},"geometry":{"type":"LineString","coordinates":[[22.30144,43.8003],[22.30061,43.80105]]}},{"type":"Feature","properties":{"kind":"rail"},"geometry":{"type":"LineString","coordinates":[[22.29034,43.85745],[22.291,43.86333]]}},{"type":"Feature","properties":{"kind":"rail"},"geometry":{"type":"LineString","coordinates":[[22.29085,43.87785],[22.2908,43.88024],[22.29085,43.88083],[22.29092,43.8813],[22.29176,43.88434],[22.29245,43.89019],[22.29252,43.89132]]}},{"type":"Feature","properties":{"kind":"rail"},"geometry":{"type":"LineString","coordinates":[[22.25849,43.89826],[22.25816,43.89899],[22.25809,43.8994],[22.25812,43.89987],[22.25822,43.90034],[22.25839,43.90072],[22.25861,43.90107],[22.25905,43.90157],[22.25958,43.90196],[22.26032,43.90234],[22.26098,43.90255],[22.26337,43.90306]]}},{"type":"Feature","properties":{"kind":"rail"},"geometry":{"type":"LineString","coordinates":[[19.64899,46.14848],[19.64782,46.15012],[19.64537,46.15317],[19.63168,46.16929]]}},{"type":"Feature","properties":{"kind":"rail"},"geometry":{"type":"LineString","coordinates":[[19.64914,46.14825],[19.64899,46.14848]]}},{"type":"Feature","properties":{"kind":"rail"},"geometry":{"type":"LineString","coordinates":[[19.63163,46.16926],[19.64512,46.15336],[19.64681,46.15131],[19.64892,46.14846]]}},{"type":"Feature","properties":{"kind":"rail"},"geometry":{"type":"LineString","coordinates":[[19.64892,46.14846],[19.64907,46.14823]]}},{"type":"Feature","properties":{"kind":"rail"},"geometry":{"type":"LineString","coordinates":[[20.61751,43.54978],[20.61767,43.54947]]}},{"type":"Feature","properties":{"kind":"rail"},"geometry":{"type":"LineString","coordinates":[[20.61738,43.5502],[20.61751,43.54978]]}},{"type":"Feature","properties":{"kind":"rail"},"geometry":{"type":"LineString","coordinates":[[20.61139,43.56192],[20.61404,43.56218],[20.61528,43.56216],[20.61589,43.56207],[20.61905,43.56125],[20.61957,43.56103],[20.62004,43.5607],[20.62048,43.56029],[20.62078,43.55987],[20.62097,43.55937],[20.62105,43.55873]]}},{"type":"Feature","properties":{"kind":"rail"},"geometry":{"type":"LineString","coordinates":[[20.61116,43.56192],[20.61139,43.56192]]}},{"type":"Feature","properties":{"kind":"rail"},"geometry":{"type":"LineString","coordinates":[[20.56989,43.59572],[20.57004,43.59565]]}},{"type":"Feature","properties":{"kind":"rail"},"geometry":{"type":"LineString","coordinates":[[20.56221,43.59661],[20.56282,43.59644],[20.56345,43.59635],[20.56417,43.59635],[20.56576,43.5965],[20.56741,43.59642],[20.56989,43.59572]]}},{"type":"Feature","properties":{"kind":"rail"},"geometry":{"type":"LineString","coordinates":[[20.59294,43.5746],[20.59338,43.57411],[20.59362,43.57368],[20.59373,43.57323],[20.59385,43.57212],[20.59399,43.57158],[20.59447,43.57085],[20.59497,43.57045],[20.59555,43.57013],[20.59634,43.56986],[20.59938,43.5691]]}},{"type":"Feature","properties":{"kind":"rail"},"geometry":{"type":"LineString","coordinates":[[20.59289,43.57463],[20.59294,43.5746]]}},{"type":"Feature","properties":{"kind":"rail"},"geometry":{"type":"LineString","coordinates":[[20.59938,43.5691],[20.59944,43.56908]]}},{"type":"Feature","properties":{"kind":"rail"},"geometry":{"type":"LineString","coordinates":[[20.58368,43.58272],[20.58487,43.58222],[20.58548,43.58189],[20.58651,43.58106],[20.5869,43.58056],[20.58719,43.58004],[20.58735,43.5796],[20.58768,43.5779],[20.58797,43.57737],[20.5884,43.57696],[20.58901,43.57659],[20.59224,43.57504],[20.59289,43.57463]]}},{"type":"Feature","properties":{"kind":"rail"},"geometry":{"type":"LineString","coordinates":[[20.64783,43.45857],[20.64809,43.45841]]}},{"type":"Feature","properties":{"kind":"rail"},"geometry":{"type":"LineString","coordinates":[[20.64774,43.45862],[20.64783,43.45857]]}},{"type":"Feature","properties":{"kind":"rail"},"geometry":{"type":"LineString","coordinates":[[20.4818,43.81983],[20.48089,43.82091],[20.48009,43.82164],[20.46889,43.83106],[20.46395,43.83509],[20.46102,43.83743],[20.46049,43.83779],[20.45932,43.83846],[20.45485,43.84057],[20.45099,43.84256],[20.43806,43.84867]]}},{"type":"Feature","properties":{"kind":"rail"},"geometry":{"type":"LineString","coordinates":[[20.43806,43.84867],[20.43789,43.84876]]}},{"type":"Feature","properties":{"kind":"rail"},"geometry":{"type":"LineString","coordinates":[[22.16556,43.32329],[22.1631,43.32541],[22.16234,43.32597],[22.16107,43.32669],[22.1597,43.32764],[22.15872,43.32872],[22.15818,43.32919]]}},{"type":"Feature","properties":{"kind":"rail"},"geometry":{"type":"LineString","coordinates":[[22.15818,43.32919],[22.1578,43.32943]]}},{"type":"Feature","properties":{"kind":"rail"},"geometry":{"type":"LineString","coordinates":[[19.83453,45.31991],[19.83507,45.32021]]}},{"type":"Feature","properties":{"kind":"rail"},"geometry":{"type":"LineString","coordinates":[[20.55391,43.61274],[20.5538,43.61229]]}},{"type":"Feature","properties":{"kind":"rail"},"geometry":{"type":"LineString","coordinates":[[20.5538,43.61229],[20.55378,43.6121]]}},{"type":"Feature","properties":{"kind":"rail"},"geometry":{"type":"LineString","coordinates":[[19.69634,43.31074],[19.69344,43.31279]]}},{"type":"Feature","properties":{"kind":"rail"},"geometry":{"type":"LineString","coordinates":[[19.69639,43.3107],[19.69634,43.31074]]}},{"type":"Feature","properties":{"kind":"rail"},"geometry":{"type":"LineString","coordinates":[[20.76454,43.94073],[20.76447,43.9407]]}},{"type":"Feature","properties":{"kind":"rail"},"geometry":{"type":"LineString","coordinates":[[20.77339,43.94757],[20.77298,43.94726],[20.77243,43.9466],[20.77126,43.94412],[20.771,43.94375],[20.77026,43.94297],[20.76927,43.94236],[20.76872,43.9421],[20.76454,43.94073]]}},{"type":"Feature","properties":{"kind":"rail"},"geometry":{"type":"LineString","coordinates":[[21.55604,43.58763],[21.55537,43.58811],[21.55291,43.59029],[21.55231,43.59094],[21.54372,43.60262],[21.54298,43.60333],[21.54206,43.60389],[21.53866,43.60525],[21.53775,43.60568],[21.53623,43.60657],[21.53447,43.60747],[21.53321,43.60784],[21.53019,43.60857],[21.52923,43.60873],[21.52847,43.6088],[21.52755,43.60878],[21.52694,43.6087],[21.51964,43.60669]]}},{"type":"Feature","properties":{"kind":"rail"},"geometry":{"type":"LineString","coordinates":[[21.55607,43.58761],[21.55604,43.58763]]}},{"type":"Feature","properties":{"kind":"rail"},"geometry":{"type":"LineString","coordinates":[[21.55602,43.58758],[21.55606,43.58756]]}},{"type":"Feature","properties":{"kind":"rail"},"geometry":{"type":"LineString","coordinates":[[21.51966,43.60664],[21.52695,43.60866],[21.5279,43.60875],[21.52931,43.60868],[21.5305,43.60846],[21.533,43.60785],[21.53443,43.60743],[21.53521,43.60707],[21.53821,43.6054],[21.54164,43.60404],[21.54226,43.60373],[21.54311,43.60312],[21.54388,43.60225],[21.54607,43.59937],[21.55083,43.5928],[21.55228,43.59091],[21.55287,43.59029],[21.55543,43.588],[21.55602,43.58758]]}},{"type":"Feature","properties":{"kind":"rail"},"geometry":{"type":"LineString","coordinates":[[19.85799,44.21653],[19.85781,44.21626]]}},{"type":"Feature","properties":{"kind":"rail"},"geometry":{"type":"LineString","coordinates":[[19.85806,44.21663],[19.85799,44.21653]]}},{"type":"Feature","properties":{"kind":"rail"},"geometry":{"type":"LineString","coordinates":[[22.31963,43.96596],[22.31875,43.96629],[22.31826,43.96662],[22.31792,43.96696],[22.31758,43.96755],[22.31687,43.96954]]}},{"type":"Feature","properties":{"kind":"rail"},"geometry":{"type":"LineString","coordinates":[[22.34108,44.00187],[22.34185,44.00189],[22.34288,44.00206],[22.34378,44.00239],[22.34435,44.0027]]}},{"type":"Feature","properties":{"kind":"rail"},"geometry":{"type":"LineString","coordinates":[[22.35636,44.01137],[22.35263,44.01547],[22.35216,44.01632]]}},{"type":"Feature","properties":{"kind":"rail"},"geometry":{"type":"LineString","coordinates":[[22.37083,44.03277],[22.37177,44.03441]]}},{"type":"Feature","properties":{"kind":"rail"},"geometry":{"type":"LineString","coordinates":[[22.40939,44.05949],[22.41055,44.05924],[22.41146,44.05882]]}},{"type":"Feature","properties":{"kind":"rail"},"geometry":{"type":"LineString","coordinates":[[22.47992,44.09797],[22.47866,44.09801],[22.47781,44.09787]]}},{"type":"Feature","properties":{"kind":"rail"},"geometry":{"type":"LineString","coordinates":[[22.48947,44.0964],[22.4889,44.09686],[22.48837,44.09717],[22.48776,44.0974],[22.48703,44.09754],[22.47992,44.09797]]}},{"type":"Feature","properties":{"kind":"rail"},"geometry":{"type":"LineString","coordinates":[[22.53591,44.08115],[22.53495,44.08093],[22.5344,44.08089],[22.53323,44.08104],[22.52018,44.08635],[22.51894,44.08653],[22.51479,44.08677]]}},{"type":"Feature","properties":{"kind":"rail"},"geometry":{"type":"LineString","coordinates":[[22.54027,44.07968],[22.53952,44.08052],[22.53858,44.08107],[22.53767,44.0813],[22.53702,44.08133],[22.53591,44.08115]]}},{"type":"Feature","properties":{"kind":"rail"},"geometry":{"type":"LineString","coordinates":[[22.5642,44.09284],[22.56001,44.08822]]}},{"type":"Feature","properties":{"kind":"rail"},"geometry":{"type":"LineString","coordinates":[[22.56562,44.0944],[22.5642,44.09284]]}},{"type":"Feature","properties":{"kind":"rail"},"geometry":{"type":"LineString","coordinates":[[22.57084,44.11467],[22.57006,44.11413],[22.56952,44.11345],[22.56939,44.11311],[22.56917,44.11132],[22.56805,44.10844],[22.56797,44.10804],[22.56824,44.10637],[22.56841,44.10581],[22.56888,44.10473],[22.5693,44.10226],[22.57012,44.10037],[22.57015,44.10004],[22.57009,44.09967],[22.56985,44.09912],[22.56944,44.09862],[22.56566,44.09445]]}},{"type":"Feature","properties":{"kind":"rail"},"geometry":{"type":"LineString","coordinates":[[22.57673,44.11841],[22.57084,44.11467]]}},{"type":"Feature","properties":{"kind":"rail"},"geometry":{"type":"LineString","coordinates":[[22.57943,44.12008],[22.57673,44.11841]]}},{"type":"Feature","properties":{"kind":"rail"},"geometry":{"type":"LineString","coordinates":[[22.58299,44.12036],[22.58102,44.12049],[22.58038,44.1204],[22.57943,44.12008]]}},{"type":"Feature","properties":{"kind":"rail"},"geometry":{"type":"LineString","coordinates":[[22.6027,44.15984],[22.60305,44.1587]]}},{"type":"Feature","properties":{"kind":"rail"},"geometry":{"type":"LineString","coordinates":[[22.58897,44.1895],[22.59028,44.18977],[22.59153,44.1897]]}},{"type":"Feature","properties":{"kind":"rail"},"geometry":{"type":"LineString","coordinates":[[22.58411,44.18831],[22.58897,44.1895]]}},{"type":"Feature","properties":{"kind":"rail"},"geometry":{"type":"LineString","coordinates":[[22.54432,44.24283],[22.5377,44.2361],[22.53673,44.23496],[22.53632,44.2343],[22.53579,44.23327],[22.53567,44.23283],[22.53566,44.23235],[22.53587,44.23175],[22.53613,44.23138],[22.53673,44.23087],[22.53723,44.23058]]}},{"type":"Feature","properties":{"kind":"rail"},"geometry":{"type":"LineString","coordinates":[[22.53723,44.23058],[22.54405,44.22675]]}},{"type":"Feature","properties":{"kind":"rail"},"geometry":{"type":"LineString","coordinates":[[22.60472,44.29167],[22.60333,44.29187],[22.60147,44.29225],[22.59606,44.29353],[22.59551,44.29361],[22.59494,44.29357],[22.59374,44.2932],[22.59322,44.29291],[22.59279,44.29255],[22.59022,44.2898]]}},{"type":"Feature","properties":{"kind":"rail"},"geometry":{"type":"LineString","coordinates":[[22.59022,44.2898],[22.5852,44.28458]]}},{"type":"Feature","properties":{"kind":"rail"},"geometry":{"type":"LineString","coordinates":[[22.60811,44.29108],[22.60472,44.29167]]}},{"type":"Feature","properties":{"kind":"rail"},"geometry":{"type":"LineString","coordinates":[[19.7954,43.84938],[19.79523,43.84934]]}},{"type":"Feature","properties":{"kind":"rail"},"geometry":{"type":"LineString","coordinates":[[19.79485,43.84924],[19.79474,43.84921]]}},{"type":"Feature","properties":{"kind":"rail"},"geometry":{"type":"LineString","coordinates":[[21.79257,42.45267],[21.79858,42.45417],[21.80001,42.45441],[21.80207,42.45453],[21.81339,42.45479]]}},{"type":"Feature","properties":{"kind":"rail"},"geometry":{"type":"LineString","coordinates":[[21.79247,42.45264],[21.79257,42.45267]]}},{"type":"Feature","properties":{"kind":"rail"},"geometry":{"type":"LineString","coordinates":[[21.77464,42.44524],[21.77578,42.44564],[21.77663,42.44602],[21.77784,42.44674],[21.78194,42.44958],[21.78275,42.45],[21.78366,42.45034],[21.79247,42.45264]]}},{"type":"Feature","properties":{"kind":"rail"},"geometry":{"type":"LineString","coordinates":[[21.77452,42.44521],[21.77464,42.44524]]}},{"type":"Feature","properties":{"kind":"rail"},"geometry":{"type":"LineString","coordinates":[[21.81339,42.45479],[21.81348,42.45479]]}},{"type":"Feature","properties":{"kind":"rail"},"geometry":{"type":"LineString","coordinates":[[21.75291,42.43768],[21.77452,42.44521]]}},{"type":"Feature","properties":{"kind":"rail"},"geometry":{"type":"LineString","coordinates":[[20.49816,44.84095],[20.50377,44.84634]]}},{"type":"Feature","properties":{"kind":"rail"},"geometry":{"type":"LineString","coordinates":[[20.50372,44.84636],[20.49806,44.84101]]}},{"type":"Feature","properties":{"kind":"rail"},"geometry":{"type":"LineString","coordinates":[[21.71902,42.37311],[21.71935,42.37359],[21.71969,42.37427],[21.71992,42.37523],[21.71992,42.37622],[21.71971,42.37717],[21.71953,42.37761],[21.71903,42.37841],[21.71838,42.37922]]}},{"type":"Feature","properties":{"kind":"rail"},"geometry":{"type":"LineString","coordinates":[[21.71408,42.36918],[21.71415,42.36923]]}},{"type":"Feature","properties":{"kind":"rail"},"geometry":{"type":"LineString","coordinates":[[21.69343,42.24982],[21.69749,42.25391],[21.69778,42.2543]]}},{"type":"Feature","properties":{"kind":"rail"},"geometry":{"type":"LineString","coordinates":[[21.69339,42.24978],[21.69343,42.24982]]}},{"type":"Feature","properties":{"kind":"rail"},"geometry":{"type":"LineString","coordinates":[[21.69418,42.3185],[21.69476,42.31908],[21.69498,42.31944],[21.69684,42.32295],[21.69718,42.32346],[21.69822,42.32465]]}},{"type":"Feature","properties":{"kind":"rail"},"geometry":{"type":"LineString","coordinates":[[21.69411,42.31845],[21.69418,42.3185]]}},{"type":"Feature","properties":{"kind":"rail"},"geometry":{"type":"LineString","coordinates":[[21.69032,42.28467],[21.68996,42.28533],[21.68976,42.28606],[21.68977,42.28671],[21.69027,42.28953],[21.69027,42.29034],[21.6901,42.2912],[21.68969,42.29209],[21.6891,42.2931],[21.68461,42.30053]]}},{"type":"Feature","properties":{"kind":"rail"},"geometry":{"type":"LineString","coordinates":[[21.69035,42.28463],[21.69032,42.28467]]}},{"type":"Feature","properties":{"kind":"rail"},"geometry":{"type":"LineString","coordinates":[[21.70835,42.35326],[21.70858,42.35532],[21.70858,42.35667],[21.70846,42.35778],[21.70797,42.36076],[21.70804,42.36181],[21.70825,42.36251],[21.70882,42.36359],[21.7106,42.36614],[21.71123,42.36689],[21.71155,42.36723],[21.71274,42.3682],[21.71408,42.36918]]}},{"type":"Feature","properties":{"kind":"rail"},"geometry":{"type":"LineString","coordinates":[[21.70834,42.35322],[21.70835,42.35326]]}},{"type":"Feature","properties":{"kind":"rail"},"geometry":{"type":"LineString","coordinates":[[21.71895,42.37304],[21.71902,42.37311]]}},{"type":"Feature","properties":{"kind":"rail"},"geometry":{"type":"LineString","coordinates":[[21.71415,42.36923],[21.71764,42.3718],[21.71835,42.3724],[21.71895,42.37304]]}},{"type":"Feature","properties":{"kind":"rail"},"geometry":{"type":"LineString","coordinates":[[22.04456,42.65478],[22.04518,42.65546],[22.04669,42.6574],[22.04734,42.65841],[22.04774,42.65926]]}},{"type":"Feature","properties":{"kind":"rail"},"geometry":{"type":"LineString","coordinates":[[22.04453,42.65475],[22.04456,42.65478]]}},{"type":"Feature","properties":{"kind":"rail"},"geometry":{"type":"LineString","coordinates":[[21.69859,44.45903],[21.68599,44.46622]]}},{"type":"Feature","properties":{"kind":"rail"},"geometry":{"type":"LineString","coordinates":[[21.69871,44.45896],[21.69859,44.45903]]}},{"type":"Feature","properties":{"kind":"rail"},"geometry":{"type":"LineString","coordinates":[[21.68592,44.46626],[21.67948,44.46994]]}},{"type":"Feature","properties":{"kind":"rail"},"geometry":{"type":"LineString","coordinates":[[21.68599,44.46622],[21.68592,44.46626]]}},{"type":"Feature","properties":{"kind":"rail"},"geometry":{"type":"LineString","coordinates":[[21.85986,44.44798],[21.8599,44.44807]]}},{"type":"Feature","properties":{"kind":"rail"},"geometry":{"type":"LineString","coordinates":[[21.8578,44.44606],[21.85932,44.44718],[21.85975,44.44773],[21.85986,44.44798]]}},{"type":"Feature","properties":{"kind":"rail"},"geometry":{"type":"LineString","coordinates":[[20.38761,45.2955],[20.3876,45.29563],[20.38807,45.29594]]}},{"type":"Feature","properties":{"kind":"rail"},"geometry":{"type":"LineString","coordinates":[[20.38757,45.29556],[20.38751,45.29563]]}},{"type":"Feature","properties":{"kind":"rail"},"geometry":{"type":"LineString","coordinates":[[22.3445,44.00278],[22.34574,44.00344]]}},{"type":"Feature","properties":{"kind":"rail"},"geometry":{"type":"LineString","coordinates":[[22.34435,44.0027],[22.3445,44.00278]]}},{"type":"Feature","properties":{"kind":"rail"},"geometry":{"type":"LineString","coordinates":[[22.3472,44.00378],[22.34745,44.00379]]}},{"type":"Feature","properties":{"kind":"rail"},"geometry":{"type":"LineString","coordinates":[[22.34574,44.00344],[22.3463,44.00364],[22.3472,44.00378]]}},{"type":"Feature","properties":{"kind":"rail"},"geometry":{"type":"LineString","coordinates":[[21.3638,44.12726],[21.37832,44.11255],[21.37926,44.11146],[21.38058,44.1097],[21.38296,44.10628],[21.38381,44.10536],[21.38491,44.10448]]}},{"type":"Feature","properties":{"kind":"rail"},"geometry":{"type":"LineString","coordinates":[[21.36376,44.1273],[21.3638,44.12726]]}},{"type":"Feature","properties":{"kind":"rail"},"geometry":{"type":"LineString","coordinates":[[21.38504,44.10441],[21.38684,44.10351],[21.38777,44.10325],[21.4028,44.10031],[21.40527,44.09965],[21.40692,44.09894],[21.41053,44.09681],[21.41198,44.09619],[21.41301,44.09591],[21.41474,44.09568],[21.42397,44.09517]]}},{"type":"Feature","properties":{"kind":"rail"},"geometry":{"type":"LineString","coordinates":[[21.38491,44.10448],[21.38504,44.10441]]}},{"type":"Feature","properties":{"kind":"rail"},"geometry":{"type":"LineString","coordinates":[[19.66868,45.94251],[19.66866,45.94239]]}},{"type":"Feature","properties":{"kind":"rail"},"geometry":{"type":"LineString","coordinates":[[19.66733,45.934],[19.66533,45.92129]]}},{"type":"Feature","properties":{"kind":"rail"},"geometry":{"type":"LineString","coordinates":[[19.66871,45.94238],[19.66874,45.9425]]}},{"type":"Feature","properties":{"kind":"rail"},"geometry":{"type":"LineString","coordinates":[[19.66545,45.92129],[19.66741,45.93404]]}},{"type":"Feature","properties":{"kind":"rail"},"geometry":{"type":"LineString","coordinates":[[19.22431,45.11609],[19.22634,45.115],[19.22737,45.1143],[19.22768,45.11389],[19.22794,45.11339],[19.22798,45.11313]]}},{"type":"Feature","properties":{"kind":"rail"},"geometry":{"type":"LineString","coordinates":[[19.50649,43.62719],[19.50739,43.62676]]}},{"type":"Feature","properties":{"kind":"rail"},"geometry":{"type":"LineString","coordinates":[[19.50739,43.62676],[19.50827,43.62638]]}},{"type":"Feature","properties":{"kind":"rail"},"geometry":{"type":"LineString","coordinates":[[19.52071,43.63175],[19.52072,43.63195]]}},{"type":"Feature","properties":{"kind":"rail"},"geometry":{"type":"LineString","coordinates":[[19.49327,43.64205],[19.49302,43.64218]]}},{"type":"Feature","properties":{"kind":"rail"},"geometry":{"type":"LineString","coordinates":[[19.49209,43.64284],[19.49127,43.64359]]}},{"type":"Feature","properties":{"kind":"rail"},"geometry":{"type":"LineString","coordinates":[[19.4867,43.65216],[19.4865,43.65254]]}},{"type":"Feature","properties":{"kind":"rail"},"geometry":{"type":"LineString","coordinates":[[19.4865,43.65254],[19.48606,43.65305],[19.48547,43.65349]]}},{"type":"Feature","properties":{"kind":"rail"},"geometry":{"type":"LineString","coordinates":[[19.54599,43.70789],[19.54629,43.70785]]}},{"type":"Feature","properties":{"kind":"rail"},"geometry":{"type":"LineString","coordinates":[[19.54629,43.70785],[19.54666,43.70777]]}},{"type":"Feature","properties":{"kind":"rail"},"geometry":{"type":"LineString","coordinates":[[19.55162,43.70561],[19.55214,43.70509]]}},{"type":"Feature","properties":{"kind":"rail"},"geometry":{"type":"LineString","coordinates":[[19.55214,43.70509],[19.55234,43.70494]]}},{"type":"Feature","properties":{"kind":"rail"},"geometry":{"type":"LineString","coordinates":[[19.58665,43.71057],[19.58811,43.70993]]}},{"type":"Feature","properties":{"kind":"rail"},"geometry":{"type":"LineString","coordinates":[[19.58811,43.70993],[19.58853,43.70975]]}},{"type":"Feature","properties":{"kind":"rail"},"geometry":{"type":"LineString","coordinates":[[19.7432,43.80287],[19.74333,43.8027]]}},{"type":"Feature","properties":{"kind":"rail"},"geometry":{"type":"LineString","coordinates":[[19.77274,43.84353],[19.77244,43.84362]]}},{"type":"Feature","properties":{"kind":"rail"},"geometry":{"type":"LineString","coordinates":[[19.79803,43.84947],[19.79706,43.84951]]}},{"type":"Feature","properties":{"kind":"rail"},"geometry":{"type":"LineString","coordinates":[[19.79837,43.84946],[19.79803,43.84947]]}},{"type":"Feature","properties":{"kind":"rail"},"geometry":{"type":"LineString","coordinates":[[19.87717,44.14219],[19.87704,44.14125]]}},{"type":"Feature","properties":{"kind":"rail"},"geometry":{"type":"LineString","coordinates":[[19.87725,44.14282],[19.87717,44.14219]]}},{"type":"Feature","properties":{"kind":"rail"},"geometry":{"type":"LineString","coordinates":[[20.37636,44.83539],[20.37704,44.83524]]}},{"type":"Feature","properties":{"kind":"rail"},"geometry":{"type":"LineString","coordinates":[[20.64642,44.88684],[20.64592,44.88687]]}},{"type":"Feature","properties":{"kind":"rail"},"geometry":{"type":"LineString","coordinates":[[20.37746,44.83529],[20.37641,44.83559]]}},{"type":"Feature","properties":{"kind":"rail"},"geometry":{"type":"LineString","coordinates":[[20.55084,44.87752],[20.54914,44.87699]]}},{"type":"Feature","properties":{"kind":"rail"},"geometry":{"type":"LineString","coordinates":[[20.5851,45.25042],[20.58096,45.2514]]}},{"type":"Feature","properties":{"kind":"rail"},"geometry":{"type":"LineString","coordinates":[[20.53871,44.87362],[20.54058,44.87423]]}},{"type":"Feature","properties":{"kind":"rail"},"geometry":{"type":"LineString","coordinates":[[20.5394,44.87389],[20.53779,44.87337]]}},{"type":"Feature","properties":{"kind":"rail"},"geometry":{"type":"LineString","coordinates":[[20.53839,44.87351],[20.53871,44.87362]]}},{"type":"Feature","properties":{"kind":"rail"},"geometry":{"type":"LineString","coordinates":[[20.2513,44.38941],[20.25112,44.38894],[20.25081,44.38843],[20.25036,44.38794],[20.24969,44.3874],[20.24834,44.38659]]}},{"type":"Feature","properties":{"kind":"rail"},"geometry":{"type":"LineString","coordinates":[[20.24834,44.38659],[20.24542,44.38489]]}},{"type":"Feature","properties":{"kind":"rail"},"geometry":{"type":"LineString","coordinates":[[20.55029,44.8773],[20.55295,44.87814]]}},{"type":"Feature","properties":{"kind":"rail"},"geometry":{"type":"LineString","coordinates":[[20.5524,44.87801],[20.55084,44.87752]]}},{"type":"Feature","properties":{"kind":"rail"},"geometry":{"type":"LineString","coordinates":[[20.92845,44.66772],[20.92926,44.66762]]}},{"type":"Feature","properties":{"kind":"rail"},"geometry":{"type":"LineString","coordinates":[[20.99938,44.58766],[20.99994,44.58701]]}},{"type":"Feature","properties":{"kind":"rail"},"geometry":{"type":"LineString","coordinates":[[21.00646,44.58087],[21.00025,44.58671]]}},{"type":"Feature","properties":{"kind":"rail"},"geometry":{"type":"LineString","coordinates":[[21.18408,44.61099],[21.1839,44.61081]]}},{"type":"Feature","properties":{"kind":"rail"},"geometry":{"type":"LineString","coordinates":[[19.49465,45.62344],[19.49475,45.62335]]}},{"type":"Feature","properties":{"kind":"rail"},"geometry":{"type":"LineString","coordinates":[[19.68343,46.09139],[19.68358,46.09131]]}},{"type":"Feature","properties":{"kind":"rail"},"geometry":{"type":"LineString","coordinates":[[19.671,46.10331],[19.67045,46.10446],[19.66952,46.10601]]}},{"type":"Feature","properties":{"kind":"rail"},"geometry":{"type":"LineString","coordinates":[[19.66974,46.10508],[19.6696,46.10549]]}},{"type":"Feature","properties":{"kind":"rail"},"geometry":{"type":"LineString","coordinates":[[19.66875,46.10736],[19.66939,46.10595]]}},{"type":"Feature","properties":{"kind":"rail"},"geometry":{"type":"LineString","coordinates":[[19.66894,46.10713],[19.66883,46.10738]]}},{"type":"Feature","properties":{"kind":"rail"},"geometry":{"type":"LineString","coordinates":[[19.6706,46.10327],[19.66974,46.10508]]}},{"type":"Feature","properties":{"kind":"rail"},"geometry":{"type":"LineString","coordinates":[[19.67068,46.10328],[19.66944,46.10583]]}},{"type":"Feature","properties":{"kind":"rail"},"geometry":{"type":"LineString","coordinates":[[19.66952,46.10601],[19.67044,46.10462],[19.67106,46.10331]]}},{"type":"Feature","properties":{"kind":"rail"},"geometry":{"type":"LineString","coordinates":[[19.66765,46.10963],[19.66875,46.10736]]}},{"type":"Feature","properties":{"kind":"rail"},"geometry":{"type":"LineString","coordinates":[[19.66934,46.10626],[19.66914,46.10669]]}},{"type":"Feature","properties":{"kind":"rail"},"geometry":{"type":"LineString","coordinates":[[19.6694,46.10629],[19.66851,46.10819]]}},{"type":"Feature","properties":{"kind":"rail"},"geometry":{"type":"LineString","coordinates":[[19.66952,46.10601],[19.6694,46.10629]]}},{"type":"Feature","properties":{"kind":"rail"},"geometry":{"type":"LineString","coordinates":[[19.66914,46.10669],[19.66894,46.10713]]}},{"type":"Feature","properties":{"kind":"rail"},"geometry":{"type":"LineString","coordinates":[[19.67178,46.10147],[19.67187,46.10104],[19.67234,46.10008]]}},{"type":"Feature","properties":{"kind":"rail"},"geometry":{"type":"LineString","coordinates":[[19.66883,46.10738],[19.66785,46.10939]]}},{"type":"Feature","properties":{"kind":"rail"},"geometry":{"type":"LineString","coordinates":[[19.67227,46.10007],[19.67181,46.10103]]}},{"type":"Feature","properties":{"kind":"rail"},"geometry":{"type":"LineString","coordinates":[[20.15536,44.61626],[20.15544,44.62291],[20.15714,44.66045],[20.15713,44.66121],[20.15701,44.66169],[20.15601,44.66361],[20.15565,44.66459],[20.15561,44.66514],[20.15566,44.66558],[20.156,44.6666]]}},{"type":"Feature","properties":{"kind":"rail"},"geometry":{"type":"LineString","coordinates":[[20.15536,44.61599],[20.15536,44.61626]]}},{"type":"Feature","properties":{"kind":"rail"},"geometry":{"type":"LineString","coordinates":[[19.89005,45.23763],[19.88553,45.2446]]}},{"type":"Feature","properties":{"kind":"rail"},"geometry":{"type":"LineString","coordinates":[[19.88553,45.2446],[19.88473,45.24569],[19.88229,45.24949]]}},{"type":"Feature","properties":{"kind":"rail"},"geometry":{"type":"LineString","coordinates":[[19.6309,45.55089],[19.62598,45.56031]]}},{"type":"Feature","properties":{"kind":"rail"},"geometry":{"type":"LineString","coordinates":[[19.6309,45.55089],[19.63056,45.55183],[19.62672,45.55922]]}},{"type":"Feature","properties":{"kind":"rail"},"geometry":{"type":"LineString","coordinates":[[19.62598,45.56031],[19.6243,45.56347]]}},{"type":"Feature","properties":{"kind":"rail"},"geometry":{"type":"LineString","coordinates":[[19.65003,45.71507],[19.64923,45.73986],[19.64895,45.74577],[19.64725,45.80129],[19.6473,45.80242],[19.64856,45.81114],[19.64888,45.81298]]}},{"type":"Feature","properties":{"kind":"rail"},"geometry":{"type":"LineString","coordinates":[[19.6488,45.81299],[19.64719,45.8024],[19.64715,45.80128],[19.64895,45.74375],[19.64913,45.74059],[19.64995,45.71507]]}},{"type":"Feature","properties":{"kind":"rail"},"geometry":{"type":"LineString","coordinates":[[19.64888,45.81298],[19.65027,45.82217]]}},{"type":"Feature","properties":{"kind":"rail"},"geometry":{"type":"LineString","coordinates":[[19.8854,45.24467],[19.8899,45.23775]]}},{"type":"Feature","properties":{"kind":"rail"},"geometry":{"type":"LineString","coordinates":[[19.88225,45.24947],[19.8854,45.24467]]}},{"type":"Feature","properties":{"kind":"rail"},"geometry":{"type":"LineString","coordinates":[[19.62587,45.56028],[19.63078,45.55086]]}},{"type":"Feature","properties":{"kind":"rail"},"geometry":{"type":"LineString","coordinates":[[19.62385,45.56378],[19.62392,45.56324],[19.62429,45.56247],[19.62633,45.5591]]}},{"type":"Feature","properties":{"kind":"rail"},"geometry":{"type":"LineString","coordinates":[[19.62418,45.56344],[19.62587,45.56028]]}},{"type":"Feature","properties":{"kind":"rail"},"geometry":{"type":"LineString","coordinates":[[19.65021,45.82215],[19.6488,45.81299]]}},{"type":"Feature","properties":{"kind":"rail"},"geometry":{"type":"LineString","coordinates":[[19.67224,46.09982],[19.67243,46.09941]]}},{"type":"Feature","properties":{"kind":"rail"},"geometry":{"type":"LineString","coordinates":[[19.66939,46.10595],[19.66944,46.10583]]}},{"type":"Feature","properties":{"kind":"rail"},"geometry":{"type":"LineString","coordinates":[[19.82697,44.98933],[19.82307,44.98929],[19.82196,44.98933]]}},{"type":"Feature","properties":{"kind":"rail"},"geometry":{"type":"LineString","coordinates":[[19.83289,44.98942],[19.83439,44.98943]]}},{"type":"Feature","properties":{"kind":"rail"},"geometry":{"type":"LineString","coordinates":[[19.83296,44.98938],[19.83237,44.98938]]}},{"type":"Feature","properties":{"kind":"rail"},"geometry":{"type":"LineString","coordinates":[[19.7017,44.75897],[19.7037,44.75764]]}},{"type":"Feature","properties":{"kind":"rail"},"geometry":{"type":"LineString","coordinates":[[19.12154,44.40024],[19.12025,44.39957],[19.11914,44.39889]]}},{"type":"Feature","properties":{"kind":"rail"},"geometry":{"type":"LineString","coordinates":[[20.09531,45.04491],[20.0945,45.046]]}},{"type":"Feature","properties":{"kind":"rail"},"geometry":{"type":"LineString","coordinates":[[20.09429,45.04597],[20.09544,45.04441]]}},{"type":"Feature","properties":{"kind":"rail"},"geometry":{"type":"LineString","coordinates":[[20.03176,45.15185],[20.03411,45.14952],[20.03823,45.1448]]}},{"type":"Feature","properties":{"kind":"rail"},"geometry":{"type":"LineString","coordinates":[[20.03823,45.1448],[20.04418,45.13794]]}},{"type":"Feature","properties":{"kind":"rail"},"geometry":{"type":"LineString","coordinates":[[19.89952,45.22632],[19.90109,45.22474],[19.90212,45.22387],[19.90653,45.22072],[19.90775,45.21964],[19.91169,45.21577],[19.91304,45.21464],[19.91415,45.21391],[19.91693,45.21238],[19.9189,45.21146],[19.92027,45.21093],[19.92703,45.2087]]}},{"type":"Feature","properties":{"kind":"rail"},"geometry":{"type":"LineString","coordinates":[[19.92703,45.2087],[19.9325,45.20696]]}},{"type":"Feature","properties":{"kind":"rail"},"geometry":{"type":"LineString","coordinates":[[20.06044,45.11909],[20.06594,45.1127],[20.06785,45.11039],[20.06909,45.10859],[20.06965,45.10767],[20.07074,45.10557],[20.07179,45.10308],[20.07238,45.10112],[20.07356,45.09544],[20.07809,45.07253],[20.07904,45.06894],[20.07944,45.06774],[20.08016,45.06613],[20.08159,45.06358],[20.09104,45.05055]]}},{"type":"Feature","properties":{"kind":"rail"},"geometry":{"type":"LineString","coordinates":[[20.09084,45.03457],[20.09583,45.03682],[20.09653,45.03721],[20.09743,45.03794],[20.09785,45.03851],[20.09799,45.03886],[20.09808,45.03936],[20.09807,45.03998]]}},{"type":"Feature","properties":{"kind":"rail"},"geometry":{"type":"LineString","coordinates":[[20.0567,45.01872],[20.05947,45.02003]]}},{"type":"Feature","properties":{"kind":"rail"},"geometry":{"type":"LineString","coordinates":[[20.05855,45.01953],[20.04619,45.01376]]}},{"type":"Feature","properties":{"kind":"rail"},"geometry":{"type":"LineString","coordinates":[[20.05873,45.01962],[20.05855,45.01953]]}},{"type":"Feature","properties":{"kind":"rail"},"geometry":{"type":"LineString","coordinates":[[19.22626,45.11517],[19.22593,45.11534]]}},{"type":"Feature","properties":{"kind":"rail"},"geometry":{"type":"LineString","coordinates":[[19.22528,45.11561],[19.22687,45.1148]]}},{"type":"Feature","properties":{"kind":"rail"},"geometry":{"type":"LineString","coordinates":[[19.60978,44.98207],[19.61,44.98208]]}},{"type":"Feature","properties":{"kind":"rail"},"geometry":{"type":"LineString","coordinates":[[20.09025,45.05178],[20.0817,45.06358],[20.07997,45.06681],[20.07958,45.06774],[20.07919,45.06893],[20.07818,45.07254],[20.07455,45.09112],[20.07393,45.09385],[20.07257,45.10071],[20.07187,45.10307],[20.07094,45.10531],[20.07014,45.10693],[20.06938,45.10824],[20.0681,45.11015],[20.0662,45.1125],[20.06051,45.11911]]}},{"type":"Feature","properties":{"kind":"rail"},"geometry":{"type":"LineString","coordinates":[[20.03832,45.14483],[20.03418,45.14961],[20.03311,45.15072],[20.03186,45.15188]]}},{"type":"Feature","properties":{"kind":"rail"},"geometry":{"type":"LineString","coordinates":[[20.04428,45.13793],[20.03832,45.14483]]}},{"type":"Feature","properties":{"kind":"rail"},"geometry":{"type":"LineString","coordinates":[[19.92701,45.20878],[19.9203,45.21099],[19.91905,45.21147],[19.91635,45.21273],[19.91391,45.21418],[19.91296,45.21486],[19.91144,45.21617],[19.9078,45.21969],[19.90663,45.22074],[19.90228,45.22389],[19.90123,45.22474],[19.89964,45.22636]]}},{"type":"Feature","properties":{"kind":"rail"},"geometry":{"type":"LineString","coordinates":[[19.93253,45.207],[19.92701,45.20878]]}},{"type":"Feature","properties":{"kind":"rail"},"geometry":{"type":"LineString","coordinates":[[20.13941,44.98387],[20.13814,44.98574],[20.13362,44.99195]]}},{"type":"Feature","properties":{"kind":"rail"},"geometry":{"type":"LineString","coordinates":[[20.09559,45.04444],[20.09025,45.05178]]}},{"type":"Feature","properties":{"kind":"rail"},"geometry":{"type":"LineString","coordinates":[[20.13356,44.99192],[20.13919,44.98409]]}},{"type":"Feature","properties":{"kind":"rail"},"geometry":{"type":"LineString","coordinates":[[20.13134,44.99485],[20.13405,44.99112]]}},{"type":"Feature","properties":{"kind":"rail"},"geometry":{"type":"LineString","coordinates":[[19.79322,45.28291],[19.79178,45.28373]]}},{"type":"Feature","properties":{"kind":"rail"},"geometry":{"type":"LineString","coordinates":[[19.78771,45.28841],[19.79071,45.28462],[19.7914,45.28402],[19.79366,45.28271]]}},{"type":"Feature","properties":{"kind":"rail"},"geometry":{"type":"LineString","coordinates":[[19.79366,45.28271],[19.79421,45.2824]]}},{"type":"Feature","properties":{"kind":"rail"},"geometry":{"type":"LineString","coordinates":[[19.79767,45.28055],[19.79468,45.28223]]}},{"type":"Feature","properties":{"kind":"rail"},"geometry":{"type":"LineString","coordinates":[[20.07338,45.929],[20.07171,45.92959]]}},{"type":"Feature","properties":{"kind":"rail"},"geometry":{"type":"LineString","coordinates":[[20.32023,45.72626],[20.31698,45.72184],[20.31659,45.72122]]}},{"type":"Feature","properties":{"kind":"rail"},"geometry":{"type":"LineString","coordinates":[[20.32031,45.72624],[20.31659,45.72122]]}},{"type":"Feature","properties":{"kind":"rail"},"geometry":{"type":"LineString","coordinates":[[20.32222,45.72902],[20.32023,45.72626]]}},{"type":"Feature","properties":{"kind":"rail"},"geometry":{"type":"LineString","coordinates":[[20.3221,45.72874],[20.32031,45.72624]]}},{"type":"Feature","properties":{"kind":"rail"},"geometry":{"type":"LineString","coordinates":[[19.91182,44.27107],[19.90723,44.27056]]}},{"type":"Feature","properties":{"kind":"rail"},"geometry":{"type":"LineString","coordinates":[[19.98541,43.81134],[19.98258,43.81198],[19.98188,43.81207],[19.98063,43.81211],[19.97978,43.81205],[19.97865,43.81187],[19.97591,43.81123]]}},{"type":"Feature","properties":{"kind":"rail"},"geometry":{"type":"LineString","coordinates":[[19.97591,43.81123],[19.97427,43.81081]]}},{"type":"Feature","properties":{"kind":"rail"},"geometry":{"type":"LineString","coordinates":[[19.20138,45.51061],[19.20275,45.50916],[19.20358,45.50818],[19.20849,45.50178]]}},{"type":"Feature","properties":{"kind":"rail"},"geometry":{"type":"LineString","coordinates":[[19.63351,43.36645],[19.63055,43.37154]]}},{"type":"Feature","properties":{"kind":"rail"},"geometry":{"type":"LineString","coordinates":[[19.92518,45.20937],[19.92588,45.20907]]}},{"type":"Feature","properties":{"kind":"rail"},"geometry":{"type":"LineString","coordinates":[[21.67885,43.20122],[21.67779,43.20173],[21.6651,43.20548],[21.66441,43.20582],[21.66381,43.20632],[21.66354,43.20663],[21.66321,43.20726],[21.66308,43.20818]]}},{"type":"Feature","properties":{"kind":"rail"},"geometry":{"type":"LineString","coordinates":[[21.67895,43.20117],[21.67885,43.20122]]}},{"type":"Feature","properties":{"kind":"rail"},"geometry":{"type":"LineString","coordinates":[[19.84175,43.85254],[19.84168,43.85257]]}},{"type":"Feature","properties":{"kind":"rail"},"geometry":{"type":"LineString","coordinates":[[19.8355,43.85333],[19.83541,43.85331]]}},{"type":"Feature","properties":{"kind":"rail"},"geometry":{"type":"LineString","coordinates":[[20.45727,44.7919],[20.45717,44.79196]]}},{"type":"Feature","properties":{"kind":"rail"},"geometry":{"type":"LineString","coordinates":[[20.45772,44.79172],[20.45733,44.79194]]}},{"type":"Feature","properties":{"kind":"rail"},"geometry":{"type":"LineString","coordinates":[[20.45733,44.79194],[20.45721,44.792]]}},{"type":"Feature","properties":{"kind":"rail"},"geometry":{"type":"LineString","coordinates":[[20.45768,44.79166],[20.45727,44.7919]]}},{"type":"Feature","properties":{"kind":"rail"},"geometry":{"type":"LineString","coordinates":[[21.08117,44.32911],[21.08093,44.32958]]}},{"type":"Feature","properties":{"kind":"rail"},"geometry":{"type":"LineString","coordinates":[[21.08052,44.33072],[21.08093,44.32958]]}},{"type":"Feature","properties":{"kind":"rail"},"geometry":{"type":"LineString","coordinates":[[21.09932,44.16249],[21.10225,44.15776]]}},{"type":"Feature","properties":{"kind":"rail"},"geometry":{"type":"LineString","coordinates":[[21.88121,43.3167],[21.88062,43.31669]]}},{"type":"Feature","properties":{"kind":"rail"},"geometry":{"type":"LineString","coordinates":[[22.26337,43.90306],[22.26493,43.90338]]}},{"type":"Feature","properties":{"kind":"rail"},"geometry":{"type":"LineString","coordinates":[[22.32588,43.99503],[22.32621,43.99586]]}},{"type":"Feature","properties":{"kind":"rail"},"geometry":{"type":"LineString","coordinates":[[22.32621,43.99586],[22.32625,43.99592]]}},{"type":"Feature","properties":{"kind":"rail"},"geometry":{"type":"LineString","coordinates":[[22.2758,43.90558],[22.27614,43.90563]]}},{"type":"Feature","properties":{"kind":"rail"},"geometry":{"type":"LineString","coordinates":[[20.44866,44.79466],[20.44863,44.79467]]}},{"type":"Feature","properties":{"kind":"rail"},"geometry":{"type":"LineString","coordinates":[[19.61,44.98208],[19.61362,44.9824]]}},{"type":"Feature","properties":{"kind":"rail"},"geometry":{"type":"LineString","coordinates":[[19.6136,44.98246],[19.60999,44.98214]]}},{"type":"Feature","properties":{"kind":"rail"},"geometry":{"type":"LineString","coordinates":[[19.83533,44.98949],[19.82698,44.98941]]}},{"type":"Feature","properties":{"kind":"rail"},"geometry":{"type":"LineString","coordinates":[[21.0801,43.59048],[21.06025,43.59745],[21.04825,43.60143],[21.03992,43.60475]]}},{"type":"Feature","properties":{"kind":"rail"},"geometry":{"type":"LineString","coordinates":[[21.08029,43.59042],[21.0801,43.59048]]}},{"type":"Feature","properties":{"kind":"rail"},"geometry":{"type":"LineString","coordinates":[[20.69368,43.72864],[20.69693,43.72828]]}},{"type":"Feature","properties":{"kind":"rail"},"geometry":{"type":"LineString","coordinates":[[21.41372,43.67959],[21.41339,43.67876]]}},{"type":"Feature","properties":{"kind":"rail"},"geometry":{"type":"LineString","coordinates":[[21.41646,43.68598],[21.41626,43.68563]]}},{"type":"Feature","properties":{"kind":"rail"},"geometry":{"type":"LineString","coordinates":[[20.69044,43.7291],[20.69015,43.72919]]}},{"type":"Feature","properties":{"kind":"rail"},"geometry":{"type":"LineString","coordinates":[[20.64932,43.75756],[20.64555,43.76058],[20.64396,43.76164],[20.64277,43.76223],[20.64197,43.76255],[20.64043,43.76303],[20.63969,43.76319],[20.62445,43.7661],[20.62233,43.76642],[20.60914,43.7661],[20.60755,43.76616],[20.60689,43.76625],[20.57871,43.77241]]}},{"type":"Feature","properties":{"kind":"rail"},"geometry":{"type":"LineString","coordinates":[[20.57871,43.77241],[20.57839,43.77249]]}},{"type":"Feature","properties":{"kind":"rail"},"geometry":{"type":"LineString","coordinates":[[20.03101,43.83859],[20.03065,43.83898],[20.02893,43.84048]]}},{"type":"Feature","properties":{"kind":"rail"},"geometry":{"type":"LineString","coordinates":[[20.03161,43.83801],[20.03101,43.83859]]}},{"type":"Feature","properties":{"kind":"rail"},"geometry":{"type":"LineString","coordinates":[[20.35627,43.89],[20.35479,43.89256]]}},{"type":"Feature","properties":{"kind":"rail"},"geometry":{"type":"LineString","coordinates":[[20.44517,44.71072],[20.44567,44.70934]]}},{"type":"Feature","properties":{"kind":"rail"},"geometry":{"type":"LineString","coordinates":[[20.44556,44.70976],[20.44537,44.71031]]}},{"type":"Feature","properties":{"kind":"rail"},"geometry":{"type":"LineString","coordinates":[[20.44556,44.70976],[20.44601,44.70855]]}},{"type":"Feature","properties":{"kind":"rail"},"geometry":{"type":"LineString","coordinates":[[20.44874,44.70422],[20.45016,44.70253]]}},{"type":"Feature","properties":{"kind":"rail"},"geometry":{"type":"LineString","coordinates":[[20.09104,45.05055],[20.09593,45.04384]]}},{"type":"Feature","properties":{"kind":"rail"},"geometry":{"type":"LineString","coordinates":[[19.67598,45.45531],[19.67425,45.4587]]}},{"type":"Feature","properties":{"kind":"rail"},"geometry":{"type":"LineString","coordinates":[[19.67419,45.45869],[19.67593,45.4553]]}},{"type":"Feature","properties":{"kind":"rail"},"geometry":{"type":"LineString","coordinates":[[19.67425,45.4587],[19.6703,45.46636]]}},{"type":"Feature","properties":{"kind":"rail"},"geometry":{"type":"LineString","coordinates":[[19.67023,45.46634],[19.67419,45.45869]]}},{"type":"Feature","properties":{"kind":"rail"},"geometry":{"type":"LineString","coordinates":[[19.65063,45.69508],[19.6502,45.71043]]}},{"type":"Feature","properties":{"kind":"rail"},"geometry":{"type":"LineString","coordinates":[[19.6501,45.71043],[19.65056,45.69508]]}},{"type":"Feature","properties":{"kind":"rail"},"geometry":{"type":"LineString","coordinates":[[19.65083,45.68818],[19.65063,45.69508]]}},{"type":"Feature","properties":{"kind":"rail"},"geometry":{"type":"LineString","coordinates":[[19.66741,45.93404],[19.6685,45.94115]]}},{"type":"Feature","properties":{"kind":"rail"},"geometry":{"type":"LineString","coordinates":[[19.6685,45.94115],[19.66871,45.94238]]}},{"type":"Feature","properties":{"kind":"rail"},"geometry":{"type":"LineString","coordinates":[[19.66866,45.94239],[19.66843,45.94115]]}},{"type":"Feature","properties":{"kind":"rail"},"geometry":{"type":"LineString","coordinates":[[19.66843,45.94115],[19.66733,45.934]]}},{"type":"Feature","properties":{"kind":"rail"},"geometry":{"type":"LineString","coordinates":[[19.65056,45.69508],[19.65077,45.68818]]}},{"type":"Feature","properties":{"kind":"rail"},"geometry":{"type":"LineString","coordinates":[[20.78814,43.79881],[20.78915,43.79688],[20.78941,43.79595]]}},{"type":"Feature","properties":{"kind":"rail"},"geometry":{"type":"LineString","coordinates":[[20.78941,43.79595],[20.78943,43.79587]]}},{"type":"Feature","properties":{"kind":"rail"},"geometry":{"type":"LineString","coordinates":[[20.78943,43.79587],[20.78945,43.79581]]}},{"type":"Feature","properties":{"kind":"rail"},"geometry":{"type":"LineString","coordinates":[[20.57963,43.58829],[20.58039,43.58798],[20.5808,43.5877],[20.5814,43.58697],[20.58165,43.58608],[20.58171,43.58519]]}},{"type":"Feature","properties":{"kind":"rail"},"geometry":{"type":"LineString","coordinates":[[20.57955,43.58831],[20.57963,43.58829]]}},{"type":"Feature","properties":{"kind":"rail"},"geometry":{"type":"LineString","coordinates":[[21.10507,44.15313],[21.10528,44.15254]]}},{"type":"Feature","properties":{"kind":"rail"},"geometry":{"type":"LineString","coordinates":[[20.70329,43.72663],[20.70459,43.72623]]}},{"type":"Feature","properties":{"kind":"rail"},"geometry":{"type":"LineString","coordinates":[[20.70278,43.72675],[20.70465,43.72616]]}},{"type":"Feature","properties":{"kind":"rail"},"geometry":{"type":"LineString","coordinates":[[20.6921,43.72885],[20.69272,43.72879]]}},{"type":"Feature","properties":{"kind":"rail"},"geometry":{"type":"LineString","coordinates":[[20.68428,43.2364],[20.68074,43.23741]]}},{"type":"Feature","properties":{"kind":"rail"},"geometry":{"type":"LineString","coordinates":[[20.38373,44.83353],[20.38093,44.83431]]}},{"type":"Feature","properties":{"kind":"rail"},"geometry":{"type":"LineString","coordinates":[[20.38002,44.83453],[20.38368,44.83348]]}},{"type":"Feature","properties":{"kind":"rail"},"geometry":{"type":"LineString","coordinates":[[19.52493,43.58185],[19.52155,43.58421]]}},{"type":"Feature","properties":{"kind":"rail"},"geometry":{"type":"LineString","coordinates":[[20.74279,43.73105],[20.74228,43.731]]}},{"type":"Feature","properties":{"kind":"rail"},"geometry":{"type":"LineString","coordinates":[[20.57633,45.25005],[20.57614,45.24978],[20.57582,45.24901],[20.57466,45.24358]]}},{"type":"Feature","properties":{"kind":"rail"},"geometry":{"type":"LineString","coordinates":[[20.73381,43.72993],[20.741,43.73084]]}},{"type":"Feature","properties":{"kind":"rail"},"geometry":{"type":"LineString","coordinates":[[19.8315,45.26649],[19.83304,45.26666]]}},{"type":"Feature","properties":{"kind":"rail"},"geometry":{"type":"LineString","coordinates":[[20.74165,43.73092],[20.74228,43.731]]}},{"type":"Feature","properties":{"kind":"rail"},"geometry":{"type":"LineString","coordinates":[[20.741,43.73084],[20.74165,43.73092]]}},{"type":"Feature","properties":{"kind":"station","name":"Stagovë","major":false},"geometry":{"type":"Point","coordinates":[21.24562,42.2754]}},{"type":"Feature","properties":{"kind":"station","name":"Fushlot","major":false},"geometry":{"type":"Point","coordinates":[21.14914,42.48122]}},{"type":"Feature","properties":{"kind":"station","name":"Miradi","major":true},"geometry":{"type":"Point","coordinates":[21.08092,42.61088]}},{"type":"Feature","properties":{"kind":"station","name":"Qarrat","major":true},"geometry":{"type":"Point","coordinates":[20.74847,42.60466]}},{"type":"Feature","properties":{"kind":"station","name":"Ujmirë","major":true},"geometry":{"type":"Point","coordinates":[20.69917,42.61444]}},{"type":"Feature","properties":{"kind":"station","name":"Grykas","major":false},"geometry":{"type":"Point","coordinates":[20.78674,42.6172]}},{"type":"Feature","properties":{"kind":"station","name":"Gurkat / Pograxhë","major":false},"geometry":{"type":"Point","coordinates":[20.64018,42.62873]}},{"type":"Feature","properties":{"kind":"station","name":"Kaçanik i Vjetër","major":false},"geometry":{"type":"Point","coordinates":[21.22979,42.30102]}},{"type":"Feature","properties":{"kind":"station","name":"Vushtrri","major":false},"geometry":{"type":"Point","coordinates":[20.93481,42.82705]}},{"type":"Feature","properties":{"kind":"station","name":"Jarinje","major":false},"geometry":{"type":"Point","coordinates":[20.69699,43.21185]}},{"type":"Feature","properties":{"kind":"station","name":"Druar v.ç","major":false},"geometry":{"type":"Point","coordinates":[20.98561,42.7762]}},{"type":"Feature","properties":{"kind":"station","name":"Lešak","major":true},"geometry":{"type":"Point","coordinates":[20.73902,43.16882]}},{"type":"Feature","properties":{"kind":"station","name":"Plandište","major":false},"geometry":{"type":"Point","coordinates":[20.81662,43.01482]}},{"type":"Feature","properties":{"kind":"station","name":"Han i Elezit","major":true},"geometry":{"type":"Point","coordinates":[21.29412,42.14943]}},{"type":"Feature","properties":{"kind":"station","name":"Lugdren","major":false},"geometry":{"type":"Point","coordinates":[20.82581,42.63086]}},{"type":"Feature","properties":{"kind":"station","name":"Pejë","major":true},"geometry":{"type":"Point","coordinates":[20.30495,42.66049]}},{"type":"Feature","properties":{"kind":"station","name":"Drenas","major":true},"geometry":{"type":"Point","coordinates":[20.89796,42.62437]}},{"type":"Feature","properties":{"kind":"station","name":"Prishtinë","major":true},"geometry":{"type":"Point","coordinates":[21.15107,42.65893]}},{"type":"Feature","properties":{"kind":"station","name":"Leposavić","major":true},"geometry":{"type":"Point","coordinates":[20.79851,43.10557]}},{"type":"Feature","properties":{"kind":"station","name":"Ibarska Slatina","major":true},"geometry":{"type":"Point","coordinates":[20.81744,43.03397]}},{"type":"Feature","properties":{"kind":"station","name":"Valač","major":true},"geometry":{"type":"Point","coordinates":[20.82746,42.92858]}},{"type":"Feature","properties":{"kind":"station","name":"Zvečan","major":true},"geometry":{"type":"Point","coordinates":[20.84516,42.9099]}},{"type":"Feature","properties":{"kind":"station","name":"Bardh i Madh","major":true},"geometry":{"type":"Point","coordinates":[21.02327,42.62999]}},{"type":"Feature","properties":{"kind":"station","name":"Mjekaj","major":false},"geometry":{"type":"Point","coordinates":[20.96975,42.67473]}},{"type":"Feature","properties":{"kind":"station","name":"Damanek","major":false},"geometry":{"type":"Point","coordinates":[20.85534,42.61757]}},{"type":"Feature","properties":{"kind":"station","name":"Aqarevë","major":false},"geometry":{"type":"Point","coordinates":[20.71671,42.62922]}},{"type":"Feature","properties":{"kind":"station","name":"Klinë","major":true},"geometry":{"type":"Point","coordinates":[20.58381,42.62365]}},{"type":"Feature","properties":{"kind":"station","name":"Budisalc","major":true},"geometry":{"type":"Point","coordinates":[20.49386,42.66796]}},{"type":"Feature","properties":{"kind":"station","name":"Shëngjergj","major":false},"geometry":{"type":"Point","coordinates":[20.53387,42.63793]}},{"type":"Feature","properties":{"kind":"station","name":"Arbanë","major":false},"geometry":{"type":"Point","coordinates":[20.42013,42.6602]}},{"type":"Feature","properties":{"kind":"station","name":"Pridvorica","major":false},"geometry":{"type":"Point","coordinates":[20.80394,43.0629]}},{"type":"Feature","properties":{"kind":"station","name":"Dritan","major":false},"geometry":{"type":"Point","coordinates":[20.94315,42.66781]}},{"type":"Feature","properties":{"kind":"station","name":"Mitrovicë","major":true},"geometry":{"type":"Point","coordinates":[20.87505,42.89299]}},{"type":"Feature","properties":{"kind":"station","name":"Ferizaj","major":true},"geometry":{"type":"Point","coordinates":[21.15363,42.36874]}},{"type":"Feature","properties":{"kind":"station","name":"Gurëz","major":true},"geometry":{"type":"Point","coordinates":[21.2119,42.3115]}},{"type":"Feature","properties":{"kind":"station","name":"Sočanica","major":true},"geometry":{"type":"Point","coordinates":[20.80871,43.05162]}},{"type":"Feature","properties":{"kind":"station","name":"Banjska","major":true},"geometry":{"type":"Point","coordinates":[20.82253,42.97811]}},{"type":"Feature","properties":{"kind":"station","name":"Kosovska Mitrovica Sever","major":true},"geometry":{"type":"Point","coordinates":[20.87061,42.89979]}},{"type":"Feature","properties":{"kind":"station","name":"Shkolla Ekonomike","major":false},"geometry":{"type":"Point","coordinates":[21.14132,42.65123]}},{"type":"Feature","properties":{"kind":"station","name":"Prelluzhë","major":true},"geometry":{"type":"Point","coordinates":[21.02644,42.73263]}},{"type":"Feature","properties":{"kind":"station","name":"Lipjan","major":true},"geometry":{"type":"Point","coordinates":[21.12415,42.52212]}},{"type":"Feature","properties":{"kind":"station","name":"Bablak","major":true},"geometry":{"type":"Point","coordinates":[21.15467,42.44652]}},{"type":"Feature","properties":{"kind":"station","name":"Kodrion","major":false},"geometry":{"type":"Point","coordinates":[21.13485,42.41719]}},{"type":"Feature","properties":{"kind":"station","name":"Fushë Kosovë","major":true},"geometry":{"type":"Point","coordinates":[21.08098,42.63481]}},{"type":"Feature","properties":{"kind":"station","name":"Мердаре","major":false},"geometry":{"type":"Point","coordinates":[21.26289,42.94753]}},{"type":"Feature","properties":{"kind":"station","name":"Seperant","major":false},"geometry":{"type":"Point","coordinates":[20.38732,42.65825]}},{"type":"Feature","properties":{"kind":"station","name":"Блаце","major":false},"geometry":{"type":"Point","coordinates":[21.30872,42.13157]}},{"type":"Feature","properties":{"kind":"station","name":"Dren","major":false},"geometry":{"type":"Point","coordinates":[20.76832,43.12935]}},{"type":"Feature","properties":{"kind":"station","name":"Obiliq","major":true},"geometry":{"type":"Point","coordinates":[21.06657,42.68699]}},{"type":"Feature","properties":{"kind":"station","name":"Fushë Kosovë","major":false},"geometry":{"type":"Point","coordinates":[21.08079,42.63482]}},{"type":"Feature","properties":{"kind":"station","name":"Fushë Kosovë","major":false},"geometry":{"type":"Point","coordinates":[21.08096,42.63482]}},{"type":"Feature","properties":{"kind":"station","name":"Fushë Kosovë","major":false},"geometry":{"type":"Point","coordinates":[21.081,42.63482]}},{"type":"Feature","properties":{"kind":"station","name":"Fushë Kosovë","major":false},"geometry":{"type":"Point","coordinates":[21.08115,42.63481]}},{"type":"Feature","properties":{"kind":"station","name":"Fushë Kosovë","major":false},"geometry":{"type":"Point","coordinates":[21.08121,42.63481]}},{"type":"Feature","properties":{"kind":"station","name":"Vushtrri","major":true},"geometry":{"type":"Point","coordinates":[20.93503,42.82696]}},{"type":"Feature","properties":{"kind":"station","name":"Kaçanik","major":true},"geometry":{"type":"Point","coordinates":[21.25545,42.23313]}},{"type":"Feature","properties":{"kind":"rail"},"geometry":{"type":"LineString","coordinates":[[20.69112,43.21584],[20.69147,43.21522],[20.69202,43.21465],[20.69281,43.21415],[20.6953,43.21279]]}},{"type":"Feature","properties":{"kind":"rail"},"geometry":{"type":"LineString","coordinates":[[21.30013,42.1401],[21.29973,42.14071],[21.29947,42.14132],[21.29906,42.1433],[21.29875,42.14421],[21.29857,42.14452],[21.29809,42.14521],[21.29761,42.14572],[21.29453,42.14855],[21.29401,42.14947],[21.29388,42.15005],[21.29388,42.15075],[21.29419,42.15407],[21.29418,42.15452],[21.29398,42.1552],[21.29355,42.15583],[21.29213,42.15683],[21.29132,42.15723],[21.28808,42.15801],[21.28721,42.15836],[21.28641,42.15896],[21.28537,42.15994],[21.28452,42.16039],[21.28367,42.16066],[21.28209,42.16104],[21.28081,42.16119],[21.2794,42.16146],[21.2785,42.16182],[21.27807,42.16206],[21.27726,42.1628],[21.277,42.16318],[21.27663,42.16404],[21.27659,42.16483],[21.27665,42.16518],[21.27741,42.16742],[21.27757,42.16834],[21.27756,42.16875],[21.27746,42.16905],[21.27705,42.16969],[21.27629,42.17025],[21.27499,42.17088],[21.27395,42.17157],[21.27241,42.1733],[21.27177,42.17376],[21.27138,42.17394],[21.26919,42.1746]]}},{"type":"Feature","properties":{"kind":"rail"},"geometry":{"type":"LineString","coordinates":[[20.69353,43.22661],[20.694,43.22546],[20.69404,43.22461],[20.69394,43.22403],[20.69282,43.22118]]}},{"type":"Feature","properties":{"kind":"rail"},"geometry":{"type":"LineString","coordinates":[[20.69187,43.21904],[20.69115,43.21756],[20.69099,43.21709],[20.69097,43.21659],[20.69112,43.21584]]}},{"type":"Feature","properties":{"kind":"rail"},"geometry":{"type":"LineString","coordinates":[[20.69282,43.22118],[20.69258,43.22064]]}},{"type":"Feature","properties":{"kind":"rail"},"geometry":{"type":"LineString","coordinates":[[20.69244,43.22033],[20.69187,43.21904]]}},{"type":"Feature","properties":{"kind":"rail"},"geometry":{"type":"LineString","coordinates":[[20.78984,43.11397],[20.78973,43.11314],[20.78978,43.1126],[20.78997,43.11205],[20.79023,43.11156]]}},{"type":"Feature","properties":{"kind":"rail"},"geometry":{"type":"LineString","coordinates":[[20.79023,43.11156],[20.79057,43.11109],[20.79122,43.11056],[20.79379,43.10953]]}},{"type":"Feature","properties":{"kind":"rail"},"geometry":{"type":"LineString","coordinates":[[20.80574,43.07356],[20.80501,43.07336]]}},{"type":"Feature","properties":{"kind":"rail"},"geometry":{"type":"LineString","coordinates":[[20.80501,43.07336],[20.80356,43.07299],[20.80301,43.0727],[20.8025,43.07234],[20.80205,43.07191],[20.80177,43.07143],[20.80164,43.07048],[20.80171,43.06995],[20.80192,43.06951],[20.80376,43.06675],[20.80407,43.06622],[20.8042,43.06582],[20.80427,43.06504],[20.80398,43.06329],[20.80395,43.06235],[20.80405,43.06191],[20.80446,43.06099]]}},{"type":"Feature","properties":{"kind":"rail"},"geometry":{"type":"LineString","coordinates":[[20.8342,42.9506],[20.83462,42.94873]]}},{"type":"Feature","properties":{"kind":"rail"},"geometry":{"type":"LineString","coordinates":[[20.81937,42.97305],[20.81919,42.97277],[20.81908,42.97245],[20.81905,42.97213],[20.81914,42.97116]]}},{"type":"Feature","properties":{"kind":"rail"},"geometry":{"type":"LineString","coordinates":[[20.81914,42.97116],[20.81915,42.97108]]}},{"type":"Feature","properties":{"kind":"rail"},"geometry":{"type":"LineString","coordinates":[[20.82178,42.96523],[20.82223,42.96496],[20.82455,42.96402],[20.82499,42.96378],[20.82552,42.96334]]}},{"type":"Feature","properties":{"kind":"rail"},"geometry":{"type":"LineString","coordinates":[[20.82703,42.96111],[20.82811,42.96041],[20.83109,42.95894],[20.83177,42.95846],[20.83254,42.95759],[20.83296,42.95685],[20.83323,42.95606],[20.83334,42.95405],[20.83411,42.95113],[20.8342,42.9506]]}},{"type":"Feature","properties":{"kind":"rail"},"geometry":{"type":"LineString","coordinates":[[20.81673,42.99205],[20.81702,42.99164],[20.81723,42.99117],[20.8173,42.99052],[20.81737,42.98728]]}},{"type":"Feature","properties":{"kind":"rail"},"geometry":{"type":"LineString","coordinates":[[20.82739,42.92515],[20.82742,42.92387],[20.82762,42.9232],[20.82794,42.92258],[20.82856,42.92181],[20.83,42.92063],[20.83079,42.91977],[20.83165,42.91849],[20.83207,42.91754],[20.83253,42.9169],[20.83417,42.91511],[20.83574,42.91412],[20.83856,42.91174],[20.83889,42.91154],[20.83979,42.91116],[20.84139,42.91072],[20.84581,42.90973],[20.85015,42.90833],[20.85164,42.9075],[20.85213,42.90705],[20.85346,42.90555],[20.85422,42.90487],[20.85716,42.90246],[20.85801,42.90183],[20.85909,42.90126],[20.85988,42.9011],[20.86471,42.90101],[20.86902,42.90036],[20.86972,42.90017],[20.8709,42.89967]]}},{"type":"Feature","properties":{"kind":"rail"},"geometry":{"type":"LineString","coordinates":[[21.24277,42.27995],[21.24332,42.28078]]}},{"type":"Feature","properties":{"kind":"rail"},"geometry":{"type":"LineString","coordinates":[[21.24191,42.2878],[21.24098,42.28838],[21.23814,42.28962],[21.23778,42.28984],[21.23733,42.29027],[21.23675,42.29105],[21.23659,42.2915],[21.23647,42.29211],[21.23655,42.29327],[21.23651,42.2938],[21.23616,42.29509],[21.236,42.29545],[21.23576,42.29582],[21.23534,42.29627],[21.23403,42.29734],[21.2336,42.29803],[21.23314,42.29903],[21.2326,42.29966],[21.23181,42.30017],[21.23056,42.30065],[21.22953,42.30116],[21.22718,42.30269],[21.22499,42.30391],[21.22343,42.30453],[21.22024,42.30542],[21.21903,42.30583],[21.21825,42.30617],[21.2178,42.30644],[21.21715,42.30686],[21.21656,42.30738],[21.21592,42.30806],[21.21517,42.30904],[21.2141,42.30996],[21.20565,42.31606],[21.205,42.31677],[21.20161,42.32101],[21.19667,42.32608],[21.18131,42.34376],[21.17845,42.34665],[21.17722,42.34781],[21.1765,42.34836],[21.17595,42.34868],[21.17308,42.35015]]}},{"type":"Feature","properties":{"kind":"rail"},"geometry":{"type":"LineString","coordinates":[[21.25415,42.25563],[21.25388,42.25681],[21.25369,42.25712]]}},{"type":"Feature","properties":{"kind":"rail"},"geometry":{"type":"LineString","coordinates":[[21.25369,42.25712],[21.25308,42.25799],[21.25299,42.25838],[21.25298,42.25904],[21.25316,42.25981],[21.2535,42.26057],[21.25452,42.26213],[21.25474,42.26259],[21.25482,42.26296],[21.25482,42.26365]]}},{"type":"Feature","properties":{"kind":"rail"},"geometry":{"type":"LineString","coordinates":[[21.25441,42.25496],[21.25424,42.2553]]}},{"type":"Feature","properties":{"kind":"rail"},"geometry":{"type":"LineString","coordinates":[[21.25424,42.2553],[21.25415,42.25563]]}},{"type":"Feature","properties":{"kind":"rail"},"geometry":{"type":"LineString","coordinates":[[21.24954,42.21227],[21.24966,42.2127],[21.25038,42.21394]]}},{"type":"Feature","properties":{"kind":"rail"},"geometry":{"type":"LineString","coordinates":[[21.26919,42.1746],[21.2687,42.1748],[21.26811,42.17514]]}},{"type":"Feature","properties":{"kind":"rail"},"geometry":{"type":"LineString","coordinates":[[21.26811,42.17514],[21.26641,42.17623]]}},{"type":"Feature","properties":{"kind":"rail"},"geometry":{"type":"LineString","coordinates":[[21.26641,42.17623],[21.26539,42.17746],[21.26434,42.17897]]}},{"type":"Feature","properties":{"kind":"rail"},"geometry":{"type":"LineString","coordinates":[[21.25034,42.21011],[21.24984,42.21066]]}},{"type":"Feature","properties":{"kind":"rail"},"geometry":{"type":"LineString","coordinates":[[20.92002,42.63929],[20.91984,42.63864],[20.91941,42.63782],[20.919,42.63731],[20.91835,42.63691]]}},{"type":"Feature","properties":{"kind":"rail"},"geometry":{"type":"LineString","coordinates":[[20.91835,42.63691],[20.91749,42.63647],[20.91683,42.636],[20.91437,42.6335],[20.91331,42.6329],[20.91192,42.6326],[20.90794,42.63285],[20.90675,42.63275],[20.90611,42.63257],[20.9055,42.63226],[20.90483,42.63175],[20.90447,42.63135]]}},{"type":"Feature","properties":{"kind":"rail"},"geometry":{"type":"LineString","coordinates":[[20.81632,42.63026],[20.80456,42.6252]]}},{"type":"Feature","properties":{"kind":"rail"},"geometry":{"type":"LineString","coordinates":[[20.80456,42.6252],[20.79933,42.62248],[20.79812,42.62192],[20.79726,42.62158],[20.79116,42.61973],[20.79024,42.61936],[20.78884,42.61866],[20.78784,42.61804],[20.78674,42.6172],[20.78361,42.61452],[20.78236,42.61336],[20.77972,42.61131],[20.77804,42.61022],[20.77644,42.60959],[20.77416,42.60907],[20.77303,42.60868],[20.77186,42.60811],[20.7706,42.60734],[20.76941,42.60681],[20.76796,42.60639],[20.76446,42.60569]]}},{"type":"Feature","properties":{"kind":"rail"},"geometry":{"type":"LineString","coordinates":[[20.72485,42.62961],[20.72414,42.62971],[20.72343,42.62995]]}},{"type":"Feature","properties":{"kind":"rail"},"geometry":{"type":"LineString","coordinates":[[20.7203,42.6305],[20.71962,42.63033],[20.71671,42.62922],[20.71578,42.62871]]}},{"type":"Feature","properties":{"kind":"rail"},"geometry":{"type":"LineString","coordinates":[[20.71324,42.62349],[20.71311,42.62233]]}},{"type":"Feature","properties":{"kind":"rail"},"geometry":{"type":"LineString","coordinates":[[20.71311,42.62233],[20.71303,42.62164]]}},{"type":"Feature","properties":{"kind":"rail"},"geometry":{"type":"LineString","coordinates":[[20.63124,42.62722],[20.6265,42.62593]]}},{"type":"Feature","properties":{"kind":"rail"},"geometry":{"type":"LineString","coordinates":[[20.6265,42.62593],[20.62501,42.62499],[20.62406,42.62422],[20.62162,42.62267],[20.62086,42.62198],[20.61979,42.62076],[20.61927,42.62038],[20.61869,42.62009],[20.61766,42.61982],[20.6155,42.61962],[20.614,42.61936]]}},{"type":"Feature","properties":{"kind":"rail"},"geometry":{"type":"LineString","coordinates":[[20.614,42.61936],[20.61251,42.61928],[20.61102,42.61938],[20.61043,42.61958],[20.60953,42.62023]]}},{"type":"Feature","properties":{"kind":"rail"},"geometry":{"type":"LineString","coordinates":[[21.31378,42.12103],[21.31322,42.12134],[21.31276,42.12169],[21.31219,42.12227],[21.31206,42.12255],[21.3119,42.12344],[21.31191,42.12431],[21.31183,42.12481],[21.3111,42.12621],[21.31097,42.12659],[21.31089,42.12734],[21.31095,42.12857],[21.31082,42.12921],[21.31058,42.12971],[21.30994,42.13048],[21.30749,42.13262],[21.30714,42.13299],[21.30664,42.13366],[21.30646,42.134]]}},{"type":"Feature","properties":{"kind":"rail"},"geometry":{"type":"LineString","coordinates":[[21.31662,42.11776],[21.31574,42.11961],[21.3153,42.12004],[21.3144,42.12071]]}},{"type":"Feature","properties":{"kind":"rail"},"geometry":{"type":"LineString","coordinates":[[21.3144,42.12071],[21.31378,42.12103]]}},{"type":"Feature","properties":{"kind":"rail"},"geometry":{"type":"LineString","coordinates":[[21.31682,42.11727],[21.31662,42.11776]]}},{"type":"Feature","properties":{"kind":"rail"},"geometry":{"type":"LineString","coordinates":[[21.327,42.10541],[21.32595,42.10632],[21.32245,42.1096],[21.31813,42.11496],[21.31737,42.11608],[21.31682,42.11727]]}},{"type":"Feature","properties":{"kind":"rail"},"geometry":{"type":"LineString","coordinates":[[20.57739,42.61538],[20.57749,42.61491]]}},{"type":"Feature","properties":{"kind":"rail"},"geometry":{"type":"LineString","coordinates":[[20.60953,42.62023],[20.6071,42.62192],[20.60623,42.62268],[20.60502,42.62391],[20.60191,42.62604],[20.60034,42.62759],[20.59962,42.62808],[20.59844,42.6286],[20.598,42.62872],[20.59723,42.62891],[20.59559,42.62915]]}},{"type":"Feature","properties":{"kind":"rail"},"geometry":{"type":"LineString","coordinates":[[20.54405,42.36076],[20.54481,42.35964],[20.54557,42.35896],[20.54613,42.35857],[20.54676,42.35827],[20.54801,42.35787],[20.54967,42.35751],[20.55097,42.35735]]}},{"type":"Feature","properties":{"kind":"rail"},"geometry":{"type":"LineString","coordinates":[[20.57749,42.61491],[20.57927,42.60864],[20.58022,42.605],[20.5805,42.60334],[20.58055,42.60265],[20.58053,42.60145],[20.58026,42.59927],[20.57987,42.59792],[20.57838,42.59348],[20.57577,42.58534],[20.57454,42.58161],[20.57398,42.58012],[20.57338,42.57924],[20.57297,42.57882],[20.57227,42.57824],[20.56982,42.5766],[20.56909,42.576],[20.56855,42.57542],[20.56831,42.57502],[20.56794,42.57408],[20.56785,42.57291],[20.56798,42.57235],[20.56821,42.57175],[20.56979,42.5691],[20.57003,42.56829],[20.5701,42.56781],[20.56999,42.56674],[20.56912,42.56171],[20.56871,42.56091],[20.56632,42.55797],[20.56596,42.5574],[20.5655,42.55634],[20.56529,42.55558],[20.56522,42.55507],[20.56523,42.55433],[20.56545,42.55301],[20.56665,42.55062],[20.56728,42.54921],[20.56735,42.54879],[20.56736,42.54695],[20.56724,42.54383],[20.56712,42.54245],[20.56701,42.54203],[20.56659,42.54116],[20.56473,42.53894],[20.56417,42.53808],[20.56399,42.53759],[20.56384,42.53658],[20.56406,42.53428],[20.56439,42.53179],[20.56434,42.53077],[20.5641,42.52993],[20.56383,42.52944],[20.56211,42.52738],[20.56166,42.52671],[20.56146,42.52626],[20.56127,42.52533],[20.56123,42.52415]]}},{"type":"Feature","properties":{"kind":"rail"},"geometry":{"type":"LineString","coordinates":[[20.58857,42.62788],[20.58827,42.62757],[20.58616,42.62582],[20.57828,42.61847],[20.57787,42.6179],[20.57754,42.61726],[20.57736,42.61652],[20.57733,42.61605],[20.57739,42.61538]]}},{"type":"Feature","properties":{"kind":"rail"},"geometry":{"type":"LineString","coordinates":[[20.56689,42.62058],[20.566,42.62034]]}},{"type":"Feature","properties":{"kind":"rail"},"geometry":{"type":"LineString","coordinates":[[20.59559,42.62915],[20.5934,42.62946],[20.59238,42.62947],[20.59131,42.62933],[20.59002,42.62891],[20.58894,42.6282],[20.58653,42.62622],[20.58073,42.62083],[20.58008,42.62042],[20.57922,42.62013],[20.57828,42.62003],[20.57748,42.62004],[20.57703,42.62011],[20.57621,42.62036],[20.57517,42.62096],[20.57408,42.62149],[20.57325,42.6217],[20.57252,42.62179],[20.57172,42.62177],[20.57105,42.62167],[20.56689,42.62058]]}},{"type":"Feature","properties":{"kind":"rail"},"geometry":{"type":"LineString","coordinates":[[20.566,42.62034],[20.56454,42.62002],[20.56369,42.61997],[20.56234,42.62007],[20.56124,42.62042],[20.5449,42.62917],[20.54344,42.63008],[20.52546,42.64484],[20.52504,42.64526],[20.52427,42.64624],[20.52293,42.64874],[20.52235,42.6496],[20.52138,42.65063],[20.52078,42.6511],[20.51533,42.65496],[20.51282,42.65682],[20.51,42.65877],[20.50684,42.66119],[20.50554,42.66195],[20.4996,42.66576],[20.49891,42.66614],[20.49797,42.66654],[20.48933,42.66957],[20.48797,42.66983],[20.48231,42.67032],[20.47566,42.67102],[20.47416,42.67109],[20.47269,42.67097],[20.45425,42.66838],[20.45226,42.66782],[20.44329,42.66458],[20.43638,42.6626],[20.43527,42.6624],[20.43455,42.66238],[20.43333,42.66249],[20.43171,42.66254],[20.42973,42.66241]]}},{"type":"Feature","properties":{"kind":"rail"},"geometry":{"type":"LineString","coordinates":[[21.0809,42.62767],[21.08094,42.63696],[21.08101,42.63792]]}},{"type":"Feature","properties":{"kind":"rail"},"geometry":{"type":"LineString","coordinates":[[21.08099,42.63196],[21.08102,42.63831]]}},{"type":"Feature","properties":{"kind":"rail"},"geometry":{"type":"LineString","coordinates":[[21.24985,42.93603],[21.25028,42.93623],[21.25081,42.93661],[21.25114,42.93691],[21.25165,42.93758],[21.25205,42.93831],[21.25242,42.93918],[21.2535,42.94213],[21.25372,42.94251],[21.25401,42.94279],[21.25453,42.94317],[21.25533,42.94356],[21.25614,42.94373],[21.25831,42.944],[21.25895,42.9442],[21.25954,42.94448],[21.26017,42.94493],[21.26161,42.94668],[21.26211,42.94712],[21.2626,42.94741],[21.26349,42.94771],[21.26756,42.9484],[21.26821,42.94848],[21.26904,42.94847],[21.26973,42.94833],[21.27033,42.94813],[21.2709,42.94783],[21.27197,42.94701]]}},{"type":"Feature","properties":{"kind":"rail"},"geometry":{"type":"LineString","coordinates":[[20.74242,43.16361],[20.74257,43.16353]]}},{"type":"Feature","properties":{"kind":"rail"},"geometry":{"type":"LineString","coordinates":[[20.74257,43.16353],[20.74446,43.16253],[20.74586,43.16166],[20.74983,43.15829],[20.75233,43.15518],[20.75518,43.15247],[20.75734,43.14971],[20.7578,43.14919],[20.75936,43.1477],[20.76032,43.14659],[20.76112,43.14531],[20.76122,43.14506],[20.76134,43.14437]]}},{"type":"Feature","properties":{"kind":"rail"},"geometry":{"type":"LineString","coordinates":[[20.77227,43.13166],[20.77481,43.13249],[20.77567,43.13268],[20.77664,43.13269],[20.78024,43.13237],[20.78084,43.13223],[20.78133,43.13201],[20.78382,43.13047],[20.78711,43.12884],[20.78786,43.12818],[20.78977,43.12566],[20.78998,43.12524],[20.79017,43.12373],[20.79007,43.12238],[20.79011,43.12146],[20.79047,43.12072],[20.79096,43.12013]]}},{"type":"Feature","properties":{"kind":"rail"},"geometry":{"type":"LineString","coordinates":[[20.7717,43.13145],[20.77227,43.13166]]}},{"type":"Feature","properties":{"kind":"rail"},"geometry":{"type":"LineString","coordinates":[[20.77097,43.13111],[20.7717,43.13145]]}},{"type":"Feature","properties":{"kind":"rail"},"geometry":{"type":"LineString","coordinates":[[20.79096,43.12013],[20.79123,43.11983]]}},{"type":"Feature","properties":{"kind":"rail"},"geometry":{"type":"LineString","coordinates":[[20.77063,43.13092],[20.77097,43.13111]]}},{"type":"Feature","properties":{"kind":"rail"},"geometry":{"type":"LineString","coordinates":[[20.79123,43.11983],[20.79154,43.11946],[20.79188,43.11884],[20.79197,43.11844],[20.79188,43.11772],[20.79175,43.11732],[20.79153,43.11692],[20.79003,43.11514],[20.78991,43.11478],[20.78984,43.11397]]}},{"type":"Feature","properties":{"kind":"rail"},"geometry":{"type":"LineString","coordinates":[[20.76131,43.1441],[20.76109,43.14343],[20.76036,43.14233],[20.76014,43.14184],[20.75938,43.13938],[20.75815,43.13652],[20.75807,43.13599],[20.75809,43.13566],[20.75821,43.13526],[20.75859,43.13455],[20.75907,43.13411],[20.76079,43.13278],[20.76132,43.13212],[20.76184,43.13116],[20.76242,43.13043],[20.76386,43.12935],[20.76491,43.12894],[20.76606,43.12879],[20.7669,43.12886],[20.76754,43.12903],[20.76847,43.12944],[20.76968,43.13032],[20.77063,43.13092]]}},{"type":"Feature","properties":{"kind":"rail"},"geometry":{"type":"LineString","coordinates":[[20.76134,43.14437],[20.76131,43.1441]]}},{"type":"Feature","properties":{"kind":"rail"},"geometry":{"type":"LineString","coordinates":[[20.64761,42.63102],[20.64598,42.63055]]}},{"type":"Feature","properties":{"kind":"rail"},"geometry":{"type":"LineString","coordinates":[[20.66629,42.62478],[20.66532,42.62525],[20.66486,42.6254],[20.66328,42.62567],[20.66187,42.62565],[20.65962,42.62535],[20.65875,42.6253],[20.65794,42.62539],[20.6573,42.62556],[20.65623,42.62611],[20.65134,42.63018],[20.65077,42.63055],[20.64996,42.6309],[20.64951,42.631],[20.6487,42.6311],[20.64761,42.63102]]}},{"type":"Feature","properties":{"kind":"rail"},"geometry":{"type":"LineString","coordinates":[[20.69041,42.61541],[20.68134,42.62049],[20.68016,42.62097],[20.67874,42.62136],[20.67797,42.62149],[20.67672,42.62157]]}},{"type":"Feature","properties":{"kind":"rail"},"geometry":{"type":"LineString","coordinates":[[20.67672,42.62157],[20.6728,42.62157]]}},{"type":"Feature","properties":{"kind":"rail"},"geometry":{"type":"LineString","coordinates":[[20.56122,42.52399],[20.56102,42.52121],[20.56063,42.52006],[20.56004,42.51921],[20.55954,42.51871],[20.55874,42.51804],[20.55818,42.51769],[20.55773,42.51745],[20.55397,42.51597],[20.55275,42.51556],[20.55084,42.51529],[20.54697,42.51514],[20.54624,42.515],[20.5455,42.51476],[20.54384,42.51393],[20.5431,42.51338],[20.5426,42.51267],[20.54242,42.51195],[20.54249,42.51134],[20.54268,42.51081],[20.54351,42.50924],[20.54359,42.50848],[20.54333,42.5076],[20.54313,42.50734],[20.54239,42.50665],[20.54202,42.50646],[20.54149,42.50623],[20.54095,42.50609],[20.54012,42.50598],[20.53668,42.50622],[20.53406,42.5065],[20.53144,42.5069],[20.52937,42.5069],[20.5277,42.50667],[20.52615,42.50626],[20.52444,42.50548],[20.52321,42.50467],[20.52258,42.50413],[20.52202,42.50354],[20.52166,42.50308],[20.52122,42.50234],[20.52074,42.50114],[20.52025,42.49914],[20.51987,42.49825],[20.51923,42.4973],[20.51879,42.49682],[20.51731,42.49484],[20.51598,42.49187],[20.51547,42.49051],[20.51541,42.49009],[20.51534,42.48873],[20.51544,42.48802],[20.51569,42.48718],[20.51607,42.48633],[20.51786,42.48373],[20.51915,42.48236],[20.52039,42.4812],[20.52129,42.48015],[20.52156,42.47976],[20.52209,42.47846],[20.52229,42.47759],[20.52231,42.47655],[20.52192,42.47319],[20.52206,42.47221],[20.52253,42.47093],[20.5231,42.46975],[20.52699,42.46082],[20.52726,42.45983],[20.52733,42.45895],[20.52724,42.45606],[20.5272,42.45093],[20.52748,42.44982],[20.53023,42.44362],[20.53127,42.44153],[20.53191,42.43995],[20.53227,42.43864],[20.53238,42.43705],[20.53291,42.41815],[20.53286,42.41664],[20.53167,42.40258],[20.53163,42.4011],[20.53213,42.39367],[20.53249,42.39052],[20.53309,42.38315],[20.53326,42.38208],[20.53367,42.38072],[20.54313,42.36217],[20.54368,42.36124],[20.54405,42.36076]]}},{"type":"Feature","properties":{"kind":"rail"},"geometry":{"type":"LineString","coordinates":[[20.82045,42.97465],[20.81979,42.97367]]}},{"type":"Feature","properties":{"kind":"rail"},"geometry":{"type":"LineString","coordinates":[[20.81915,42.97108],[20.81925,42.97019]]}},{"type":"Feature","properties":{"kind":"rail"},"geometry":{"type":"LineString","coordinates":[[20.81979,42.97367],[20.81937,42.97305]]}},{"type":"Feature","properties":{"kind":"rail"},"geometry":{"type":"LineString","coordinates":[[20.81925,42.97019],[20.81942,42.96953],[20.82042,42.96785],[20.82085,42.96633],[20.82114,42.96584],[20.82149,42.96544],[20.82178,42.96523]]}},{"type":"Feature","properties":{"kind":"rail"},"geometry":{"type":"LineString","coordinates":[[20.79414,43.10938],[20.79544,43.10886],[20.79614,43.10844],[20.79774,43.10679],[20.79841,43.10574],[20.79881,43.10472],[20.79899,43.10389],[20.79901,43.10289],[20.79869,43.10015],[20.79872,43.09976],[20.79882,43.09946],[20.79901,43.09907],[20.79939,43.09861],[20.79976,43.09829],[20.80126,43.0973],[20.80155,43.09705],[20.80191,43.0966],[20.80235,43.09556],[20.80254,43.09397],[20.80267,43.09353],[20.80301,43.09295],[20.80368,43.09212]]}},{"type":"Feature","properties":{"kind":"rail"},"geometry":{"type":"LineString","coordinates":[[20.80484,43.06012],[20.80508,43.0595],[20.8051,43.0589],[20.80476,43.05757],[20.80434,43.05646],[20.8042,43.0557],[20.80437,43.05495],[20.80455,43.05463],[20.80484,43.05424],[20.80524,43.05386],[20.80806,43.05194],[20.80917,43.05145],[20.81096,43.05106]]}},{"type":"Feature","properties":{"kind":"rail"},"geometry":{"type":"LineString","coordinates":[[20.82912,43.02667],[20.82945,43.02588]]}},{"type":"Feature","properties":{"kind":"rail"},"geometry":{"type":"LineString","coordinates":[[20.80446,43.06099],[20.80484,43.06012]]}},{"type":"Feature","properties":{"kind":"rail"},"geometry":{"type":"LineString","coordinates":[[20.80989,43.01482],[20.80958,43.01472]]}},{"type":"Feature","properties":{"kind":"rail"},"geometry":{"type":"LineString","coordinates":[[20.81096,43.05106],[20.81142,43.05097]]}},{"type":"Feature","properties":{"kind":"rail"},"geometry":{"type":"LineString","coordinates":[[20.79379,43.10953],[20.79414,43.10938]]}},{"type":"Feature","properties":{"kind":"rail"},"geometry":{"type":"LineString","coordinates":[[20.81536,43.04876],[20.81639,43.04797],[20.8167,43.04762],[20.81715,43.04681],[20.81736,43.04597],[20.81724,43.04503],[20.8158,43.03954],[20.81576,43.03858],[20.81593,43.03771],[20.81682,43.03505],[20.81718,43.03433],[20.81781,43.0334],[20.81871,43.03251],[20.82126,43.03042]]}},{"type":"Feature","properties":{"kind":"rail"},"geometry":{"type":"LineString","coordinates":[[20.80537,43.00966],[20.80484,43.00924],[20.80382,43.00865],[20.80208,43.00798],[20.80168,43.00776],[20.79939,43.00619],[20.79854,43.0055],[20.79804,43.00498],[20.79759,43.00447],[20.79726,43.00379],[20.7972,43.00337],[20.79724,43.00291],[20.79738,43.00249],[20.79813,43.00105],[20.79863,43.00047],[20.80077,42.99883]]}},{"type":"Feature","properties":{"kind":"rail"},"geometry":{"type":"LineString","coordinates":[[21.03472,42.72329],[21.01479,42.74605]]}},{"type":"Feature","properties":{"kind":"rail"},"geometry":{"type":"LineString","coordinates":[[21.02661,42.62695],[21.03145,42.62259],[21.03235,42.62156],[21.03358,42.61978]]}},{"type":"Feature","properties":{"kind":"rail"},"geometry":{"type":"LineString","coordinates":[[20.93274,42.82869],[20.92628,42.8338],[20.92274,42.83642],[20.91238,42.84274],[20.91176,42.84306],[20.91043,42.84362],[20.90566,42.84516],[20.90413,42.84589],[20.90196,42.84731],[20.89132,42.85493],[20.8904,42.85582],[20.8899,42.85645],[20.87878,42.87312],[20.8781,42.87385],[20.8755,42.87609],[20.87498,42.87662]]}},{"type":"Feature","properties":{"kind":"rail"},"geometry":{"type":"LineString","coordinates":[[21.07835,42.6675],[21.07474,42.67658],[21.07416,42.67774],[21.07339,42.67893],[21.07275,42.67976]]}},{"type":"Feature","properties":{"kind":"rail"},"geometry":{"type":"LineString","coordinates":[[21.08102,42.6386],[21.08102,42.63875]]}},{"type":"Feature","properties":{"kind":"rail"},"geometry":{"type":"LineString","coordinates":[[21.08108,42.6386],[21.08108,42.63876]]}},{"type":"Feature","properties":{"kind":"rail"},"geometry":{"type":"LineString","coordinates":[[21.08108,42.63876],[21.0812,42.63931],[21.08142,42.63977],[21.08203,42.64045],[21.08271,42.64086],[21.08644,42.64224],[21.09109,42.64386],[21.09306,42.6445],[21.09451,42.64486],[21.1121,42.6478],[21.11332,42.64821],[21.11383,42.64845],[21.12055,42.652],[21.12155,42.65233],[21.1224,42.65248],[21.12327,42.65252],[21.1242,42.65243],[21.12493,42.65225],[21.12605,42.65179],[21.12929,42.65015],[21.13038,42.64968],[21.13171,42.64935],[21.13252,42.64928],[21.1338,42.64931],[21.13475,42.64947],[21.14199,42.65141],[21.14368,42.65216],[21.14444,42.65268],[21.14845,42.65653],[21.14949,42.65745]]}},{"type":"Feature","properties":{"kind":"rail"},"geometry":{"type":"LineString","coordinates":[[20.90447,42.63135],[20.90058,42.62723]]}},{"type":"Feature","properties":{"kind":"rail"},"geometry":{"type":"LineString","coordinates":[[21.07013,42.62433],[21.05649,42.62358],[21.04302,42.6223],[21.04109,42.62222],[21.03532,42.62282],[21.03366,42.62313],[21.03209,42.62357],[21.0304,42.62426],[21.02915,42.62497],[21.02782,42.62596],[21.02681,42.62687]]}},{"type":"Feature","properties":{"kind":"rail"},"geometry":{"type":"LineString","coordinates":[[20.92592,42.65233],[20.92541,42.65074],[20.92496,42.65014],[20.92427,42.64963],[20.92349,42.64928],[20.92279,42.64912],[20.92007,42.6489],[20.91923,42.6488],[20.91844,42.64862],[20.91699,42.64799],[20.9158,42.64725],[20.91545,42.647],[20.91513,42.64667],[20.91481,42.64622],[20.91462,42.64569],[20.91457,42.64512],[20.9147,42.64455],[20.91499,42.64395],[20.91551,42.64341],[20.91867,42.64139],[20.91923,42.64096],[20.91975,42.6403],[20.91992,42.63991],[20.92002,42.63929]]}},{"type":"Feature","properties":{"kind":"rail"},"geometry":{"type":"LineString","coordinates":[[20.88375,42.61488],[20.88193,42.61464],[20.88041,42.61461],[20.87339,42.61502],[20.8717,42.61505],[20.86577,42.61471],[20.86327,42.61481],[20.86142,42.61513],[20.86071,42.61531],[20.85885,42.61598],[20.85464,42.61789],[20.85303,42.61869],[20.85226,42.61914],[20.85156,42.61965],[20.84773,42.62322],[20.84681,42.62393],[20.8453,42.62485],[20.84074,42.62722],[20.8368,42.62888],[20.83609,42.62912],[20.83539,42.62934],[20.83396,42.62963],[20.83299,42.62977],[20.83009,42.62999],[20.82887,42.63019],[20.82295,42.63151],[20.82214,42.6316],[20.82129,42.63162],[20.8188,42.63112],[20.81755,42.63079],[20.81632,42.63026]]}},{"type":"Feature","properties":{"kind":"rail"},"geometry":{"type":"LineString","coordinates":[[20.93287,42.82858],[20.93274,42.82869]]}},{"type":"Feature","properties":{"kind":"rail"},"geometry":{"type":"LineString","coordinates":[[20.91532,42.93919],[20.91523,42.93891],[20.91529,42.93866],[20.91525,42.9385]]}},{"type":"Feature","properties":{"kind":"rail"},"geometry":{"type":"LineString","coordinates":[[20.91545,42.93917],[20.91529,42.93866]]}},{"type":"Feature","properties":{"kind":"rail"},"geometry":{"type":"LineString","coordinates":[[20.91538,42.93918],[20.91526,42.93875]]}},{"type":"Feature","properties":{"kind":"rail"},"geometry":{"type":"LineString","coordinates":[[20.9155,42.93915],[20.91529,42.93862]]}},{"type":"Feature","properties":{"kind":"rail"},"geometry":{"type":"LineString","coordinates":[[21.08102,42.63831],[21.08102,42.6386]]}},{"type":"Feature","properties":{"kind":"rail"},"geometry":{"type":"LineString","coordinates":[[21.08102,42.63831],[21.08108,42.6386]]}},{"type":"Feature","properties":{"kind":"rail"},"geometry":{"type":"LineString","coordinates":[[20.6953,43.21279],[20.69551,43.21267]]}},{"type":"Feature","properties":{"kind":"rail"},"geometry":{"type":"LineString","coordinates":[[20.70115,43.20734],[20.69843,43.20214],[20.6983,43.2015],[20.69838,43.2009],[20.69867,43.2003],[20.699,43.19987],[20.69988,43.19924],[20.70063,43.19895],[20.70115,43.19883],[20.70419,43.19866],[20.70504,43.19849],[20.70594,43.1982],[20.70762,43.19788],[20.70984,43.19778],[20.71035,43.1977],[20.71186,43.19734],[20.71306,43.19673],[20.71408,43.19597],[20.71437,43.19564],[20.71458,43.19528],[20.71671,43.18929],[20.71701,43.18875],[20.71756,43.18807],[20.71828,43.18747],[20.72062,43.18592],[20.72408,43.1843],[20.72591,43.18354],[20.72624,43.18336],[20.72791,43.18205],[20.72888,43.18165]]}},{"type":"Feature","properties":{"kind":"rail"},"geometry":{"type":"LineString","coordinates":[[20.82945,43.02588],[20.82977,43.02517],[20.83043,43.02419],[20.83069,43.02344],[20.8307,43.02308],[20.83047,43.02177],[20.83035,43.02122],[20.83016,43.02077],[20.82964,43.02011],[20.82924,43.01982],[20.82616,43.01825],[20.82571,43.01795],[20.82502,43.01728],[20.82403,43.01568],[20.82371,43.01531],[20.82291,43.01473],[20.82231,43.01449],[20.82165,43.01432],[20.82053,43.01423],[20.81764,43.01474],[20.8169,43.01481],[20.81406,43.01474],[20.8114,43.01507],[20.81051,43.01499],[20.80989,43.01482]]}},{"type":"Feature","properties":{"kind":"rail"},"geometry":{"type":"LineString","coordinates":[[20.81999,42.98377],[20.82107,42.98324],[20.82144,42.98297],[20.82207,42.98227],[20.82246,42.98135],[20.82279,42.9799],[20.82278,42.97942],[20.82262,42.97845],[20.82229,42.97741],[20.82188,42.97663],[20.82045,42.97465]]}},{"type":"Feature","properties":{"kind":"rail"},"geometry":{"type":"LineString","coordinates":[[21.17276,42.35035],[21.17177,42.35111],[21.17009,42.35277],[21.1675,42.35556],[21.16539,42.3576],[21.16335,42.35969],[21.16185,42.36108],[21.15873,42.36432],[21.15709,42.36592],[21.1568,42.3663],[21.15585,42.36715],[21.14661,42.37369],[21.14514,42.37467],[21.14395,42.3753],[21.14326,42.37557],[21.13948,42.37686],[21.13787,42.37769],[21.1369,42.37832],[21.13565,42.37935],[21.13466,42.38051],[21.1339,42.38182],[21.13359,42.38255],[21.13344,42.38314],[21.13322,42.38467],[21.13334,42.38644],[21.13362,42.38819],[21.13397,42.38977],[21.13444,42.39124],[21.13525,42.39293],[21.13545,42.39321],[21.13797,42.39618],[21.14038,42.3992],[21.14103,42.40067],[21.14151,42.40203],[21.14123,42.40365],[21.13543,42.41593],[21.13485,42.41719],[21.13463,42.41781],[21.13444,42.41845],[21.13435,42.41909],[21.13432,42.42081],[21.13451,42.42165],[21.13475,42.42229],[21.13544,42.42374],[21.13593,42.42438],[21.13643,42.42493],[21.13765,42.42604],[21.14593,42.43203],[21.14908,42.43447],[21.15039,42.43595],[21.15139,42.43828],[21.15176,42.4406],[21.15239,42.44351],[21.15299,42.44459],[21.15342,42.4453],[21.15446,42.44644],[21.15922,42.45049],[21.16116,42.4523],[21.16169,42.45295],[21.16261,42.45447],[21.16277,42.45493],[21.16308,42.45616],[21.16317,42.45763],[21.1631,42.45836],[21.16275,42.4597],[21.16246,42.46038],[21.16207,42.46105],[21.15955,42.46492],[21.15072,42.47893],[21.14914,42.48122],[21.13415,42.50477]]}},{"type":"Feature","properties":{"kind":"rail"},"geometry":{"type":"LineString","coordinates":[[21.24952,42.21145],[21.24951,42.21178]]}},{"type":"Feature","properties":{"kind":"rail"},"geometry":{"type":"LineString","coordinates":[[21.26434,42.17897],[21.26375,42.17998],[21.26271,42.18137],[21.26256,42.18166],[21.26244,42.18223],[21.26245,42.18279],[21.26264,42.18331],[21.26299,42.18391],[21.26505,42.18548]]}},{"type":"Feature","properties":{"kind":"rail"},"geometry":{"type":"LineString","coordinates":[[21.25467,42.23897],[21.25471,42.23925]]}},{"type":"Feature","properties":{"kind":"rail"},"geometry":{"type":"LineString","coordinates":[[21.2566,42.22537],[21.25659,42.22578]]}},{"type":"Feature","properties":{"kind":"rail"},"geometry":{"type":"LineString","coordinates":[[21.25625,42.2227],[21.25642,42.22301],[21.25656,42.2236],[21.2566,42.22537]]}},{"type":"Feature","properties":{"kind":"rail"},"geometry":{"type":"LineString","coordinates":[[21.24951,42.21178],[21.24954,42.21227]]}},{"type":"Feature","properties":{"kind":"rail"},"geometry":{"type":"LineString","coordinates":[[21.25601,42.22197],[21.25614,42.22234]]}},{"type":"Feature","properties":{"kind":"rail"},"geometry":{"type":"LineString","coordinates":[[21.25659,42.22578],[21.25665,42.22672],[21.25663,42.22794],[21.25601,42.23145],[21.25585,42.23213],[21.25457,42.23601],[21.25434,42.23702],[21.2544,42.23772],[21.25467,42.23897]]}},{"type":"Feature","properties":{"kind":"rail"},"geometry":{"type":"LineString","coordinates":[[21.25075,42.2145],[21.25128,42.21516],[21.2517,42.21547],[21.25204,42.21563],[21.25254,42.21582],[21.25477,42.21628]]}},{"type":"Feature","properties":{"kind":"rail"},"geometry":{"type":"LineString","coordinates":[[21.25038,42.21394],[21.25053,42.21418]]}},{"type":"Feature","properties":{"kind":"rail"},"geometry":{"type":"LineString","coordinates":[[21.25477,42.21628],[21.25555,42.21661]]}},{"type":"Feature","properties":{"kind":"rail"},"geometry":{"type":"LineString","coordinates":[[21.25243,42.24285],[21.25226,42.24317],[21.25202,42.24414],[21.25208,42.24474],[21.25228,42.24545],[21.25262,42.24612],[21.253,42.24669],[21.25484,42.24887],[21.25511,42.24944],[21.25549,42.2508]]}},{"type":"Feature","properties":{"kind":"rail"},"geometry":{"type":"LineString","coordinates":[[21.24984,42.21066],[21.24963,42.21106],[21.24952,42.21145]]}},{"type":"Feature","properties":{"kind":"rail"},"geometry":{"type":"LineString","coordinates":[[21.25053,42.21418],[21.25075,42.2145]]}},{"type":"Feature","properties":{"kind":"rail"},"geometry":{"type":"LineString","coordinates":[[21.25276,42.20826],[21.25211,42.20884]]}},{"type":"Feature","properties":{"kind":"rail"},"geometry":{"type":"LineString","coordinates":[[21.25596,42.22169],[21.25601,42.22197]]}},{"type":"Feature","properties":{"kind":"rail"},"geometry":{"type":"LineString","coordinates":[[21.25614,42.22234],[21.25625,42.2227]]}},{"type":"Feature","properties":{"kind":"rail"},"geometry":{"type":"LineString","coordinates":[[21.25211,42.20884],[21.25136,42.20946],[21.25034,42.21011]]}},{"type":"Feature","properties":{"kind":"rail"},"geometry":{"type":"LineString","coordinates":[[21.26498,42.19089],[21.26473,42.19132]]}},{"type":"Feature","properties":{"kind":"rail"},"geometry":{"type":"LineString","coordinates":[[21.26473,42.19132],[21.26353,42.19255],[21.26265,42.1942],[21.26235,42.19464],[21.26154,42.19534],[21.25969,42.19661],[21.2592,42.19721],[21.25898,42.19767],[21.25884,42.19877],[21.25864,42.19949],[21.25773,42.20117],[21.25738,42.2022],[21.25729,42.20265],[21.25725,42.20407],[21.25714,42.20454],[21.25688,42.20502],[21.25648,42.20547],[21.25587,42.20592],[21.25419,42.2068],[21.25317,42.2079],[21.25276,42.20826]]}},{"type":"Feature","properties":{"kind":"rail"},"geometry":{"type":"LineString","coordinates":[[21.25669,42.21802],[21.25676,42.21837]]}},{"type":"Feature","properties":{"kind":"rail"},"geometry":{"type":"LineString","coordinates":[[21.25623,42.21715],[21.25666,42.21795]]}},{"type":"Feature","properties":{"kind":"rail"},"geometry":{"type":"LineString","coordinates":[[21.25676,42.21837],[21.25662,42.21921],[21.25616,42.22023],[21.25597,42.22081],[21.25596,42.22169]]}},{"type":"Feature","properties":{"kind":"rail"},"geometry":{"type":"LineString","coordinates":[[21.25555,42.21661],[21.25623,42.21715]]}},{"type":"Feature","properties":{"kind":"rail"},"geometry":{"type":"LineString","coordinates":[[21.02055,42.63243],[21.02518,42.62824],[21.02568,42.62785],[21.02661,42.62695]]}},{"type":"Feature","properties":{"kind":"rail"},"geometry":{"type":"LineString","coordinates":[[20.87498,42.87662],[20.87473,42.87693],[20.87453,42.87738],[20.87387,42.87959],[20.8726,42.88252],[20.87246,42.88305],[20.87246,42.8833],[20.87257,42.8839],[20.87293,42.88456],[20.87344,42.88509],[20.87431,42.88565],[20.87496,42.8862],[20.87532,42.88673],[20.87555,42.88747]]}},{"type":"Feature","properties":{"kind":"rail"},"geometry":{"type":"LineString","coordinates":[[21.13415,42.50477],[21.13412,42.50483]]}},{"type":"Feature","properties":{"kind":"rail"},"geometry":{"type":"LineString","coordinates":[[21.13412,42.50483],[21.13232,42.50764],[21.13125,42.50916],[21.12831,42.51382],[21.12248,42.52566]]}},{"type":"Feature","properties":{"kind":"rail"},"geometry":{"type":"LineString","coordinates":[[21.01479,42.74605],[21.01453,42.74634]]}},{"type":"Feature","properties":{"kind":"rail"},"geometry":{"type":"LineString","coordinates":[[21.00302,42.75844],[20.98561,42.7762],[20.98275,42.7792],[20.96762,42.79449],[20.9389,42.82372]]}},{"type":"Feature","properties":{"kind":"rail"},"geometry":{"type":"LineString","coordinates":[[21.08317,42.59997],[21.08238,42.60093],[21.08149,42.6022],[21.08125,42.60273],[21.08104,42.60345],[21.08095,42.60409],[21.08097,42.62795]]}},{"type":"Feature","properties":{"kind":"rail"},"geometry":{"type":"LineString","coordinates":[[21.0835,42.59956],[21.08334,42.59976]]}},{"type":"Feature","properties":{"kind":"rail"},"geometry":{"type":"LineString","coordinates":[[21.0418,42.60663],[21.04185,42.6065]]}},{"type":"Feature","properties":{"kind":"rail"},"geometry":{"type":"LineString","coordinates":[[21.04275,42.60426],[21.04376,42.60156],[21.0438,42.60111],[21.04368,42.60026],[21.04347,42.59976],[21.04317,42.5993],[21.04085,42.59683],[21.04017,42.59641],[21.03911,42.59602],[21.02957,42.59325],[21.02795,42.59289],[21.02663,42.59272]]}},{"type":"Feature","properties":{"kind":"rail"},"geometry":{"type":"LineString","coordinates":[[21.0809,42.62767],[21.08079,42.62691],[21.08063,42.62648],[21.08016,42.62583],[21.07924,42.62518],[21.07864,42.62493],[21.07761,42.62473],[21.07107,42.62436]]}},{"type":"Feature","properties":{"kind":"rail"},"geometry":{"type":"LineString","coordinates":[[21.07107,42.62436],[21.07013,42.62433]]}},{"type":"Feature","properties":{"kind":"rail"},"geometry":{"type":"LineString","coordinates":[[21.2663,42.18743],[21.26594,42.18862],[21.26498,42.19089]]}},{"type":"Feature","properties":{"kind":"rail"},"geometry":{"type":"LineString","coordinates":[[21.26505,42.18548],[21.26568,42.18606]]}},{"type":"Feature","properties":{"kind":"rail"},"geometry":{"type":"LineString","coordinates":[[21.30026,42.13997],[21.30013,42.1401]]}},{"type":"Feature","properties":{"kind":"rail"},"geometry":{"type":"LineString","coordinates":[[20.56123,42.52415],[20.56122,42.52399]]}},{"type":"Feature","properties":{"kind":"rail"},"geometry":{"type":"LineString","coordinates":[[21.02681,42.62687],[21.01748,42.63522],[21.01688,42.63599],[21.01657,42.63657],[21.01605,42.63823],[21.01565,42.63916],[21.01535,42.63962],[21.01454,42.6404],[21.01322,42.6412],[21.00798,42.64307],[21.00714,42.64356],[21.00646,42.64416],[21.00597,42.64487],[21.00582,42.64523],[21.00571,42.6456],[21.00554,42.64726],[21.00535,42.64788],[21.005,42.64858],[21.00163,42.65212],[21.00089,42.65297],[20.99964,42.65405],[20.99546,42.65703],[20.99321,42.65811],[20.9914,42.65888],[20.99008,42.65962],[20.98944,42.66011],[20.98554,42.66382],[20.98423,42.66534],[20.98383,42.6657],[20.98342,42.66601],[20.98032,42.66757],[20.97967,42.66806],[20.9744,42.67299],[20.97376,42.67346],[20.97267,42.67398],[20.96975,42.67473],[20.96802,42.67538],[20.9672,42.67556]]}},{"type":"Feature","properties":{"kind":"rail"},"geometry":{"type":"LineString","coordinates":[[21.03242,42.1821],[21.03419,42.18209]]}},{"type":"Feature","properties":{"kind":"rail"},"geometry":{"type":"LineString","coordinates":[[21.01202,42.56355],[21.01174,42.55124],[21.01165,42.55001]]}},{"type":"Feature","properties":{"kind":"rail"},"geometry":{"type":"LineString","coordinates":[[21.06139,42.69262],[21.06708,42.68608]]}},{"type":"Feature","properties":{"kind":"rail"},"geometry":{"type":"LineString","coordinates":[[20.9389,42.82372],[20.93829,42.82429],[20.93287,42.82858]]}},{"type":"Feature","properties":{"kind":"rail"},"geometry":{"type":"LineString","coordinates":[[21.14949,42.65745],[21.15107,42.65893]]}},{"type":"Feature","properties":{"kind":"rail"},"geometry":{"type":"LineString","coordinates":[[21.08334,42.59976],[21.08317,42.59997]]}},{"type":"Feature","properties":{"kind":"rail"},"geometry":{"type":"LineString","coordinates":[[21.12248,42.52566],[21.12132,42.52802]]}},{"type":"Feature","properties":{"kind":"rail"},"geometry":{"type":"LineString","coordinates":[[21.09337,42.58497],[21.09053,42.5907],[21.08996,42.5916],[21.0835,42.59956]]}},{"type":"Feature","properties":{"kind":"rail"},"geometry":{"type":"LineString","coordinates":[[20.55097,42.35735],[20.55241,42.35732],[20.55361,42.35739],[20.55784,42.35806],[20.55942,42.35809],[20.56086,42.35799],[20.56242,42.35771],[20.56386,42.35729],[20.56969,42.3548]]}},{"type":"Feature","properties":{"kind":"rail"},"geometry":{"type":"LineString","coordinates":[[20.8925,42.61854],[20.89145,42.6174],[20.89057,42.61672],[20.88957,42.6162],[20.88825,42.6158],[20.88375,42.61488]]}},{"type":"Feature","properties":{"kind":"rail"},"geometry":{"type":"LineString","coordinates":[[20.89271,42.61875],[20.8925,42.61854]]}},{"type":"Feature","properties":{"kind":"rail"},"geometry":{"type":"LineString","coordinates":[[21.30646,42.134],[21.30549,42.13575],[21.30503,42.13633],[21.30441,42.13689],[21.30101,42.13934],[21.30026,42.13997]]}},{"type":"Feature","properties":{"kind":"rail"},"geometry":{"type":"LineString","coordinates":[[20.71303,42.62164],[20.71298,42.62116]]}},{"type":"Feature","properties":{"kind":"rail"},"geometry":{"type":"LineString","coordinates":[[20.71298,42.62116],[20.71277,42.62001],[20.71215,42.61874],[20.71043,42.61704],[20.70836,42.61549],[20.70739,42.61487],[20.70633,42.61452],[20.70591,42.61446],[20.70543,42.61449]]}},{"type":"Feature","properties":{"kind":"rail"},"geometry":{"type":"LineString","coordinates":[[20.6728,42.62157],[20.67272,42.62157]]}},{"type":"Feature","properties":{"kind":"rail"},"geometry":{"type":"LineString","coordinates":[[20.67272,42.62157],[20.67102,42.62168],[20.67049,42.62179],[20.66943,42.62219],[20.66855,42.62275],[20.66702,42.62428],[20.66629,42.62478]]}},{"type":"Feature","properties":{"kind":"rail"},"geometry":{"type":"LineString","coordinates":[[20.64598,42.63055],[20.64591,42.63053]]}},{"type":"Feature","properties":{"kind":"rail"},"geometry":{"type":"LineString","coordinates":[[20.64591,42.63053],[20.63696,42.62776],[20.63532,42.62755],[20.63314,42.62755],[20.63124,42.62722]]}},{"type":"Feature","properties":{"kind":"rail"},"geometry":{"type":"LineString","coordinates":[[20.74048,43.16588],[20.74087,43.16508],[20.74126,43.16448],[20.74178,43.164],[20.74242,43.16361]]}},{"type":"Feature","properties":{"kind":"rail"},"geometry":{"type":"LineString","coordinates":[[21.02732,42.62639],[21.02685,42.62673]]}},{"type":"Feature","properties":{"kind":"rail"},"geometry":{"type":"LineString","coordinates":[[20.96706,42.67557],[20.96598,42.67561],[20.96534,42.6755],[20.96173,42.67464],[20.95984,42.67406],[20.95824,42.67314],[20.95785,42.67299],[20.95703,42.67283],[20.95623,42.67283],[20.95454,42.67329],[20.95349,42.67365],[20.95296,42.67375],[20.95172,42.67378],[20.95092,42.67364],[20.9486,42.6726],[20.94754,42.67189],[20.94536,42.67027],[20.94494,42.66984],[20.94417,42.66886]]}},{"type":"Feature","properties":{"kind":"rail"},"geometry":{"type":"LineString","coordinates":[[20.9672,42.67556],[20.96706,42.67557]]}},{"type":"Feature","properties":{"kind":"rail"},"geometry":{"type":"LineString","coordinates":[[20.90058,42.62723],[20.89271,42.61875]]}},{"type":"Feature","properties":{"kind":"rail"},"geometry":{"type":"LineString","coordinates":[[20.7394,42.61653],[20.73834,42.61907],[20.73808,42.61943],[20.73741,42.62014],[20.73483,42.62255],[20.73375,42.624],[20.73347,42.62425],[20.73292,42.62457],[20.73101,42.6253]]}},{"type":"Feature","properties":{"kind":"rail"},"geometry":{"type":"LineString","coordinates":[[20.73943,42.61645],[20.7394,42.61653]]}},{"type":"Feature","properties":{"kind":"rail"},"geometry":{"type":"LineString","coordinates":[[20.74042,42.61407],[20.73943,42.61645]]}},{"type":"Feature","properties":{"kind":"rail"},"geometry":{"type":"LineString","coordinates":[[20.74046,42.61399],[20.74042,42.61407]]}},{"type":"Feature","properties":{"kind":"rail"},"geometry":{"type":"LineString","coordinates":[[20.74101,42.61258],[20.74046,42.61399]]}},{"type":"Feature","properties":{"kind":"rail"},"geometry":{"type":"LineString","coordinates":[[20.74105,42.6125],[20.74101,42.61258]]}},{"type":"Feature","properties":{"kind":"rail"},"geometry":{"type":"LineString","coordinates":[[20.74158,42.60697],[20.74142,42.60727],[20.74127,42.60783],[20.74108,42.60921],[20.74135,42.61119],[20.74127,42.61184],[20.74105,42.6125]]}},{"type":"Feature","properties":{"kind":"rail"},"geometry":{"type":"LineString","coordinates":[[20.74167,42.60684],[20.74158,42.60697]]}},{"type":"Feature","properties":{"kind":"rail"},"geometry":{"type":"LineString","coordinates":[[20.75167,42.60367],[20.74764,42.60493],[20.74359,42.60563],[20.74283,42.60591],[20.7423,42.60622],[20.74167,42.60684]]}},{"type":"Feature","properties":{"kind":"rail"},"geometry":{"type":"LineString","coordinates":[[20.7518,42.60362],[20.75167,42.60367]]}},{"type":"Feature","properties":{"kind":"rail"},"geometry":{"type":"LineString","coordinates":[[20.72871,42.62862],[20.7282,42.629],[20.72753,42.6293],[20.72685,42.62946],[20.726,42.62955]]}},{"type":"Feature","properties":{"kind":"rail"},"geometry":{"type":"LineString","coordinates":[[20.72883,42.62851],[20.72871,42.62862]]}},{"type":"Feature","properties":{"kind":"rail"},"geometry":{"type":"LineString","coordinates":[[20.73091,42.62534],[20.73007,42.62599],[20.72984,42.62637],[20.72932,42.62783],[20.72883,42.62851]]}},{"type":"Feature","properties":{"kind":"rail"},"geometry":{"type":"LineString","coordinates":[[20.73101,42.6253],[20.73091,42.62534]]}},{"type":"Feature","properties":{"kind":"rail"},"geometry":{"type":"LineString","coordinates":[[20.58126,42.6213],[20.58102,42.62102]]}},{"type":"Feature","properties":{"kind":"rail"},"geometry":{"type":"LineString","coordinates":[[21.12128,42.5281],[21.11788,42.53513],[21.09337,42.58497]]}},{"type":"Feature","properties":{"kind":"rail"},"geometry":{"type":"LineString","coordinates":[[21.12132,42.52802],[21.12128,42.5281]]}},{"type":"Feature","properties":{"kind":"rail"},"geometry":{"type":"LineString","coordinates":[[21.25481,42.26393],[21.25455,42.26553],[21.25435,42.26593],[21.25358,42.26679],[21.25277,42.26749],[21.25234,42.26767],[21.25057,42.26817],[21.2495,42.26866],[21.24899,42.26907],[21.24856,42.26957],[21.24833,42.26995],[21.24812,42.27049],[21.24766,42.27226]]}},{"type":"Feature","properties":{"kind":"rail"},"geometry":{"type":"LineString","coordinates":[[21.25482,42.26365],[21.25481,42.26393]]}},{"type":"Feature","properties":{"kind":"rail"},"geometry":{"type":"LineString","coordinates":[[20.33048,42.65734],[20.32451,42.65681],[20.31038,42.65538],[20.30965,42.65538],[20.3088,42.65551],[20.30796,42.65582],[20.30728,42.65625],[20.30698,42.65652],[20.30651,42.65715],[20.30333,42.66438],[20.30295,42.66542]]}},{"type":"Feature","properties":{"kind":"rail"},"geometry":{"type":"LineString","coordinates":[[21.01427,42.57835],[21.01308,42.57465],[21.0122,42.57161],[21.01213,42.57113],[21.01203,42.56773],[21.01202,42.56355]]}},{"type":"Feature","properties":{"kind":"rail"},"geometry":{"type":"LineString","coordinates":[[21.0143,42.57844],[21.01427,42.57835]]}},{"type":"Feature","properties":{"kind":"rail"},"geometry":{"type":"LineString","coordinates":[[21.01661,42.58605],[21.01585,42.58374],[21.0143,42.57844]]}},{"type":"Feature","properties":{"kind":"rail"},"geometry":{"type":"LineString","coordinates":[[21.01663,42.58611],[21.01661,42.58605]]}},{"type":"Feature","properties":{"kind":"rail"},"geometry":{"type":"LineString","coordinates":[[21.03364,42.61969],[21.03588,42.61652],[21.03865,42.61323],[21.03962,42.61188],[21.0409,42.60886]]}},{"type":"Feature","properties":{"kind":"rail"},"geometry":{"type":"LineString","coordinates":[[21.03358,42.61978],[21.03364,42.61969]]}},{"type":"Feature","properties":{"kind":"rail"},"geometry":{"type":"LineString","coordinates":[[21.04093,42.60878],[21.0418,42.60663]]}},{"type":"Feature","properties":{"kind":"rail"},"geometry":{"type":"LineString","coordinates":[[21.0409,42.60886],[21.04093,42.60878]]}},{"type":"Feature","properties":{"kind":"rail"},"geometry":{"type":"LineString","coordinates":[[21.04185,42.6065],[21.04275,42.60426]]}},{"type":"Feature","properties":{"kind":"rail"},"geometry":{"type":"LineString","coordinates":[[21.17308,42.35015],[21.17276,42.35035]]}},{"type":"Feature","properties":{"kind":"rail"},"geometry":{"type":"LineString","coordinates":[[21.26612,42.1866],[21.26627,42.1869],[21.2663,42.18743]]}},{"type":"Feature","properties":{"kind":"rail"},"geometry":{"type":"LineString","coordinates":[[21.26568,42.18606],[21.26612,42.1866]]}},{"type":"Feature","properties":{"kind":"rail"},"geometry":{"type":"LineString","coordinates":[[20.71326,42.62362],[20.71324,42.62349]]}},{"type":"Feature","properties":{"kind":"rail"},"geometry":{"type":"LineString","coordinates":[[20.7133,42.62408],[20.71326,42.62362]]}},{"type":"Feature","properties":{"kind":"rail"},"geometry":{"type":"LineString","coordinates":[[20.87536,42.8899],[20.87501,42.89298],[20.87475,42.89621]]}},{"type":"Feature","properties":{"kind":"rail"},"geometry":{"type":"LineString","coordinates":[[20.87555,42.88747],[20.87556,42.88753]]}},{"type":"Feature","properties":{"kind":"rail"},"geometry":{"type":"LineString","coordinates":[[21.07269,42.67983],[21.0714,42.68132]]}},{"type":"Feature","properties":{"kind":"rail"},"geometry":{"type":"LineString","coordinates":[[21.07275,42.67976],[21.07269,42.67983]]}},{"type":"Feature","properties":{"kind":"rail"},"geometry":{"type":"LineString","coordinates":[[21.07137,42.68136],[21.05319,42.70227],[21.05151,42.70408]]}},{"type":"Feature","properties":{"kind":"rail"},"geometry":{"type":"LineString","coordinates":[[21.0714,42.68132],[21.07137,42.68136]]}},{"type":"Feature","properties":{"kind":"rail"},"geometry":{"type":"LineString","coordinates":[[21.07838,42.66742],[21.07835,42.6675]]}},{"type":"Feature","properties":{"kind":"rail"},"geometry":{"type":"LineString","coordinates":[[21.08107,42.65012],[21.0811,42.65707],[21.08102,42.65859],[21.0807,42.6604],[21.08007,42.66317],[21.07838,42.66742]]}},{"type":"Feature","properties":{"kind":"rail"},"geometry":{"type":"LineString","coordinates":[[20.72903,43.18161],[20.73154,43.1812],[20.73241,43.18084],[20.73327,43.18021],[20.73473,43.17888],[20.73499,43.17851],[20.73516,43.17813],[20.73551,43.17651],[20.7362,43.17461],[20.74048,43.16588]]}},{"type":"Feature","properties":{"kind":"rail"},"geometry":{"type":"LineString","coordinates":[[20.72888,43.18165],[20.72903,43.18161]]}},{"type":"Feature","properties":{"kind":"rail"},"geometry":{"type":"LineString","coordinates":[[20.70117,43.2074],[20.70115,43.20734]]}},{"type":"Feature","properties":{"kind":"rail"},"geometry":{"type":"LineString","coordinates":[[20.69551,43.21267],[20.69977,43.21033],[20.70056,43.20977],[20.70103,43.20917],[20.70121,43.20872],[20.70129,43.20793],[20.70117,43.2074]]}},{"type":"Feature","properties":{"kind":"rail"},"geometry":{"type":"LineString","coordinates":[[20.8102,43.08532],[20.81085,43.08477]]}},{"type":"Feature","properties":{"kind":"rail"},"geometry":{"type":"LineString","coordinates":[[20.80385,43.09196],[20.80526,43.09054],[20.80671,43.08841],[20.80725,43.08773],[20.80861,43.0865],[20.8102,43.08532]]}},{"type":"Feature","properties":{"kind":"rail"},"geometry":{"type":"LineString","coordinates":[[20.81085,43.08477],[20.81176,43.08415],[20.81374,43.08335],[20.81423,43.08306],[20.8146,43.08275],[20.81493,43.08238],[20.81517,43.08197],[20.8153,43.08155],[20.81536,43.08103],[20.8153,43.08061],[20.81514,43.08018],[20.81485,43.07972],[20.81405,43.07873],[20.81292,43.07778],[20.80656,43.07391],[20.80574,43.07356]]}},{"type":"Feature","properties":{"kind":"rail"},"geometry":{"type":"LineString","coordinates":[[20.80368,43.09212],[20.80385,43.09196]]}},{"type":"Feature","properties":{"kind":"rail"},"geometry":{"type":"LineString","coordinates":[[20.83526,42.94652],[20.83529,42.9464]]}},{"type":"Feature","properties":{"kind":"rail"},"geometry":{"type":"LineString","coordinates":[[20.83462,42.94873],[20.83526,42.94652]]}},{"type":"Feature","properties":{"kind":"rail"},"geometry":{"type":"LineString","coordinates":[[21.00307,42.7584],[21.00302,42.75844]]}},{"type":"Feature","properties":{"kind":"rail"},"geometry":{"type":"LineString","coordinates":[[21.01453,42.74634],[21.01113,42.75017],[21.00307,42.7584]]}},{"type":"Feature","properties":{"kind":"rail"},"geometry":{"type":"LineString","coordinates":[[21.25666,42.21795],[21.25669,42.21802]]}},{"type":"Feature","properties":{"kind":"rail"},"geometry":{"type":"LineString","coordinates":[[20.69506,42.61444],[20.69349,42.61445],[20.69208,42.61469],[20.69128,42.61496],[20.69041,42.61541]]}},{"type":"Feature","properties":{"kind":"rail"},"geometry":{"type":"LineString","coordinates":[[20.70543,42.61449],[20.69506,42.61444]]}},{"type":"Feature","properties":{"kind":"rail"},"geometry":{"type":"LineString","coordinates":[[20.72037,42.63051],[20.7203,42.6305]]}},{"type":"Feature","properties":{"kind":"rail"},"geometry":{"type":"LineString","coordinates":[[20.72343,42.62995],[20.72196,42.63046],[20.72104,42.63055],[20.72037,42.63051]]}},{"type":"Feature","properties":{"kind":"rail"},"geometry":{"type":"LineString","coordinates":[[20.72591,42.62955],[20.72485,42.62961]]}},{"type":"Feature","properties":{"kind":"rail"},"geometry":{"type":"LineString","coordinates":[[20.726,42.62955],[20.72591,42.62955]]}},{"type":"Feature","properties":{"kind":"rail"},"geometry":{"type":"LineString","coordinates":[[20.71563,42.6286],[20.71431,42.62747],[20.71372,42.62658],[20.7135,42.62581],[20.7133,42.62408]]}},{"type":"Feature","properties":{"kind":"rail"},"geometry":{"type":"LineString","coordinates":[[20.71578,42.62871],[20.71563,42.6286]]}},{"type":"Feature","properties":{"kind":"rail"},"geometry":{"type":"LineString","coordinates":[[20.76431,42.60566],[20.76078,42.60479]]}},{"type":"Feature","properties":{"kind":"rail"},"geometry":{"type":"LineString","coordinates":[[20.76446,42.60569],[20.76431,42.60566]]}},{"type":"Feature","properties":{"kind":"rail"},"geometry":{"type":"LineString","coordinates":[[20.76068,42.60477],[20.75904,42.60434],[20.7543,42.60329],[20.75376,42.60325],[20.75311,42.6033],[20.75252,42.6034],[20.7518,42.60362]]}},{"type":"Feature","properties":{"kind":"rail"},"geometry":{"type":"LineString","coordinates":[[20.76078,42.60479],[20.76068,42.60477]]}},{"type":"Feature","properties":{"kind":"rail"},"geometry":{"type":"LineString","coordinates":[[21.2449,42.93466],[21.24985,42.93603]]}},{"type":"Feature","properties":{"kind":"rail"},"geometry":{"type":"LineString","coordinates":[[20.69258,43.22064],[20.69244,43.22033]]}},{"type":"Feature","properties":{"kind":"rail"},"geometry":{"type":"LineString","coordinates":[[21.24764,42.27234],[21.24732,42.27317],[21.24693,42.27376],[21.24586,42.27513],[21.24501,42.27593]]}},{"type":"Feature","properties":{"kind":"rail"},"geometry":{"type":"LineString","coordinates":[[21.24766,42.27226],[21.24764,42.27234]]}},{"type":"Feature","properties":{"kind":"rail"},"geometry":{"type":"LineString","coordinates":[[21.24497,42.27597],[21.24314,42.27754],[21.24273,42.27806],[21.24254,42.27872],[21.24253,42.27941],[21.24277,42.27995]]}},{"type":"Feature","properties":{"kind":"rail"},"geometry":{"type":"LineString","coordinates":[[21.24501,42.27593],[21.24497,42.27597]]}},{"type":"Feature","properties":{"kind":"rail"},"geometry":{"type":"LineString","coordinates":[[21.242,42.28773],[21.24191,42.2878]]}},{"type":"Feature","properties":{"kind":"rail"},"geometry":{"type":"LineString","coordinates":[[21.24332,42.28078],[21.24352,42.2809],[21.24406,42.28146],[21.24435,42.28194],[21.24448,42.28255],[21.24446,42.28298],[21.24423,42.28362],[21.24352,42.28448],[21.24309,42.28513],[21.24248,42.28712],[21.242,42.28773]]}},{"type":"Feature","properties":{"kind":"rail"},"geometry":{"type":"LineString","coordinates":[[20.81984,42.98383],[20.81999,42.98377]]}},{"type":"Feature","properties":{"kind":"rail"},"geometry":{"type":"LineString","coordinates":[[20.81737,42.98728],[20.81736,42.98609],[20.81777,42.98526],[20.81846,42.9845],[20.81984,42.98383]]}},{"type":"Feature","properties":{"kind":"rail"},"geometry":{"type":"LineString","coordinates":[[20.8151,42.99393],[20.81673,42.99205]]}},{"type":"Feature","properties":{"kind":"rail"},"geometry":{"type":"LineString","coordinates":[[20.81503,42.99403],[20.8151,42.99393]]}},{"type":"Feature","properties":{"kind":"rail"},"geometry":{"type":"LineString","coordinates":[[20.80086,42.99875],[20.8017,42.99802],[20.80247,42.99757],[20.80316,42.99723],[20.80405,42.99692],[20.805,42.99682],[20.80549,42.99684],[20.80927,42.99729],[20.81043,42.99719],[20.81108,42.99706],[20.81229,42.99656],[20.81276,42.99626],[20.81411,42.99512],[20.81503,42.99403]]}},{"type":"Feature","properties":{"kind":"rail"},"geometry":{"type":"LineString","coordinates":[[20.80077,42.99883],[20.80086,42.99875]]}},{"type":"Feature","properties":{"kind":"rail"},"geometry":{"type":"LineString","coordinates":[[20.82698,42.96116],[20.82703,42.96111]]}},{"type":"Feature","properties":{"kind":"rail"},"geometry":{"type":"LineString","coordinates":[[20.82552,42.96334],[20.82587,42.96292],[20.82639,42.96183],[20.82698,42.96116]]}},{"type":"Feature","properties":{"kind":"rail"},"geometry":{"type":"LineString","coordinates":[[20.8274,42.92536],[20.82739,42.92515]]}},{"type":"Feature","properties":{"kind":"rail"},"geometry":{"type":"LineString","coordinates":[[20.83529,42.9464],[20.83543,42.9458],[20.83534,42.94512],[20.83478,42.94418],[20.8342,42.94358],[20.83391,42.94318],[20.83372,42.94279],[20.83362,42.9424],[20.83333,42.94015],[20.83315,42.93965],[20.83283,42.93917],[20.82816,42.93351],[20.82766,42.93279],[20.82757,42.93241],[20.82752,42.93153],[20.82753,42.92973],[20.8274,42.92536]]}},{"type":"Feature","properties":{"kind":"rail"},"geometry":{"type":"LineString","coordinates":[[20.80543,43.00973],[20.80537,43.00966]]}},{"type":"Feature","properties":{"kind":"rail"},"geometry":{"type":"LineString","coordinates":[[20.80958,43.01472],[20.80897,43.01442],[20.80862,43.01417],[20.80805,43.01358],[20.80712,43.01184],[20.80572,43.01001],[20.80543,43.00973]]}},{"type":"Feature","properties":{"kind":"rail"},"geometry":{"type":"LineString","coordinates":[[20.81529,43.04881],[20.81536,43.04876]]}},{"type":"Feature","properties":{"kind":"rail"},"geometry":{"type":"LineString","coordinates":[[20.81142,43.05097],[20.81255,43.05067],[20.81305,43.05044],[20.81529,43.04881]]}},{"type":"Feature","properties":{"kind":"rail"},"geometry":{"type":"LineString","coordinates":[[20.92595,42.65244],[20.92592,42.65233]]}},{"type":"Feature","properties":{"kind":"rail"},"geometry":{"type":"LineString","coordinates":[[20.93509,42.66075],[20.92697,42.65388],[20.92632,42.65316],[20.92595,42.65244]]}},{"type":"Feature","properties":{"kind":"rail"},"geometry":{"type":"LineString","coordinates":[[20.94414,42.66882],[20.94358,42.66821],[20.94259,42.66734],[20.93885,42.66497],[20.93832,42.66459],[20.93776,42.66408]]}},{"type":"Feature","properties":{"kind":"rail"},"geometry":{"type":"LineString","coordinates":[[20.94417,42.66886],[20.94414,42.66882]]}},{"type":"Feature","properties":{"kind":"rail"},"geometry":{"type":"LineString","coordinates":[[20.93771,42.66401],[20.93586,42.66151],[20.93509,42.66075]]}},{"type":"Feature","properties":{"kind":"rail"},"geometry":{"type":"LineString","coordinates":[[20.93776,42.66408],[20.93771,42.66401]]}},{"type":"Feature","properties":{"kind":"rail"},"geometry":{"type":"LineString","coordinates":[[21.08102,42.63875],[21.08107,42.65007]]}},{"type":"Feature","properties":{"kind":"rail"},"geometry":{"type":"LineString","coordinates":[[21.08107,42.65007],[21.08107,42.65012]]}},{"type":"Feature","properties":{"kind":"rail"},"geometry":{"type":"LineString","coordinates":[[21.05151,42.70408],[21.04225,42.71476],[21.03621,42.7216]]}},{"type":"Feature","properties":{"kind":"rail"},"geometry":{"type":"LineString","coordinates":[[21.03621,42.7216],[21.03614,42.72167]]}},{"type":"Feature","properties":{"kind":"rail"},"geometry":{"type":"LineString","coordinates":[[21.03472,42.72329],[21.03474,42.72326]]}},{"type":"Feature","properties":{"kind":"rail"},"geometry":{"type":"LineString","coordinates":[[21.03614,42.72167],[21.03474,42.72326]]}},{"type":"Feature","properties":{"kind":"rail"},"geometry":{"type":"LineString","coordinates":[[21.03474,42.72326],[21.03472,42.72329]]}},{"type":"Feature","properties":{"kind":"rail"},"geometry":{"type":"LineString","coordinates":[[20.42948,42.66236],[20.42749,42.662],[20.42054,42.66032],[20.4141,42.65871],[20.40266,42.65572],[20.40127,42.65541],[20.40036,42.65527],[20.3995,42.65522],[20.3987,42.65529],[20.39739,42.65565],[20.39261,42.65769],[20.39132,42.65796],[20.37871,42.65896],[20.36904,42.65964],[20.36517,42.6597],[20.35469,42.6596],[20.3519,42.6594],[20.33048,42.65734]]}},{"type":"Feature","properties":{"kind":"rail"},"geometry":{"type":"LineString","coordinates":[[20.42973,42.66241],[20.42948,42.66236]]}},{"type":"Feature","properties":{"kind":"rail"},"geometry":{"type":"LineString","coordinates":[[21.08097,42.62795],[21.08099,42.63196]]}},{"type":"Feature","properties":{"kind":"rail"},"geometry":{"type":"LineString","coordinates":[[20.82143,43.03031],[20.82233,43.02985],[20.82282,43.02969],[20.82552,43.02912],[20.82746,43.02838],[20.8283,43.02784],[20.82865,43.0275],[20.82893,43.0271],[20.82912,43.02667]]}},{"type":"Feature","properties":{"kind":"rail"},"geometry":{"type":"LineString","coordinates":[[20.82126,43.03042],[20.82143,43.03031]]}},{"type":"Feature","properties":{"kind":"rail"},"geometry":{"type":"LineString","coordinates":[[20.87556,42.88753],[20.87536,42.8899]]}},{"type":"Feature","properties":{"kind":"rail"},"geometry":{"type":"LineString","coordinates":[[21.02663,42.59272],[21.02565,42.59267],[21.02251,42.59268],[21.0216,42.59261],[21.02094,42.59248],[21.02024,42.59225],[21.01932,42.59179],[21.01891,42.59151],[21.01845,42.59106],[21.0182,42.59075],[21.01789,42.59019],[21.01663,42.58611]]}},{"type":"Feature","properties":{"kind":"rail"},"geometry":{"type":"LineString","coordinates":[[21.25557,42.2522],[21.25543,42.25268],[21.25441,42.25496]]}},{"type":"Feature","properties":{"kind":"rail"},"geometry":{"type":"LineString","coordinates":[[21.25557,42.25216],[21.25557,42.2522]]}},{"type":"Feature","properties":{"kind":"rail"},"geometry":{"type":"LineString","coordinates":[[21.25549,42.2508],[21.2555,42.25084]]}},{"type":"Feature","properties":{"kind":"rail"},"geometry":{"type":"LineString","coordinates":[[21.2555,42.25084],[21.25559,42.25135],[21.25557,42.25216]]}},{"type":"Feature","properties":{"kind":"rail"},"geometry":{"type":"LineString","coordinates":[[21.25245,42.24281],[21.25243,42.24285]]}},{"type":"Feature","properties":{"kind":"rail"},"geometry":{"type":"LineString","coordinates":[[21.25471,42.23925],[21.2546,42.24006],[21.25433,42.2407],[21.25415,42.24098],[21.25277,42.24237],[21.25245,42.24281]]}}]}