{"type": "FeatureCollection", "features": [{"type": "Feature", "id": "n30361137", "geometry": {"type": "Point", "coordinates": [22.581838, 42.869887]}, "properties": {"kind": "hut", "name": "х. Руй", "operator": "ТД Руй, Трън"}}, {"type": "Feature", "id": "n30361165", "geometry": {"type": "Point", "coordinates": [22.633974, 42.84788]}, "properties": {"kind": "shelter", "name": "ловен фургон Пицийски кладенец"}}, {"type": "Feature", "id": "n30361216", "geometry": {"type": "Point", "coordinates": [22.603744, 42.85059]}, "properties": {"kind": "shelter", "name": "Пикета"}}, {"type": "Feature", "id": "n30361239", "geometry": {"type": "Point", "coordinates": [22.615721, 42.846965]}, "properties": {"kind": "shelter", "name": "ловен заслон Туроковско къще"}}, {"type": "Feature", "id": "n274090135", "geometry": {"type": "Point", "coordinates": [22.717584, 43.428481]}, "properties": {"kind": "hut", "name": "х.Миджур", "ele": "812"}}, {"type": "Feature", "id": "n274090285", "geometry": {"type": "Point", "coordinates": [22.649218, 42.845149]}, "properties": {"kind": "hut", "name": "хижа \"Ерма\"", "ele": "706"}}, {"type": "Feature", "id": "n389946763", "geometry": {"type": "Point", "coordinates": [22.009777, 44.093459]}, "properties": {"kind": "camp", "name": "Борско језеро", "nameSr": "Борско језеро"}}, {"type": "Feature", "id": "n466248928", "geometry": {"type": "Point", "coordinates": [22.355185, 42.034781]}, "properties": {"kind": "hut", "name": "Хотел Изгрев"}}, {"type": "Feature", "id": "n470410033", "geometry": {"type": "Point", "coordinates": [21.127279, 42.184771]}, "properties": {"kind": "hut", "name": "Љуботен", "nameSr": "Планинарски дом Љуботен", "operator": "ИГМ „Вратница“ - Вратница", "ele": "1645"}}, {"type": "Feature", "id": "n476567300", "geometry": {"type": "Point", "coordinates": [19.630038, 42.898606]}, "properties": {"kind": "hut", "name": "Katun Dolovi Lalevica"}}, {"type": "Feature", "id": "n570989278", "geometry": {"type": "Point", "coordinates": [20.359246, 42.867993]}, "properties": {"kind": "hut", "name": "Поглед", "nameSr": "Поглед", "ele": "1360"}}, {"type": "Feature", "id": "n608849302", "geometry": {"type": "Point", "coordinates": [20.815647, 43.290002]}, "properties": {"kind": "hut", "name": "Копаоник", "nameSr": "Копаоник"}}, {"type": "Feature", "id": "n608849311", "geometry": {"type": "Point", "coordinates": [20.820083, 43.29061]}, "properties": {"kind": "hut", "name": "Ртањ", "nameSr": "Ртањ"}}, {"type": "Feature", "id": "n608868019", "geometry": {"type": "Point", "coordinates": [20.814136, 43.285846]}, "properties": {"kind": "hut", "name": "Авала", "nameSr": "Авала"}}, {"type": "Feature", "id": "n782219336", "geometry": {"type": "Point", "coordinates": [19.600613, 42.898612]}, "properties": {"kind": "shelter", "shelterType": "picnic_shelter"}}, {"type": "Feature", "id": "n782219359", "geometry": {"type": "Point", "coordinates": [19.603349, 42.892476]}, "properties": {"kind": "shelter", "shelterType": "picnic_shelter"}}, {"type": "Feature", "id": "n827013217", "geometry": {"type": "Point", "coordinates": [22.457205, 44.484541]}, "properties": {"kind": "camp", "name": "Камп „Мирочка вода”", "nameSr": "Камп „Мирочка вода”", "fee": true}}, {"type": "Feature", "id": "n1303292298", "geometry": {"type": "Point", "coordinates": [18.919013, 45.717314]}, "properties": {"kind": "camp", "name": "Буџак", "nameSr": "Буџак"}}, {"type": "Feature", "id": "n1357717332", "geometry": {"type": "Point", "coordinates": [20.803752, 43.29252]}, "properties": {"kind": "shelter", "shelterType": "picnic_shelter"}}, {"type": "Feature", "id": "n1395135568", "geometry": {"type": "Point", "coordinates": [20.062862, 44.04435]}, "properties": {"kind": "camp", "name": "Ранч „Орлово гнездо”", "nameSr": "Ранч „Орлово гнездо”"}}, {"type": "Feature", "id": "n1475384933", "geometry": {"type": "Point", "coordinates": [21.303607, 42.06283]}, "properties": {"kind": "shelter"}}, {"type": "Feature", "id": "n1475384935", "geometry": {"type": "Point", "coordinates": [21.303075, 42.064846]}, "properties": {"kind": "shelter"}}, {"type": "Feature", "id": "n1709720886", "geometry": {"type": "Point", "coordinates": [22.59119, 42.857479]}, "properties": {"kind": "shelter", "name": "Забелски корита"}}, {"type": "Feature", "id": "n1853149349", "geometry": {"type": "Point", "coordinates": [22.31585, 44.655131]}, "properties": {"kind": "shelter"}}, {"type": "Feature", "id": "n1908452351", "geometry": {"type": "Point", "coordinates": [20.70131, 42.04579]}, "properties": {"kind": "camp", "name": "Camping Silojca"}}, {"type": "Feature", "id": "n1918797057", "geometry": {"type": "Point", "coordinates": [21.113545, 44.744907]}, "properties": {"kind": "camp", "name": "Camping Raj"}}, {"type": "Feature", "id": "n2024605293", "geometry": {"type": "Point", "coordinates": [22.045903, 42.288868]}, "properties": {"kind": "hut", "name": "Длабочица", "operator": "ZPSP Kozjak Kumanovo"}}, {"type": "Feature", "id": "n2048805644", "geometry": {"type": "Point", "coordinates": [19.63499, 42.898528]}, "properties": {"kind": "hut", "name": "Damjanovića Kolibe"}}, {"type": "Feature", "id": "n2102190298", "geometry": {"type": "Point", "coordinates": [19.299932, 43.148718]}, "properties": {"kind": "camp", "name": "Kamp Kljajevića luka", "drinking": true}}, {"type": "Feature", "id": "n2163858037", "geometry": {"type": "Point", "coordinates": [19.602099, 42.89695]}, "properties": {"kind": "shelter", "shelterType": "picnic_shelter"}}, {"type": "Feature", "id": "n2169188683", "geometry": {"type": "Point", "coordinates": [19.616483, 42.843396]}, "properties": {"kind": "camp", "name": "Katun Potoci - Gazdinstvo Dulovic", "nameSr": "Катун Потоци", "fee": true}}, {"type": "Feature", "id": "n2172159119", "geometry": {"type": "Point", "coordinates": [22.787434, 42.771191]}, "properties": {"kind": "shelter", "name": "Заслон"}}, {"type": "Feature", "id": "n2172190992", "geometry": {"type": "Point", "coordinates": [22.816823, 42.834267]}, "properties": {"kind": "shelter"}}, {"type": "Feature", "id": "n2276769087", "geometry": {"type": "Point", "coordinates": [22.840728, 43.073595]}, "properties": {"kind": "camp"}}, {"type": "Feature", "id": "n2276769089", "geometry": {"type": "Point", "coordinates": [22.843045, 43.072223]}, "properties": {"kind": "camp"}}, {"type": "Feature", "id": "n2276769090", "geometry": {"type": "Point", "coordinates": [22.846285, 43.070719]}, "properties": {"kind": "camp"}}, {"type": "Feature", "id": "n2306126162", "geometry": {"type": "Point", "coordinates": [19.803266, 43.723463]}, "properties": {"kind": "camp", "name": "Iva camp", "operator": "Ратко Радибратович"}}, {"type": "Feature", "id": "n2345282518", "geometry": {"type": "Point", "coordinates": [19.500373, 43.788471]}, "properties": {"kind": "shelter", "shelterType": "public_transport"}}, {"type": "Feature", "id": "n2485115313", "geometry": {"type": "Point", "coordinates": [19.585315, 43.999521]}, "properties": {"kind": "camp", "name": "Jovanović"}}, {"type": "Feature", "id": "n2489382999", "geometry": {"type": "Point", "coordinates": [19.296427, 43.145137]}, "properties": {"kind": "camp", "name": "Camp Most"}}, {"type": "Feature", "id": "n2489383181", "geometry": {"type": "Point", "coordinates": [19.309456, 43.164811]}, "properties": {"kind": "shelter", "shelterType": "picnic_shelter"}}, {"type": "Feature", "id": "n2489451334", "geometry": {"type": "Point", "coordinates": [19.411527, 42.989492]}, "properties": {"kind": "camp", "name": "Ravnjak"}}, {"type": "Feature", "id": "n2490054250", "geometry": {"type": "Point", "coordinates": [19.595616, 42.900902]}, "properties": {"kind": "camp", "name": "Biogradsko Jezero", "nameSr": "Биоградско језеро"}}, {"type": "Feature", "id": "n2826108039", "geometry": {"type": "Point", "coordinates": [19.743137, 43.523716]}, "properties": {"kind": "camp"}}, {"type": "Feature", "id": "n2826108040", "geometry": {"type": "Point", "coordinates": [19.740949, 43.52279]}, "properties": {"kind": "camp"}}, {"type": "Feature", "id": "n2891509389", "geometry": {"type": "Point", "coordinates": [22.535399, 42.863939]}, "properties": {"kind": "shelter"}}, {"type": "Feature", "id": "n2891509390", "geometry": {"type": "Point", "coordinates": [22.533013, 42.865512]}, "properties": {"kind": "shelter"}}, {"type": "Feature", "id": "n2976531072", "geometry": {"type": "Point", "coordinates": [22.689042, 43.617199]}, "properties": {"kind": "shelter"}}, {"type": "Feature", "id": "n3065611122", "geometry": {"type": "Point", "coordinates": [20.752387, 42.206527]}, "properties": {"kind": "camp", "name": "Camp Prizren"}}, {"type": "Feature", "id": "n3190051867", "geometry": {"type": "Point", "coordinates": [19.857872, 44.219879]}, "properties": {"kind": "camp", "name": "Шарено Платно", "nameSr": "Шарено Платно"}}, {"type": "Feature", "id": "n3209653992", "geometry": {"type": "Point", "coordinates": [20.172872, 42.519782]}, "properties": {"kind": "camp", "name": "Bjeshket e Junikut"}}, {"type": "Feature", "id": "n3463585784", "geometry": {"type": "Point", "coordinates": [19.283877, 45.234565]}, "properties": {"kind": "camp", "name": "Kapitenovo camping"}}, {"type": "Feature", "id": "n3510343601", "geometry": {"type": "Point", "coordinates": [19.270155, 44.49616]}, "properties": {"kind": "shelter", "name": "Vrtna kuća", "shelterType": "picnic_shelter"}}, {"type": "Feature", "id": "n3547896797", "geometry": {"type": "Point", "coordinates": [19.905358, 43.406082]}, "properties": {"kind": "camp", "name": "Auto kamp Luković", "nameSr": "Ауто камп Луковић"}}, {"type": "Feature", "id": "n3627101847", "geometry": {"type": "Point", "coordinates": [21.265324, 43.959143]}, "properties": {"kind": "camp", "name": "Camp Ruza Vetrova", "note": "It is on top of the hill called Djurdjevo brdo (Djurdjevo Hill). The camp site is surrounded by vineyards, orchards and meadows with a panoramic view of the town. The town centre is within walking distance.", "drinking": false, "seasonal": true, "fee": true}}, {"type": "Feature", "id": "n3650721180", "geometry": {"type": "Point", "coordinates": [20.879325, 42.016377]}, "properties": {"kind": "hut", "name": "Љуботен", "operator": "ПК „Љуботен“ - Тетово"}}, {"type": "Feature", "id": "n3650767204", "geometry": {"type": "Point", "coordinates": [21.927752, 42.284502]}, "properties": {"kind": "hut", "name": "Молотино", "operator": "ПД „Козјак“ - Куманово"}}, {"type": "Feature", "id": "n3668341495", "geometry": {"type": "Point", "coordinates": [22.00319, 42.246674]}, "properties": {"kind": "hut", "name": "Појак Калман", "operator": "ГПД „Козјак“ - Куманово"}}, {"type": "Feature", "id": "n3668572971", "geometry": {"type": "Point", "coordinates": [21.409224, 41.974923]}, "properties": {"kind": "hut", "name": "Скопје 63", "operator": "ПД „Скопје 63“ - Скопје"}}, {"type": "Feature", "id": "n3668857493", "geometry": {"type": "Point", "coordinates": [20.877862, 42.015884]}, "properties": {"kind": "hut", "name": "Смрека", "operator": "Д „Трансверзалец“ - Скопје"}}, {"type": "Feature", "id": "n3702853134", "geometry": {"type": "Point", "coordinates": [19.106936, 45.767198]}, "properties": {"kind": "camp", "name": "Long Tour Bike Camp", "fee": true}}, {"type": "Feature", "id": "n3759071964", "geometry": {"type": "Point", "coordinates": [19.829377, 42.735468]}, "properties": {"kind": "shelter"}}, {"type": "Feature", "id": "n3759165038", "geometry": {"type": "Point", "coordinates": [20.007304, 42.668327]}, "properties": {"kind": "shelter"}}, {"type": "Feature", "id": "n3778249042", "geometry": {"type": "Point", "coordinates": [19.99402, 42.783691]}, "properties": {"kind": "shelter"}}, {"type": "Feature", "id": "n3778357520", "geometry": {"type": "Point", "coordinates": [19.969092, 42.720081]}, "properties": {"kind": "shelter"}}, {"type": "Feature", "id": "n3778360751", "geometry": {"type": "Point", "coordinates": [19.967434, 42.709522]}, "properties": {"kind": "shelter"}}, {"type": "Feature", "id": "n3779490465", "geometry": {"type": "Point", "coordinates": [19.697767, 42.89285]}, "properties": {"kind": "shelter"}}, {"type": "Feature", "id": "n3780793781", "geometry": {"type": "Point", "coordinates": [19.688371, 42.944548]}, "properties": {"kind": "hut", "name": "Planinarski dom Cmiljača"}}, {"type": "Feature", "id": "n3787180899", "geometry": {"type": "Point", "coordinates": [19.724715, 42.883482]}, "properties": {"kind": "shelter"}}, {"type": "Feature", "id": "n3790579114", "geometry": {"type": "Point", "coordinates": [19.979028, 42.708661]}, "properties": {"kind": "shelter"}}, {"type": "Feature", "id": "n3812225550", "geometry": {"type": "Point", "coordinates": [19.83852, 42.845828]}, "properties": {"kind": "shelter"}}, {"type": "Feature", "id": "n3812282764", "geometry": {"type": "Point", "coordinates": [19.818317, 42.846735]}, "properties": {"kind": "shelter"}}, {"type": "Feature", "id": "n3815762158", "geometry": {"type": "Point", "coordinates": [19.816608, 42.871811]}, "properties": {"kind": "shelter"}}, {"type": "Feature", "id": "n3822561485", "geometry": {"type": "Point", "coordinates": [19.747488, 42.861418]}, "properties": {"kind": "shelter"}}, {"type": "Feature", "id": "n3822582673", "geometry": {"type": "Point", "coordinates": [19.738502, 42.859989]}, "properties": {"kind": "shelter"}}, {"type": "Feature", "id": "n3925358673", "geometry": {"type": "Point", "coordinates": [19.786454, 42.852356]}, "properties": {"kind": "hut", "name": "Planinarski dom Praćevac"}}, {"type": "Feature", "id": "n4021887437", "geometry": {"type": "Point", "coordinates": [19.690192, 42.855191]}, "properties": {"kind": "camp"}}, {"type": "Feature", "id": "n4063106778", "geometry": {"type": "Point", "coordinates": [19.649615, 42.844802]}, "properties": {"kind": "hut", "name": "Planinarski dom Vranjak", "nameSr": "Планинарски дом Врањак"}}, {"type": "Feature", "id": "n4095871057", "geometry": {"type": "Point", "coordinates": [19.926546, 45.173338]}, "properties": {"kind": "shelter", "name": "Шумарева кућа", "nameSr": "Шумарева кућа", "shelterType": "picnic_shelter"}}, {"type": "Feature", "id": "n4185697609", "geometry": {"type": "Point", "coordinates": [19.724814, 42.883745]}, "properties": {"kind": "hut", "name": "Planinarski dom Suvodo"}}, {"type": "Feature", "id": "n4193609357", "geometry": {"type": "Point", "coordinates": [21.987542, 43.390198]}, "properties": {"kind": "shelter"}}, {"type": "Feature", "id": "n4198924091", "geometry": {"type": "Point", "coordinates": [20.883567, 42.113153]}, "properties": {"kind": "hut", "name": "Zitadelle"}}, {"type": "Feature", "id": "n4206282367", "geometry": {"type": "Point", "coordinates": [22.238043, 44.685539]}, "properties": {"kind": "shelter", "name": "Cantonul Șoblanu", "shelterType": "weather_shelter"}}, {"type": "Feature", "id": "n4225979649", "geometry": {"type": "Point", "coordinates": [19.400793, 43.749648]}, "properties": {"kind": "camp", "name": "Camping Dobrunvik"}}, {"type": "Feature", "id": "n4267591790", "geometry": {"type": "Point", "coordinates": [22.103937, 44.754481]}, "properties": {"kind": "shelter", "name": "Adapost"}}, {"type": "Feature", "id": "n4267594869", "geometry": {"type": "Point", "coordinates": [22.103549, 44.757667]}, "properties": {"kind": "shelter", "name": "Stână"}}, {"type": "Feature", "id": "n4304685690", "geometry": {"type": "Point", "coordinates": [20.8456, 42.199081]}, "properties": {"kind": "camp", "name": "Kopanavoda"}}, {"type": "Feature", "id": "n4306268053", "geometry": {"type": "Point", "coordinates": [20.609584, 41.946189]}, "properties": {"kind": "hut", "name": "Skiatori"}}, {"type": "Feature", "id": "n4323551394", "geometry": {"type": "Point", "coordinates": [19.687753, 42.853952]}, "properties": {"kind": "camp"}}, {"type": "Feature", "id": "n4330532854", "geometry": {"type": "Point", "coordinates": [20.45469, 42.189111]}, "properties": {"kind": "camp", "name": "Kampingu ne Bjeshkën e Krumës"}}, {"type": "Feature", "id": "n4335548689", "geometry": {"type": "Point", "coordinates": [21.96479, 42.802189]}, "properties": {"kind": "shelter"}}, {"type": "Feature", "id": "n4347587147", "geometry": {"type": "Point", "coordinates": [20.14215, 42.765482]}, "properties": {"kind": "hut", "name": "Planinarski dom Grope", "nameSr": "Планинарски дом Гропе"}}, {"type": "Feature", "id": "n4362384732", "geometry": {"type": "Point", "coordinates": [19.986926, 42.725041]}, "properties": {"kind": "camp", "name": "Kamp Vraćevo", "fee": false}}, {"type": "Feature", "id": "n4362398312", "geometry": {"type": "Point", "coordinates": [19.991772, 42.758126]}, "properties": {"kind": "camp", "name": "Kamp Kaludarske Kape", "fee": false}}, {"type": "Feature", "id": "n4362400305", "geometry": {"type": "Point", "coordinates": [20.029287, 42.782009]}, "properties": {"kind": "camp", "name": "Kamp Murgaš", "fee": false}}, {"type": "Feature", "id": "n4366965206", "geometry": {"type": "Point", "coordinates": [22.261347, 43.14152]}, "properties": {"kind": "hut", "name": "Стара Заплањска млекара", "nameSr": "Стара Заплањска млекара", "ele": "1333", "note": "Abandoned hut."}}, {"type": "Feature", "id": "n4367500376", "geometry": {"type": "Point", "coordinates": [21.778976, 44.923443]}, "properties": {"kind": "camp"}}, {"type": "Feature", "id": "n4385143889", "geometry": {"type": "Point", "coordinates": [21.904681, 42.507357]}, "properties": {"kind": "camp", "name": "Enigma camping"}}, {"type": "Feature", "id": "n4396266690", "geometry": {"type": "Point", "coordinates": [21.26215, 43.9752]}, "properties": {"kind": "shelter", "name": "Geodetski biro", "nameSr": "Геодетски биро"}}, {"type": "Feature", "id": "n4407818208", "geometry": {"type": "Point", "coordinates": [20.681028, 41.941913]}, "properties": {"kind": "camp"}}, {"type": "Feature", "id": "n4414391692", "geometry": {"type": "Point", "coordinates": [20.137533, 42.705708]}, "properties": {"kind": "shelter", "name": "abandoned hotel in construction"}}, {"type": "Feature", "id": "n4416025917", "geometry": {"type": "Point", "coordinates": [19.979266, 42.707765]}, "properties": {"kind": "camp", "name": "Kamp Rušin krš", "fee": false}}, {"type": "Feature", "id": "n4427852691", "geometry": {"type": "Point", "coordinates": [20.461807, 42.034779]}, "properties": {"kind": "camp"}}, {"type": "Feature", "id": "n4428090911", "geometry": {"type": "Point", "coordinates": [20.803578, 43.47974]}, "properties": {"kind": "hut"}}, {"type": "Feature", "id": "n4432487190", "geometry": {"type": "Point", "coordinates": [20.873112, 44.674593]}, "properties": {"kind": "shelter"}}, {"type": "Feature", "id": "n4435719075", "geometry": {"type": "Point", "coordinates": [20.005349, 42.672529]}, "properties": {"kind": "camp", "name": "Kamp Čakor", "nameSr": "Камп Чакор"}}, {"type": "Feature", "id": "n4490197189", "geometry": {"type": "Point", "coordinates": [21.649002, 42.364205]}, "properties": {"kind": "hut"}}, {"type": "Feature", "id": "n4512104337", "geometry": {"type": "Point", "coordinates": [20.126653, 42.618434]}, "properties": {"kind": "camp"}}, {"type": "Feature", "id": "n4545038315", "geometry": {"type": "Point", "coordinates": [19.914598, 42.770038]}, "properties": {"kind": "hut"}}, {"type": "Feature", "id": "n4634799589", "geometry": {"type": "Point", "coordinates": [19.308183, 43.216384]}, "properties": {"kind": "hut"}}, {"type": "Feature", "id": "n4679561422", "geometry": {"type": "Point", "coordinates": [22.860978, 43.327344]}, "properties": {"kind": "hut", "name": "х. Копрен", "ele": "975"}}, {"type": "Feature", "id": "n4679577151", "geometry": {"type": "Point", "coordinates": [22.761548, 43.402442]}, "properties": {"kind": "shelter", "name": "з. Мартиница", "shelterType": "basic_hut"}}, {"type": "Feature", "id": "n4736480551", "geometry": {"type": "Point", "coordinates": [19.746547, 46.099028]}, "properties": {"kind": "shelter", "shelterType": "picnic_shelter"}}, {"type": "Feature", "id": "n4764295921", "geometry": {"type": "Point", "coordinates": [21.55429, 44.726534]}, "properties": {"kind": "camp", "name": "Пескови (стрелиште)", "nameSr": "Пескови (стрелиште)"}}, {"type": "Feature", "id": "n4836727021", "geometry": {"type": "Point", "coordinates": [21.478577, 42.724836]}, "properties": {"kind": "camp"}}, {"type": "Feature", "id": "n4869996930", "geometry": {"type": "Point", "coordinates": [20.228513, 42.677863]}, "properties": {"kind": "hut", "name": "Peklena"}}, {"type": "Feature", "id": "n4869998524", "geometry": {"type": "Point", "coordinates": [20.294369, 42.673235]}, "properties": {"kind": "hut", "name": "tabje"}}, {"type": "Feature", "id": "n4869998725", "geometry": {"type": "Point", "coordinates": [20.283165, 42.684502]}, "properties": {"kind": "hut", "name": "Te Antena"}}, {"type": "Feature", "id": "n4893594921", "geometry": {"type": "Point", "coordinates": [20.402388, 42.390498]}, "properties": {"kind": "camp", "name": "Perrallafest", "nameSr": "Perrallafest"}}, {"type": "Feature", "id": "n4908145323", "geometry": {"type": "Point", "coordinates": [22.202503, 43.349016]}, "properties": {"kind": "camp"}}, {"type": "Feature", "id": "n4908155422", "geometry": {"type": "Point", "coordinates": [22.083173, 43.363715]}, "properties": {"kind": "camp"}}, {"type": "Feature", "id": "n4920417125", "geometry": {"type": "Point", "coordinates": [21.706949, 43.529317]}, "properties": {"kind": "shelter"}}, {"type": "Feature", "id": "n4930690457", "geometry": {"type": "Point", "coordinates": [21.827865, 44.749438]}, "properties": {"kind": "shelter", "shelterType": "basic_hut"}}, {"type": "Feature", "id": "n4935420393", "geometry": {"type": "Point", "coordinates": [20.425645, 44.832901]}, "properties": {"kind": "camp"}}, {"type": "Feature", "id": "n4942458223", "geometry": {"type": "Point", "coordinates": [20.174235, 42.688952]}, "properties": {"kind": "camp", "name": "plazhi"}}, {"type": "Feature", "id": "n4960587157", "geometry": {"type": "Point", "coordinates": [20.254797, 42.550745]}, "properties": {"kind": "camp", "note": "the restaurant let people camp for free in a field. no shower. electricity, wifi, toilet, water in the restaurant.", "fee": false}}, {"type": "Feature", "id": "n4966096821", "geometry": {"type": "Point", "coordinates": [22.536392, 44.324739]}, "properties": {"kind": "camp", "name": "St. Mokranjac", "note": "If you are a Danube lover, or a wild nature lover, or a passionate rower and travel by your boat, pleasure craft or kayak, or you are a cyclist or fellow biker, you will enjoy this cozy place. Important: there is no drinkable water available.", "drinking": false, "fee": true}}, {"type": "Feature", "id": "n4969864291", "geometry": {"type": "Point", "coordinates": [19.882291, 43.87235]}, "properties": {"kind": "camp", "name": "Kamping odmorište Tatinac", "nameSr": "Камп Татинац"}}, {"type": "Feature", "id": "n4969876186", "geometry": {"type": "Point", "coordinates": [19.940663, 43.797712]}, "properties": {"kind": "camp", "name": "Camping Potpece"}}, {"type": "Feature", "id": "n4969885605", "geometry": {"type": "Point", "coordinates": [20.071514, 43.750308]}, "properties": {"kind": "camp", "name": "Zuta Stena"}}, {"type": "Feature", "id": "n4969888797", "geometry": {"type": "Point", "coordinates": [20.154258, 43.720724]}, "properties": {"kind": "camp", "name": "Camping Sljivik"}}, {"type": "Feature", "id": "n4969909715", "geometry": {"type": "Point", "coordinates": [19.573136, 43.257282]}, "properties": {"kind": "camp", "name": "Camping Grlica", "note": "The camp does not work. There is place for tents."}}, {"type": "Feature", "id": "n4969911740", "geometry": {"type": "Point", "coordinates": [19.565261, 43.283333]}, "properties": {"kind": "camp", "name": "Camping Bor"}}, {"type": "Feature", "id": "n4969916283", "geometry": {"type": "Point", "coordinates": [19.848068, 43.416744]}, "properties": {"kind": "camp", "name": "Camping Zlatar"}}, {"type": "Feature", "id": "n4969920878", "geometry": {"type": "Point", "coordinates": [19.639574, 43.674222]}, "properties": {"kind": "camp", "name": "Camping Ribnica"}}, {"type": "Feature", "id": "n4969946405", "geometry": {"type": "Point", "coordinates": [19.770191, 43.73473]}, "properties": {"kind": "camp", "name": "Camping Golovo"}}, {"type": "Feature", "id": "n4970022209", "geometry": {"type": "Point", "coordinates": [19.541186, 43.970276]}, "properties": {"kind": "camp", "name": "Camping Drina", "fee": true}}, {"type": "Feature", "id": "n4982759621", "geometry": {"type": "Point", "coordinates": [19.60348, 45.22353]}, "properties": {"kind": "camp"}}, {"type": "Feature", "id": "n5018402323", "geometry": {"type": "Point", "coordinates": [19.426629, 43.958099]}, "properties": {"kind": "camp", "name": "Камп (не ради)"}}, {"type": "Feature", "id": "n5020649122", "geometry": {"type": "Point", "coordinates": [20.991046, 45.671413]}, "properties": {"kind": "camp"}}, {"type": "Feature", "id": "n5020859122", "geometry": {"type": "Point", "coordinates": [20.991043, 45.671541]}, "properties": {"kind": "hut"}}, {"type": "Feature", "id": "n5025560121", "geometry": {"type": "Point", "coordinates": [21.664391, 44.897394]}, "properties": {"kind": "hut"}}, {"type": "Feature", "id": "n5030750891", "geometry": {"type": "Point", "coordinates": [20.424089, 43.421061]}, "properties": {"kind": "shelter", "shelterType": "weather_shelter"}}, {"type": "Feature", "id": "n5030756904", "geometry": {"type": "Point", "coordinates": [20.478521, 43.467647]}, "properties": {"kind": "shelter", "shelterType": "weather_shelter"}}, {"type": "Feature", "id": "n5035079478", "geometry": {"type": "Point", "coordinates": [19.446423, 43.752454]}, "properties": {"kind": "camp", "name": "Camping River", "ele": "430", "note": "The place is ideal for rest and relaxation. The environment of the camp consists of mild hilly forest relief, on the shore of Beli Rzav, which is located near the confluence with Crni Rzav, with great fishing spots."}}, {"type": "Feature", "id": "n5035660856", "geometry": {"type": "Point", "coordinates": [20.475836, 43.418718]}, "properties": {"kind": "camp", "name": "Бревина", "nameSr": "Бревина"}}, {"type": "Feature", "id": "n5037783921", "geometry": {"type": "Point", "coordinates": [20.048454, 42.705185]}, "properties": {"kind": "camp", "name": "Haxhaj - Lagjja e Ahmet KURTIT", "operator": "KURTAJ"}}, {"type": "Feature", "id": "n5039981622", "geometry": {"type": "Point", "coordinates": [20.206033, 42.485037]}, "properties": {"kind": "camp", "name": "Stani i Ali Avdiu"}}, {"type": "Feature", "id": "n5061456222", "geometry": {"type": "Point", "coordinates": [22.271953, 44.633154]}, "properties": {"kind": "shelter"}}, {"type": "Feature", "id": "n5111145921", "geometry": {"type": "Point", "coordinates": [20.990149, 42.371535]}, "properties": {"kind": "camp", "name": "Livadhet e kishës"}}, {"type": "Feature", "id": "n5124250621", "geometry": {"type": "Point", "coordinates": [20.537108, 42.779714]}, "properties": {"kind": "camp"}}, {"type": "Feature", "id": "n5145926530", "geometry": {"type": "Point", "coordinates": [19.262234, 45.041945]}, "properties": {"kind": "camp"}}, {"type": "Feature", "id": "n5158297422", "geometry": {"type": "Point", "coordinates": [19.940202, 45.20596]}, "properties": {"kind": "camp"}}, {"type": "Feature", "id": "n5197871522", "geometry": {"type": "Point", "coordinates": [20.647422, 42.382643]}, "properties": {"kind": "hut"}}, {"type": "Feature", "id": "n5224805721", "geometry": {"type": "Point", "coordinates": [20.287641, 42.823628]}, "properties": {"kind": "hut", "name": "Sejnovë"}}, {"type": "Feature", "id": "n5228552021", "geometry": {"type": "Point", "coordinates": [19.474486, 43.770147]}, "properties": {"kind": "shelter"}}, {"type": "Feature", "id": "n5243965842", "geometry": {"type": "Point", "coordinates": [20.618824, 42.619141]}, "properties": {"kind": "camp", "name": "Kanjoni i Pograxhës"}}, {"type": "Feature", "id": "n5265991082", "geometry": {"type": "Point", "coordinates": [20.295251, 42.813526]}, "properties": {"kind": "hut", "name": "Sejnovë"}}, {"type": "Feature", "id": "n5304840021", "geometry": {"type": "Point", "coordinates": [20.811581, 43.287485]}, "properties": {"kind": "shelter"}}, {"type": "Feature", "id": "n5365677031", "geometry": {"type": "Point", "coordinates": [19.98954, 45.155977]}, "properties": {"kind": "camp", "name": "Žuta kuća"}}, {"type": "Feature", "id": "n5518583287", "geometry": {"type": "Point", "coordinates": [21.41928, 41.975509]}, "properties": {"kind": "shelter"}}, {"type": "Feature", "id": "n5526531821", "geometry": {"type": "Point", "coordinates": [21.164179, 44.705069]}, "properties": {"kind": "camp", "name": "Keti"}}, {"type": "Feature", "id": "n5577651601", "geometry": {"type": "Point", "coordinates": [19.708449, 43.721513]}, "properties": {"kind": "camp"}}, {"type": "Feature", "id": "n5591132089", "geometry": {"type": "Point", "coordinates": [20.062313, 42.54693]}, "properties": {"kind": "hut", "name": "Bujtina Leonard", "operator": "Leonard"}}, {"type": "Feature", "id": "n5609213946", "geometry": {"type": "Point", "coordinates": [21.839305, 44.641068]}, "properties": {"kind": "camp", "name": "Camping Asin", "note": "Small and simple camping, but excellent. Clean facilities, nice environment, picnic table under a roof, electric sockets in pitchs. Perfect for cyclists. Milena, the owner, is great and gives very good advices.", "drinking": true}}, {"type": "Feature", "id": "n5612317522", "geometry": {"type": "Point", "coordinates": [21.36753, 43.93751]}, "properties": {"kind": "camp"}}, {"type": "Feature", "id": "n5612317523", "geometry": {"type": "Point", "coordinates": [21.116831, 44.237075]}, "properties": {"kind": "camp"}}, {"type": "Feature", "id": "n5623272638", "geometry": {"type": "Point", "coordinates": [22.408889, 43.184743]}, "properties": {"kind": "camp", "name": "Natural Camp Area - No facilities available", "note": "Natural camp area. "}}, {"type": "Feature", "id": "n5651107522", "geometry": {"type": "Point", "coordinates": [20.897575, 44.76391]}, "properties": {"kind": "camp", "name": "Hostel & Kamp za bicikliste", "operator": "Vamos Elizabeta", "drinking": true}}, {"type": "Feature", "id": "n5715098330", "geometry": {"type": "Point", "coordinates": [21.395204, 44.765941]}, "properties": {"kind": "camp", "name": "Кампинг одмориште Калиновац", "nameSr": "Кампинг одмориште Калиновац"}}, {"type": "Feature", "id": "n5724567270", "geometry": {"type": "Point", "coordinates": [19.983384, 42.72202]}, "properties": {"kind": "hut", "name": "Vušurovića Do"}}, {"type": "Feature", "id": "n5727805323", "geometry": {"type": "Point", "coordinates": [19.237282, 43.651929]}, "properties": {"kind": "camp", "name": "Bjeljevine"}}, {"type": "Feature", "id": "n5736390984", "geometry": {"type": "Point", "coordinates": [20.150655, 42.477449]}, "properties": {"kind": "hut", "name": "Alpin Hut", "operator": "Artan"}}, {"type": "Feature", "id": "n5749942520", "geometry": {"type": "Point", "coordinates": [19.534579, 42.972344]}, "properties": {"kind": "camp", "name": "Camp Rabrenović", "note": "picnic_site; bungalows; caravan_site; information; autocamp"}}, {"type": "Feature", "id": "n5791744554", "geometry": {"type": "Point", "coordinates": [22.597057, 42.962065]}, "properties": {"kind": "camp", "name": "Локација бр 2"}}, {"type": "Feature", "id": "n5830012086", "geometry": {"type": "Point", "coordinates": [20.128708, 42.955937]}, "properties": {"kind": "hut"}}, {"type": "Feature", "id": "n5830741999", "geometry": {"type": "Point", "coordinates": [19.961008, 44.065604]}, "properties": {"kind": "shelter"}}, {"type": "Feature", "id": "n5841696980", "geometry": {"type": "Point", "coordinates": [21.402981, 41.973442]}, "properties": {"kind": "shelter", "shelterType": "picnic_shelter"}}, {"type": "Feature", "id": "n5841719690", "geometry": {"type": "Point", "coordinates": [21.432436, 42.001849]}, "properties": {"kind": "shelter", "shelterType": "picnic_shelter"}}, {"type": "Feature", "id": "n5862086290", "geometry": {"type": "Point", "coordinates": [19.819658, 45.388815]}, "properties": {"kind": "camp", "name": "Фарма 47", "nameSr": "Фарма 47"}}, {"type": "Feature", "id": "n5901385006", "geometry": {"type": "Point", "coordinates": [20.555169, 44.618549]}, "properties": {"kind": "camp", "name": "Camping Belgrade Avala", "operator": "Camping Belgrade Avala", "fee": true}}, {"type": "Feature", "id": "n5919847869", "geometry": {"type": "Point", "coordinates": [19.168884, 43.71629]}, "properties": {"kind": "camp", "name": "Camping Drina"}}, {"type": "Feature", "id": "n5984341061", "geometry": {"type": "Point", "coordinates": [19.409041, 43.945759]}, "properties": {"kind": "shelter"}}, {"type": "Feature", "id": "n5984343275", "geometry": {"type": "Point", "coordinates": [19.982899, 44.098911]}, "properties": {"kind": "shelter"}}, {"type": "Feature", "id": "n6017164805", "geometry": {"type": "Point", "coordinates": [20.10039, 42.566846]}, "properties": {"kind": "hut"}}, {"type": "Feature", "id": "n6216136458", "geometry": {"type": "Point", "coordinates": [18.932765, 45.792317]}, "properties": {"kind": "shelter", "shelterType": "public_transport"}}, {"type": "Feature", "id": "n6216144225", "geometry": {"type": "Point", "coordinates": [18.94397, 45.788966]}, "properties": {"kind": "shelter", "shelterType": "public_transport"}}, {"type": "Feature", "id": "n6238519427", "geometry": {"type": "Point", "coordinates": [20.53097, 42.869445]}, "properties": {"kind": "hut", "note": "Stan në Bjeshkën e Jerebinës (Komuna Istog)"}}, {"type": "Feature", "id": "n6269905553", "geometry": {"type": "Point", "coordinates": [22.859104, 43.326529]}, "properties": {"kind": "shelter", "name": "Бесетка"}}, {"type": "Feature", "id": "n6292144683", "geometry": {"type": "Point", "coordinates": [19.457787, 45.468115]}, "properties": {"kind": "shelter", "shelterType": "public_transport"}}, {"type": "Feature", "id": "n6336525315", "geometry": {"type": "Point", "coordinates": [21.985292, 43.698054]}, "properties": {"kind": "camp", "name": "Sesalačka Pećina"}}, {"type": "Feature", "id": "n6343863814", "geometry": {"type": "Point", "coordinates": [21.009297, 44.730656]}, "properties": {"kind": "shelter", "shelterType": "picnic_shelter"}}, {"type": "Feature", "id": "n6343863815", "geometry": {"type": "Point", "coordinates": [21.009566, 44.730611]}, "properties": {"kind": "shelter", "shelterType": "picnic_shelter"}}, {"type": "Feature", "id": "n6343863816", "geometry": {"type": "Point", "coordinates": [21.009877, 44.730567]}, "properties": {"kind": "shelter", "shelterType": "picnic_shelter"}}, {"type": "Feature", "id": "n6343863817", "geometry": {"type": "Point", "coordinates": [21.010115, 44.730523]}, "properties": {"kind": "shelter", "shelterType": "picnic_shelter"}}, {"type": "Feature", "id": "n6343863818", "geometry": {"type": "Point", "coordinates": [21.010436, 44.730513]}, "properties": {"kind": "shelter", "shelterType": "picnic_shelter"}}, {"type": "Feature", "id": "n6352353787", "geometry": {"type": "Point", "coordinates": [20.926377, 45.65903]}, "properties": {"kind": "shelter"}}, {"type": "Feature", "id": "n6357050692", "geometry": {"type": "Point", "coordinates": [20.481775, 44.815301]}, "properties": {"kind": "shelter", "shelterType": "picnic_shelter"}}, {"type": "Feature", "id": "n6366302685", "geometry": {"type": "Point", "coordinates": [19.962635, 45.144118]}, "properties": {"kind": "camp", "name": "SunnySide Kamp"}}, {"type": "Feature", "id": "n6368862148", "geometry": {"type": "Point", "coordinates": [22.758286, 42.50577]}, "properties": {"kind": "shelter", "name": "Заслон"}}, {"type": "Feature", "id": "n6368862671", "geometry": {"type": "Point", "coordinates": [22.756207, 42.50348]}, "properties": {"kind": "shelter", "shelterType": "gazebo"}}, {"type": "Feature", "id": "n6368863380", "geometry": {"type": "Point", "coordinates": [22.757383, 42.502791]}, "properties": {"kind": "shelter", "shelterType": "gazebo"}}, {"type": "Feature", "id": "n6368863381", "geometry": {"type": "Point", "coordinates": [22.757061, 42.504254]}, "properties": {"kind": "shelter", "shelterType": "gazebo"}}, {"type": "Feature", "id": "n6368863816", "geometry": {"type": "Point", "coordinates": [22.760096, 42.507651]}, "properties": {"kind": "shelter", "name": "Заслон"}}, {"type": "Feature", "id": "n6368863818", "geometry": {"type": "Point", "coordinates": [22.763675, 42.511145]}, "properties": {"kind": "shelter", "name": "Заслон"}}, {"type": "Feature", "id": "n6373817386", "geometry": {"type": "Point", "coordinates": [21.191197, 42.852781]}, "properties": {"kind": "shelter"}}, {"type": "Feature", "id": "n6380598548", "geometry": {"type": "Point", "coordinates": [21.469731, 42.330586]}, "properties": {"kind": "shelter"}}, {"type": "Feature", "id": "n6380598549", "geometry": {"type": "Point", "coordinates": [21.469339, 42.330168]}, "properties": {"kind": "shelter"}}, {"type": "Feature", "id": "n6380598550", "geometry": {"type": "Point", "coordinates": [21.469378, 42.329966]}, "properties": {"kind": "shelter"}}, {"type": "Feature", "id": "n6380598551", "geometry": {"type": "Point", "coordinates": [21.469432, 42.329752]}, "properties": {"kind": "shelter"}}, {"type": "Feature", "id": "n6380598552", "geometry": {"type": "Point", "coordinates": [21.469543, 42.329552]}, "properties": {"kind": "shelter"}}, {"type": "Feature", "id": "n6380598553", "geometry": {"type": "Point", "coordinates": [21.469638, 42.329339]}, "properties": {"kind": "shelter"}}, {"type": "Feature", "id": "n6380598554", "geometry": {"type": "Point", "coordinates": [21.469756, 42.329138]}, "properties": {"kind": "shelter"}}, {"type": "Feature", "id": "n6380598555", "geometry": {"type": "Point", "coordinates": [21.46984, 42.32894]}, "properties": {"kind": "shelter"}}, {"type": "Feature", "id": "n6380598569", "geometry": {"type": "Point", "coordinates": [21.469396, 42.330325]}, "properties": {"kind": "shelter"}}, {"type": "Feature", "id": "n6380598570", "geometry": {"type": "Point", "coordinates": [21.469499, 42.33048]}, "properties": {"kind": "shelter"}}, {"type": "Feature", "id": "n6389617463", "geometry": {"type": "Point", "coordinates": [22.688603, 43.181337]}, "properties": {"kind": "hut", "name": "Planinarski dom ski staza"}}, {"type": "Feature", "id": "n6420151187", "geometry": {"type": "Point", "coordinates": [20.16768, 42.526305]}, "properties": {"kind": "camp", "name": "Lugu i Gjatë"}}, {"type": "Feature", "id": "n6571889316", "geometry": {"type": "Point", "coordinates": [20.867951, 43.566177]}, "properties": {"kind": "shelter", "drinking": true}}, {"type": "Feature", "id": "n6586832443", "geometry": {"type": "Point", "coordinates": [19.71228, 44.141613]}, "properties": {"kind": "camp"}}, {"type": "Feature", "id": "n6647396349", "geometry": {"type": "Point", "coordinates": [22.894435, 43.264925]}, "properties": {"kind": "shelter"}}, {"type": "Feature", "id": "n6647623031", "geometry": {"type": "Point", "coordinates": [22.64072, 43.454099]}, "properties": {"kind": "shelter", "shelterType": "picnic_shelter"}}, {"type": "Feature", "id": "n6647623032", "geometry": {"type": "Point", "coordinates": [22.640513, 43.454152]}, "properties": {"kind": "shelter", "shelterType": "picnic_shelter"}}, {"type": "Feature", "id": "n6652751890", "geometry": {"type": "Point", "coordinates": [19.580796, 42.992385]}, "properties": {"kind": "hut", "name": "Lepenac"}}, {"type": "Feature", "id": "n6679787528", "geometry": {"type": "Point", "coordinates": [19.101754, 45.752006]}, "properties": {"kind": "camp", "name": "Sosul", "drinking": true}}, {"type": "Feature", "id": "n6698943585", "geometry": {"type": "Point", "coordinates": [19.837213, 45.182551]}, "properties": {"kind": "hut", "name": "Планинарска кућа „Орлово гнездо-Југодент”", "nameSr": "Планинарска кућа „Орлово гнездо-Југодент”", "operator": "PSD „Jugodent“ Novi Sad", "ele": "250"}}, {"type": "Feature", "id": "n6743902526", "geometry": {"type": "Point", "coordinates": [21.450248, 42.306082]}, "properties": {"kind": "shelter"}}, {"type": "Feature", "id": "n6765266679", "geometry": {"type": "Point", "coordinates": [19.203445, 43.891964]}, "properties": {"kind": "shelter", "shelterType": "gazebo"}}, {"type": "Feature", "id": "n6765266680", "geometry": {"type": "Point", "coordinates": [19.203433, 43.892193]}, "properties": {"kind": "shelter", "shelterType": "gazebo"}}, {"type": "Feature", "id": "n6765266684", "geometry": {"type": "Point", "coordinates": [19.203314, 43.892097]}, "properties": {"kind": "shelter", "shelterType": "gazebo"}}, {"type": "Feature", "id": "n6765266689", "geometry": {"type": "Point", "coordinates": [20.405962, 44.22381]}, "properties": {"kind": "shelter", "shelterType": "gazebo"}}, {"type": "Feature", "id": "n6793942685", "geometry": {"type": "Point", "coordinates": [19.149344, 44.421622]}, "properties": {"kind": "camp", "name": "Drinski Vajati"}}, {"type": "Feature", "id": "n6932024235", "geometry": {"type": "Point", "coordinates": [21.538188, 44.258034]}, "properties": {"kind": "shelter"}}, {"type": "Feature", "id": "n6943896729", "geometry": {"type": "Point", "coordinates": [22.094788, 43.34666]}, "properties": {"kind": "shelter"}}, {"type": "Feature", "id": "n7056470251", "geometry": {"type": "Point", "coordinates": [20.24116, 42.834244]}, "properties": {"kind": "camp"}}, {"type": "Feature", "id": "n7059374505", "geometry": {"type": "Point", "coordinates": [20.297624, 42.835679]}, "properties": {"kind": "hut", "name": "Lovačka kuća", "nameSr": "ловачка кућа"}}, {"type": "Feature", "id": "n7089771085", "geometry": {"type": "Point", "coordinates": [22.22497, 43.529309]}, "properties": {"kind": "shelter"}}, {"type": "Feature", "id": "n7090396485", "geometry": {"type": "Point", "coordinates": [21.010289, 42.210241]}, "properties": {"kind": "hut"}}, {"type": "Feature", "id": "n7118948585", "geometry": {"type": "Point", "coordinates": [20.388356, 42.819311]}, "properties": {"kind": "hut", "name": "Gojart"}}, {"type": "Feature", "id": "n7159998632", "geometry": {"type": "Point", "coordinates": [19.111128, 44.276633]}, "properties": {"kind": "shelter", "shelterType": "gazebo"}}, {"type": "Feature", "id": "n7196083085", "geometry": {"type": "Point", "coordinates": [19.70792, 45.658165]}, "properties": {"kind": "camp"}}, {"type": "Feature", "id": "n7260327814", "geometry": {"type": "Point", "coordinates": [19.664557, 43.697978]}, "properties": {"kind": "hut", "name": "Планинарски дом Торник"}}, {"type": "Feature", "id": "n7289666790", "geometry": {"type": "Point", "coordinates": [20.795371, 43.27239]}, "properties": {"kind": "hut"}}, {"type": "Feature", "id": "n7307627124", "geometry": {"type": "Point", "coordinates": [20.086997, 42.581653]}, "properties": {"kind": "shelter"}}, {"type": "Feature", "id": "n7385657990", "geometry": {"type": "Point", "coordinates": [22.075854, 43.354664]}, "properties": {"kind": "shelter"}}, {"type": "Feature", "id": "n7392203240", "geometry": {"type": "Point", "coordinates": [20.913141, 45.464525]}, "properties": {"kind": "shelter"}}, {"type": "Feature", "id": "n7392203241", "geometry": {"type": "Point", "coordinates": [20.912317, 45.464886]}, "properties": {"kind": "shelter"}}, {"type": "Feature", "id": "n7392203242", "geometry": {"type": "Point", "coordinates": [20.911257, 45.464679]}, "properties": {"kind": "shelter"}}, {"type": "Feature", "id": "n7392203243", "geometry": {"type": "Point", "coordinates": [20.910328, 45.463957]}, "properties": {"kind": "shelter"}}, {"type": "Feature", "id": "n7392203244", "geometry": {"type": "Point", "coordinates": [20.908569, 45.46346]}, "properties": {"kind": "shelter"}}, {"type": "Feature", "id": "n7392203245", "geometry": {"type": "Point", "coordinates": [20.907849, 45.463092]}, "properties": {"kind": "shelter"}}, {"type": "Feature", "id": "n7392203246", "geometry": {"type": "Point", "coordinates": [20.907154, 45.462408]}, "properties": {"kind": "shelter"}}, {"type": "Feature", "id": "n7392203247", "geometry": {"type": "Point", "coordinates": [20.906994, 45.461823]}, "properties": {"kind": "shelter"}}, {"type": "Feature", "id": "n7392203248", "geometry": {"type": "Point", "coordinates": [20.907159, 45.461385]}, "properties": {"kind": "shelter"}}, {"type": "Feature", "id": "n7392203249", "geometry": {"type": "Point", "coordinates": [20.907374, 45.460736]}, "properties": {"kind": "shelter"}}, {"type": "Feature", "id": "n7392203250", "geometry": {"type": "Point", "coordinates": [20.907654, 45.460403]}, "properties": {"kind": "shelter"}}, {"type": "Feature", "id": "n7392203251", "geometry": {"type": "Point", "coordinates": [20.908389, 45.459927]}, "properties": {"kind": "shelter"}}, {"type": "Feature", "id": "n7499361377", "geometry": {"type": "Point", "coordinates": [21.869769, 43.442546]}, "properties": {"kind": "shelter"}}, {"type": "Feature", "id": "n7540047810", "geometry": {"type": "Point", "coordinates": [20.685471, 43.602016]}, "properties": {"kind": "shelter", "name": "Одмаралиште Нарцис"}}, {"type": "Feature", "id": "n7551266085", "geometry": {"type": "Point", "coordinates": [20.789405, 42.120497]}, "properties": {"kind": "camp"}}, {"type": "Feature", "id": "n7573139558", "geometry": {"type": "Point", "coordinates": [22.791378, 42.572314]}, "properties": {"kind": "shelter", "shelterType": "picnic_shelter"}}, {"type": "Feature", "id": "n7573172132", "geometry": {"type": "Point", "coordinates": [22.778147, 42.585354]}, "properties": {"kind": "shelter", "name": "Погледец", "shelterType": "weather_shelter"}}, {"type": "Feature", "id": "n7603207906", "geometry": {"type": "Point", "coordinates": [19.988083, 46.041617]}, "properties": {"kind": "shelter", "shelterType": "gazebo"}}, {"type": "Feature", "id": "n7628971577", "geometry": {"type": "Point", "coordinates": [20.194802, 43.910843]}, "properties": {"kind": "shelter", "shelterType": "weather_shelter"}}, {"type": "Feature", "id": "n7765088059", "geometry": {"type": "Point", "coordinates": [21.526053, 43.923029]}, "properties": {"kind": "shelter", "shelterType": "picnic_shelter"}}, {"type": "Feature", "id": "n7765088060", "geometry": {"type": "Point", "coordinates": [21.526305, 43.922859]}, "properties": {"kind": "shelter", "shelterType": "picnic_shelter"}}, {"type": "Feature", "id": "n7765088061", "geometry": {"type": "Point", "coordinates": [21.527118, 43.922654]}, "properties": {"kind": "shelter", "shelterType": "picnic_shelter"}}, {"type": "Feature", "id": "n7783742885", "geometry": {"type": "Point", "coordinates": [21.923906, 44.01354]}, "properties": {"kind": "camp", "name": "Kamp"}}, {"type": "Feature", "id": "n7788283401", "geometry": {"type": "Point", "coordinates": [22.176693, 43.319605]}, "properties": {"kind": "shelter"}}, {"type": "Feature", "id": "n7792194688", "geometry": {"type": "Point", "coordinates": [19.986918, 42.595242]}, "properties": {"kind": "shelter"}}, {"type": "Feature", "id": "n7845473068", "geometry": {"type": "Point", "coordinates": [19.641175, 43.654251]}, "properties": {"kind": "shelter"}}, {"type": "Feature", "id": "n7847343288", "geometry": {"type": "Point", "coordinates": [22.642724, 43.251669]}, "properties": {"kind": "camp", "name": "Буљарице"}}, {"type": "Feature", "id": "n7884461066", "geometry": {"type": "Point", "coordinates": [21.055425, 44.332609]}, "properties": {"kind": "camp", "name": "Tocak"}}, {"type": "Feature", "id": "n7942073514", "geometry": {"type": "Point", "coordinates": [20.048429, 42.707048]}, "properties": {"kind": "hut", "name": "Kullat e Ahmet KURTAJ"}}, {"type": "Feature", "id": "n8000038773", "geometry": {"type": "Point", "coordinates": [19.280216, 43.166233]}, "properties": {"kind": "camp", "name": "Rafting Camping Tara"}}, {"type": "Feature", "id": "n8022443685", "geometry": {"type": "Point", "coordinates": [19.295497, 43.155988]}, "properties": {"kind": "camp"}}, {"type": "Feature", "id": "n8071965825", "geometry": {"type": "Point", "coordinates": [22.936267, 42.921661]}, "properties": {"kind": "shelter", "shelterType": "gazebo"}}, {"type": "Feature", "id": "n8122114983", "geometry": {"type": "Point", "coordinates": [20.399144, 43.3271]}, "properties": {"kind": "camp", "name": "Дуги лаз", "nameSr": "Дуги лаз"}}, {"type": "Feature", "id": "n8247372535", "geometry": {"type": "Point", "coordinates": [20.020496, 44.723785]}, "properties": {"kind": "shelter", "shelterType": "gazebo"}}, {"type": "Feature", "id": "n8247372536", "geometry": {"type": "Point", "coordinates": [20.027066, 44.712247]}, "properties": {"kind": "shelter", "shelterType": "gazebo"}}, {"type": "Feature", "id": "n8260322943", "geometry": {"type": "Point", "coordinates": [19.073931, 45.771811]}, "properties": {"kind": "camp"}}, {"type": "Feature", "id": "n8282252675", "geometry": {"type": "Point", "coordinates": [22.238723, 43.210687]}, "properties": {"kind": "shelter", "name": "Plandište"}}, {"type": "Feature", "id": "n8307291715", "geometry": {"type": "Point", "coordinates": [22.025264, 43.626896]}, "properties": {"kind": "shelter"}}, {"type": "Feature", "id": "n8307303617", "geometry": {"type": "Point", "coordinates": [21.98656, 43.698038]}, "properties": {"kind": "shelter"}}, {"type": "Feature", "id": "n8339689760", "geometry": {"type": "Point", "coordinates": [20.019196, 44.119245]}, "properties": {"kind": "shelter"}}, {"type": "Feature", "id": "n8355925806", "geometry": {"type": "Point", "coordinates": [21.974555, 43.408999]}, "properties": {"kind": "shelter"}}, {"type": "Feature", "id": "n8379018870", "geometry": {"type": "Point", "coordinates": [20.015525, 44.127701]}, "properties": {"kind": "shelter"}}, {"type": "Feature", "id": "n8433124536", "geometry": {"type": "Point", "coordinates": [19.420755, 43.918919]}, "properties": {"kind": "shelter", "shelterType": "picnic_shelter"}}, {"type": "Feature", "id": "n8448406035", "geometry": {"type": "Point", "coordinates": [21.585178, 43.836718]}, "properties": {"kind": "shelter", "shelterType": "picnic_shelter"}}, {"type": "Feature", "id": "n8493044707", "geometry": {"type": "Point", "coordinates": [21.886962, 43.636812]}, "properties": {"kind": "shelter", "shelterType": "gazebo"}}, {"type": "Feature", "id": "n8498109107", "geometry": {"type": "Point", "coordinates": [21.883489, 43.637378]}, "properties": {"kind": "shelter", "shelterType": "picnic_shelter"}}, {"type": "Feature", "id": "n8498253468", "geometry": {"type": "Point", "coordinates": [21.887467, 43.63225]}, "properties": {"kind": "shelter", "shelterType": "picnic_shelter"}}, {"type": "Feature", "id": "n8591477609", "geometry": {"type": "Point", "coordinates": [20.018353, 44.069786]}, "properties": {"kind": "shelter", "shelterType": "weather_shelter"}}, {"type": "Feature", "id": "n8591477610", "geometry": {"type": "Point", "coordinates": [20.022631, 44.061]}, "properties": {"kind": "shelter", "shelterType": "weather_shelter"}}, {"type": "Feature", "id": "n8591477611", "geometry": {"type": "Point", "coordinates": [20.030932, 44.05467]}, "properties": {"kind": "shelter", "shelterType": "weather_shelter"}}, {"type": "Feature", "id": "n8591988087", "geometry": {"type": "Point", "coordinates": [20.022056, 44.043125]}, "properties": {"kind": "shelter", "shelterType": "weather_shelter"}}, {"type": "Feature", "id": "n8591988088", "geometry": {"type": "Point", "coordinates": [20.01292, 44.025562]}, "properties": {"kind": "shelter", "name": "Околишта", "nameSr": "Околишта", "shelterType": "weather_shelter"}}, {"type": "Feature", "id": "n8591988089", "geometry": {"type": "Point", "coordinates": [20.023408, 44.022708]}, "properties": {"kind": "shelter", "name": "Царева кућа", "nameSr": "Царева кућа", "shelterType": "weather_shelter"}}, {"type": "Feature", "id": "n8595279466", "geometry": {"type": "Point", "coordinates": [20.185343, 44.015614]}, "properties": {"kind": "shelter", "shelterType": "public_transport"}}, {"type": "Feature", "id": "n8632748330", "geometry": {"type": "Point", "coordinates": [20.888308, 45.63712]}, "properties": {"kind": "shelter"}}, {"type": "Feature", "id": "n8670587156", "geometry": {"type": "Point", "coordinates": [19.499614, 45.181288]}, "properties": {"kind": "shelter"}}, {"type": "Feature", "id": "n8692720271", "geometry": {"type": "Point", "coordinates": [19.926023, 44.140007]}, "properties": {"kind": "shelter", "shelterType": "public_transport"}}, {"type": "Feature", "id": "n8806946245", "geometry": {"type": "Point", "coordinates": [21.410127, 41.974894]}, "properties": {"kind": "shelter", "shelterType": "picnic_shelter"}}, {"type": "Feature", "id": "n8806959333", "geometry": {"type": "Point", "coordinates": [21.409817, 41.974979]}, "properties": {"kind": "shelter", "shelterType": "picnic_shelter"}}, {"type": "Feature", "id": "n8810849910", "geometry": {"type": "Point", "coordinates": [19.382081, 45.199579]}, "properties": {"kind": "shelter", "shelterType": "weather_shelter"}}, {"type": "Feature", "id": "n8810849911", "geometry": {"type": "Point", "coordinates": [19.391167, 45.18693]}, "properties": {"kind": "shelter", "name": "Nadstrešnica"}}, {"type": "Feature", "id": "n8814141826", "geometry": {"type": "Point", "coordinates": [19.317397, 45.210686]}, "properties": {"kind": "shelter", "shelterType": "weather_shelter"}}, {"type": "Feature", "id": "n8828312822", "geometry": {"type": "Point", "coordinates": [19.809193, 45.456275]}, "properties": {"kind": "shelter", "shelterType": "picnic_shelter"}}, {"type": "Feature", "id": "n8828312835", "geometry": {"type": "Point", "coordinates": [19.809161, 45.456175]}, "properties": {"kind": "shelter", "shelterType": "picnic_shelter"}}, {"type": "Feature", "id": "n8839214620", "geometry": {"type": "Point", "coordinates": [21.626769, 42.241397]}, "properties": {"kind": "camp"}}, {"type": "Feature", "id": "n8842462417", "geometry": {"type": "Point", "coordinates": [20.723121, 44.791093]}, "properties": {"kind": "shelter"}}, {"type": "Feature", "id": "n8849316528", "geometry": {"type": "Point", "coordinates": [20.382422, 44.811728]}, "properties": {"kind": "shelter", "shelterType": "picnic_shelter"}}, {"type": "Feature", "id": "n8873376143", "geometry": {"type": "Point", "coordinates": [20.761669, 43.320858]}, "properties": {"kind": "shelter", "name": "Кадијевац", "nameSr": "Кадијевац", "shelterType": "picnic_shelter", "fee": false}}, {"type": "Feature", "id": "n8873521327", "geometry": {"type": "Point", "coordinates": [20.842384, 43.305192]}, "properties": {"kind": "shelter", "shelterType": "picnic_shelter"}}, {"type": "Feature", "id": "n8914273417", "geometry": {"type": "Point", "coordinates": [22.581453, 43.360354]}, "properties": {"kind": "shelter"}}, {"type": "Feature", "id": "n8939234076", "geometry": {"type": "Point", "coordinates": [19.66238, 43.686632]}, "properties": {"kind": "shelter", "name": "Gazebo", "shelterType": "gazebo"}}, {"type": "Feature", "id": "n8946873356", "geometry": {"type": "Point", "coordinates": [19.157387, 44.51439]}, "properties": {"kind": "shelter", "name": "Павиљон", "nameSr": "Павиљон", "shelterType": "gazebo"}}, {"type": "Feature", "id": "n8963008929", "geometry": {"type": "Point", "coordinates": [19.87004, 43.522391]}, "properties": {"kind": "camp", "name": "Филипов брег", "nameSr": "Филипов брег"}}, {"type": "Feature", "id": "n8968355917", "geometry": {"type": "Point", "coordinates": [20.846733, 43.306475]}, "properties": {"kind": "shelter", "shelterType": "picnic_shelter"}}, {"type": "Feature", "id": "n9021993917", "geometry": {"type": "Point", "coordinates": [20.844095, 42.914054]}, "properties": {"kind": "shelter"}}, {"type": "Feature", "id": "n9022858017", "geometry": {"type": "Point", "coordinates": [19.552829, 43.259098]}, "properties": {"kind": "camp", "name": "Камп Ковчица", "nameSr": "Камп Ковчица", "operator": "Etno selo Kamena gora"}}, {"type": "Feature", "id": "n9024661710", "geometry": {"type": "Point", "coordinates": [20.2174, 42.657857]}, "properties": {"kind": "hut"}}, {"type": "Feature", "id": "n9032759751", "geometry": {"type": "Point", "coordinates": [21.446466, 41.978786]}, "properties": {"kind": "shelter", "shelterType": "gazebo"}}, {"type": "Feature", "id": "n9035040453", "geometry": {"type": "Point", "coordinates": [21.902953, 43.314467]}, "properties": {"kind": "shelter", "shelterType": "picnic_shelter"}}, {"type": "Feature", "id": "n9035040454", "geometry": {"type": "Point", "coordinates": [21.902956, 43.3144]}, "properties": {"kind": "shelter", "shelterType": "picnic_shelter"}}, {"type": "Feature", "id": "n9035040455", "geometry": {"type": "Point", "coordinates": [21.903024, 43.314443]}, "properties": {"kind": "shelter", "shelterType": "picnic_shelter"}}, {"type": "Feature", "id": "n9048750079", "geometry": {"type": "Point", "coordinates": [21.869359, 43.305151]}, "properties": {"kind": "shelter"}}, {"type": "Feature", "id": "n9048765773", "geometry": {"type": "Point", "coordinates": [21.869646, 43.304881]}, "properties": {"kind": "shelter"}}, {"type": "Feature", "id": "n9060671161", "geometry": {"type": "Point", "coordinates": [21.370331, 44.946738]}, "properties": {"kind": "shelter", "name": "Česko Selo", "shelterType": "lean_to"}}, {"type": "Feature", "id": "n9100101857", "geometry": {"type": "Point", "coordinates": [22.204303, 43.220762]}, "properties": {"kind": "shelter", "shelterType": "gazebo"}}, {"type": "Feature", "id": "n9119498127", "geometry": {"type": "Point", "coordinates": [22.092911, 43.346702]}, "properties": {"kind": "shelter"}}, {"type": "Feature", "id": "n9124156730", "geometry": {"type": "Point", "coordinates": [20.341461, 43.893319]}, "properties": {"kind": "shelter", "shelterType": "gazebo"}}, {"type": "Feature", "id": "n9142600575", "geometry": {"type": "Point", "coordinates": [20.236682, 44.14378]}, "properties": {"kind": "shelter", "name": "полетиште параглајдинг", "nameSr": "полетиште параглајдинг", "shelterType": "picnic_shelter"}}, {"type": "Feature", "id": "n9176895182", "geometry": {"type": "Point", "coordinates": [20.515086, 44.695791]}, "properties": {"kind": "shelter", "shelterType": "picnic_shelter"}}, {"type": "Feature", "id": "n9293154842", "geometry": {"type": "Point", "coordinates": [22.599426, 43.201728]}, "properties": {"kind": "shelter", "shelterType": "picnic_shelter"}}, {"type": "Feature", "id": "n9389435463", "geometry": {"type": "Point", "coordinates": [19.80666, 43.434226]}, "properties": {"kind": "shelter", "shelterType": "picnic_shelter"}}, {"type": "Feature", "id": "n9389492038", "geometry": {"type": "Point", "coordinates": [19.814225, 43.445903]}, "properties": {"kind": "shelter", "shelterType": "picnic_shelter"}}, {"type": "Feature", "id": "n9394207928", "geometry": {"type": "Point", "coordinates": [20.760498, 43.293577]}, "properties": {"kind": "hut", "name": "Барска река", "nameSr": "Барска река"}}, {"type": "Feature", "id": "n9405259794", "geometry": {"type": "Point", "coordinates": [22.763516, 42.583071]}, "properties": {"kind": "hut", "name": "Хижа Джамен", "note": "Неработеща. Ключа се взима от общината"}}, {"type": "Feature", "id": "n9412894730", "geometry": {"type": "Point", "coordinates": [19.895337, 45.178002]}, "properties": {"kind": "shelter", "shelterType": "picnic_shelter"}}, {"type": "Feature", "id": "n9503516111", "geometry": {"type": "Point", "coordinates": [19.371673, 43.937804]}, "properties": {"kind": "shelter", "shelterType": "picnic_shelter"}}, {"type": "Feature", "id": "n9504527959", "geometry": {"type": "Point", "coordinates": [21.895074, 43.315691]}, "properties": {"kind": "shelter", "shelterType": "picnic_shelter"}}, {"type": "Feature", "id": "n9688337890", "geometry": {"type": "Point", "coordinates": [20.137702, 44.986025]}, "properties": {"kind": "shelter", "shelterType": "public_transport"}}, {"type": "Feature", "id": "n9688337891", "geometry": {"type": "Point", "coordinates": [20.138085, 44.986113]}, "properties": {"kind": "shelter", "shelterType": "public_transport"}}, {"type": "Feature", "id": "n9701796418", "geometry": {"type": "Point", "coordinates": [21.927639, 43.307519]}, "properties": {"kind": "shelter", "shelterType": "gazebo"}}, {"type": "Feature", "id": "n9701796420", "geometry": {"type": "Point", "coordinates": [21.927613, 43.307431]}, "properties": {"kind": "shelter", "shelterType": "gazebo"}}, {"type": "Feature", "id": "n9725373230", "geometry": {"type": "Point", "coordinates": [22.865081, 42.91748]}, "properties": {"kind": "shelter", "shelterType": "gazebo"}}, {"type": "Feature", "id": "n9726438074", "geometry": {"type": "Point", "coordinates": [21.536486, 44.376458]}, "properties": {"kind": "shelter", "shelterType": "picnic_shelter"}}, {"type": "Feature", "id": "n9736011847", "geometry": {"type": "Point", "coordinates": [20.446795, 44.730617]}, "properties": {"kind": "shelter", "shelterType": "gazebo"}}, {"type": "Feature", "id": "n9743735316", "geometry": {"type": "Point", "coordinates": [21.967005, 43.314396]}, "properties": {"kind": "shelter", "shelterType": "gazebo"}}, {"type": "Feature", "id": "n9743794417", "geometry": {"type": "Point", "coordinates": [21.966924, 43.314479]}, "properties": {"kind": "shelter", "shelterType": "gazebo"}}, {"type": "Feature", "id": "n9743794419", "geometry": {"type": "Point", "coordinates": [21.967636, 43.31411]}, "properties": {"kind": "shelter", "shelterType": "gazebo"}}, {"type": "Feature", "id": "n9743794420", "geometry": {"type": "Point", "coordinates": [21.967515, 43.314166]}, "properties": {"kind": "shelter", "shelterType": "gazebo"}}, {"type": "Feature", "id": "n9743794421", "geometry": {"type": "Point", "coordinates": [21.967442, 43.314258]}, "properties": {"kind": "shelter", "shelterType": "gazebo"}}, {"type": "Feature", "id": "n9743794422", "geometry": {"type": "Point", "coordinates": [21.96733, 43.314312]}, "properties": {"kind": "shelter", "shelterType": "gazebo"}}, {"type": "Feature", "id": "n9749116874", "geometry": {"type": "Point", "coordinates": [21.938551, 43.321733]}, "properties": {"kind": "shelter", "shelterType": "gazebo"}}, {"type": "Feature", "id": "n9749116875", "geometry": {"type": "Point", "coordinates": [21.938211, 43.321915]}, "properties": {"kind": "shelter", "shelterType": "gazebo"}}, {"type": "Feature", "id": "n9815926950", "geometry": {"type": "Point", "coordinates": [20.271771, 44.899125]}, "properties": {"kind": "shelter", "shelterType": "public_transport"}}, {"type": "Feature", "id": "n9815926951", "geometry": {"type": "Point", "coordinates": [20.271601, 44.898993]}, "properties": {"kind": "shelter", "shelterType": "public_transport"}}, {"type": "Feature", "id": "n9893901621", "geometry": {"type": "Point", "coordinates": [19.226952, 45.018811]}, "properties": {"kind": "camp", "name": "Camping Morovic"}}, {"type": "Feature", "id": "n9897399615", "geometry": {"type": "Point", "coordinates": [20.082028, 42.742839]}, "properties": {"kind": "hut", "name": "Villa Alpet Shkrel", "operator": "Besart Hysenaj"}}, {"type": "Feature", "id": "n9908966817", "geometry": {"type": "Point", "coordinates": [22.705727, 43.574675]}, "properties": {"kind": "camp"}}, {"type": "Feature", "id": "n9914977208", "geometry": {"type": "Point", "coordinates": [21.962477, 44.043025]}, "properties": {"kind": "shelter", "shelterType": "public_transport"}}, {"type": "Feature", "id": "n9922104918", "geometry": {"type": "Point", "coordinates": [19.929138, 45.172762]}, "properties": {"kind": "camp", "name": "Eko resort"}}, {"type": "Feature", "id": "n9938657186", "geometry": {"type": "Point", "coordinates": [19.381804, 45.238139]}, "properties": {"kind": "camp", "name": "Campingplatz", "drinking": true}}, {"type": "Feature", "id": "n9952118457", "geometry": {"type": "Point", "coordinates": [21.223511, 45.395357]}, "properties": {"kind": "camp", "name": "Casa Ferch", "fee": true}}, {"type": "Feature", "id": "n9955142265", "geometry": {"type": "Point", "coordinates": [19.276838, 44.078188]}, "properties": {"kind": "shelter"}}, {"type": "Feature", "id": "n9977149260", "geometry": {"type": "Point", "coordinates": [21.70195, 44.790425]}, "properties": {"kind": "shelter", "shelterType": "picnic_shelter"}}, {"type": "Feature", "id": "n9982147260", "geometry": {"type": "Point", "coordinates": [21.924358, 43.31874]}, "properties": {"kind": "shelter", "shelterType": "gazebo"}}, {"type": "Feature", "id": "n9983622228", "geometry": {"type": "Point", "coordinates": [21.77353, 44.843185]}, "properties": {"kind": "camp", "fee": false}}, {"type": "Feature", "id": "n9983624824", "geometry": {"type": "Point", "coordinates": [22.258011, 44.608719]}, "properties": {"kind": "shelter", "shelterType": "picnic_shelter"}}, {"type": "Feature", "id": "n9983628174", "geometry": {"type": "Point", "coordinates": [21.77382, 44.84326]}, "properties": {"kind": "shelter", "name": "Poiana Logor", "note": "Small hut with heating(wood) a table and a bench. No beds but possible to put about 3 mats on the floor plus shelter under the porch.", "shelterType": "basic_hut", "fee": false}}, {"type": "Feature", "id": "n9993095119", "geometry": {"type": "Point", "coordinates": [20.398129, 42.488235]}, "properties": {"kind": "camp", "name": "Mali te jardani"}}, {"type": "Feature", "id": "n9993687417", "geometry": {"type": "Point", "coordinates": [20.827138, 43.468372]}, "properties": {"kind": "hut", "name": "Шумска кућа Жељин"}}, {"type": "Feature", "id": "n9994690016", "geometry": {"type": "Point", "coordinates": [21.397194, 43.405817]}, "properties": {"kind": "hut", "name": "Belijeva koliba"}}, {"type": "Feature", "id": "n10004601793", "geometry": {"type": "Point", "coordinates": [20.183338, 45.154148]}, "properties": {"kind": "camp", "name": "Cyclo Camp Vinograd", "nameSr": "Цикло камп Виноград", "drinking": true, "fee": true}}, {"type": "Feature", "id": "n10046422494", "geometry": {"type": "Point", "coordinates": [20.277456, 42.755464]}, "properties": {"kind": "hut"}}, {"type": "Feature", "id": "n10047403687", "geometry": {"type": "Point", "coordinates": [19.593514, 42.871332]}, "properties": {"kind": "camp"}}, {"type": "Feature", "id": "n10047433840", "geometry": {"type": "Point", "coordinates": [19.597527, 42.900536]}, "properties": {"kind": "shelter", "shelterType": "picnic_shelter"}}, {"type": "Feature", "id": "n10047448953", "geometry": {"type": "Point", "coordinates": [19.551476, 42.880998]}, "properties": {"kind": "shelter", "note": "4x4m, 1 berth, oven, two chairs, working roof, but just a basic hut.", "shelterType": "basic_hut"}}, {"type": "Feature", "id": "n10054491947", "geometry": {"type": "Point", "coordinates": [21.360047, 45.126318]}, "properties": {"kind": "camp"}}, {"type": "Feature", "id": "n10056889568", "geometry": {"type": "Point", "coordinates": [20.98583, 45.671442]}, "properties": {"kind": "shelter"}}, {"type": "Feature", "id": "n10062425657", "geometry": {"type": "Point", "coordinates": [21.909213, 43.323146]}, "properties": {"kind": "shelter", "shelterType": "gazebo"}}, {"type": "Feature", "id": "n10103150523", "geometry": {"type": "Point", "coordinates": [21.901608, 43.315196]}, "properties": {"kind": "shelter", "shelterType": "picnic_shelter"}}, {"type": "Feature", "id": "n10103150545", "geometry": {"type": "Point", "coordinates": [21.901697, 43.315163]}, "properties": {"kind": "shelter", "shelterType": "picnic_shelter"}}, {"type": "Feature", "id": "n10103183015", "geometry": {"type": "Point", "coordinates": [21.898742, 43.313232]}, "properties": {"kind": "shelter", "shelterType": "picnic_shelter"}}, {"type": "Feature", "id": "n10103832777", "geometry": {"type": "Point", "coordinates": [21.890853, 43.318341]}, "properties": {"kind": "shelter", "shelterType": "picnic_shelter"}}, {"type": "Feature", "id": "n10106909138", "geometry": {"type": "Point", "coordinates": [21.446011, 41.980884]}, "properties": {"kind": "shelter", "shelterType": "gazebo"}}, {"type": "Feature", "id": "n10152603700", "geometry": {"type": "Point", "coordinates": [21.446192, 41.979045]}, "properties": {"kind": "shelter", "shelterType": "gazebo"}}, {"type": "Feature", "id": "n10171747618", "geometry": {"type": "Point", "coordinates": [20.748393, 42.182153]}, "properties": {"kind": "shelter"}}, {"type": "Feature", "id": "n10184045062", "geometry": {"type": "Point", "coordinates": [19.259322, 45.304944]}, "properties": {"kind": "camp", "name": "Kuća za Odmor S"}}, {"type": "Feature", "id": "n10232992028", "geometry": {"type": "Point", "coordinates": [20.474154, 44.768008]}, "properties": {"kind": "shelter", "shelterType": "gazebo"}}, {"type": "Feature", "id": "n10246594164", "geometry": {"type": "Point", "coordinates": [20.475042, 44.770255]}, "properties": {"kind": "shelter", "shelterType": "picnic_shelter"}}, {"type": "Feature", "id": "n10313383177", "geometry": {"type": "Point", "coordinates": [19.832153, 45.179952]}, "properties": {"kind": "shelter", "shelterType": "rock_shelter"}}, {"type": "Feature", "id": "n10554173318", "geometry": {"type": "Point", "coordinates": [22.64932, 42.861193]}, "properties": {"kind": "shelter"}}, {"type": "Feature", "id": "n10567984305", "geometry": {"type": "Point", "coordinates": [22.928289, 42.91759]}, "properties": {"kind": "shelter", "shelterType": "gazebo"}}, {"type": "Feature", "id": "n10601659883", "geometry": {"type": "Point", "coordinates": [20.375849, 44.860353]}, "properties": {"kind": "shelter"}}, {"type": "Feature", "id": "n10651424005", "geometry": {"type": "Point", "coordinates": [21.381621, 42.785539]}, "properties": {"kind": "shelter"}}, {"type": "Feature", "id": "n10651424006", "geometry": {"type": "Point", "coordinates": [21.381601, 42.785543]}, "properties": {"kind": "shelter"}}, {"type": "Feature", "id": "n10673915581", "geometry": {"type": "Point", "coordinates": [22.658339, 43.362852]}, "properties": {"kind": "hut", "name": "Jaćimov konak"}}, {"type": "Feature", "id": "n10687125223", "geometry": {"type": "Point", "coordinates": [19.363317, 43.873458]}, "properties": {"kind": "hut", "name": "Tarovuk cabin"}}, {"type": "Feature", "id": "n10742713505", "geometry": {"type": "Point", "coordinates": [20.206972, 45.391263]}, "properties": {"kind": "camp", "name": "Kamp izletište TISA"}}, {"type": "Feature", "id": "n10749521282", "geometry": {"type": "Point", "coordinates": [20.381295, 44.69226]}, "properties": {"kind": "shelter"}}, {"type": "Feature", "id": "n10749521283", "geometry": {"type": "Point", "coordinates": [20.381276, 44.692622]}, "properties": {"kind": "shelter"}}, {"type": "Feature", "id": "n10749521284", "geometry": {"type": "Point", "coordinates": [20.381279, 44.692567]}, "properties": {"kind": "shelter"}}, {"type": "Feature", "id": "n10749521285", "geometry": {"type": "Point", "coordinates": [20.381283, 44.692514]}, "properties": {"kind": "shelter"}}, {"type": "Feature", "id": "n10749521286", "geometry": {"type": "Point", "coordinates": [20.38129, 44.692458]}, "properties": {"kind": "shelter"}}, {"type": "Feature", "id": "n10760754290", "geometry": {"type": "Point", "coordinates": [22.449614, 42.570157]}, "properties": {"kind": "shelter", "name": "Заслон"}}, {"type": "Feature", "id": "n10766410659", "geometry": {"type": "Point", "coordinates": [19.407979, 43.956404]}, "properties": {"kind": "shelter", "shelterType": "picnic_shelter"}}, {"type": "Feature", "id": "n10766410660", "geometry": {"type": "Point", "coordinates": [19.40794, 43.956491]}, "properties": {"kind": "shelter", "shelterType": "picnic_shelter"}}, {"type": "Feature", "id": "n10766410661", "geometry": {"type": "Point", "coordinates": [19.407886, 43.956548]}, "properties": {"kind": "shelter", "shelterType": "picnic_shelter"}}, {"type": "Feature", "id": "n10766410662", "geometry": {"type": "Point", "coordinates": [19.407803, 43.956596]}, "properties": {"kind": "shelter", "shelterType": "picnic_shelter"}}, {"type": "Feature", "id": "n10766410663", "geometry": {"type": "Point", "coordinates": [19.407708, 43.95662]}, "properties": {"kind": "shelter", "shelterType": "picnic_shelter"}}, {"type": "Feature", "id": "n10766410664", "geometry": {"type": "Point", "coordinates": [19.407574, 43.95663]}, "properties": {"kind": "shelter", "shelterType": "picnic_shelter"}}, {"type": "Feature", "id": "n10777587983", "geometry": {"type": "Point", "coordinates": [21.461536, 42.154679]}, "properties": {"kind": "hut", "name": "Spirova koliba", "fee": false}}, {"type": "Feature", "id": "n10796696505", "geometry": {"type": "Point", "coordinates": [20.376857, 43.98487]}, "properties": {"kind": "hut", "name": "Ловачки дом"}}, {"type": "Feature", "id": "n10796730474", "geometry": {"type": "Point", "coordinates": [21.883432, 43.640128]}, "properties": {"kind": "shelter", "shelterType": "picnic_shelter"}}, {"type": "Feature", "id": "n10797339005", "geometry": {"type": "Point", "coordinates": [21.164053, 42.638083]}, "properties": {"kind": "camp", "name": "Camping"}}, {"type": "Feature", "id": "n10802574296", "geometry": {"type": "Point", "coordinates": [22.786309, 42.899733]}, "properties": {"kind": "shelter", "shelterType": "gazebo"}}, {"type": "Feature", "id": "n10815955910", "geometry": {"type": "Point", "coordinates": [22.485217, 42.782455]}, "properties": {"kind": "camp", "name": "Детски лагер Реяновци - бивш"}}, {"type": "Feature", "id": "n10830878765", "geometry": {"type": "Point", "coordinates": [19.537245, 44.187411]}, "properties": {"kind": "camp"}}, {"type": "Feature", "id": "n10859960410", "geometry": {"type": "Point", "coordinates": [20.583329, 44.753309]}, "properties": {"kind": "shelter", "shelterType": "gazebo"}}, {"type": "Feature", "id": "n10859960411", "geometry": {"type": "Point", "coordinates": [20.583458, 44.753418]}, "properties": {"kind": "shelter", "shelterType": "gazebo"}}, {"type": "Feature", "id": "n10859960412", "geometry": {"type": "Point", "coordinates": [20.583483, 44.753453]}, "properties": {"kind": "shelter", "shelterType": "gazebo"}}, {"type": "Feature", "id": "n10859960413", "geometry": {"type": "Point", "coordinates": [20.583492, 44.753498]}, "properties": {"kind": "shelter", "shelterType": "gazebo"}}, {"type": "Feature", "id": "n10859960414", "geometry": {"type": "Point", "coordinates": [20.583416, 44.753526]}, "properties": {"kind": "shelter", "shelterType": "gazebo"}}, {"type": "Feature", "id": "n10859960415", "geometry": {"type": "Point", "coordinates": [20.583518, 44.753535]}, "properties": {"kind": "shelter", "shelterType": "gazebo"}}, {"type": "Feature", "id": "n10862568895", "geometry": {"type": "Point", "coordinates": [22.686084, 43.611656]}, "properties": {"kind": "shelter", "shelterType": "picnic_shelter"}}, {"type": "Feature", "id": "n10908230125", "geometry": {"type": "Point", "coordinates": [19.68157, 42.888175]}, "properties": {"kind": "camp", "name": "Katun Reljina camp", "ele": "1680", "drinking": true, "fee": true}}, {"type": "Feature", "id": "n10921292786", "geometry": {"type": "Point", "coordinates": [20.75293, 45.371187]}, "properties": {"kind": "shelter"}}, {"type": "Feature", "id": "n10934210705", "geometry": {"type": "Point", "coordinates": [19.143013, 45.283982]}, "properties": {"kind": "shelter"}}, {"type": "Feature", "id": "n10934211005", "geometry": {"type": "Point", "coordinates": [22.172861, 43.812455]}, "properties": {"kind": "shelter"}}, {"type": "Feature", "id": "n10959674589", "geometry": {"type": "Point", "coordinates": [19.801094, 45.139562]}, "properties": {"kind": "camp", "name": "Kamp-us Fruška gora", "note": "Kamp naselje sa šatorima za iznajmljivanje i bioskopom pod otvorenim nebom"}}, {"type": "Feature", "id": "n10983780705", "geometry": {"type": "Point", "coordinates": [21.43946, 42.561592]}, "properties": {"kind": "hut", "name": "Stanet"}}, {"type": "Feature", "id": "n11012609251", "geometry": {"type": "Point", "coordinates": [20.950617, 42.163274]}, "properties": {"kind": "camp", "note": "A path junction and clearing, right outside the national park. It should be possible to find flat ground here. Otherwise try at the end of the track and beginning of the trail further south."}}, {"type": "Feature", "id": "n11014041964", "geometry": {"type": "Point", "coordinates": [20.449098, 42.319465]}, "properties": {"kind": "camp"}}, {"type": "Feature", "id": "n11014980931", "geometry": {"type": "Point", "coordinates": [20.92629, 42.129339]}, "properties": {"kind": "camp", "note": "A nice valley, right before the climb to the ridge."}}, {"type": "Feature", "id": "n11015006365", "geometry": {"type": "Point", "coordinates": [20.962401, 42.143591]}, "properties": {"kind": "camp", "note": "This valley seems particularly flat. Many options to camp here exist."}}, {"type": "Feature", "id": "n11015008497", "geometry": {"type": "Point", "coordinates": [20.941918, 42.173404]}, "properties": {"kind": "camp", "note": "Flat (high grass) area due to the trail."}}, {"type": "Feature", "id": "n11015019914", "geometry": {"type": "Point", "coordinates": [20.934997, 42.147542]}, "properties": {"kind": "camp", "note": "Locals seem to come up here for camping."}}, {"type": "Feature", "id": "n11015033954", "geometry": {"type": "Point", "coordinates": [20.915762, 42.162881]}, "properties": {"kind": "camp", "note": "Extension of an old track, pretty flat."}}, {"type": "Feature", "id": "n11032456698", "geometry": {"type": "Point", "coordinates": [22.187366, 43.544184]}, "properties": {"kind": "shelter", "shelterType": "public_transport"}}, {"type": "Feature", "id": "n11032906332", "geometry": {"type": "Point", "coordinates": [22.20553, 43.544662]}, "properties": {"kind": "shelter", "shelterType": "public_transport"}}, {"type": "Feature", "id": "n11038691969", "geometry": {"type": "Point", "coordinates": [21.130688, 42.149368]}, "properties": {"kind": "shelter"}}, {"type": "Feature", "id": "n11038747369", "geometry": {"type": "Point", "coordinates": [21.133955, 42.153499]}, "properties": {"kind": "shelter"}}, {"type": "Feature", "id": "n11042537314", "geometry": {"type": "Point", "coordinates": [22.329791, 43.488925]}, "properties": {"kind": "shelter", "shelterType": "public_transport"}}, {"type": "Feature", "id": "n11042537315", "geometry": {"type": "Point", "coordinates": [22.329905, 43.488966]}, "properties": {"kind": "shelter", "shelterType": "public_transport"}}, {"type": "Feature", "id": "n11046641684", "geometry": {"type": "Point", "coordinates": [20.920203, 42.084829]}, "properties": {"kind": "shelter"}}, {"type": "Feature", "id": "n11051441046", "geometry": {"type": "Point", "coordinates": [22.425022, 43.4088]}, "properties": {"kind": "shelter", "shelterType": "public_transport"}}, {"type": "Feature", "id": "n11051441047", "geometry": {"type": "Point", "coordinates": [22.424918, 43.408902]}, "properties": {"kind": "shelter", "shelterType": "public_transport"}}, {"type": "Feature", "id": "n11051511733", "geometry": {"type": "Point", "coordinates": [22.931769, 42.921051]}, "properties": {"kind": "shelter", "shelterType": "public_transport"}}, {"type": "Feature", "id": "n11062946784", "geometry": {"type": "Point", "coordinates": [22.825687, 43.365026]}, "properties": {"kind": "shelter"}}, {"type": "Feature", "id": "n11073083621", "geometry": {"type": "Point", "coordinates": [20.680591, 45.346419]}, "properties": {"kind": "camp", "name": "Kanu Avantura"}}, {"type": "Feature", "id": "n11074878921", "geometry": {"type": "Point", "coordinates": [22.64839, 42.86158]}, "properties": {"kind": "shelter"}}, {"type": "Feature", "id": "n11076615606", "geometry": {"type": "Point", "coordinates": [21.00037, 42.164085]}, "properties": {"kind": "hut", "name": "Shtëpia e Bjeshktarëve"}}, {"type": "Feature", "id": "n11101006109", "geometry": {"type": "Point", "coordinates": [20.085708, 42.571981]}, "properties": {"kind": "shelter"}}, {"type": "Feature", "id": "n11110198978", "geometry": {"type": "Point", "coordinates": [20.072967, 42.5849]}, "properties": {"kind": "shelter"}}, {"type": "Feature", "id": "n11110200118", "geometry": {"type": "Point", "coordinates": [20.03081, 42.567492]}, "properties": {"kind": "shelter"}}, {"type": "Feature", "id": "n11113323480", "geometry": {"type": "Point", "coordinates": [19.219114, 45.007888]}, "properties": {"kind": "shelter", "shelterType": "picnic_shelter"}}, {"type": "Feature", "id": "n11113389919", "geometry": {"type": "Point", "coordinates": [19.527273, 44.936248]}, "properties": {"kind": "shelter"}}, {"type": "Feature", "id": "n11117729747", "geometry": {"type": "Point", "coordinates": [19.78663, 44.74073]}, "properties": {"kind": "camp", "name": "Camping Perića Avlija"}}, {"type": "Feature", "id": "n11129235079", "geometry": {"type": "Point", "coordinates": [20.03767, 42.569151]}, "properties": {"kind": "camp", "drinking": false}}, {"type": "Feature", "id": "n11134844775", "geometry": {"type": "Point", "coordinates": [22.676647, 43.394257]}, "properties": {"kind": "camp", "note": "Good flat campground for 3-6 tents", "drinking": false, "fee": false}}, {"type": "Feature", "id": "n11138314092", "geometry": {"type": "Point", "coordinates": [20.14975, 43.929398]}, "properties": {"kind": "hut"}}, {"type": "Feature", "id": "n11150500434", "geometry": {"type": "Point", "coordinates": [19.667848, 46.076967]}, "properties": {"kind": "camp", "name": "Yugoland", "nameSr": "Југоленд", "operator": "Udruženje 4. mini Jugoslavija", "drinking": true, "fee": true}}, {"type": "Feature", "id": "n11159733628", "geometry": {"type": "Point", "coordinates": [20.355147, 44.878467]}, "properties": {"kind": "camp", "name": "Kamp Dunav", "nameSr": "Камп Дунав"}}, {"type": "Feature", "id": "n11182133261", "geometry": {"type": "Point", "coordinates": [19.561255, 43.757167]}, "properties": {"kind": "shelter"}}, {"type": "Feature", "id": "n11182133282", "geometry": {"type": "Point", "coordinates": [19.405732, 43.475795]}, "properties": {"kind": "shelter"}}, {"type": "Feature", "id": "n11188979737", "geometry": {"type": "Point", "coordinates": [20.543013, 42.349818]}, "properties": {"kind": "camp"}}, {"type": "Feature", "id": "n11202169308", "geometry": {"type": "Point", "coordinates": [19.344252, 43.936537]}, "properties": {"kind": "camp", "name": "Kamp KAZALO"}}, {"type": "Feature", "id": "n11227852908", "geometry": {"type": "Point", "coordinates": [22.685713, 43.611536]}, "properties": {"kind": "camp", "note": "Free and wild camp place close to road"}}, {"type": "Feature", "id": "n11227854684", "geometry": {"type": "Point", "coordinates": [22.657108, 43.516469]}, "properties": {"kind": "camp", "name": "Bearcamp"}}, {"type": "Feature", "id": "n11227860143", "geometry": {"type": "Point", "coordinates": [22.691374, 43.52727]}, "properties": {"kind": "shelter"}}, {"type": "Feature", "id": "n11243813470", "geometry": {"type": "Point", "coordinates": [20.781611, 41.975373]}, "properties": {"kind": "camp", "drinking": true, "fee": false}}, {"type": "Feature", "id": "n11250794641", "geometry": {"type": "Point", "coordinates": [21.351542, 42.609041]}, "properties": {"kind": "camp"}}, {"type": "Feature", "id": "n11250829737", "geometry": {"type": "Point", "coordinates": [21.359865, 42.621717]}, "properties": {"kind": "camp"}}, {"type": "Feature", "id": "n11264395069", "geometry": {"type": "Point", "coordinates": [20.176396, 42.588686]}, "properties": {"kind": "camp", "name": "Camping   “Perroi Shqiptar”"}}, {"type": "Feature", "id": "n11264395070", "geometry": {"type": "Point", "coordinates": [20.17711, 42.58848]}, "properties": {"kind": "camp", "name": "Camping  “Perroi Shqiptar”"}}, {"type": "Feature", "id": "n11267439849", "geometry": {"type": "Point", "coordinates": [20.429707, 44.769483]}, "properties": {"kind": "shelter", "shelterType": "picnic_shelter"}}, {"type": "Feature", "id": "n11300018799", "geometry": {"type": "Point", "coordinates": [20.423667, 44.774408]}, "properties": {"kind": "shelter", "shelterType": "picnic_shelter"}}, {"type": "Feature", "id": "n11323263629", "geometry": {"type": "Point", "coordinates": [22.831351, 43.365308]}, "properties": {"kind": "shelter"}}, {"type": "Feature", "id": "n11331986447", "geometry": {"type": "Point", "coordinates": [20.426406, 44.770111]}, "properties": {"kind": "shelter", "shelterType": "picnic_shelter"}}, {"type": "Feature", "id": "n11331986451", "geometry": {"type": "Point", "coordinates": [20.426237, 44.770753]}, "properties": {"kind": "shelter", "shelterType": "picnic_shelter"}}, {"type": "Feature", "id": "n11332001673", "geometry": {"type": "Point", "coordinates": [20.42402, 44.77352]}, "properties": {"kind": "shelter", "shelterType": "picnic_shelter"}}, {"type": "Feature", "id": "n11332787200", "geometry": {"type": "Point", "coordinates": [20.299447, 42.249753]}, "properties": {"kind": "camp", "name": "Camping Helsan"}}, {"type": "Feature", "id": "n11360501022", "geometry": {"type": "Point", "coordinates": [19.929651, 45.208046]}, "properties": {"kind": "shelter", "shelterType": "public_transport"}}, {"type": "Feature", "id": "n11367102096", "geometry": {"type": "Point", "coordinates": [20.21838, 42.50128]}, "properties": {"kind": "hut", "name": "Shtëpiza Bjeshkatare \"RRASA E ZOGUT\""}}, {"type": "Feature", "id": "n11417957608", "geometry": {"type": "Point", "coordinates": [21.419641, 42.00912]}, "properties": {"kind": "shelter", "shelterType": "gazebo"}}, {"type": "Feature", "id": "n11424003731", "geometry": {"type": "Point", "coordinates": [22.704076, 42.391106]}, "properties": {"kind": "camp", "note": "Wild"}}, {"type": "Feature", "id": "n11424104708", "geometry": {"type": "Point", "coordinates": [22.70455, 42.390785]}, "properties": {"kind": "shelter"}}, {"type": "Feature", "id": "n11459707774", "geometry": {"type": "Point", "coordinates": [20.436926, 44.752131]}, "properties": {"kind": "shelter", "shelterType": "picnic_shelter"}}, {"type": "Feature", "id": "n11502707333", "geometry": {"type": "Point", "coordinates": [20.955671, 45.000004]}, "properties": {"kind": "camp", "name": "Šumski Mir Co-Working & Camping Site", "operator": "Jovan J.", "note": "Šumski Mir Camp 🌿 Safe donation-based stop in Deliblato Sands, Serbia. Welcoming cyclists, campers, RVs & overlanders. Shower, water refill, kitchen, parking & fire pit. EuroVelo 13 nearby. https://izobilje.com/camping 🚐🚴", "drinking": true, "fee": true}}, {"type": "Feature", "id": "n11511080170", "geometry": {"type": "Point", "coordinates": [21.126983, 42.184148]}, "properties": {"kind": "hut", "name": "Vila Ljuboten", "ele": "1630"}}, {"type": "Feature", "id": "n11515900758", "geometry": {"type": "Point", "coordinates": [22.284602, 43.893727]}, "properties": {"kind": "hut"}}, {"type": "Feature", "id": "n11530752672", "geometry": {"type": "Point", "coordinates": [21.44634, 41.981499]}, "properties": {"kind": "shelter", "name": "Летниковец Михаил Чаков 9", "shelterType": "gazebo"}}, {"type": "Feature", "id": "n11608239647", "geometry": {"type": "Point", "coordinates": [20.204479, 44.746404]}, "properties": {"kind": "hut"}}, {"type": "Feature", "id": "n11638301869", "geometry": {"type": "Point", "coordinates": [20.957119, 42.176467]}, "properties": {"kind": "camp"}}, {"type": "Feature", "id": "n11646305970", "geometry": {"type": "Point", "coordinates": [20.035324, 42.572139]}, "properties": {"kind": "camp"}}, {"type": "Feature", "id": "n11664841738", "geometry": {"type": "Point", "coordinates": [19.821019, 43.853355]}, "properties": {"kind": "shelter", "shelterType": "picnic_shelter"}}, {"type": "Feature", "id": "n11664841740", "geometry": {"type": "Point", "coordinates": [19.766029, 43.845238]}, "properties": {"kind": "shelter", "shelterType": "picnic_shelter"}}, {"type": "Feature", "id": "n11664866081", "geometry": {"type": "Point", "coordinates": [19.765401, 43.844732]}, "properties": {"kind": "shelter", "shelterType": "picnic_shelter"}}, {"type": "Feature", "id": "n11664866082", "geometry": {"type": "Point", "coordinates": [19.765455, 43.844753]}, "properties": {"kind": "shelter", "shelterType": "picnic_shelter"}}, {"type": "Feature", "id": "n11664866083", "geometry": {"type": "Point", "coordinates": [19.765511, 43.844774]}, "properties": {"kind": "shelter", "shelterType": "picnic_shelter"}}, {"type": "Feature", "id": "n11664866084", "geometry": {"type": "Point", "coordinates": [19.765564, 43.844796]}, "properties": {"kind": "shelter", "shelterType": "picnic_shelter"}}, {"type": "Feature", "id": "n11664866085", "geometry": {"type": "Point", "coordinates": [19.765617, 43.844815]}, "properties": {"kind": "shelter", "shelterType": "picnic_shelter"}}, {"type": "Feature", "id": "n11664866086", "geometry": {"type": "Point", "coordinates": [19.765666, 43.844838]}, "properties": {"kind": "shelter", "shelterType": "picnic_shelter"}}, {"type": "Feature", "id": "n11664866087", "geometry": {"type": "Point", "coordinates": [19.765901, 43.844825]}, "properties": {"kind": "shelter", "shelterType": "picnic_shelter"}}, {"type": "Feature", "id": "n11737595381", "geometry": {"type": "Point", "coordinates": [20.426663, 44.772693]}, "properties": {"kind": "shelter", "shelterType": "picnic_shelter"}}, {"type": "Feature", "id": "n11737666072", "geometry": {"type": "Point", "coordinates": [20.428076, 44.770487]}, "properties": {"kind": "shelter", "shelterType": "picnic_shelter"}}, {"type": "Feature", "id": "n11737666075", "geometry": {"type": "Point", "coordinates": [20.429268, 44.770227]}, "properties": {"kind": "shelter", "shelterType": "picnic_shelter"}}, {"type": "Feature", "id": "n11763285683", "geometry": {"type": "Point", "coordinates": [20.427944, 44.770269]}, "properties": {"kind": "shelter", "shelterType": "picnic_shelter"}}, {"type": "Feature", "id": "n11763285693", "geometry": {"type": "Point", "coordinates": [20.428547, 44.770124]}, "properties": {"kind": "shelter", "shelterType": "picnic_shelter"}}, {"type": "Feature", "id": "n11763285705", "geometry": {"type": "Point", "coordinates": [20.426952, 44.771288]}, "properties": {"kind": "shelter", "shelterType": "picnic_shelter"}}, {"type": "Feature", "id": "n11772484472", "geometry": {"type": "Point", "coordinates": [20.425712, 44.772229]}, "properties": {"kind": "shelter", "shelterType": "picnic_shelter"}}, {"type": "Feature", "id": "n11773934720", "geometry": {"type": "Point", "coordinates": [20.424394, 44.775113]}, "properties": {"kind": "shelter", "shelterType": "picnic_shelter"}}, {"type": "Feature", "id": "n11773934724", "geometry": {"type": "Point", "coordinates": [20.424799, 44.775025]}, "properties": {"kind": "shelter", "shelterType": "picnic_shelter"}}, {"type": "Feature", "id": "n11773934728", "geometry": {"type": "Point", "coordinates": [20.424068, 44.775362]}, "properties": {"kind": "shelter", "shelterType": "picnic_shelter"}}, {"type": "Feature", "id": "n11775194079", "geometry": {"type": "Point", "coordinates": [22.852462, 43.328267]}, "properties": {"kind": "shelter", "shelterType": "gazebo"}}, {"type": "Feature", "id": "n11793167267", "geometry": {"type": "Point", "coordinates": [22.851227, 43.328404]}, "properties": {"kind": "shelter", "shelterType": "gazebo"}}, {"type": "Feature", "id": "n11862651762", "geometry": {"type": "Point", "coordinates": [19.400552, 43.951375]}, "properties": {"kind": "shelter", "shelterType": "gazebo"}}, {"type": "Feature", "id": "n11862651763", "geometry": {"type": "Point", "coordinates": [19.400529, 43.951361]}, "properties": {"kind": "shelter", "shelterType": "gazebo"}}, {"type": "Feature", "id": "n11862651764", "geometry": {"type": "Point", "coordinates": [19.400495, 43.951344]}, "properties": {"kind": "shelter", "shelterType": "gazebo"}}, {"type": "Feature", "id": "n11866568827", "geometry": {"type": "Point", "coordinates": [21.927678, 43.308539]}, "properties": {"kind": "shelter", "shelterType": "gazebo"}}, {"type": "Feature", "id": "n11877498114", "geometry": {"type": "Point", "coordinates": [20.428573, 44.771417]}, "properties": {"kind": "shelter", "shelterType": "picnic_shelter"}}, {"type": "Feature", "id": "n11897348422", "geometry": {"type": "Point", "coordinates": [21.414976, 43.865849]}, "properties": {"kind": "shelter", "shelterType": "basic_hut"}}, {"type": "Feature", "id": "n11901244893", "geometry": {"type": "Point", "coordinates": [21.929289, 43.723062]}, "properties": {"kind": "camp", "name": "Камп Колиба", "nameSr": "Камп Колиба"}}, {"type": "Feature", "id": "n11904380402", "geometry": {"type": "Point", "coordinates": [19.662602, 43.68655]}, "properties": {"kind": "shelter", "shelterType": "gazebo"}}, {"type": "Feature", "id": "n11904380403", "geometry": {"type": "Point", "coordinates": [19.662067, 43.686689]}, "properties": {"kind": "shelter", "shelterType": "gazebo"}}, {"type": "Feature", "id": "n11904380404", "geometry": {"type": "Point", "coordinates": [19.662521, 43.686814]}, "properties": {"kind": "shelter", "shelterType": "gazebo"}}, {"type": "Feature", "id": "n11904380422", "geometry": {"type": "Point", "coordinates": [20.143092, 43.643776]}, "properties": {"kind": "shelter"}}, {"type": "Feature", "id": "n11907060602", "geometry": {"type": "Point", "coordinates": [20.014778, 45.170196]}, "properties": {"kind": "shelter", "shelterType": "gazebo"}}, {"type": "Feature", "id": "n11907060603", "geometry": {"type": "Point", "coordinates": [20.015744, 45.169947]}, "properties": {"kind": "shelter", "shelterType": "gazebo"}}, {"type": "Feature", "id": "n11932380306", "geometry": {"type": "Point", "coordinates": [22.055668, 42.105121]}, "properties": {"kind": "shelter", "shelterType": "gazebo"}}, {"type": "Feature", "id": "n11932387853", "geometry": {"type": "Point", "coordinates": [22.055145, 42.104972]}, "properties": {"kind": "shelter", "shelterType": "gazebo"}}, {"type": "Feature", "id": "n11936873820", "geometry": {"type": "Point", "coordinates": [22.706266, 42.851208]}, "properties": {"kind": "shelter", "shelterType": "picnic_shelter"}}, {"type": "Feature", "id": "n11951269290", "geometry": {"type": "Point", "coordinates": [19.558544, 43.286046]}, "properties": {"kind": "shelter", "shelterType": "picnic_shelter"}}, {"type": "Feature", "id": "n11951278954", "geometry": {"type": "Point", "coordinates": [19.602432, 43.078774]}, "properties": {"kind": "shelter", "shelterType": "weather_shelter"}}, {"type": "Feature", "id": "n11968827983", "geometry": {"type": "Point", "coordinates": [19.697479, 43.737855]}, "properties": {"kind": "shelter", "shelterType": "sun_shelter"}}, {"type": "Feature", "id": "n11970618863", "geometry": {"type": "Point", "coordinates": [19.695742, 43.738091]}, "properties": {"kind": "shelter", "shelterType": "sun_shelter"}}, {"type": "Feature", "id": "n11987249371", "geometry": {"type": "Point", "coordinates": [20.512815, 44.694001]}, "properties": {"kind": "shelter", "shelterType": "picnic_shelter"}}, {"type": "Feature", "id": "n11987249388", "geometry": {"type": "Point", "coordinates": [20.513666, 44.695118]}, "properties": {"kind": "shelter", "shelterType": "picnic_shelter"}}, {"type": "Feature", "id": "n11987249389", "geometry": {"type": "Point", "coordinates": [20.513786, 44.695163]}, "properties": {"kind": "shelter", "shelterType": "picnic_shelter"}}, {"type": "Feature", "id": "n12006657282", "geometry": {"type": "Point", "coordinates": [22.866699, 42.993952]}, "properties": {"kind": "shelter", "shelterType": "public_transport"}}, {"type": "Feature", "id": "n12006657337", "geometry": {"type": "Point", "coordinates": [22.897199, 43.019931]}, "properties": {"kind": "shelter", "shelterType": "public_transport"}}, {"type": "Feature", "id": "n12008669609", "geometry": {"type": "Point", "coordinates": [20.427485, 44.772655]}, "properties": {"kind": "shelter", "shelterType": "picnic_shelter"}}, {"type": "Feature", "id": "n12037317968", "geometry": {"type": "Point", "coordinates": [19.447203, 43.000242]}, "properties": {"kind": "shelter", "note": "Metall roof on concrete base on a cemetery, ca 4x4m including bench and table", "shelterType": "roof"}}, {"type": "Feature", "id": "n12039569262", "geometry": {"type": "Point", "coordinates": [20.047971, 42.859664]}, "properties": {"kind": "shelter"}}, {"type": "Feature", "id": "n12039940546", "geometry": {"type": "Point", "coordinates": [20.306113, 45.203965]}, "properties": {"kind": "shelter", "shelterType": "public_transport"}}, {"type": "Feature", "id": "n12044168113", "geometry": {"type": "Point", "coordinates": [19.452723, 42.930639]}, "properties": {"kind": "shelter", "drinking": false, "shelterType": "picnic_shelter"}}, {"type": "Feature", "id": "n12051668239", "geometry": {"type": "Point", "coordinates": [20.761765, 43.321574]}, "properties": {"kind": "camp"}}, {"type": "Feature", "id": "n12084335244", "geometry": {"type": "Point", "coordinates": [19.935135, 45.210993]}, "properties": {"kind": "shelter", "shelterType": "picnic_shelter"}}, {"type": "Feature", "id": "n12095009005", "geometry": {"type": "Point", "coordinates": [19.446093, 43.264018]}, "properties": {"kind": "camp"}}, {"type": "Feature", "id": "n12095009119", "geometry": {"type": "Point", "coordinates": [19.577607, 42.94885]}, "properties": {"kind": "camp", "name": "Camping Podbiśće"}}, {"type": "Feature", "id": "n12095009120", "geometry": {"type": "Point", "coordinates": [19.575569, 42.914787]}, "properties": {"kind": "camp", "name": "Kraljevo Kolo", "note": "Does not work. But you can put a tent. Many tents 😊"}}, {"type": "Feature", "id": "n12104955061", "geometry": {"type": "Point", "coordinates": [21.291913, 44.940072]}, "properties": {"kind": "camp", "name": "Камп Гат"}}, {"type": "Feature", "id": "n12118930519", "geometry": {"type": "Point", "coordinates": [19.652748, 45.135206]}, "properties": {"kind": "shelter", "shelterType": "picnic_shelter"}}, {"type": "Feature", "id": "n12151651011", "geometry": {"type": "Point", "coordinates": [20.76588, 41.973689]}, "properties": {"kind": "camp", "drinking": true, "fee": false}}, {"type": "Feature", "id": "n12163320740", "geometry": {"type": "Point", "coordinates": [19.578047, 42.922565]}, "properties": {"kind": "camp", "name": "Camp Kalezić"}}, {"type": "Feature", "id": "n12163395034", "geometry": {"type": "Point", "coordinates": [20.435456, 45.321939]}, "properties": {"kind": "shelter"}}, {"type": "Feature", "id": "n12167452053", "geometry": {"type": "Point", "coordinates": [19.629759, 42.898681]}, "properties": {"kind": "camp"}}, {"type": "Feature", "id": "n12180173904", "geometry": {"type": "Point", "coordinates": [19.458957, 43.22835]}, "properties": {"kind": "shelter", "shelterType": "picnic_shelter"}}, {"type": "Feature", "id": "n12187850389", "geometry": {"type": "Point", "coordinates": [19.108867, 44.38925]}, "properties": {"kind": "shelter", "name": "Подземни град Краља Александра I Карађорђевића - Камена девојка"}}, {"type": "Feature", "id": "n12209331997", "geometry": {"type": "Point", "coordinates": [19.986395, 44.107312]}, "properties": {"kind": "shelter"}}, {"type": "Feature", "id": "n12241185043", "geometry": {"type": "Point", "coordinates": [20.272263, 42.473261]}, "properties": {"kind": "camp", "name": "Junik Camping"}}, {"type": "Feature", "id": "n12246848602", "geometry": {"type": "Point", "coordinates": [20.675345, 43.611668]}, "properties": {"kind": "shelter"}}, {"type": "Feature", "id": "n12251053651", "geometry": {"type": "Point", "coordinates": [20.607854, 43.627853]}, "properties": {"kind": "shelter"}}, {"type": "Feature", "id": "n12273412801", "geometry": {"type": "Point", "coordinates": [20.25591, 42.648099]}, "properties": {"kind": "shelter"}}, {"type": "Feature", "id": "n12273412901", "geometry": {"type": "Point", "coordinates": [20.255827, 42.647393]}, "properties": {"kind": "shelter"}}, {"type": "Feature", "id": "n12285091291", "geometry": {"type": "Point", "coordinates": [22.944087, 42.76458]}, "properties": {"kind": "hut", "fee": false}}, {"type": "Feature", "id": "n12288027259", "geometry": {"type": "Point", "coordinates": [22.832546, 42.820109]}, "properties": {"kind": "hut", "name": "Ловен дом Предела", "fee": false}}, {"type": "Feature", "id": "n12288034545", "geometry": {"type": "Point", "coordinates": [22.779084, 42.897104]}, "properties": {"kind": "shelter", "shelterType": "public_transport"}}, {"type": "Feature", "id": "n12288041121", "geometry": {"type": "Point", "coordinates": [22.783866, 42.899267]}, "properties": {"kind": "shelter", "shelterType": "public_transport"}}, {"type": "Feature", "id": "n12288043472", "geometry": {"type": "Point", "coordinates": [22.832465, 42.82012]}, "properties": {"kind": "shelter", "shelterType": "picnic_shelter"}}, {"type": "Feature", "id": "n12288047235", "geometry": {"type": "Point", "coordinates": [22.779694, 42.869071]}, "properties": {"kind": "shelter"}}, {"type": "Feature", "id": "n12288047236", "geometry": {"type": "Point", "coordinates": [22.795975, 42.905161]}, "properties": {"kind": "shelter", "shelterType": "public_transport"}}, {"type": "Feature", "id": "n12289589445", "geometry": {"type": "Point", "coordinates": [22.779664, 42.934588]}, "properties": {"kind": "shelter", "shelterType": "public_transport"}}, {"type": "Feature", "id": "n12292365500", "geometry": {"type": "Point", "coordinates": [19.603443, 45.22282]}, "properties": {"kind": "shelter", "shelterType": "picnic_shelter"}}, {"type": "Feature", "id": "n12292374401", "geometry": {"type": "Point", "coordinates": [19.603401, 45.222918]}, "properties": {"kind": "shelter", "shelterType": "picnic_shelter"}}, {"type": "Feature", "id": "n12292488406", "geometry": {"type": "Point", "coordinates": [19.790929, 45.182831]}, "properties": {"kind": "shelter", "shelterType": "picnic_shelter"}}, {"type": "Feature", "id": "n12299481074", "geometry": {"type": "Point", "coordinates": [19.742321, 45.301918]}, "properties": {"kind": "shelter"}}, {"type": "Feature", "id": "n12337692176", "geometry": {"type": "Point", "coordinates": [19.649737, 45.12306]}, "properties": {"kind": "hut", "name": "Lovački dom Soko"}}, {"type": "Feature", "id": "n12348848395", "geometry": {"type": "Point", "coordinates": [19.796799, 45.192312]}, "properties": {"kind": "shelter", "shelterType": "picnic_shelter"}}, {"type": "Feature", "id": "n12352508197", "geometry": {"type": "Point", "coordinates": [19.777681, 45.157864]}, "properties": {"kind": "shelter", "shelterType": "picnic_shelter"}}, {"type": "Feature", "id": "n12352508198", "geometry": {"type": "Point", "coordinates": [19.778102, 45.157796]}, "properties": {"kind": "shelter", "shelterType": "picnic_shelter"}}, {"type": "Feature", "id": "n12466888833", "geometry": {"type": "Point", "coordinates": [20.433159, 44.751093]}, "properties": {"kind": "shelter", "shelterType": "picnic_shelter"}}, {"type": "Feature", "id": "n12480393802", "geometry": {"type": "Point", "coordinates": [19.56839, 42.96234]}, "properties": {"kind": "camp"}}, {"type": "Feature", "id": "n12536446105", "geometry": {"type": "Point", "coordinates": [19.940815, 45.151205]}, "properties": {"kind": "camp"}}, {"type": "Feature", "id": "n12554109417", "geometry": {"type": "Point", "coordinates": [21.966936, 44.637456]}, "properties": {"kind": "camp", "name": "Drencona Inn", "note": "Under construction, no toilets and showers"}}, {"type": "Feature", "id": "n12554612027", "geometry": {"type": "Point", "coordinates": [20.699569, 44.13333]}, "properties": {"kind": "hut", "name": "Ловачки дом Влакча", "nameSr": "Ловачки дом Влакча", "operator": "Ловачка секција Влакча"}}, {"type": "Feature", "id": "n12596990801", "geometry": {"type": "Point", "coordinates": [20.431742, 42.06867]}, "properties": {"kind": "camp", "name": "Kukes Camping"}}, {"type": "Feature", "id": "n12598937620", "geometry": {"type": "Point", "coordinates": [21.712763, 44.676878]}, "properties": {"kind": "camp", "name": "Kemp - Terasa u Hánů"}}, {"type": "Feature", "id": "n12663097410", "geometry": {"type": "Point", "coordinates": [18.97596, 45.472165]}, "properties": {"kind": "shelter"}}, {"type": "Feature", "id": "n12680736514", "geometry": {"type": "Point", "coordinates": [20.811053, 45.599912]}, "properties": {"kind": "shelter"}}, {"type": "Feature", "id": "n12696836780", "geometry": {"type": "Point", "coordinates": [22.554009, 42.364595]}, "properties": {"kind": "shelter", "name": "Ловен заслон"}}, {"type": "Feature", "id": "n12696859568", "geometry": {"type": "Point", "coordinates": [22.618081, 42.371818]}, "properties": {"kind": "shelter", "name": "Ловен заслон"}}, {"type": "Feature", "id": "n12696870226", "geometry": {"type": "Point", "coordinates": [22.618007, 42.446587]}, "properties": {"kind": "shelter"}}, {"type": "Feature", "id": "n12702878204", "geometry": {"type": "Point", "coordinates": [21.755532, 44.661693]}, "properties": {"kind": "shelter"}}, {"type": "Feature", "id": "n12708648093", "geometry": {"type": "Point", "coordinates": [20.114134, 42.544942]}, "properties": {"kind": "hut", "name": "Cabin on a Rock", "operator": "Cabin on a Rock"}}, {"type": "Feature", "id": "n12730397417", "geometry": {"type": "Point", "coordinates": [21.636165, 44.090932]}, "properties": {"kind": "hut", "name": "Планинарска кућа Суваја", "nameSr": "Планинарска кућа Суваја"}}, {"type": "Feature", "id": "n12777025001", "geometry": {"type": "Point", "coordinates": [22.632205, 43.688908]}, "properties": {"kind": "shelter"}}, {"type": "Feature", "id": "n12777025002", "geometry": {"type": "Point", "coordinates": [21.036437, 44.725972]}, "properties": {"kind": "shelter"}}, {"type": "Feature", "id": "n12777025201", "geometry": {"type": "Point", "coordinates": [20.72588, 44.748245]}, "properties": {"kind": "shelter"}}, {"type": "Feature", "id": "n12777025301", "geometry": {"type": "Point", "coordinates": [22.205039, 44.502819]}, "properties": {"kind": "shelter"}}, {"type": "Feature", "id": "n12802663804", "geometry": {"type": "Point", "coordinates": [21.321188, 42.003129]}, "properties": {"kind": "camp", "name": "Camping Skopje"}}, {"type": "Feature", "id": "n12804600667", "geometry": {"type": "Point", "coordinates": [22.0805, 43.337037]}, "properties": {"kind": "shelter", "shelterType": "picnic_shelter"}}, {"type": "Feature", "id": "n12824153336", "geometry": {"type": "Point", "coordinates": [20.438954, 44.779282]}, "properties": {"kind": "shelter", "shelterType": "gazebo"}}, {"type": "Feature", "id": "n12824153338", "geometry": {"type": "Point", "coordinates": [20.440013, 44.778902]}, "properties": {"kind": "shelter", "shelterType": "gazebo"}}, {"type": "Feature", "id": "n12824153340", "geometry": {"type": "Point", "coordinates": [20.439543, 44.779035]}, "properties": {"kind": "shelter", "shelterType": "picnic_shelter"}}, {"type": "Feature", "id": "n12829066388", "geometry": {"type": "Point", "coordinates": [22.784242, 43.304747]}, "properties": {"kind": "camp"}}, {"type": "Feature", "id": "n12829142184", "geometry": {"type": "Point", "coordinates": [22.797658, 43.331487]}, "properties": {"kind": "camp", "note": "there was water in 29 of April in creek"}}, {"type": "Feature", "id": "n12850571601", "geometry": {"type": "Point", "coordinates": [21.839651, 43.416485]}, "properties": {"kind": "camp", "name": "Popoland Camp"}}, {"type": "Feature", "id": "n12862063101", "geometry": {"type": "Point", "coordinates": [21.278345, 41.96124]}, "properties": {"kind": "camp", "name": "Matka Farm RV Camping Area, Matka, Nordmazedonien"}}, {"type": "Feature", "id": "n12862921146", "geometry": {"type": "Point", "coordinates": [22.380796, 41.962929]}, "properties": {"kind": "camp"}}, {"type": "Feature", "id": "n12862921147", "geometry": {"type": "Point", "coordinates": [22.38032, 41.962804]}, "properties": {"kind": "camp"}}, {"type": "Feature", "id": "n12862950428", "geometry": {"type": "Point", "coordinates": [22.376491, 41.961903]}, "properties": {"kind": "camp"}}, {"type": "Feature", "id": "n12862953599", "geometry": {"type": "Point", "coordinates": [22.368487, 41.962899]}, "properties": {"kind": "camp"}}, {"type": "Feature", "id": "n12862953600", "geometry": {"type": "Point", "coordinates": [22.369901, 41.959138]}, "properties": {"kind": "camp"}}, {"type": "Feature", "id": "n12862995401", "geometry": {"type": "Point", "coordinates": [22.367487, 41.957583]}, "properties": {"kind": "shelter", "shelterType": "picnic_shelter"}}, {"type": "Feature", "id": "n12862995402", "geometry": {"type": "Point", "coordinates": [22.36772, 41.956994]}, "properties": {"kind": "camp"}}, {"type": "Feature", "id": "n12862995403", "geometry": {"type": "Point", "coordinates": [22.367895, 41.956832]}, "properties": {"kind": "shelter", "shelterType": "basic_hut"}}, {"type": "Feature", "id": "n12862995404", "geometry": {"type": "Point", "coordinates": [22.367666, 41.956491]}, "properties": {"kind": "camp"}}, {"type": "Feature", "id": "n12863977776", "geometry": {"type": "Point", "coordinates": [22.358903, 41.959998]}, "properties": {"kind": "camp"}}, {"type": "Feature", "id": "n12863977777", "geometry": {"type": "Point", "coordinates": [22.354974, 41.955686]}, "properties": {"kind": "camp"}}, {"type": "Feature", "id": "n12863977785", "geometry": {"type": "Point", "coordinates": [22.354326, 41.958303]}, "properties": {"kind": "camp"}}, {"type": "Feature", "id": "n12863977786", "geometry": {"type": "Point", "coordinates": [22.354219, 41.960364]}, "properties": {"kind": "camp"}}, {"type": "Feature", "id": "n12863977787", "geometry": {"type": "Point", "coordinates": [22.351823, 41.961082]}, "properties": {"kind": "camp"}}, {"type": "Feature", "id": "n12863977802", "geometry": {"type": "Point", "coordinates": [22.348401, 41.962234]}, "properties": {"kind": "camp"}}, {"type": "Feature", "id": "n12866818744", "geometry": {"type": "Point", "coordinates": [22.335349, 41.977644]}, "properties": {"kind": "camp"}}, {"type": "Feature", "id": "n12866822303", "geometry": {"type": "Point", "coordinates": [22.333199, 41.982266]}, "properties": {"kind": "camp"}}, {"type": "Feature", "id": "n12866822304", "geometry": {"type": "Point", "coordinates": [22.330936, 41.986034]}, "properties": {"kind": "camp"}}, {"type": "Feature", "id": "n12866822306", "geometry": {"type": "Point", "coordinates": [22.324544, 41.991928]}, "properties": {"kind": "camp"}}, {"type": "Feature", "id": "n12866822308", "geometry": {"type": "Point", "coordinates": [22.322987, 41.998286]}, "properties": {"kind": "camp"}}, {"type": "Feature", "id": "n12894379142", "geometry": {"type": "Point", "coordinates": [19.503422, 42.952964]}, "properties": {"kind": "shelter", "shelterType": "picnic_shelter"}}, {"type": "Feature", "id": "n12895084428", "geometry": {"type": "Point", "coordinates": [22.12415, 43.215754]}, "properties": {"kind": "shelter", "shelterType": "picnic_shelter"}}, {"type": "Feature", "id": "n12914913444", "geometry": {"type": "Point", "coordinates": [22.320788, 41.999471]}, "properties": {"kind": "camp"}}, {"type": "Feature", "id": "n12914913445", "geometry": {"type": "Point", "coordinates": [22.320119, 41.99983]}, "properties": {"kind": "camp"}}, {"type": "Feature", "id": "n12914913447", "geometry": {"type": "Point", "coordinates": [22.321828, 42.001058]}, "properties": {"kind": "camp"}}, {"type": "Feature", "id": "n12914913448", "geometry": {"type": "Point", "coordinates": [22.321077, 42.000632]}, "properties": {"kind": "camp"}}, {"type": "Feature", "id": "n12914913449", "geometry": {"type": "Point", "coordinates": [22.321292, 42.000861]}, "properties": {"kind": "shelter", "shelterType": "rock_shelter"}}, {"type": "Feature", "id": "n12914913450", "geometry": {"type": "Point", "coordinates": [22.321115, 42.003822]}, "properties": {"kind": "camp"}}, {"type": "Feature", "id": "n12914913451", "geometry": {"type": "Point", "coordinates": [22.317722, 41.998849]}, "properties": {"kind": "shelter", "shelterType": "basic_hut"}}, {"type": "Feature", "id": "n12914913452", "geometry": {"type": "Point", "coordinates": [22.317317, 41.998142]}, "properties": {"kind": "camp"}}, {"type": "Feature", "id": "n12914913453", "geometry": {"type": "Point", "coordinates": [22.315604, 41.99887]}, "properties": {"kind": "shelter", "shelterType": "basic_hut"}}, {"type": "Feature", "id": "n12914978015", "geometry": {"type": "Point", "coordinates": [22.314985, 41.999597]}, "properties": {"kind": "shelter", "shelterType": "basic_hut"}}, {"type": "Feature", "id": "n12914978016", "geometry": {"type": "Point", "coordinates": [22.316151, 42.000638]}, "properties": {"kind": "camp"}}, {"type": "Feature", "id": "n12914978017", "geometry": {"type": "Point", "coordinates": [22.315286, 42.00172]}, "properties": {"kind": "shelter", "shelterType": "basic_hut"}}, {"type": "Feature", "id": "n12914978030", "geometry": {"type": "Point", "coordinates": [22.314384, 42.001606]}, "properties": {"kind": "camp"}}, {"type": "Feature", "id": "n12914978031", "geometry": {"type": "Point", "coordinates": [22.314831, 42.001776]}, "properties": {"kind": "shelter", "shelterType": "basic_hut"}}, {"type": "Feature", "id": "n12914978032", "geometry": {"type": "Point", "coordinates": [22.315078, 42.002015]}, "properties": {"kind": "camp"}}, {"type": "Feature", "id": "n12914978033", "geometry": {"type": "Point", "coordinates": [22.315, 42.002195]}, "properties": {"kind": "shelter", "shelterType": "basic_hut"}}, {"type": "Feature", "id": "n12914978034", "geometry": {"type": "Point", "coordinates": [22.316269, 42.003136]}, "properties": {"kind": "camp"}}, {"type": "Feature", "id": "n12916777538", "geometry": {"type": "Point", "coordinates": [22.310036, 41.999807]}, "properties": {"kind": "camp"}}, {"type": "Feature", "id": "n12916972836", "geometry": {"type": "Point", "coordinates": [22.312471, 42.006671]}, "properties": {"kind": "camp"}}, {"type": "Feature", "id": "n12916972843", "geometry": {"type": "Point", "coordinates": [22.314949, 42.007824]}, "properties": {"kind": "camp"}}, {"type": "Feature", "id": "n12916976031", "geometry": {"type": "Point", "coordinates": [22.310047, 42.010521]}, "properties": {"kind": "camp"}}, {"type": "Feature", "id": "n12916976032", "geometry": {"type": "Point", "coordinates": [22.308899, 42.010317]}, "properties": {"kind": "camp"}}, {"type": "Feature", "id": "n12917037961", "geometry": {"type": "Point", "coordinates": [22.285056, 42.003039]}, "properties": {"kind": "camp"}}, {"type": "Feature", "id": "n12917037962", "geometry": {"type": "Point", "coordinates": [22.285864, 42.003812]}, "properties": {"kind": "camp"}}, {"type": "Feature", "id": "n12917196280", "geometry": {"type": "Point", "coordinates": [22.235175, 41.995168]}, "properties": {"kind": "camp"}}, {"type": "Feature", "id": "n12917196298", "geometry": {"type": "Point", "coordinates": [22.231891, 41.998317]}, "properties": {"kind": "camp"}}, {"type": "Feature", "id": "n12917219108", "geometry": {"type": "Point", "coordinates": [22.231058, 42.002729]}, "properties": {"kind": "shelter", "shelterType": "basic_hut"}}, {"type": "Feature", "id": "n12917219109", "geometry": {"type": "Point", "coordinates": [22.230972, 42.002901]}, "properties": {"kind": "camp"}}, {"type": "Feature", "id": "n12917219110", "geometry": {"type": "Point", "coordinates": [22.2303, 42.00283]}, "properties": {"kind": "camp"}}, {"type": "Feature", "id": "n12917219111", "geometry": {"type": "Point", "coordinates": [22.231748, 42.003457]}, "properties": {"kind": "camp"}}, {"type": "Feature", "id": "n12917359490", "geometry": {"type": "Point", "coordinates": [22.230604, 42.005211]}, "properties": {"kind": "camp"}}, {"type": "Feature", "id": "n12917390526", "geometry": {"type": "Point", "coordinates": [22.229803, 42.005798]}, "properties": {"kind": "camp"}}, {"type": "Feature", "id": "n12917390527", "geometry": {"type": "Point", "coordinates": [22.229702, 42.006138]}, "properties": {"kind": "camp"}}, {"type": "Feature", "id": "n12917408822", "geometry": {"type": "Point", "coordinates": [22.227828, 42.009881]}, "properties": {"kind": "camp"}}, {"type": "Feature", "id": "n12917496332", "geometry": {"type": "Point", "coordinates": [22.22414, 42.007828]}, "properties": {"kind": "camp"}}, {"type": "Feature", "id": "n12917496358", "geometry": {"type": "Point", "coordinates": [22.224365, 42.008443]}, "properties": {"kind": "shelter"}}, {"type": "Feature", "id": "n12917496359", "geometry": {"type": "Point", "coordinates": [22.224447, 42.008472]}, "properties": {"kind": "camp"}}, {"type": "Feature", "id": "n12917496390", "geometry": {"type": "Point", "coordinates": [22.224783, 42.010266]}, "properties": {"kind": "camp"}}, {"type": "Feature", "id": "n12917496391", "geometry": {"type": "Point", "coordinates": [22.224669, 42.010997]}, "properties": {"kind": "camp"}}, {"type": "Feature", "id": "n12917496447", "geometry": {"type": "Point", "coordinates": [22.221428, 42.014441]}, "properties": {"kind": "camp"}}, {"type": "Feature", "id": "n12917496448", "geometry": {"type": "Point", "coordinates": [22.221241, 42.015775]}, "properties": {"kind": "shelter", "shelterType": "basic_hut"}}, {"type": "Feature", "id": "n12917505514", "geometry": {"type": "Point", "coordinates": [22.228766, 42.027525]}, "properties": {"kind": "camp"}}, {"type": "Feature", "id": "n12917505515", "geometry": {"type": "Point", "coordinates": [22.228329, 42.028901]}, "properties": {"kind": "camp"}}, {"type": "Feature", "id": "n12917566446", "geometry": {"type": "Point", "coordinates": [22.228894, 42.031207]}, "properties": {"kind": "camp"}}, {"type": "Feature", "id": "n12917566447", "geometry": {"type": "Point", "coordinates": [22.22988, 42.030725]}, "properties": {"kind": "camp"}}, {"type": "Feature", "id": "n12917582422", "geometry": {"type": "Point", "coordinates": [22.244667, 42.030908]}, "properties": {"kind": "camp"}}, {"type": "Feature", "id": "n12917595522", "geometry": {"type": "Point", "coordinates": [22.248262, 42.03555]}, "properties": {"kind": "camp"}}, {"type": "Feature", "id": "n12917645238", "geometry": {"type": "Point", "coordinates": [22.242227, 42.044904]}, "properties": {"kind": "shelter", "shelterType": "basic_hut"}}, {"type": "Feature", "id": "n12917645239", "geometry": {"type": "Point", "coordinates": [22.239574, 42.046612]}, "properties": {"kind": "camp"}}, {"type": "Feature", "id": "n12917661091", "geometry": {"type": "Point", "coordinates": [22.255757, 42.060017]}, "properties": {"kind": "camp"}}, {"type": "Feature", "id": "n12917661092", "geometry": {"type": "Point", "coordinates": [22.258008, 42.066184]}, "properties": {"kind": "camp"}}, {"type": "Feature", "id": "n12917695646", "geometry": {"type": "Point", "coordinates": [22.250094, 42.069744]}, "properties": {"kind": "camp"}}, {"type": "Feature", "id": "n12917728058", "geometry": {"type": "Point", "coordinates": [22.261888, 42.069994]}, "properties": {"kind": "camp"}}, {"type": "Feature", "id": "n12917728059", "geometry": {"type": "Point", "coordinates": [22.261444, 42.070896]}, "properties": {"kind": "camp"}}, {"type": "Feature", "id": "n12917923371", "geometry": {"type": "Point", "coordinates": [22.308606, 42.092874]}, "properties": {"kind": "camp"}}, {"type": "Feature", "id": "n12917935722", "geometry": {"type": "Point", "coordinates": [22.289302, 42.074755]}, "properties": {"kind": "camp"}}, {"type": "Feature", "id": "n12917935728", "geometry": {"type": "Point", "coordinates": [22.295181, 42.074697]}, "properties": {"kind": "camp"}}, {"type": "Feature", "id": "n12917935729", "geometry": {"type": "Point", "coordinates": [22.296204, 42.07441]}, "properties": {"kind": "camp"}}, {"type": "Feature", "id": "n12917935730", "geometry": {"type": "Point", "coordinates": [22.297563, 42.07399]}, "properties": {"kind": "camp"}}, {"type": "Feature", "id": "n12917935887", "geometry": {"type": "Point", "coordinates": [22.303391, 42.077165]}, "properties": {"kind": "camp"}}, {"type": "Feature", "id": "n12918792989", "geometry": {"type": "Point", "coordinates": [22.443195, 42.145572]}, "properties": {"kind": "camp"}}, {"type": "Feature", "id": "n12918792992", "geometry": {"type": "Point", "coordinates": [22.42145, 42.1761]}, "properties": {"kind": "camp"}}, {"type": "Feature", "id": "n12918792993", "geometry": {"type": "Point", "coordinates": [22.42086, 42.175965]}, "properties": {"kind": "shelter", "shelterType": "picnic_shelter"}}, {"type": "Feature", "id": "n12919413156", "geometry": {"type": "Point", "coordinates": [22.402379, 42.174481]}, "properties": {"kind": "camp"}}, {"type": "Feature", "id": "n12919573237", "geometry": {"type": "Point", "coordinates": [22.363621, 42.204444]}, "properties": {"kind": "camp"}}, {"type": "Feature", "id": "n12919574642", "geometry": {"type": "Point", "coordinates": [22.369043, 42.195027]}, "properties": {"kind": "camp"}}, {"type": "Feature", "id": "n12923000385", "geometry": {"type": "Point", "coordinates": [20.655393, 42.136983]}, "properties": {"kind": "shelter", "note": "Unterstand mit zwei langen Bänken und einem großen Tisch"}}, {"type": "Feature", "id": "n12943532277", "geometry": {"type": "Point", "coordinates": [22.168168, 43.337668]}, "properties": {"kind": "shelter"}}, {"type": "Feature", "id": "n12945942520", "geometry": {"type": "Point", "coordinates": [22.077532, 43.391081]}, "properties": {"kind": "shelter"}}, {"type": "Feature", "id": "n12949221482", "geometry": {"type": "Point", "coordinates": [22.381054, 42.1778]}, "properties": {"kind": "camp"}}, {"type": "Feature", "id": "n12950078926", "geometry": {"type": "Point", "coordinates": [22.40232, 42.182434]}, "properties": {"kind": "camp"}}, {"type": "Feature", "id": "n12963821900", "geometry": {"type": "Point", "coordinates": [20.720468, 44.047183]}, "properties": {"kind": "camp", "name": "Camping Resort Eden"}}, {"type": "Feature", "id": "n12963848083", "geometry": {"type": "Point", "coordinates": [20.179298, 44.469245]}, "properties": {"kind": "shelter", "shelterType": "gazebo"}}, {"type": "Feature", "id": "n12968534956", "geometry": {"type": "Point", "coordinates": [19.780022, 45.14374]}, "properties": {"kind": "shelter", "shelterType": "picnic_shelter"}}, {"type": "Feature", "id": "n12978613160", "geometry": {"type": "Point", "coordinates": [22.330593, 42.739394]}, "properties": {"kind": "shelter", "shelterType": "picnic_shelter"}}, {"type": "Feature", "id": "n12978613161", "geometry": {"type": "Point", "coordinates": [22.330511, 42.739453]}, "properties": {"kind": "shelter", "shelterType": "picnic_shelter"}}, {"type": "Feature", "id": "n12978613162", "geometry": {"type": "Point", "coordinates": [22.330459, 42.739523]}, "properties": {"kind": "shelter", "shelterType": "picnic_shelter"}}, {"type": "Feature", "id": "n12978613163", "geometry": {"type": "Point", "coordinates": [22.330606, 42.739322]}, "properties": {"kind": "shelter", "shelterType": "picnic_shelter"}}, {"type": "Feature", "id": "n13014453644", "geometry": {"type": "Point", "coordinates": [21.394423, 43.429878]}, "properties": {"kind": "shelter"}}, {"type": "Feature", "id": "n13021371947", "geometry": {"type": "Point", "coordinates": [22.259602, 43.164927]}, "properties": {"kind": "shelter", "shelterType": "picnic_shelter"}}, {"type": "Feature", "id": "n13021371950", "geometry": {"type": "Point", "coordinates": [22.257054, 43.165255]}, "properties": {"kind": "shelter", "shelterType": "picnic_shelter"}}, {"type": "Feature", "id": "n13021372002", "geometry": {"type": "Point", "coordinates": [22.261602, 43.141109]}, "properties": {"kind": "shelter", "shelterType": "picnic_shelter"}}, {"type": "Feature", "id": "n13033124514", "geometry": {"type": "Point", "coordinates": [21.936026, 43.329922]}, "properties": {"kind": "shelter", "shelterType": "gazebo"}}, {"type": "Feature", "id": "n13033124515", "geometry": {"type": "Point", "coordinates": [21.935958, 43.330018]}, "properties": {"kind": "shelter", "shelterType": "gazebo"}}, {"type": "Feature", "id": "n13033124652", "geometry": {"type": "Point", "coordinates": [21.936399, 43.331807]}, "properties": {"kind": "shelter", "shelterType": "gazebo"}}, {"type": "Feature", "id": "n13033124653", "geometry": {"type": "Point", "coordinates": [21.936389, 43.331754]}, "properties": {"kind": "shelter", "shelterType": "gazebo"}}, {"type": "Feature", "id": "n13033211283", "geometry": {"type": "Point", "coordinates": [21.938272, 43.328736]}, "properties": {"kind": "shelter", "shelterType": "gazebo"}}, {"type": "Feature", "id": "n13033211284", "geometry": {"type": "Point", "coordinates": [21.938308, 43.328681]}, "properties": {"kind": "shelter", "shelterType": "gazebo"}}, {"type": "Feature", "id": "n13033219627", "geometry": {"type": "Point", "coordinates": [21.917549, 43.33566]}, "properties": {"kind": "shelter", "shelterType": "gazebo"}}, {"type": "Feature", "id": "n13033794789", "geometry": {"type": "Point", "coordinates": [21.914521, 43.328944]}, "properties": {"kind": "shelter", "shelterType": "gazebo"}}, {"type": "Feature", "id": "n13033794790", "geometry": {"type": "Point", "coordinates": [21.914535, 43.328853]}, "properties": {"kind": "shelter", "shelterType": "gazebo"}}, {"type": "Feature", "id": "n13034390930", "geometry": {"type": "Point", "coordinates": [21.935862, 43.32953]}, "properties": {"kind": "shelter", "shelterType": "gazebo"}}, {"type": "Feature", "id": "n13034390931", "geometry": {"type": "Point", "coordinates": [21.935825, 43.32889]}, "properties": {"kind": "shelter", "shelterType": "gazebo"}}, {"type": "Feature", "id": "n13037115208", "geometry": {"type": "Point", "coordinates": [21.909002, 43.331851]}, "properties": {"kind": "shelter", "shelterType": "gazebo"}}, {"type": "Feature", "id": "n13039628543", "geometry": {"type": "Point", "coordinates": [21.941925, 43.333333]}, "properties": {"kind": "shelter", "shelterType": "gazebo"}}, {"type": "Feature", "id": "n13039628547", "geometry": {"type": "Point", "coordinates": [21.941807, 43.333569]}, "properties": {"kind": "shelter", "shelterType": "gazebo"}}, {"type": "Feature", "id": "n13045157949", "geometry": {"type": "Point", "coordinates": [21.925327, 43.31155]}, "properties": {"kind": "shelter", "shelterType": "gazebo"}}, {"type": "Feature", "id": "n13046713702", "geometry": {"type": "Point", "coordinates": [21.922708, 43.320306]}, "properties": {"kind": "shelter", "shelterType": "gazebo"}}, {"type": "Feature", "id": "n13046713725", "geometry": {"type": "Point", "coordinates": [21.922176, 43.323509]}, "properties": {"kind": "shelter", "shelterType": "gazebo"}}, {"type": "Feature", "id": "n13046713730", "geometry": {"type": "Point", "coordinates": [21.921239, 43.319972]}, "properties": {"kind": "shelter", "shelterType": "gazebo"}}, {"type": "Feature", "id": "n13046713731", "geometry": {"type": "Point", "coordinates": [21.92195, 43.319539]}, "properties": {"kind": "shelter", "shelterType": "gazebo"}}, {"type": "Feature", "id": "n13046713732", "geometry": {"type": "Point", "coordinates": [21.92174, 43.319533]}, "properties": {"kind": "shelter", "shelterType": "gazebo"}}, {"type": "Feature", "id": "n13046713747", "geometry": {"type": "Point", "coordinates": [21.921417, 43.319436]}, "properties": {"kind": "shelter", "shelterType": "gazebo"}}, {"type": "Feature", "id": "n13046713748", "geometry": {"type": "Point", "coordinates": [21.921173, 43.319479]}, "properties": {"kind": "shelter", "shelterType": "gazebo"}}, {"type": "Feature", "id": "n13046713749", "geometry": {"type": "Point", "coordinates": [21.921676, 43.319319]}, "properties": {"kind": "shelter", "shelterType": "gazebo"}}, {"type": "Feature", "id": "n13046713928", "geometry": {"type": "Point", "coordinates": [21.918184, 43.321821]}, "properties": {"kind": "shelter", "shelterType": "gazebo"}}, {"type": "Feature", "id": "n13048533450", "geometry": {"type": "Point", "coordinates": [19.691397, 42.857761]}, "properties": {"kind": "hut", "name": "Etno katun Kolijevka"}}, {"type": "Feature", "id": "n13048715094", "geometry": {"type": "Point", "coordinates": [20.206188, 42.762733]}, "properties": {"kind": "camp"}}, {"type": "Feature", "id": "n13056952702", "geometry": {"type": "Point", "coordinates": [19.486212, 43.954345]}, "properties": {"kind": "camp", "name": "Green Bear Adventures and Campsite"}}, {"type": "Feature", "id": "n13069518701", "geometry": {"type": "Point", "coordinates": [21.212809, 42.578278]}, "properties": {"kind": "camp", "name": "Teddy"}}, {"type": "Feature", "id": "n13076195347", "geometry": {"type": "Point", "coordinates": [20.882331, 42.025958]}, "properties": {"kind": "shelter", "drinking": true}}, {"type": "Feature", "id": "n13081395643", "geometry": {"type": "Point", "coordinates": [20.051599, 42.607767]}, "properties": {"kind": "camp", "name": "MASLO Camping", "fee": true}}, {"type": "Feature", "id": "n13085014980", "geometry": {"type": "Point", "coordinates": [20.844251, 42.063563]}, "properties": {"kind": "shelter", "shelterType": "picnic_shelter"}}, {"type": "Feature", "id": "n13085054571", "geometry": {"type": "Point", "coordinates": [20.809525, 42.048963]}, "properties": {"kind": "shelter"}}, {"type": "Feature", "id": "n13085057579", "geometry": {"type": "Point", "coordinates": [20.796757, 42.04595]}, "properties": {"kind": "shelter"}}, {"type": "Feature", "id": "n13086409101", "geometry": {"type": "Point", "coordinates": [19.972863, 43.355112]}, "properties": {"kind": "camp", "name": "Molitva kamp"}}, {"type": "Feature", "id": "n13086526101", "geometry": {"type": "Point", "coordinates": [19.383295, 43.966634]}, "properties": {"kind": "shelter"}}, {"type": "Feature", "id": "n13086569402", "geometry": {"type": "Point", "coordinates": [19.512819, 43.960537]}, "properties": {"kind": "shelter"}}, {"type": "Feature", "id": "n13092693660", "geometry": {"type": "Point", "coordinates": [19.834389, 45.180361]}, "properties": {"kind": "shelter", "shelterType": "rock_shelter"}}, {"type": "Feature", "id": "n13093242518", "geometry": {"type": "Point", "coordinates": [20.432142, 44.763868]}, "properties": {"kind": "shelter", "shelterType": "picnic_shelter"}}, {"type": "Feature", "id": "n13094655901", "geometry": {"type": "Point", "coordinates": [19.679764, 43.772933]}, "properties": {"kind": "shelter"}}, {"type": "Feature", "id": "n13094791001", "geometry": {"type": "Point", "coordinates": [19.682591, 43.753263]}, "properties": {"kind": "shelter"}}, {"type": "Feature", "id": "n13100336497", "geometry": {"type": "Point", "coordinates": [20.389361, 44.857394]}, "properties": {"kind": "shelter"}}, {"type": "Feature", "id": "n13100336498", "geometry": {"type": "Point", "coordinates": [20.390998, 44.856229]}, "properties": {"kind": "shelter", "shelterType": "picnic_shelter"}}, {"type": "Feature", "id": "n13100451101", "geometry": {"type": "Point", "coordinates": [19.863177, 43.480066]}, "properties": {"kind": "hut", "name": "Ловачка колиба", "nameSr": "Ловачка колиба"}}, {"type": "Feature", "id": "n13103081050", "geometry": {"type": "Point", "coordinates": [20.905977, 42.0898]}, "properties": {"kind": "hut", "name": "Kobilica Hut"}}, {"type": "Feature", "id": "n13103094536", "geometry": {"type": "Point", "coordinates": [20.738569, 41.913648]}, "properties": {"kind": "shelter"}}, {"type": "Feature", "id": "n13105757901", "geometry": {"type": "Point", "coordinates": [20.417725, 43.132004]}, "properties": {"kind": "shelter"}}, {"type": "Feature", "id": "n13109174674", "geometry": {"type": "Point", "coordinates": [20.787411, 42.023598]}, "properties": {"kind": "shelter", "name": "HST Emergency Shelter", "shelterType": "weather_shelter"}}, {"type": "Feature", "id": "n13112482905", "geometry": {"type": "Point", "coordinates": [20.400104, 43.066229]}, "properties": {"kind": "shelter"}}, {"type": "Feature", "id": "n13120774001", "geometry": {"type": "Point", "coordinates": [19.380376, 43.231514]}, "properties": {"kind": "camp", "name": "Mijakovici Campground"}}, {"type": "Feature", "id": "n13127426479", "geometry": {"type": "Point", "coordinates": [21.535254, 43.966981]}, "properties": {"kind": "shelter"}}, {"type": "Feature", "id": "n13127669803", "geometry": {"type": "Point", "coordinates": [21.123216, 42.148381]}, "properties": {"kind": "shelter"}}, {"type": "Feature", "id": "n13140635503", "geometry": {"type": "Point", "coordinates": [22.95272, 42.635868]}, "properties": {"kind": "shelter", "shelterType": "gazebo"}}, {"type": "Feature", "id": "n13143271529", "geometry": {"type": "Point", "coordinates": [19.913989, 45.166934]}, "properties": {"kind": "shelter", "shelterType": "picnic_shelter"}}, {"type": "Feature", "id": "n13157423288", "geometry": {"type": "Point", "coordinates": [19.942859, 43.287051]}, "properties": {"kind": "camp", "note": "Wild camp"}}, {"type": "Feature", "id": "n13158305697", "geometry": {"type": "Point", "coordinates": [19.775586, 42.858826]}, "properties": {"kind": "hut", "name": "Domaćinstvo Pešića", "operator": "Domaćinstvo Pešića"}}, {"type": "Feature", "id": "n13162284841", "geometry": {"type": "Point", "coordinates": [20.065663, 42.546649]}, "properties": {"kind": "camp", "name": "Bashkimi", "fee": true}}, {"type": "Feature", "id": "n13173182019", "geometry": {"type": "Point", "coordinates": [20.40385, 44.815875]}, "properties": {"kind": "shelter", "shelterType": "picnic_shelter"}}, {"type": "Feature", "id": "n13173182020", "geometry": {"type": "Point", "coordinates": [20.403907, 44.815892]}, "properties": {"kind": "shelter", "shelterType": "picnic_shelter"}}, {"type": "Feature", "id": "n13173182021", "geometry": {"type": "Point", "coordinates": [20.403925, 44.815836]}, "properties": {"kind": "shelter", "shelterType": "picnic_shelter"}}, {"type": "Feature", "id": "n13186533553", "geometry": {"type": "Point", "coordinates": [20.035896, 42.563083]}, "properties": {"kind": "camp", "name": "Wild camp"}}, {"type": "Feature", "id": "n13186586451", "geometry": {"type": "Point", "coordinates": [20.010263, 42.587306]}, "properties": {"kind": "camp", "name": "Wild camp"}}, {"type": "Feature", "id": "n13194539847", "geometry": {"type": "Point", "coordinates": [20.043986, 45.075929]}, "properties": {"kind": "shelter", "shelterType": "gazebo"}}, {"type": "Feature", "id": "n13226443292", "geometry": {"type": "Point", "coordinates": [20.709105, 41.97168]}, "properties": {"kind": "shelter", "shelterType": "gazebo"}}, {"type": "Feature", "id": "n13226443296", "geometry": {"type": "Point", "coordinates": [20.661204, 42.031859]}, "properties": {"kind": "shelter", "shelterType": "gazebo"}}, {"type": "Feature", "id": "n13226443297", "geometry": {"type": "Point", "coordinates": [20.655155, 42.038839]}, "properties": {"kind": "shelter", "shelterType": "gazebo"}}, {"type": "Feature", "id": "n13226675474", "geometry": {"type": "Point", "coordinates": [19.624849, 45.862733]}, "properties": {"kind": "shelter", "shelterType": "picnic_shelter"}}, {"type": "Feature", "id": "n13226693215", "geometry": {"type": "Point", "coordinates": [19.627873, 45.850602]}, "properties": {"kind": "shelter", "shelterType": "picnic_shelter"}}, {"type": "Feature", "id": "n13226693221", "geometry": {"type": "Point", "coordinates": [19.633429, 45.834005]}, "properties": {"kind": "shelter", "shelterType": "gazebo"}}, {"type": "Feature", "id": "n13226739157", "geometry": {"type": "Point", "coordinates": [19.547977, 45.603046]}, "properties": {"kind": "shelter", "shelterType": "gazebo"}}, {"type": "Feature", "id": "n13229978407", "geometry": {"type": "Point", "coordinates": [20.431172, 42.966264]}, "properties": {"kind": "shelter", "shelterType": "gazebo"}}, {"type": "Feature", "id": "n13232736116", "geometry": {"type": "Point", "coordinates": [20.642691, 41.974653]}, "properties": {"kind": "shelter", "shelterType": "picnic_shelter"}}, {"type": "Feature", "id": "n13232740168", "geometry": {"type": "Point", "coordinates": [20.883664, 42.147309]}, "properties": {"kind": "shelter", "shelterType": "picnic_shelter"}}, {"type": "Feature", "id": "n13255931662", "geometry": {"type": "Point", "coordinates": [20.415483, 44.792534]}, "properties": {"kind": "shelter", "shelterType": "wetterpilz"}}, {"type": "Feature", "id": "n13255931663", "geometry": {"type": "Point", "coordinates": [20.415458, 44.79264]}, "properties": {"kind": "shelter", "shelterType": "wetterpilz"}}, {"type": "Feature", "id": "n13261578834", "geometry": {"type": "Point", "coordinates": [20.549342, 43.614531]}, "properties": {"kind": "camp"}}, {"type": "Feature", "id": "n13263884314", "geometry": {"type": "Point", "coordinates": [20.581791, 45.236871]}, "properties": {"kind": "camp", "name": "Вир", "nameSr": "Вир"}}, {"type": "Feature", "id": "n13264250422", "geometry": {"type": "Point", "coordinates": [21.421649, 42.004913]}, "properties": {"kind": "shelter", "shelterType": "gazebo"}}, {"type": "Feature", "id": "n13264250423", "geometry": {"type": "Point", "coordinates": [21.421453, 42.005887]}, "properties": {"kind": "shelter", "shelterType": "gazebo"}}, {"type": "Feature", "id": "n13271862175", "geometry": {"type": "Point", "coordinates": [20.828671, 42.209079]}, "properties": {"kind": "hut"}}, {"type": "Feature", "id": "n13271875201", "geometry": {"type": "Point", "coordinates": [20.195405, 42.471374]}, "properties": {"kind": "hut"}}, {"type": "Feature", "id": "n13275842095", "geometry": {"type": "Point", "coordinates": [20.128142, 45.27787]}, "properties": {"kind": "shelter", "shelterType": "gazebo"}}, {"type": "Feature", "id": "n13284084601", "geometry": {"type": "Point", "coordinates": [20.889151, 43.029379]}, "properties": {"kind": "camp"}}, {"type": "Feature", "id": "n13289625822", "geometry": {"type": "Point", "coordinates": [19.832061, 45.150751]}, "properties": {"kind": "shelter", "shelterType": "picnic_shelter"}}, {"type": "Feature", "id": "n13330223901", "geometry": {"type": "Point", "coordinates": [20.699447, 45.740242]}, "properties": {"kind": "hut", "name": "Lovački dom"}}, {"type": "Feature", "id": "n13333706904", "geometry": {"type": "Point", "coordinates": [22.36361, 42.215924]}, "properties": {"kind": "shelter"}}, {"type": "Feature", "id": "n13333962312", "geometry": {"type": "Point", "coordinates": [22.293562, 42.356831]}, "properties": {"kind": "shelter", "shelterType": "basic_hut"}}, {"type": "Feature", "id": "n13333962387", "geometry": {"type": "Point", "coordinates": [22.275036, 42.35573]}, "properties": {"kind": "shelter"}}, {"type": "Feature", "id": "n13333999709", "geometry": {"type": "Point", "coordinates": [22.248064, 42.320575]}, "properties": {"kind": "shelter", "shelterType": "picnic_shelter"}}, {"type": "Feature", "id": "n13334100641", "geometry": {"type": "Point", "coordinates": [22.218436, 42.254629]}, "properties": {"kind": "shelter"}}, {"type": "Feature", "id": "n13334222593", "geometry": {"type": "Point", "coordinates": [22.179321, 42.265905]}, "properties": {"kind": "shelter"}}, {"type": "Feature", "id": "n13335611944", "geometry": {"type": "Point", "coordinates": [21.929798, 42.278795]}, "properties": {"kind": "camp"}}, {"type": "Feature", "id": "n13336828742", "geometry": {"type": "Point", "coordinates": [21.932364, 42.226878]}, "properties": {"kind": "shelter", "shelterType": "basic_hut"}}, {"type": "Feature", "id": "n13337931081", "geometry": {"type": "Point", "coordinates": [21.935472, 42.193125]}, "properties": {"kind": "shelter", "shelterType": "rock_shelter"}}, {"type": "Feature", "id": "n13337931095", "geometry": {"type": "Point", "coordinates": [21.939861, 42.189344]}, "properties": {"kind": "shelter", "shelterType": "rock_shelter"}}, {"type": "Feature", "id": "n13337931096", "geometry": {"type": "Point", "coordinates": [21.944931, 42.189877]}, "properties": {"kind": "shelter"}}, {"type": "Feature", "id": "n13338053238", "geometry": {"type": "Point", "coordinates": [21.97928, 42.177544]}, "properties": {"kind": "shelter", "shelterType": "rock_shelter"}}, {"type": "Feature", "id": "n13338053240", "geometry": {"type": "Point", "coordinates": [21.978769, 42.17698]}, "properties": {"kind": "shelter", "shelterType": "rock_shelter"}}, {"type": "Feature", "id": "n13338053241", "geometry": {"type": "Point", "coordinates": [21.982699, 42.176705]}, "properties": {"kind": "shelter", "shelterType": "rock_shelter"}}, {"type": "Feature", "id": "n13339978125", "geometry": {"type": "Point", "coordinates": [21.408238, 41.97553]}, "properties": {"kind": "shelter", "shelterType": "picnic_shelter"}}, {"type": "Feature", "id": "n13340226254", "geometry": {"type": "Point", "coordinates": [21.945082, 42.111747]}, "properties": {"kind": "shelter", "shelterType": "rock_shelter"}}, {"type": "Feature", "id": "n13340307946", "geometry": {"type": "Point", "coordinates": [21.92892, 42.085564]}, "properties": {"kind": "shelter", "shelterType": "picnic_shelter"}}, {"type": "Feature", "id": "n13342256023", "geometry": {"type": "Point", "coordinates": [21.758103, 42.058015]}, "properties": {"kind": "shelter", "shelterType": "rock_shelter"}}, {"type": "Feature", "id": "n13342256024", "geometry": {"type": "Point", "coordinates": [21.758207, 42.056977]}, "properties": {"kind": "shelter", "shelterType": "rock_shelter"}}, {"type": "Feature", "id": "n13352709314", "geometry": {"type": "Point", "coordinates": [22.363056, 42.216674]}, "properties": {"kind": "camp"}}, {"type": "Feature", "id": "n13352709318", "geometry": {"type": "Point", "coordinates": [22.363836, 42.218183]}, "properties": {"kind": "camp"}}, {"type": "Feature", "id": "n13352754184", "geometry": {"type": "Point", "coordinates": [22.366016, 42.222048]}, "properties": {"kind": "camp"}}, {"type": "Feature", "id": "n13352754185", "geometry": {"type": "Point", "coordinates": [22.365794, 42.224015]}, "properties": {"kind": "camp"}}, {"type": "Feature", "id": "n13352754186", "geometry": {"type": "Point", "coordinates": [22.359175, 42.228619]}, "properties": {"kind": "camp"}}, {"type": "Feature", "id": "n13352784573", "geometry": {"type": "Point", "coordinates": [22.401722, 42.269321]}, "properties": {"kind": "camp"}}, {"type": "Feature", "id": "n13352784574", "geometry": {"type": "Point", "coordinates": [22.403796, 42.26997]}, "properties": {"kind": "camp"}}, {"type": "Feature", "id": "n13352784575", "geometry": {"type": "Point", "coordinates": [22.407049, 42.271768]}, "properties": {"kind": "camp"}}, {"type": "Feature", "id": "n13352784576", "geometry": {"type": "Point", "coordinates": [22.406698, 42.272747]}, "properties": {"kind": "camp", "note": "na samiot pat"}}, {"type": "Feature", "id": "n13352784577", "geometry": {"type": "Point", "coordinates": [22.401615, 42.280158]}, "properties": {"kind": "camp"}}, {"type": "Feature", "id": "n13352784578", "geometry": {"type": "Point", "coordinates": [22.394551, 42.288678]}, "properties": {"kind": "camp"}}, {"type": "Feature", "id": "n13352784579", "geometry": {"type": "Point", "coordinates": [22.384876, 42.299906]}, "properties": {"kind": "camp"}}, {"type": "Feature", "id": "n13352784580", "geometry": {"type": "Point", "coordinates": [22.38419, 42.302662]}, "properties": {"kind": "camp"}}, {"type": "Feature", "id": "n13352784582", "geometry": {"type": "Point", "coordinates": [22.379652, 42.307418]}, "properties": {"kind": "camp"}}, {"type": "Feature", "id": "n13352784583", "geometry": {"type": "Point", "coordinates": [22.363028, 42.309971]}, "properties": {"kind": "camp"}}, {"type": "Feature", "id": "n13352784584", "geometry": {"type": "Point", "coordinates": [22.359612, 42.309553]}, "properties": {"kind": "camp"}}, {"type": "Feature", "id": "n13352784585", "geometry": {"type": "Point", "coordinates": [22.359809, 42.310934]}, "properties": {"kind": "camp"}}, {"type": "Feature", "id": "n13352784586", "geometry": {"type": "Point", "coordinates": [22.351391, 42.309127]}, "properties": {"kind": "camp"}}, {"type": "Feature", "id": "n13352784587", "geometry": {"type": "Point", "coordinates": [22.34873, 42.309651]}, "properties": {"kind": "camp"}}, {"type": "Feature", "id": "n13352793051", "geometry": {"type": "Point", "coordinates": [22.372549, 42.244685]}, "properties": {"kind": "camp"}}, {"type": "Feature", "id": "n13352806981", "geometry": {"type": "Point", "coordinates": [22.385339, 42.25868]}, "properties": {"kind": "camp"}}, {"type": "Feature", "id": "n13352806989", "geometry": {"type": "Point", "coordinates": [22.391756, 42.26119]}, "properties": {"kind": "camp"}}, {"type": "Feature", "id": "n13352806990", "geometry": {"type": "Point", "coordinates": [22.393932, 42.260512]}, "properties": {"kind": "camp"}}, {"type": "Feature", "id": "n13352806991", "geometry": {"type": "Point", "coordinates": [22.395212, 42.263932]}, "properties": {"kind": "camp"}}, {"type": "Feature", "id": "n13353981934", "geometry": {"type": "Point", "coordinates": [22.315294, 42.331811]}, "properties": {"kind": "camp"}}, {"type": "Feature", "id": "n13353981937", "geometry": {"type": "Point", "coordinates": [22.311942, 42.334605]}, "properties": {"kind": "camp"}}, {"type": "Feature", "id": "n13353981938", "geometry": {"type": "Point", "coordinates": [22.309162, 42.337985]}, "properties": {"kind": "camp"}}, {"type": "Feature", "id": "n13353981940", "geometry": {"type": "Point", "coordinates": [22.301116, 42.343298]}, "properties": {"kind": "camp"}}, {"type": "Feature", "id": "n13353981944", "geometry": {"type": "Point", "coordinates": [22.296345, 42.346549]}, "properties": {"kind": "camp"}}, {"type": "Feature", "id": "n13353981947", "geometry": {"type": "Point", "coordinates": [22.29087, 42.346687]}, "properties": {"kind": "camp"}}, {"type": "Feature", "id": "n13354053079", "geometry": {"type": "Point", "coordinates": [22.28499, 42.351704]}, "properties": {"kind": "camp"}}, {"type": "Feature", "id": "n13354053084", "geometry": {"type": "Point", "coordinates": [22.28223, 42.356156]}, "properties": {"kind": "camp"}}, {"type": "Feature", "id": "n13354053085", "geometry": {"type": "Point", "coordinates": [22.282848, 42.358371]}, "properties": {"kind": "camp"}}, {"type": "Feature", "id": "n13354053100", "geometry": {"type": "Point", "coordinates": [22.278743, 42.359276]}, "properties": {"kind": "camp"}}, {"type": "Feature", "id": "n13354065601", "geometry": {"type": "Point", "coordinates": [22.275421, 42.356358]}, "properties": {"kind": "shelter"}}, {"type": "Feature", "id": "n13354065602", "geometry": {"type": "Point", "coordinates": [22.27509, 42.355832]}, "properties": {"kind": "camp"}}, {"type": "Feature", "id": "n13354099310", "geometry": {"type": "Point", "coordinates": [22.253674, 42.354983]}, "properties": {"kind": "camp"}}, {"type": "Feature", "id": "n13354099311", "geometry": {"type": "Point", "coordinates": [22.253198, 42.355046]}, "properties": {"kind": "shelter"}}, {"type": "Feature", "id": "n13354957087", "geometry": {"type": "Point", "coordinates": [22.254703, 42.338298]}, "properties": {"kind": "camp"}}, {"type": "Feature", "id": "n13354957089", "geometry": {"type": "Point", "coordinates": [22.255225, 42.329014]}, "properties": {"kind": "camp"}}, {"type": "Feature", "id": "n13354957090", "geometry": {"type": "Point", "coordinates": [22.247012, 42.316522]}, "properties": {"kind": "camp"}}, {"type": "Feature", "id": "n13355038812", "geometry": {"type": "Point", "coordinates": [22.231058, 42.26587]}, "properties": {"kind": "camp"}}, {"type": "Feature", "id": "n13355038838", "geometry": {"type": "Point", "coordinates": [22.225109, 42.257427]}, "properties": {"kind": "camp"}}, {"type": "Feature", "id": "n13355038839", "geometry": {"type": "Point", "coordinates": [22.223092, 42.257887]}, "properties": {"kind": "camp"}}, {"type": "Feature", "id": "n13355133153", "geometry": {"type": "Point", "coordinates": [22.218895, 42.254496]}, "properties": {"kind": "camp"}}, {"type": "Feature", "id": "n13355133154", "geometry": {"type": "Point", "coordinates": [22.214999, 42.25413]}, "properties": {"kind": "camp"}}, {"type": "Feature", "id": "n13355133172", "geometry": {"type": "Point", "coordinates": [22.196239, 42.256546]}, "properties": {"kind": "camp"}}, {"type": "Feature", "id": "n13355133180", "geometry": {"type": "Point", "coordinates": [22.189976, 42.258508]}, "properties": {"kind": "camp"}}, {"type": "Feature", "id": "n13355133181", "geometry": {"type": "Point", "coordinates": [22.186991, 42.260406]}, "properties": {"kind": "camp"}}, {"type": "Feature", "id": "n13355133182", "geometry": {"type": "Point", "coordinates": [22.180726, 42.262582]}, "properties": {"kind": "camp"}}, {"type": "Feature", "id": "n13355145105", "geometry": {"type": "Point", "coordinates": [22.169899, 42.2661]}, "properties": {"kind": "camp"}}, {"type": "Feature", "id": "n13355352235", "geometry": {"type": "Point", "coordinates": [22.159978, 42.270208]}, "properties": {"kind": "camp"}}, {"type": "Feature", "id": "n13355352236", "geometry": {"type": "Point", "coordinates": [22.158663, 42.273772]}, "properties": {"kind": "camp"}}, {"type": "Feature", "id": "n13355352237", "geometry": {"type": "Point", "coordinates": [22.155949, 42.276923]}, "properties": {"kind": "camp"}}, {"type": "Feature", "id": "n13355352238", "geometry": {"type": "Point", "coordinates": [22.149804, 42.282482]}, "properties": {"kind": "camp"}}, {"type": "Feature", "id": "n13355352239", "geometry": {"type": "Point", "coordinates": [22.148546, 42.285961]}, "properties": {"kind": "camp"}}, {"type": "Feature", "id": "n13355383832", "geometry": {"type": "Point", "coordinates": [22.159871, 42.295414]}, "properties": {"kind": "camp"}}, {"type": "Feature", "id": "n13355383833", "geometry": {"type": "Point", "coordinates": [22.155391, 42.298676]}, "properties": {"kind": "camp"}}, {"type": "Feature", "id": "n13355383834", "geometry": {"type": "Point", "coordinates": [22.153808, 42.2993]}, "properties": {"kind": "camp"}}, {"type": "Feature", "id": "n13355383835", "geometry": {"type": "Point", "coordinates": [22.136855, 42.30014]}, "properties": {"kind": "camp"}}, {"type": "Feature", "id": "n13355535462", "geometry": {"type": "Point", "coordinates": [22.104049, 42.288739]}, "properties": {"kind": "camp"}}, {"type": "Feature", "id": "n13355535466", "geometry": {"type": "Point", "coordinates": [22.103123, 42.283059]}, "properties": {"kind": "camp"}}, {"type": "Feature", "id": "n13355535467", "geometry": {"type": "Point", "coordinates": [22.103262, 42.282326]}, "properties": {"kind": "camp"}}, {"type": "Feature", "id": "n13357144384", "geometry": {"type": "Point", "coordinates": [22.10447, 42.278371]}, "properties": {"kind": "camp"}}, {"type": "Feature", "id": "n13357144396", "geometry": {"type": "Point", "coordinates": [22.081122, 42.284429]}, "properties": {"kind": "camp"}}, {"type": "Feature", "id": "n13357144400", "geometry": {"type": "Point", "coordinates": [22.064586, 42.287746]}, "properties": {"kind": "camp"}}, {"type": "Feature", "id": "n13357285152", "geometry": {"type": "Point", "coordinates": [22.014324, 42.28145]}, "properties": {"kind": "camp"}}, {"type": "Feature", "id": "n13357285156", "geometry": {"type": "Point", "coordinates": [22.013269, 42.282265]}, "properties": {"kind": "camp"}}, {"type": "Feature", "id": "n13357285157", "geometry": {"type": "Point", "coordinates": [22.007028, 42.286993]}, "properties": {"kind": "camp"}}, {"type": "Feature", "id": "n13357285158", "geometry": {"type": "Point", "coordinates": [22.00519, 42.288904]}, "properties": {"kind": "camp"}}, {"type": "Feature", "id": "n13357285159", "geometry": {"type": "Point", "coordinates": [21.995512, 42.292812]}, "properties": {"kind": "camp"}}, {"type": "Feature", "id": "n13357644405", "geometry": {"type": "Point", "coordinates": [21.989885, 42.295593]}, "properties": {"kind": "camp"}}, {"type": "Feature", "id": "n13357644406", "geometry": {"type": "Point", "coordinates": [21.965032, 42.306745]}, "properties": {"kind": "camp"}}, {"type": "Feature", "id": "n13357644407", "geometry": {"type": "Point", "coordinates": [21.94941, 42.307626]}, "properties": {"kind": "camp"}}, {"type": "Feature", "id": "n13357648869", "geometry": {"type": "Point", "coordinates": [21.940388, 42.307886]}, "properties": {"kind": "camp"}}, {"type": "Feature", "id": "n13357648870", "geometry": {"type": "Point", "coordinates": [21.936444, 42.308513]}, "properties": {"kind": "camp"}}, {"type": "Feature", "id": "n13357648871", "geometry": {"type": "Point", "coordinates": [21.932472, 42.309654]}, "properties": {"kind": "camp"}}, {"type": "Feature", "id": "n13357648872", "geometry": {"type": "Point", "coordinates": [21.932167, 42.309874]}, "properties": {"kind": "camp"}}, {"type": "Feature", "id": "n13357648873", "geometry": {"type": "Point", "coordinates": [21.932327, 42.309736]}, "properties": {"kind": "shelter", "shelterType": "rock_shelter"}}, {"type": "Feature", "id": "n13357648874", "geometry": {"type": "Point", "coordinates": [21.928359, 42.309998]}, "properties": {"kind": "camp"}}, {"type": "Feature", "id": "n13357648875", "geometry": {"type": "Point", "coordinates": [21.926502, 42.308453]}, "properties": {"kind": "camp"}}, {"type": "Feature", "id": "n13357720931", "geometry": {"type": "Point", "coordinates": [21.914457, 42.304454]}, "properties": {"kind": "camp"}}, {"type": "Feature", "id": "n13359110382", "geometry": {"type": "Point", "coordinates": [21.928729, 42.281219]}, "properties": {"kind": "camp"}}, {"type": "Feature", "id": "n13359117530", "geometry": {"type": "Point", "coordinates": [21.909568, 42.300805]}, "properties": {"kind": "camp"}}, {"type": "Feature", "id": "n13359117531", "geometry": {"type": "Point", "coordinates": [21.906994, 42.29614]}, "properties": {"kind": "camp"}}, {"type": "Feature", "id": "n13359596941", "geometry": {"type": "Point", "coordinates": [22.695613, 43.60208]}, "properties": {"kind": "shelter", "shelterType": "rock_shelter"}}, {"type": "Feature", "id": "n13359761841", "geometry": {"type": "Point", "coordinates": [21.93107, 42.279726]}, "properties": {"kind": "camp"}}, {"type": "Feature", "id": "n13360106242", "geometry": {"type": "Point", "coordinates": [21.952788, 42.267449]}, "properties": {"kind": "camp"}}, {"type": "Feature", "id": "n13360110890", "geometry": {"type": "Point", "coordinates": [21.959013, 42.262589]}, "properties": {"kind": "camp"}}, {"type": "Feature", "id": "n13360155778", "geometry": {"type": "Point", "coordinates": [21.960466, 42.255942]}, "properties": {"kind": "camp"}}, {"type": "Feature", "id": "n13360155787", "geometry": {"type": "Point", "coordinates": [21.960733, 42.249549]}, "properties": {"kind": "camp"}}, {"type": "Feature", "id": "n13360155788", "geometry": {"type": "Point", "coordinates": [21.959272, 42.248558]}, "properties": {"kind": "camp"}}, {"type": "Feature", "id": "n13360155789", "geometry": {"type": "Point", "coordinates": [21.955821, 42.245112]}, "properties": {"kind": "camp"}}, {"type": "Feature", "id": "n13360155790", "geometry": {"type": "Point", "coordinates": [21.951251, 42.242763]}, "properties": {"kind": "camp"}}, {"type": "Feature", "id": "n13360155791", "geometry": {"type": "Point", "coordinates": [21.949152, 42.241343]}, "properties": {"kind": "camp"}}, {"type": "Feature", "id": "n13360155792", "geometry": {"type": "Point", "coordinates": [21.940554, 42.239386]}, "properties": {"kind": "camp"}}, {"type": "Feature", "id": "n13360185201", "geometry": {"type": "Point", "coordinates": [21.935734, 42.231937]}, "properties": {"kind": "camp"}}, {"type": "Feature", "id": "n13360185202", "geometry": {"type": "Point", "coordinates": [21.934764, 42.230921]}, "properties": {"kind": "camp"}}, {"type": "Feature", "id": "n13360192903", "geometry": {"type": "Point", "coordinates": [21.932926, 42.225482]}, "properties": {"kind": "camp"}}, {"type": "Feature", "id": "n13360192904", "geometry": {"type": "Point", "coordinates": [21.93839, 42.21107]}, "properties": {"kind": "shelter", "shelterType": "picnic_shelter"}}, {"type": "Feature", "id": "n13360449924", "geometry": {"type": "Point", "coordinates": [21.197481, 44.612947]}, "properties": {"kind": "hut", "name": "Еколошки дом"}}, {"type": "Feature", "id": "n13361285311", "geometry": {"type": "Point", "coordinates": [21.942437, 42.202757]}, "properties": {"kind": "camp"}}, {"type": "Feature", "id": "n13361285315", "geometry": {"type": "Point", "coordinates": [21.940135, 42.198326]}, "properties": {"kind": "camp"}}, {"type": "Feature", "id": "n13361305801", "geometry": {"type": "Point", "coordinates": [21.933429, 42.193217]}, "properties": {"kind": "camp"}}, {"type": "Feature", "id": "n13361317052", "geometry": {"type": "Point", "coordinates": [21.938005, 42.190601]}, "properties": {"kind": "camp"}}, {"type": "Feature", "id": "n13361317053", "geometry": {"type": "Point", "coordinates": [21.945278, 42.189758]}, "properties": {"kind": "camp"}}, {"type": "Feature", "id": "n13361317054", "geometry": {"type": "Point", "coordinates": [21.944528, 42.188993]}, "properties": {"kind": "camp"}}, {"type": "Feature", "id": "n13361350714", "geometry": {"type": "Point", "coordinates": [21.944428, 42.18522]}, "properties": {"kind": "camp"}}, {"type": "Feature", "id": "n13361350715", "geometry": {"type": "Point", "coordinates": [21.947279, 42.185446]}, "properties": {"kind": "camp"}}, {"type": "Feature", "id": "n13361350716", "geometry": {"type": "Point", "coordinates": [21.959352, 42.186555]}, "properties": {"kind": "camp"}}, {"type": "Feature", "id": "n13361350717", "geometry": {"type": "Point", "coordinates": [21.96693, 42.186696]}, "properties": {"kind": "camp"}}, {"type": "Feature", "id": "n13361350718", "geometry": {"type": "Point", "coordinates": [21.97187, 42.186598]}, "properties": {"kind": "camp"}}, {"type": "Feature", "id": "n13361350719", "geometry": {"type": "Point", "coordinates": [21.973658, 42.186046]}, "properties": {"kind": "camp"}}, {"type": "Feature", "id": "n13361350720", "geometry": {"type": "Point", "coordinates": [21.97895, 42.183164]}, "properties": {"kind": "camp"}}, {"type": "Feature", "id": "n13361350721", "geometry": {"type": "Point", "coordinates": [21.978874, 42.181746]}, "properties": {"kind": "camp"}}, {"type": "Feature", "id": "n13361350722", "geometry": {"type": "Point", "coordinates": [21.979151, 42.178794]}, "properties": {"kind": "camp"}}, {"type": "Feature", "id": "n13361355344", "geometry": {"type": "Point", "coordinates": [21.98579, 42.174679]}, "properties": {"kind": "camp"}}, {"type": "Feature", "id": "n13361355354", "geometry": {"type": "Point", "coordinates": [21.98842, 42.174909]}, "properties": {"kind": "camp"}}, {"type": "Feature", "id": "n13361355355", "geometry": {"type": "Point", "coordinates": [21.993533, 42.17486]}, "properties": {"kind": "camp"}}, {"type": "Feature", "id": "n13361369079", "geometry": {"type": "Point", "coordinates": [21.998426, 42.185071]}, "properties": {"kind": "camp"}}, {"type": "Feature", "id": "n13361369080", "geometry": {"type": "Point", "coordinates": [22.005546, 42.177049]}, "properties": {"kind": "camp"}}, {"type": "Feature", "id": "n13361369081", "geometry": {"type": "Point", "coordinates": [22.008481, 42.174451]}, "properties": {"kind": "camp"}}, {"type": "Feature", "id": "n13361369082", "geometry": {"type": "Point", "coordinates": [22.009372, 42.173219]}, "properties": {"kind": "camp"}}, {"type": "Feature", "id": "n13361396610", "geometry": {"type": "Point", "coordinates": [22.02085, 42.164384]}, "properties": {"kind": "camp"}}, {"type": "Feature", "id": "n13361396611", "geometry": {"type": "Point", "coordinates": [22.024917, 42.157823]}, "properties": {"kind": "camp"}}, {"type": "Feature", "id": "n13361396612", "geometry": {"type": "Point", "coordinates": [22.025153, 42.156269]}, "properties": {"kind": "camp"}}, {"type": "Feature", "id": "n13361396613", "geometry": {"type": "Point", "coordinates": [22.028273, 42.152876]}, "properties": {"kind": "camp"}}, {"type": "Feature", "id": "n13367478131", "geometry": {"type": "Point", "coordinates": [21.948754, 42.279867]}, "properties": {"kind": "camp"}}, {"type": "Feature", "id": "n13373639412", "geometry": {"type": "Point", "coordinates": [21.295503, 41.959832]}, "properties": {"kind": "shelter"}}, {"type": "Feature", "id": "n13373639413", "geometry": {"type": "Point", "coordinates": [21.295463, 41.959695]}, "properties": {"kind": "shelter"}}, {"type": "Feature", "id": "n13388184731", "geometry": {"type": "Point", "coordinates": [22.045406, 42.142785]}, "properties": {"kind": "camp"}}, {"type": "Feature", "id": "n13388184732", "geometry": {"type": "Point", "coordinates": [22.04751, 42.139715]}, "properties": {"kind": "camp"}}, {"type": "Feature", "id": "n13388320121", "geometry": {"type": "Point", "coordinates": [22.051951, 42.129636]}, "properties": {"kind": "camp"}}, {"type": "Feature", "id": "n13388320122", "geometry": {"type": "Point", "coordinates": [22.051583, 42.127835]}, "properties": {"kind": "camp"}}, {"type": "Feature", "id": "n13388320126", "geometry": {"type": "Point", "coordinates": [22.053021, 42.126643]}, "properties": {"kind": "camp"}}, {"type": "Feature", "id": "n13388320127", "geometry": {"type": "Point", "coordinates": [22.056425, 42.122937]}, "properties": {"kind": "camp"}}, {"type": "Feature", "id": "n13388320128", "geometry": {"type": "Point", "coordinates": [22.058419, 42.120664]}, "properties": {"kind": "camp"}}, {"type": "Feature", "id": "n13388320129", "geometry": {"type": "Point", "coordinates": [22.060553, 42.119114]}, "properties": {"kind": "camp"}}, {"type": "Feature", "id": "n13388320130", "geometry": {"type": "Point", "coordinates": [22.059062, 42.113246]}, "properties": {"kind": "camp"}}, {"type": "Feature", "id": "n13388320135", "geometry": {"type": "Point", "coordinates": [22.057533, 42.114173]}, "properties": {"kind": "camp"}}, {"type": "Feature", "id": "n13388570193", "geometry": {"type": "Point", "coordinates": [22.050382, 42.104855]}, "properties": {"kind": "camp"}}, {"type": "Feature", "id": "n13388570194", "geometry": {"type": "Point", "coordinates": [22.033532, 42.088885]}, "properties": {"kind": "camp"}}, {"type": "Feature", "id": "n13388854582", "geometry": {"type": "Point", "coordinates": [21.999239, 42.081295]}, "properties": {"kind": "camp"}}, {"type": "Feature", "id": "n13389403311", "geometry": {"type": "Point", "coordinates": [21.181628, 42.296085]}, "properties": {"kind": "shelter", "shelterType": "gazebo"}}, {"type": "Feature", "id": "n13389446365", "geometry": {"type": "Point", "coordinates": [21.98595, 42.084493]}, "properties": {"kind": "camp"}}, {"type": "Feature", "id": "n13389446366", "geometry": {"type": "Point", "coordinates": [21.985829, 42.082132]}, "properties": {"kind": "camp"}}, {"type": "Feature", "id": "n13390350324", "geometry": {"type": "Point", "coordinates": [21.97813, 42.092048]}, "properties": {"kind": "camp"}}, {"type": "Feature", "id": "n13390430930", "geometry": {"type": "Point", "coordinates": [21.949657, 42.107538]}, "properties": {"kind": "camp"}}, {"type": "Feature", "id": "n13390430936", "geometry": {"type": "Point", "coordinates": [21.939117, 42.111903]}, "properties": {"kind": "camp"}}, {"type": "Feature", "id": "n13390430937", "geometry": {"type": "Point", "coordinates": [21.924661, 42.108582]}, "properties": {"kind": "camp"}}, {"type": "Feature", "id": "n13390695882", "geometry": {"type": "Point", "coordinates": [21.92189, 42.107636]}, "properties": {"kind": "camp"}}, {"type": "Feature", "id": "n13390695883", "geometry": {"type": "Point", "coordinates": [21.920223, 42.106128]}, "properties": {"kind": "camp"}}, {"type": "Feature", "id": "n13390695884", "geometry": {"type": "Point", "coordinates": [21.920167, 42.104388]}, "properties": {"kind": "camp"}}, {"type": "Feature", "id": "n13390695885", "geometry": {"type": "Point", "coordinates": [21.920262, 42.103357]}, "properties": {"kind": "camp"}}, {"type": "Feature", "id": "n13390695886", "geometry": {"type": "Point", "coordinates": [21.920801, 42.097196]}, "properties": {"kind": "camp"}}, {"type": "Feature", "id": "n13390695887", "geometry": {"type": "Point", "coordinates": [21.921248, 42.095043]}, "properties": {"kind": "camp"}}, {"type": "Feature", "id": "n13390793674", "geometry": {"type": "Point", "coordinates": [21.930207, 42.081244]}, "properties": {"kind": "camp"}}, {"type": "Feature", "id": "n13390793675", "geometry": {"type": "Point", "coordinates": [21.928179, 42.074975]}, "properties": {"kind": "camp"}}, {"type": "Feature", "id": "n13390793676", "geometry": {"type": "Point", "coordinates": [21.934523, 42.067722]}, "properties": {"kind": "camp"}}, {"type": "Feature", "id": "n13390793677", "geometry": {"type": "Point", "coordinates": [21.929374, 42.060193]}, "properties": {"kind": "camp"}}, {"type": "Feature", "id": "n13390822897", "geometry": {"type": "Point", "coordinates": [21.924144, 42.048996]}, "properties": {"kind": "camp"}}, {"type": "Feature", "id": "n13390822898", "geometry": {"type": "Point", "coordinates": [21.926399, 42.047124]}, "properties": {"kind": "camp"}}, {"type": "Feature", "id": "n13390824735", "geometry": {"type": "Point", "coordinates": [21.92335, 42.057542]}, "properties": {"kind": "camp"}}, {"type": "Feature", "id": "n13390851922", "geometry": {"type": "Point", "coordinates": [21.932699, 42.044999]}, "properties": {"kind": "camp"}}, {"type": "Feature", "id": "n13390851930", "geometry": {"type": "Point", "coordinates": [21.930705, 42.045586]}, "properties": {"kind": "camp"}}, {"type": "Feature", "id": "n13390855820", "geometry": {"type": "Point", "coordinates": [21.938819, 42.036361]}, "properties": {"kind": "camp"}}, {"type": "Feature", "id": "n13390855821", "geometry": {"type": "Point", "coordinates": [21.943759, 42.032535]}, "properties": {"kind": "camp"}}, {"type": "Feature", "id": "n13390855822", "geometry": {"type": "Point", "coordinates": [21.941905, 42.032615]}, "properties": {"kind": "camp"}}, {"type": "Feature", "id": "n13390855823", "geometry": {"type": "Point", "coordinates": [21.93893, 42.032129]}, "properties": {"kind": "camp"}}, {"type": "Feature", "id": "n13390855826", "geometry": {"type": "Point", "coordinates": [21.934402, 42.028539]}, "properties": {"kind": "camp"}}, {"type": "Feature", "id": "n13391104292", "geometry": {"type": "Point", "coordinates": [21.909808, 42.011289]}, "properties": {"kind": "camp"}}, {"type": "Feature", "id": "n13391104293", "geometry": {"type": "Point", "coordinates": [21.906606, 42.0135]}, "properties": {"kind": "camp"}}, {"type": "Feature", "id": "n13391104298", "geometry": {"type": "Point", "coordinates": [21.901964, 42.01573]}, "properties": {"kind": "camp"}}, {"type": "Feature", "id": "n13391221991", "geometry": {"type": "Point", "coordinates": [21.896929, 42.015784]}, "properties": {"kind": "camp"}}, {"type": "Feature", "id": "n13391221992", "geometry": {"type": "Point", "coordinates": [21.889918, 42.011675]}, "properties": {"kind": "camp"}}, {"type": "Feature", "id": "n13391221994", "geometry": {"type": "Point", "coordinates": [21.888557, 42.011662]}, "properties": {"kind": "camp"}}, {"type": "Feature", "id": "n13391221997", "geometry": {"type": "Point", "coordinates": [21.882176, 42.012771]}, "properties": {"kind": "camp"}}, {"type": "Feature", "id": "n13391221998", "geometry": {"type": "Point", "coordinates": [21.874344, 42.014082]}, "properties": {"kind": "camp"}}, {"type": "Feature", "id": "n13391221999", "geometry": {"type": "Point", "coordinates": [21.873165, 42.012879]}, "properties": {"kind": "camp"}}, {"type": "Feature", "id": "n13391231504", "geometry": {"type": "Point", "coordinates": [21.870773, 42.010703]}, "properties": {"kind": "camp"}}, {"type": "Feature", "id": "n13391237254", "geometry": {"type": "Point", "coordinates": [21.864991, 42.007588]}, "properties": {"kind": "camp"}}, {"type": "Feature", "id": "n13391237262", "geometry": {"type": "Point", "coordinates": [21.861812, 42.002109]}, "properties": {"kind": "camp"}}, {"type": "Feature", "id": "n13391272402", "geometry": {"type": "Point", "coordinates": [21.849799, 41.994385]}, "properties": {"kind": "camp"}}, {"type": "Feature", "id": "n13391272404", "geometry": {"type": "Point", "coordinates": [21.84281, 42.00197]}, "properties": {"kind": "camp"}}, {"type": "Feature", "id": "n13391328130", "geometry": {"type": "Point", "coordinates": [21.820572, 42.040258]}, "properties": {"kind": "camp"}}, {"type": "Feature", "id": "n13391328131", "geometry": {"type": "Point", "coordinates": [21.820314, 42.042581]}, "properties": {"kind": "camp"}}, {"type": "Feature", "id": "n13391328134", "geometry": {"type": "Point", "coordinates": [21.809934, 42.046081]}, "properties": {"kind": "camp"}}, {"type": "Feature", "id": "n13391340709", "geometry": {"type": "Point", "coordinates": [21.805773, 42.045955]}, "properties": {"kind": "camp"}}, {"type": "Feature", "id": "n13391340710", "geometry": {"type": "Point", "coordinates": [21.803893, 42.047173]}, "properties": {"kind": "camp"}}, {"type": "Feature", "id": "n13391340711", "geometry": {"type": "Point", "coordinates": [21.80085, 42.048671]}, "properties": {"kind": "camp"}}, {"type": "Feature", "id": "n13391340713", "geometry": {"type": "Point", "coordinates": [21.771225, 42.067537]}, "properties": {"kind": "camp"}}, {"type": "Feature", "id": "n13391382440", "geometry": {"type": "Point", "coordinates": [21.765698, 42.065488]}, "properties": {"kind": "camp"}}, {"type": "Feature", "id": "n13391382441", "geometry": {"type": "Point", "coordinates": [21.76717, 42.059521]}, "properties": {"kind": "camp"}}, {"type": "Feature", "id": "n13391382442", "geometry": {"type": "Point", "coordinates": [21.758529, 42.057032]}, "properties": {"kind": "camp"}}, {"type": "Feature", "id": "n13391382443", "geometry": {"type": "Point", "coordinates": [21.758588, 42.057126]}, "properties": {"kind": "camp"}}, {"type": "Feature", "id": "n13391382450", "geometry": {"type": "Point", "coordinates": [21.761973, 42.054105]}, "properties": {"kind": "camp"}}, {"type": "Feature", "id": "n13392370564", "geometry": {"type": "Point", "coordinates": [21.76685, 42.028515]}, "properties": {"kind": "camp"}}, {"type": "Feature", "id": "n13392370565", "geometry": {"type": "Point", "coordinates": [21.769738, 42.024657]}, "properties": {"kind": "camp"}}, {"type": "Feature", "id": "n13392370566", "geometry": {"type": "Point", "coordinates": [21.772548, 42.017214]}, "properties": {"kind": "camp"}}, {"type": "Feature", "id": "n13392370567", "geometry": {"type": "Point", "coordinates": [21.772949, 42.012888]}, "properties": {"kind": "camp"}}, {"type": "Feature", "id": "n13392370569", "geometry": {"type": "Point", "coordinates": [21.772459, 42.008974]}, "properties": {"kind": "camp"}}, {"type": "Feature", "id": "n13392370570", "geometry": {"type": "Point", "coordinates": [21.773678, 42.008521]}, "properties": {"kind": "camp"}}, {"type": "Feature", "id": "n13392370584", "geometry": {"type": "Point", "coordinates": [21.772719, 42.00452]}, "properties": {"kind": "camp"}}, {"type": "Feature", "id": "n13392370585", "geometry": {"type": "Point", "coordinates": [21.773009, 42.002882]}, "properties": {"kind": "camp"}}, {"type": "Feature", "id": "n13392438501", "geometry": {"type": "Point", "coordinates": [21.776, 42.000668]}, "properties": {"kind": "camp"}}, {"type": "Feature", "id": "n13392438503", "geometry": {"type": "Point", "coordinates": [21.783561, 41.997036]}, "properties": {"kind": "camp"}}, {"type": "Feature", "id": "n13392438504", "geometry": {"type": "Point", "coordinates": [21.786124, 41.996138]}, "properties": {"kind": "camp"}}, {"type": "Feature", "id": "n13392438505", "geometry": {"type": "Point", "coordinates": [21.788048, 41.994819]}, "properties": {"kind": "camp"}}, {"type": "Feature", "id": "n13392438506", "geometry": {"type": "Point", "coordinates": [21.789289, 41.994346]}, "properties": {"kind": "camp"}}, {"type": "Feature", "id": "n13392438507", "geometry": {"type": "Point", "coordinates": [21.79006, 41.994128]}, "properties": {"kind": "camp"}}, {"type": "Feature", "id": "n13392438508", "geometry": {"type": "Point", "coordinates": [21.793277, 41.992751]}, "properties": {"kind": "camp"}}, {"type": "Feature", "id": "n13392438509", "geometry": {"type": "Point", "coordinates": [21.79867, 41.985768]}, "properties": {"kind": "camp"}}, {"type": "Feature", "id": "n13392438510", "geometry": {"type": "Point", "coordinates": [21.797172, 41.983531]}, "properties": {"kind": "camp"}}, {"type": "Feature", "id": "n13392558490", "geometry": {"type": "Point", "coordinates": [21.805224, 41.97359]}, "properties": {"kind": "camp"}}, {"type": "Feature", "id": "n13404187156", "geometry": {"type": "Point", "coordinates": [21.478053, 41.988087]}, "properties": {"kind": "shelter"}}, {"type": "Feature", "id": "n13404187158", "geometry": {"type": "Point", "coordinates": [21.479557, 41.987375]}, "properties": {"kind": "shelter"}}, {"type": "Feature", "id": "n13404187160", "geometry": {"type": "Point", "coordinates": [21.480774, 41.986813]}, "properties": {"kind": "shelter"}}, {"type": "Feature", "id": "n13404187162", "geometry": {"type": "Point", "coordinates": [21.477088, 41.988482]}, "properties": {"kind": "shelter"}}, {"type": "Feature", "id": "n13404187164", "geometry": {"type": "Point", "coordinates": [21.476159, 41.988825]}, "properties": {"kind": "shelter"}}, {"type": "Feature", "id": "n13404187165", "geometry": {"type": "Point", "coordinates": [21.475474, 41.99014]}, "properties": {"kind": "shelter"}}, {"type": "Feature", "id": "n13404204303", "geometry": {"type": "Point", "coordinates": [21.47754, 41.989059]}, "properties": {"kind": "shelter"}}, {"type": "Feature", "id": "n13429419421", "geometry": {"type": "Point", "coordinates": [19.78208, 43.516265]}, "properties": {"kind": "shelter", "shelterType": "picnic_shelter"}}, {"type": "Feature", "id": "n13447855358", "geometry": {"type": "Point", "coordinates": [20.698459, 44.732877]}, "properties": {"kind": "camp", "name": "Životnica"}}, {"type": "Feature", "id": "n13456183840", "geometry": {"type": "Point", "coordinates": [20.596287, 44.201421]}, "properties": {"kind": "hut", "name": "Lovački savez „Gornja Jasenica”"}}, {"type": "Feature", "id": "n13473735238", "geometry": {"type": "Point", "coordinates": [19.663903, 46.151785]}, "properties": {"kind": "shelter", "shelterType": "gazebo"}}, {"type": "Feature", "id": "n13576146121", "geometry": {"type": "Point", "coordinates": [22.512134, 44.380766]}, "properties": {"kind": "shelter", "shelterType": "picnic_shelter"}}, {"type": "Feature", "id": "n13624032745", "geometry": {"type": "Point", "coordinates": [20.035608, 42.61266]}, "properties": {"kind": "camp", "name": "Triangle Woodhouse Camping", "operator": "Triangle Woodhouse", "ele": "1500", "note": "Small camping area for hikers at Triangle Woodhouse along the Peaks of the Balkans Trail. Access to water, toilets, showers and meals.", "drinking": true, "fee": true}}, {"type": "Feature", "id": "n13647776379", "geometry": {"type": "Point", "coordinates": [22.935343, 42.922174]}, "properties": {"kind": "shelter", "shelterType": "gazebo"}}, {"type": "Feature", "id": "n13647776380", "geometry": {"type": "Point", "coordinates": [22.935171, 42.922198]}, "properties": {"kind": "shelter", "shelterType": "gazebo"}}, {"type": "Feature", "id": "n13671213288", "geometry": {"type": "Point", "coordinates": [19.914334, 46.079681]}, "properties": {"kind": "shelter", "shelterType": "picnic_shelter"}}, {"type": "Feature", "id": "n13671216011", "geometry": {"type": "Point", "coordinates": [19.913111, 46.068759]}, "properties": {"kind": "shelter", "shelterType": "gazebo"}}, {"type": "Feature", "id": "n13690481902", "geometry": {"type": "Point", "coordinates": [19.534602, 42.973382]}, "properties": {"kind": "camp", "name": "Camp &Apartments Scepanovic"}}, {"type": "Feature", "id": "n13717109897", "geometry": {"type": "Point", "coordinates": [20.415647, 44.845562]}, "properties": {"kind": "shelter", "shelterType": "gazebo"}}, {"type": "Feature", "id": "n13731476124", "geometry": {"type": "Point", "coordinates": [19.994957, 44.117863]}, "properties": {"kind": "shelter", "shelterType": "gazebo"}}, {"type": "Feature", "id": "n13759061514", "geometry": {"type": "Point", "coordinates": [19.535036, 43.925525]}, "properties": {"kind": "shelter"}}, {"type": "Feature", "id": "n13759061533", "geometry": {"type": "Point", "coordinates": [19.356246, 43.947764]}, "properties": {"kind": "camp"}}, {"type": "Feature", "id": "n13820348301", "geometry": {"type": "Point", "coordinates": [20.839665, 41.910815]}, "properties": {"kind": "hut", "name": "Колиба Рудока"}}, {"type": "Feature", "id": "n13822136308", "geometry": {"type": "Point", "coordinates": [20.967869, 45.016345]}, "properties": {"kind": "camp", "name": "Šumski Mir Ranch - Overland & RV Campsite", "operator": "Jovan J.", "note": "Šumski Mir Overland & RV Camp 🌿 Safe donation-based stop in Deliblato Sands, Serbia. Welcoming RVs, campervans, overlanders and cyclists. Easy access, safe parking, water refill, showers, toilets, covered terrace & fire pit. https://izobilje.com/overland", "fee": true}}, {"type": "Feature", "id": "n13831982540", "geometry": {"type": "Point", "coordinates": [21.471278, 41.988092]}, "properties": {"kind": "shelter"}}, {"type": "Feature", "id": "n13841955357", "geometry": {"type": "Point", "coordinates": [21.499096, 41.999596]}, "properties": {"kind": "shelter", "shelterType": "picnic_shelter"}}, {"type": "Feature", "id": "n13850117640", "geometry": {"type": "Point", "coordinates": [19.577301, 42.941926]}, "properties": {"kind": "camp", "name": "Camp Tara", "drinking": true, "fee": true}}, {"type": "Feature", "id": "n13853882631", "geometry": {"type": "Point", "coordinates": [19.749999, 46.073351]}, "properties": {"kind": "shelter"}}, {"type": "Feature", "id": "n13856262686", "geometry": {"type": "Point", "coordinates": [20.433207, 44.751188]}, "properties": {"kind": "shelter", "shelterType": "picnic_shelter"}}, {"type": "Feature", "id": "n13860041368", "geometry": {"type": "Point", "coordinates": [20.986523, 42.142313]}, "properties": {"kind": "shelter", "shelterType": "rock_shelter"}}, {"type": "Feature", "id": "n13860041369", "geometry": {"type": "Point", "coordinates": [20.987828, 42.142581]}, "properties": {"kind": "shelter", "shelterType": "rock_shelter"}}, {"type": "Feature", "id": "n13861081374", "geometry": {"type": "Point", "coordinates": [20.928448, 42.125014]}, "properties": {"kind": "shelter", "shelterType": "rock_shelter"}}, {"type": "Feature", "id": "n13869127049", "geometry": {"type": "Point", "coordinates": [20.661606, 43.596607]}, "properties": {"kind": "shelter", "name": "Одмориште „Орловац”", "nameSr": "Одмориште „Орловац”"}}, {"type": "Feature", "id": "n13899265363", "geometry": {"type": "Point", "coordinates": [19.74806, 44.232459]}, "properties": {"kind": "hut"}}, {"type": "Feature", "id": "n13905432087", "geometry": {"type": "Point", "coordinates": [18.943441, 45.722105]}, "properties": {"kind": "shelter", "shelterType": "gazebo"}}, {"type": "Feature", "id": "n13905432100", "geometry": {"type": "Point", "coordinates": [18.929015, 45.814639]}, "properties": {"kind": "shelter", "shelterType": "gazebo"}}, {"type": "Feature", "id": "n13917000287", "geometry": {"type": "Point", "coordinates": [22.530615, 44.33042]}, "properties": {"kind": "shelter", "shelterType": "gazebo"}}, {"type": "Feature", "id": "n13918036654", "geometry": {"type": "Point", "coordinates": [22.405405, 44.103072]}, "properties": {"kind": "shelter", "name": "Ранч Стоичић", "nameSr": "Ранч Стоичић", "shelterType": "basic_hut"}}, {"type": "Feature", "id": "n13923365526", "geometry": {"type": "Point", "coordinates": [21.990871, 43.662281]}, "properties": {"kind": "shelter", "shelterType": "public_transport"}}, {"type": "Feature", "id": "n13923365530", "geometry": {"type": "Point", "coordinates": [22.089118, 43.709966]}, "properties": {"kind": "shelter"}}, {"type": "Feature", "id": "n13923365539", "geometry": {"type": "Point", "coordinates": [22.088037, 43.896564]}, "properties": {"kind": "shelter"}}, {"type": "Feature", "id": "n13923365542", "geometry": {"type": "Point", "coordinates": [21.918017, 43.647327]}, "properties": {"kind": "shelter", "shelterType": "public_transport"}}, {"type": "Feature", "id": "n13924427850", "geometry": {"type": "Point", "coordinates": [22.082477, 43.901579]}, "properties": {"kind": "shelter"}}, {"type": "Feature", "id": "n13926656991", "geometry": {"type": "Point", "coordinates": [21.695365, 43.507218]}, "properties": {"kind": "shelter"}}, {"type": "Feature", "id": "n13926679004", "geometry": {"type": "Point", "coordinates": [21.715842, 43.483573]}, "properties": {"kind": "shelter", "shelterType": "public_transport"}}, {"type": "Feature", "id": "n13935313503", "geometry": {"type": "Point", "coordinates": [20.375147, 45.017665]}, "properties": {"kind": "shelter"}}, {"type": "Feature", "id": "n13938674909", "geometry": {"type": "Point", "coordinates": [22.265387, 42.978016]}, "properties": {"kind": "shelter", "shelterType": "gazebo"}}, {"type": "Feature", "id": "n13945987576", "geometry": {"type": "Point", "coordinates": [22.306823, 42.966159]}, "properties": {"kind": "shelter"}}, {"type": "Feature", "id": "n13945987588", "geometry": {"type": "Point", "coordinates": [22.136389, 43.134997]}, "properties": {"kind": "shelter", "shelterType": "public_transport"}}, {"type": "Feature", "id": "n13948217595", "geometry": {"type": "Point", "coordinates": [21.732619, 42.382656]}, "properties": {"kind": "shelter", "shelterType": "public_transport"}}, {"type": "Feature", "id": "n13952826918", "geometry": {"type": "Point", "coordinates": [21.415092, 42.608899]}, "properties": {"kind": "shelter"}}, {"type": "Feature", "id": "n13953943021", "geometry": {"type": "Point", "coordinates": [21.542446, 42.536898]}, "properties": {"kind": "shelter"}}, {"type": "Feature", "id": "n13953943081", "geometry": {"type": "Point", "coordinates": [21.531873, 42.388293]}, "properties": {"kind": "shelter"}}, {"type": "Feature", "id": "n13964769290", "geometry": {"type": "Point", "coordinates": [20.002655, 44.103604]}, "properties": {"kind": "shelter", "shelterType": "picnic_shelter"}}, {"type": "Feature", "id": "n13964769291", "geometry": {"type": "Point", "coordinates": [19.999289, 44.097053]}, "properties": {"kind": "shelter", "shelterType": "picnic_shelter"}}, {"type": "Feature", "id": "n13964769292", "geometry": {"type": "Point", "coordinates": [19.999343, 44.097057]}, "properties": {"kind": "shelter", "shelterType": "picnic_shelter"}}, {"type": "Feature", "id": "n13964769293", "geometry": {"type": "Point", "coordinates": [19.999378, 44.097044]}, "properties": {"kind": "shelter", "shelterType": "picnic_shelter"}}, {"type": "Feature", "id": "n13964781908", "geometry": {"type": "Point", "coordinates": [20.005283, 44.105912]}, "properties": {"kind": "shelter", "shelterType": "gazebo"}}, {"type": "Feature", "id": "n13970251213", "geometry": {"type": "Point", "coordinates": [19.865426, 42.880072]}, "properties": {"kind": "shelter", "shelterType": "picnic_shelter"}}, {"type": "Feature", "id": "n13972472201", "geometry": {"type": "Point", "coordinates": [19.34869, 43.217138]}, "properties": {"kind": "camp", "name": "Eco Camp Drno Brdo"}}, {"type": "Feature", "id": "n13980110623", "geometry": {"type": "Point", "coordinates": [21.15399, 44.225817]}, "properties": {"kind": "shelter", "name": "Izletište Morava", "shelterType": "picnic_shelter"}}, {"type": "Feature", "id": "n13980192428", "geometry": {"type": "Point", "coordinates": [21.428283, 41.976053]}, "properties": {"kind": "shelter", "shelterType": "picnic_shelter"}}, {"type": "Feature", "id": "n13983603101", "geometry": {"type": "Point", "coordinates": [20.26073, 42.731803]}, "properties": {"kind": "hut"}}, {"type": "Feature", "id": "n13985044901", "geometry": {"type": "Point", "coordinates": [20.278938, 42.710829]}, "properties": {"kind": "shelter"}}, {"type": "Feature", "id": "n13985785301", "geometry": {"type": "Point", "coordinates": [19.694851, 42.858188]}, "properties": {"kind": "shelter"}}, {"type": "Feature", "id": "n13987934701", "geometry": {"type": "Point", "coordinates": [20.226271, 42.617369]}, "properties": {"kind": "hut"}}, {"type": "Feature", "id": "n13996020148", "geometry": {"type": "Point", "coordinates": [20.061157, 42.608927]}, "properties": {"kind": "camp", "name": "Near Babino polje - Wildcamp Katun Canovića"}}, {"type": "Feature", "id": "n13997825854", "geometry": {"type": "Point", "coordinates": [20.076537, 42.708088]}, "properties": {"kind": "camp", "name": "Pushimore Tini Campsite"}}, {"type": "Feature", "id": "n13998573234", "geometry": {"type": "Point", "coordinates": [20.860532, 43.305929]}, "properties": {"kind": "shelter"}}, {"type": "Feature", "id": "n14000383175", "geometry": {"type": "Point", "coordinates": [20.16019, 42.696098]}, "properties": {"kind": "camp", "name": "Gryka Campsite"}}, {"type": "Feature", "id": "n14004602453", "geometry": {"type": "Point", "coordinates": [20.78345, 42.001075]}, "properties": {"kind": "shelter", "shelterType": "rock_shelter"}}, {"type": "Feature", "id": "n14004687522", "geometry": {"type": "Point", "coordinates": [20.812685, 41.97809]}, "properties": {"kind": "shelter"}}, {"type": "Feature", "id": "n14004687575", "geometry": {"type": "Point", "coordinates": [20.808021, 41.978105]}, "properties": {"kind": "shelter", "shelterType": "rock_shelter"}}, {"type": "Feature", "id": "n14025363955", "geometry": {"type": "Point", "coordinates": [20.341504, 43.90016]}, "properties": {"kind": "shelter"}}, {"type": "Feature", "id": "n14031516171", "geometry": {"type": "Point", "coordinates": [22.686301, 43.622203]}, "properties": {"kind": "shelter", "shelterType": "weather_shelter"}}, {"type": "Feature", "id": "n14040429475", "geometry": {"type": "Point", "coordinates": [20.000275, 44.118954]}, "properties": {"kind": "hut", "fee": false}}, {"type": "Feature", "id": "n14040850953", "geometry": {"type": "Point", "coordinates": [21.254266, 42.055369]}, "properties": {"kind": "shelter", "name": "Abri"}}, {"type": "Feature", "id": "n14047193147", "geometry": {"type": "Point", "coordinates": [19.969107, 44.096849]}, "properties": {"kind": "hut", "fee": false}}, {"type": "Feature", "id": "n14047193148", "geometry": {"type": "Point", "coordinates": [20.000239, 44.118938]}, "properties": {"kind": "hut", "fee": false}}, {"type": "Feature", "id": "n14063840629", "geometry": {"type": "Point", "coordinates": [19.216994, 45.250339]}, "properties": {"kind": "shelter", "shelterType": "picnic_shelter"}}, {"type": "Feature", "id": "n14064568301", "geometry": {"type": "Point", "coordinates": [19.595164, 42.901266]}, "properties": {"kind": "shelter"}}, {"type": "Feature", "id": "n14069169012", "geometry": {"type": "Point", "coordinates": [20.010707, 45.154077]}, "properties": {"kind": "shelter"}}, {"type": "Feature", "id": "n14079038525", "geometry": {"type": "Point", "coordinates": [21.494917, 44.766918]}, "properties": {"kind": "shelter", "shelterType": "picnic_shelter"}}, {"type": "Feature", "id": "n14079169987", "geometry": {"type": "Point", "coordinates": [19.992342, 44.102524]}, "properties": {"kind": "shelter"}}, {"type": "Feature", "id": "n14079987971", "geometry": {"type": "Point", "coordinates": [22.931814, 42.922075]}, "properties": {"kind": "shelter", "shelterType": "public_transport"}}, {"type": "Feature", "id": "n14081816476", "geometry": {"type": "Point", "coordinates": [20.510768, 44.803562]}, "properties": {"kind": "shelter"}}, {"type": "Feature", "id": "n14082431323", "geometry": {"type": "Point", "coordinates": [22.041233, 44.525803]}, "properties": {"kind": "shelter", "shelterType": "public_transport"}}, {"type": "Feature", "id": "n14084936243", "geometry": {"type": "Point", "coordinates": [19.999307, 44.116221]}, "properties": {"kind": "shelter"}}, {"type": "Feature", "id": "n14088089317", "geometry": {"type": "Point", "coordinates": [20.003178, 44.113917]}, "properties": {"kind": "shelter", "shelterType": "gazebo"}}, {"type": "Feature", "id": "w34247323", "geometry": {"type": "Point", "coordinates": [22.123865, 44.172792]}, "properties": {"kind": "hut", "name": "Планинарски дом Стол", "nameSr": "Планинарски дом Стол", "ele": "920"}}, {"type": "Feature", "id": "w92045355", "geometry": {"type": "Point", "coordinates": [20.521119, 44.69563]}, "properties": {"kind": "hut", "name": "Планинарски дом „Чарапићев Брест”", "nameSr": "Планинарски дом „Чарапићев Брест”", "operator": "Borut Kirbus;+381 64 18 60 52", "ele": "310"}}, {"type": "Feature", "id": "w99411380", "geometry": {"type": "Point", "coordinates": [21.727585, 42.352408]}, "properties": {"kind": "camp", "name": "Camping Plac"}}, {"type": "Feature", "id": "w127877378", "geometry": {"type": "Point", "coordinates": [21.475057, 44.76101]}, "properties": {"kind": "camp", "name": "Сребрно језеро", "nameSr": "Сребрно језеро"}}, {"type": "Feature", "id": "w139934837", "geometry": {"type": "Point", "coordinates": [19.826812, 45.238187]}, "properties": {"kind": "shelter"}}, {"type": "Feature", "id": "w139934838", "geometry": {"type": "Point", "coordinates": [19.826512, 45.239512]}, "properties": {"kind": "shelter"}}, {"type": "Feature", "id": "w139934839", "geometry": {"type": "Point", "coordinates": [19.827474, 45.238827]}, "properties": {"kind": "shelter"}}, {"type": "Feature", "id": "w174644479", "geometry": {"type": "Point", "coordinates": [20.787617, 44.671277]}, "properties": {"kind": "camp", "name": "Јабуков цвет", "nameSr": "Јабуков цвет"}}, {"type": "Feature", "id": "w177646849", "geometry": {"type": "Point", "coordinates": [21.550318, 41.996963]}, "properties": {"kind": "camp", "name": "Белви"}}, {"type": "Feature", "id": "w203511124", "geometry": {"type": "Point", "coordinates": [20.865261, 43.899285]}, "properties": {"kind": "shelter"}}, {"type": "Feature", "id": "w203511130", "geometry": {"type": "Point", "coordinates": [20.865511, 43.899257]}, "properties": {"kind": "hut", "name": "Планинарски дом „др Соња Перишић”", "nameSr": "Планинарски дом „др Соња Перишић”", "operator": "Планинарско друштво „Жежељ“, Раде Исаковић (+381 34 63-57-010, +381 63 808-87-38)", "ele": "575"}}, {"type": "Feature", "id": "w204250983", "geometry": {"type": "Point", "coordinates": [20.926131, 43.888297]}, "properties": {"kind": "hut", "name": "Бранкова кућа „Ловачки поглед”", "nameSr": "Бранкова кућа „Ловачки поглед”"}}, {"type": "Feature", "id": "w206223967", "geometry": {"type": "Point", "coordinates": [21.963917, 44.138722]}, "properties": {"kind": "hut", "name": "Црни врх", "nameSr": "Црни врх"}}, {"type": "Feature", "id": "w206375637", "geometry": {"type": "Point", "coordinates": [19.641533, 42.942384]}, "properties": {"kind": "hut", "name": "Planinarski dom Džambas"}}, {"type": "Feature", "id": "w220736335", "geometry": {"type": "Point", "coordinates": [21.387721, 44.889203]}, "properties": {"kind": "camp", "name": "Оаза", "nameSr": "Оаза", "fee": true}}, {"type": "Feature", "id": "w234148095", "geometry": {"type": "Point", "coordinates": [19.011144, 45.354694]}, "properties": {"kind": "camp"}}, {"type": "Feature", "id": "w253213037", "geometry": {"type": "Point", "coordinates": [22.584975, 42.833195]}, "properties": {"kind": "shelter"}}, {"type": "Feature", "id": "w259276716", "geometry": {"type": "Point", "coordinates": [22.193985, 42.540771]}, "properties": {"kind": "hut", "name": "Планинарски дом Бесна кобила", "nameSr": "Планинарски дом Бесна кобила", "operator": "+381 17 418-809;+381 17 427-503;+381 17 404-200", "ele": "1480"}}, {"type": "Feature", "id": "w259375155", "geometry": {"type": "Point", "coordinates": [20.181637, 44.114873]}, "properties": {"kind": "shelter", "name": "Ловачки дом Сувобор", "nameSr": "Ловачки дом Сувобор", "shelterType": "basic_hut"}}, {"type": "Feature", "id": "w268069096", "geometry": {"type": "Point", "coordinates": [19.521751, 45.642563]}, "properties": {"kind": "hut", "name": "Планинарски дом", "nameSr": "Планинарски дом"}}, {"type": "Feature", "id": "w271581384", "geometry": {"type": "Point", "coordinates": [19.786197, 45.250417]}, "properties": {"kind": "shelter", "shelterType": "bomb_shelter"}}, {"type": "Feature", "id": "w271581456", "geometry": {"type": "Point", "coordinates": [19.788067, 45.249721]}, "properties": {"kind": "shelter", "shelterType": "bomb_shelter"}}, {"type": "Feature", "id": "w283150270", "geometry": {"type": "Point", "coordinates": [19.623282, 44.973222]}, "properties": {"kind": "shelter"}}, {"type": "Feature", "id": "w290525749", "geometry": {"type": "Point", "coordinates": [19.491279, 43.785646]}, "properties": {"kind": "camp", "name": "Etno kuća Cerova kosa"}}, {"type": "Feature", "id": "w292639454", "geometry": {"type": "Point", "coordinates": [22.781176, 43.231912]}, "properties": {"kind": "hut", "name": "Планинарски дом Дојкинци", "nameSr": "Планинарски дом Дојкинци", "operator": "PD Vidlič - Pirot", "ele": "893"}}, {"type": "Feature", "id": "w298995099", "geometry": {"type": "Point", "coordinates": [21.35991, 45.126406]}, "properties": {"kind": "hut", "name": "Планинарски дом „Широко било”", "nameSr": "Планинарски дом „Широко било”", "operator": "ПСД „Вршачка кула“", "ele": "246"}}, {"type": "Feature", "id": "w300558987", "geometry": {"type": "Point", "coordinates": [22.832519, 43.3649]}, "properties": {"kind": "hut", "name": "х. Явор"}}, {"type": "Feature", "id": "w330976288", "geometry": {"type": "Point", "coordinates": [19.912771, 45.172532]}, "properties": {"kind": "hut", "name": "Стражилово", "nameSr": "Стражилово", "operator": "PSD Stražilovo, Sremski Karlovci", "ele": "284"}}, {"type": "Feature", "id": "w339944143", "geometry": {"type": "Point", "coordinates": [19.760972, 45.198212]}, "properties": {"kind": "hut", "name": "Дом ловаца", "nameSr": "Дом ловаца"}}, {"type": "Feature", "id": "w339948297", "geometry": {"type": "Point", "coordinates": [19.75897, 45.204315]}, "properties": {"kind": "shelter", "shelterType": "picnic_shelter"}}, {"type": "Feature", "id": "w379399127", "geometry": {"type": "Point", "coordinates": [22.169412, 44.54591]}, "properties": {"kind": "shelter"}}, {"type": "Feature", "id": "w385823073", "geometry": {"type": "Point", "coordinates": [22.158072, 44.545184]}, "properties": {"kind": "camp", "name": "Camp U Medvěda", "operator": "https://www.visitbanat.com/ubytovani", "fee": true}}, {"type": "Feature", "id": "w389721878", "geometry": {"type": "Point", "coordinates": [19.651352, 42.808661]}, "properties": {"kind": "hut", "name": "Mountain Center \"Krivi Do\"", "operator": "Opština Andrijevica"}}, {"type": "Feature", "id": "w396252875", "geometry": {"type": "Point", "coordinates": [20.1382, 42.746755]}, "properties": {"kind": "hut", "name": "Hajla Mountain Hut", "operator": "Fatos Lajqi"}}, {"type": "Feature", "id": "w396254411", "geometry": {"type": "Point", "coordinates": [20.146353, 42.743078]}, "properties": {"kind": "shelter"}}, {"type": "Feature", "id": "w399386402", "geometry": {"type": "Point", "coordinates": [20.452434, 44.781979]}, "properties": {"kind": "shelter", "shelterType": "gazebo"}}, {"type": "Feature", "id": "w399386403", "geometry": {"type": "Point", "coordinates": [20.452558, 44.781946]}, "properties": {"kind": "shelter", "shelterType": "gazebo"}}, {"type": "Feature", "id": "w399386404", "geometry": {"type": "Point", "coordinates": [20.452109, 44.782116]}, "properties": {"kind": "shelter", "shelterType": "gazebo"}}, {"type": "Feature", "id": "w412445839", "geometry": {"type": "Point", "coordinates": [21.414487, 42.00881]}, "properties": {"kind": "shelter", "name": "Љумфер брдо", "shelterType": "picnic_shelter"}}, {"type": "Feature", "id": "w416525385", "geometry": {"type": "Point", "coordinates": [19.572254, 42.928939]}, "properties": {"kind": "shelter", "shelterType": "public_transport"}}, {"type": "Feature", "id": "w418373623", "geometry": {"type": "Point", "coordinates": [19.761438, 45.204199]}, "properties": {"kind": "shelter"}}, {"type": "Feature", "id": "w422905469", "geometry": {"type": "Point", "coordinates": [19.681451, 42.888408]}, "properties": {"kind": "hut", "name": "Katun Reljina Mountain Retreat", "note": "We offer accommodation and homemade food for our guests. Experience authentic lifestyle of people in Katuns. More info on www.katunreljina.me", "fee": true}}, {"type": "Feature", "id": "w426574645", "geometry": {"type": "Point", "coordinates": [20.141975, 46.179396]}, "properties": {"kind": "shelter"}}, {"type": "Feature", "id": "w432074635", "geometry": {"type": "Point", "coordinates": [19.573956, 43.845193]}, "properties": {"kind": "camp", "name": "Мини камп Виљамовка – Кремна", "nameSr": "Мини камп Виљамовка – Кремна", "fee": true}}, {"type": "Feature", "id": "w432635318", "geometry": {"type": "Point", "coordinates": [19.930085, 45.174753]}, "properties": {"kind": "camp", "name": "Екокампинг Фрушка гора", "nameSr": "Екокампинг Фрушка гора", "fee": true}}, {"type": "Feature", "id": "w436528604", "geometry": {"type": "Point", "coordinates": [20.387192, 44.577507]}, "properties": {"kind": "camp", "name": "Зорнића кућа", "nameSr": "Зорнића кућа"}}, {"type": "Feature", "id": "w459899440", "geometry": {"type": "Point", "coordinates": [19.686291, 44.158257]}, "properties": {"kind": "hut", "name": "Планинарски дом „Дебело брдо”", "nameSr": "Планинарски дом „Дебело брдо”", "operator": "PSD „Magleš“, Valjevo (Tihomir Davidović, +381 65 257-52.05)", "ele": "1050"}}, {"type": "Feature", "id": "w460102962", "geometry": {"type": "Point", "coordinates": [19.577939, 44.188073]}, "properties": {"kind": "hut", "name": "Планинарски дом Бобија", "nameSr": "Планинарски дом Бобија", "operator": "Selimir Janjić (+381 64 587-52-21)"}}, {"type": "Feature", "id": "w463466459", "geometry": {"type": "Point", "coordinates": [21.048951, 42.166144]}, "properties": {"kind": "shelter", "shelterType": "basic_hut"}}, {"type": "Feature", "id": "w468285140", "geometry": {"type": "Point", "coordinates": [22.105944, 44.660481]}, "properties": {"kind": "camp", "name": "MY Kemp", "operator": "MYaBigr", "note": "samoobslužný kemp a samoobslužný bar, příspěvek dobrovolný"}}, {"type": "Feature", "id": "w469011148", "geometry": {"type": "Point", "coordinates": [21.841609, 44.762557]}, "properties": {"kind": "shelter", "shelterType": "weather_shelter"}}, {"type": "Feature", "id": "w473593357", "geometry": {"type": "Point", "coordinates": [21.902562, 43.311507]}, "properties": {"kind": "shelter", "shelterType": "gazebo"}}, {"type": "Feature", "id": "w474474481", "geometry": {"type": "Point", "coordinates": [19.331656, 44.795057]}, "properties": {"kind": "camp", "name": "Jočkov Ribarski Kamp"}}, {"type": "Feature", "id": "w498878546", "geometry": {"type": "Point", "coordinates": [22.283678, 44.61056]}, "properties": {"kind": "hut"}}, {"type": "Feature", "id": "w501601770", "geometry": {"type": "Point", "coordinates": [21.405337, 44.892681]}, "properties": {"kind": "camp", "name": "Kamp Bela Crkva"}}, {"type": "Feature", "id": "w506636544", "geometry": {"type": "Point", "coordinates": [20.780635, 42.155398]}, "properties": {"kind": "hut", "name": "Shtëpia e Malorëve"}}, {"type": "Feature", "id": "w523708990", "geometry": {"type": "Point", "coordinates": [22.933218, 43.038104]}, "properties": {"kind": "shelter", "shelterType": "public_transport"}}, {"type": "Feature", "id": "w525288785", "geometry": {"type": "Point", "coordinates": [20.434791, 44.751798]}, "properties": {"kind": "shelter", "shelterType": "public_transport"}}, {"type": "Feature", "id": "w525288786", "geometry": {"type": "Point", "coordinates": [20.435151, 44.751918]}, "properties": {"kind": "shelter", "shelterType": "public_transport"}}, {"type": "Feature", "id": "w526518566", "geometry": {"type": "Point", "coordinates": [20.382695, 44.799171]}, "properties": {"kind": "shelter", "shelterType": "public_transport"}}, {"type": "Feature", "id": "w526518568", "geometry": {"type": "Point", "coordinates": [20.431838, 44.726791]}, "properties": {"kind": "shelter", "shelterType": "public_transport"}}, {"type": "Feature", "id": "w526518572", "geometry": {"type": "Point", "coordinates": [20.242693, 44.811431]}, "properties": {"kind": "shelter", "shelterType": "public_transport"}}, {"type": "Feature", "id": "w526518573", "geometry": {"type": "Point", "coordinates": [20.233263, 44.817298]}, "properties": {"kind": "shelter", "shelterType": "public_transport"}}, {"type": "Feature", "id": "w526518574", "geometry": {"type": "Point", "coordinates": [20.217578, 44.834564]}, "properties": {"kind": "shelter", "shelterType": "public_transport"}}, {"type": "Feature", "id": "w526518575", "geometry": {"type": "Point", "coordinates": [20.378303, 44.697209]}, "properties": {"kind": "shelter", "shelterType": "public_transport"}}, {"type": "Feature", "id": "w526518576", "geometry": {"type": "Point", "coordinates": [20.368208, 44.714038]}, "properties": {"kind": "shelter", "shelterType": "public_transport"}}, {"type": "Feature", "id": "w526518577", "geometry": {"type": "Point", "coordinates": [20.421423, 44.908105]}, "properties": {"kind": "shelter", "shelterType": "public_transport"}}, {"type": "Feature", "id": "w526518581", "geometry": {"type": "Point", "coordinates": [20.443695, 44.865131]}, "properties": {"kind": "shelter", "shelterType": "public_transport"}}, {"type": "Feature", "id": "w526518583", "geometry": {"type": "Point", "coordinates": [20.22833, 44.82975]}, "properties": {"kind": "shelter", "shelterType": "public_transport"}}, {"type": "Feature", "id": "w526518585", "geometry": {"type": "Point", "coordinates": [20.246042, 44.732613]}, "properties": {"kind": "shelter", "shelterType": "public_transport"}}, {"type": "Feature", "id": "w526518587", "geometry": {"type": "Point", "coordinates": [20.206033, 44.852549]}, "properties": {"kind": "shelter", "shelterType": "public_transport"}}, {"type": "Feature", "id": "w526518588", "geometry": {"type": "Point", "coordinates": [20.433078, 44.858401]}, "properties": {"kind": "shelter", "shelterType": "public_transport"}}, {"type": "Feature", "id": "w526518590", "geometry": {"type": "Point", "coordinates": [20.296341, 44.894912]}, "properties": {"kind": "shelter", "shelterType": "public_transport"}}, {"type": "Feature", "id": "w526518591", "geometry": {"type": "Point", "coordinates": [20.428729, 44.941725]}, "properties": {"kind": "shelter", "shelterType": "public_transport"}}, {"type": "Feature", "id": "w526518592", "geometry": {"type": "Point", "coordinates": [20.437944, 44.92188]}, "properties": {"kind": "shelter", "shelterType": "public_transport"}}, {"type": "Feature", "id": "w526518593", "geometry": {"type": "Point", "coordinates": [20.437593, 44.929909]}, "properties": {"kind": "shelter", "shelterType": "public_transport"}}, {"type": "Feature", "id": "w526518594", "geometry": {"type": "Point", "coordinates": [20.436059, 44.935241]}, "properties": {"kind": "shelter", "shelterType": "public_transport"}}, {"type": "Feature", "id": "w526518596", "geometry": {"type": "Point", "coordinates": [20.286675, 44.833666]}, "properties": {"kind": "shelter", "shelterType": "public_transport"}}, {"type": "Feature", "id": "w526518597", "geometry": {"type": "Point", "coordinates": [20.208304, 44.848836]}, "properties": {"kind": "shelter", "shelterType": "public_transport"}}, {"type": "Feature", "id": "w526518603", "geometry": {"type": "Point", "coordinates": [20.39771, 44.660383]}, "properties": {"kind": "shelter", "shelterType": "public_transport"}}, {"type": "Feature", "id": "w526518604", "geometry": {"type": "Point", "coordinates": [20.39757, 44.659677]}, "properties": {"kind": "shelter", "shelterType": "public_transport"}}, {"type": "Feature", "id": "w526518605", "geometry": {"type": "Point", "coordinates": [20.3963, 44.670803]}, "properties": {"kind": "shelter", "shelterType": "public_transport"}}, {"type": "Feature", "id": "w526518618", "geometry": {"type": "Point", "coordinates": [20.467368, 44.849725]}, "properties": {"kind": "shelter", "shelterType": "public_transport"}}, {"type": "Feature", "id": "w526518620", "geometry": {"type": "Point", "coordinates": [20.484319, 44.729538]}, "properties": {"kind": "shelter", "shelterType": "public_transport"}}, {"type": "Feature", "id": "w526518621", "geometry": {"type": "Point", "coordinates": [20.483141, 44.73052]}, "properties": {"kind": "shelter", "shelterType": "public_transport"}}, {"type": "Feature", "id": "w526518623", "geometry": {"type": "Point", "coordinates": [20.538358, 44.889189]}, "properties": {"kind": "shelter", "shelterType": "public_transport"}}, {"type": "Feature", "id": "w526518625", "geometry": {"type": "Point", "coordinates": [20.534665, 44.888293]}, "properties": {"kind": "shelter", "shelterType": "public_transport"}}, {"type": "Feature", "id": "w526518627", "geometry": {"type": "Point", "coordinates": [20.250246, 44.780666]}, "properties": {"kind": "shelter", "shelterType": "public_transport"}}, {"type": "Feature", "id": "w526518628", "geometry": {"type": "Point", "coordinates": [20.166128, 44.790675]}, "properties": {"kind": "shelter", "shelterType": "public_transport"}}, {"type": "Feature", "id": "w526518630", "geometry": {"type": "Point", "coordinates": [20.178198, 44.788042]}, "properties": {"kind": "shelter", "shelterType": "public_transport"}}, {"type": "Feature", "id": "w526518633", "geometry": {"type": "Point", "coordinates": [20.225966, 44.777298]}, "properties": {"kind": "shelter", "shelterType": "public_transport"}}, {"type": "Feature", "id": "w526518635", "geometry": {"type": "Point", "coordinates": [20.491167, 44.882205]}, "properties": {"kind": "shelter", "shelterType": "public_transport"}}, {"type": "Feature", "id": "w526518638", "geometry": {"type": "Point", "coordinates": [20.497282, 44.882824]}, "properties": {"kind": "shelter", "shelterType": "public_transport"}}, {"type": "Feature", "id": "w526518639", "geometry": {"type": "Point", "coordinates": [20.476404, 44.88141]}, "properties": {"kind": "shelter", "shelterType": "public_transport"}}, {"type": "Feature", "id": "w526518640", "geometry": {"type": "Point", "coordinates": [20.407836, 44.769858]}, "properties": {"kind": "shelter", "shelterType": "public_transport"}}, {"type": "Feature", "id": "w526518641", "geometry": {"type": "Point", "coordinates": [20.546703, 44.81018]}, "properties": {"kind": "shelter", "shelterType": "public_transport"}}, {"type": "Feature", "id": "w526518647", "geometry": {"type": "Point", "coordinates": [20.380027, 44.829885]}, "properties": {"kind": "shelter", "shelterType": "public_transport"}}, {"type": "Feature", "id": "w526518654", "geometry": {"type": "Point", "coordinates": [20.497313, 44.756456]}, "properties": {"kind": "shelter", "shelterType": "public_transport"}}, {"type": "Feature", "id": "w526518658", "geometry": {"type": "Point", "coordinates": [20.396024, 44.820937]}, "properties": {"kind": "shelter", "shelterType": "public_transport"}}, {"type": "Feature", "id": "w526518664", "geometry": {"type": "Point", "coordinates": [20.457995, 44.885587]}, "properties": {"kind": "shelter", "shelterType": "public_transport"}}, {"type": "Feature", "id": "w526518665", "geometry": {"type": "Point", "coordinates": [20.488007, 44.771288]}, "properties": {"kind": "shelter", "shelterType": "public_transport"}}, {"type": "Feature", "id": "w526518666", "geometry": {"type": "Point", "coordinates": [20.52315, 44.811268]}, "properties": {"kind": "shelter", "shelterType": "public_transport"}}, {"type": "Feature", "id": "w526518668", "geometry": {"type": "Point", "coordinates": [20.506054, 44.808082]}, "properties": {"kind": "shelter", "shelterType": "public_transport"}}, {"type": "Feature", "id": "w526521790", "geometry": {"type": "Point", "coordinates": [20.509482, 44.806885]}, "properties": {"kind": "shelter", "shelterType": "public_transport"}}, {"type": "Feature", "id": "w526521796", "geometry": {"type": "Point", "coordinates": [20.412001, 44.827073]}, "properties": {"kind": "shelter", "shelterType": "public_transport"}}, {"type": "Feature", "id": "w526521797", "geometry": {"type": "Point", "coordinates": [20.377035, 44.81405]}, "properties": {"kind": "shelter", "shelterType": "public_transport"}}, {"type": "Feature", "id": "w526521798", "geometry": {"type": "Point", "coordinates": [20.403303, 44.826959]}, "properties": {"kind": "shelter", "shelterType": "public_transport"}}, {"type": "Feature", "id": "w526521803", "geometry": {"type": "Point", "coordinates": [20.532835, 44.791363]}, "properties": {"kind": "shelter", "shelterType": "public_transport"}}, {"type": "Feature", "id": "w526521804", "geometry": {"type": "Point", "coordinates": [20.533302, 44.791072]}, "properties": {"kind": "shelter", "shelterType": "public_transport"}}, {"type": "Feature", "id": "w526521812", "geometry": {"type": "Point", "coordinates": [20.491876, 44.783943]}, "properties": {"kind": "shelter", "shelterType": "public_transport"}}, {"type": "Feature", "id": "w526521813", "geometry": {"type": "Point", "coordinates": [20.493822, 44.784158]}, "properties": {"kind": "shelter", "shelterType": "public_transport"}}, {"type": "Feature", "id": "w526521814", "geometry": {"type": "Point", "coordinates": [20.454872, 44.882741]}, "properties": {"kind": "shelter", "shelterType": "public_transport"}}, {"type": "Feature", "id": "w526521815", "geometry": {"type": "Point", "coordinates": [20.381236, 44.819916]}, "properties": {"kind": "shelter", "shelterType": "public_transport"}}, {"type": "Feature", "id": "w526521816", "geometry": {"type": "Point", "coordinates": [20.384638, 44.818918]}, "properties": {"kind": "shelter", "shelterType": "public_transport"}}, {"type": "Feature", "id": "w526521817", "geometry": {"type": "Point", "coordinates": [20.382843, 44.819224]}, "properties": {"kind": "shelter", "shelterType": "public_transport"}}, {"type": "Feature", "id": "w526521818", "geometry": {"type": "Point", "coordinates": [20.407585, 44.826709]}, "properties": {"kind": "shelter", "shelterType": "public_transport"}}, {"type": "Feature", "id": "w526521826", "geometry": {"type": "Point", "coordinates": [20.398108, 44.804306]}, "properties": {"kind": "shelter", "shelterType": "public_transport"}}, {"type": "Feature", "id": "w526521827", "geometry": {"type": "Point", "coordinates": [20.398244, 44.80431]}, "properties": {"kind": "shelter", "shelterType": "public_transport"}}, {"type": "Feature", "id": "w526521840", "geometry": {"type": "Point", "coordinates": [20.490441, 44.763191]}, "properties": {"kind": "shelter", "shelterType": "public_transport"}}, {"type": "Feature", "id": "w526521844", "geometry": {"type": "Point", "coordinates": [20.425115, 44.752866]}, "properties": {"kind": "shelter", "shelterType": "public_transport"}}, {"type": "Feature", "id": "w528200175", "geometry": {"type": "Point", "coordinates": [21.468223, 43.450223]}, "properties": {"kind": "shelter"}}, {"type": "Feature", "id": "w528992560", "geometry": {"type": "Point", "coordinates": [21.455697, 43.474345]}, "properties": {"kind": "shelter"}}, {"type": "Feature", "id": "w528992563", "geometry": {"type": "Point", "coordinates": [21.459051, 43.46806]}, "properties": {"kind": "shelter"}}, {"type": "Feature", "id": "w528992565", "geometry": {"type": "Point", "coordinates": [21.458487, 43.462511]}, "properties": {"kind": "shelter"}}, {"type": "Feature", "id": "w532336249", "geometry": {"type": "Point", "coordinates": [20.355874, 44.878025]}, "properties": {"kind": "camp", "name": "Камп Дунав", "nameSr": "Камп Дунав", "note": "It is a relatively small camp, and is characterized by a beautiful location with a view of the Danube and Belgrade. The capacity of the camp is 50 camping units.", "fee": true}}, {"type": "Feature", "id": "w540253786", "geometry": {"type": "Point", "coordinates": [20.145068, 42.743506]}, "properties": {"kind": "shelter"}}, {"type": "Feature", "id": "w543230171", "geometry": {"type": "Point", "coordinates": [19.096292, 45.533737]}, "properties": {"kind": "camp", "name": "Камп Штранд"}}, {"type": "Feature", "id": "w553936731", "geometry": {"type": "Point", "coordinates": [20.129672, 42.750062]}, "properties": {"kind": "hut", "name": "Vranoc", "nameSr": "Врановац"}}, {"type": "Feature", "id": "w553986156", "geometry": {"type": "Point", "coordinates": [20.282706, 42.764513]}, "properties": {"kind": "hut"}}, {"type": "Feature", "id": "w560010409", "geometry": {"type": "Point", "coordinates": [22.207553, 44.67003]}, "properties": {"kind": "shelter", "name": "Canton silvic"}}, {"type": "Feature", "id": "w575697061", "geometry": {"type": "Point", "coordinates": [22.111574, 43.221727]}, "properties": {"kind": "hut", "name": "Студенац"}}, {"type": "Feature", "id": "w576709075", "geometry": {"type": "Point", "coordinates": [20.129619, 42.50904]}, "properties": {"kind": "hut", "name": "Guesthouse Halil Qerimi", "operator": "Halil"}}, {"type": "Feature", "id": "w582336677", "geometry": {"type": "Point", "coordinates": [20.131349, 42.508883]}, "properties": {"kind": "hut", "name": "Guesthouse Halil Qerimi", "operator": "Halil"}}, {"type": "Feature", "id": "w582532786", "geometry": {"type": "Point", "coordinates": [20.393143, 42.81902]}, "properties": {"kind": "hut"}}, {"type": "Feature", "id": "w587663875", "geometry": {"type": "Point", "coordinates": [22.499605, 42.841231]}, "properties": {"kind": "shelter", "name": "Ловен фургон"}}, {"type": "Feature", "id": "w602692403", "geometry": {"type": "Point", "coordinates": [20.759774, 43.562364]}, "properties": {"kind": "hut", "name": "Планинарски дом „Добра вода”", "nameSr": "Планинарски дом „Добра вода”", "operator": "+381 36 810 126, +381 36 810 127"}}, {"type": "Feature", "id": "w612351527", "geometry": {"type": "Point", "coordinates": [22.830272, 43.355044]}, "properties": {"kind": "hut", "name": "х. \"Козарнице\""}}, {"type": "Feature", "id": "w615864933", "geometry": {"type": "Point", "coordinates": [22.844868, 42.638212]}, "properties": {"kind": "shelter"}}, {"type": "Feature", "id": "w626944137", "geometry": {"type": "Point", "coordinates": [20.93689, 44.016196]}, "properties": {"kind": "shelter", "shelterType": "public_transport"}}, {"type": "Feature", "id": "w632635476", "geometry": {"type": "Point", "coordinates": [19.665998, 44.205908]}, "properties": {"kind": "hut", "name": "Планинарски дом Крушик", "nameSr": "Планинарски дом Крушик", "operator": "Davidović Sveto domar i kuvar, stalno nastanjen u domu", "ele": "805"}}, {"type": "Feature", "id": "w633304906", "geometry": {"type": "Point", "coordinates": [20.834243, 42.211512]}, "properties": {"kind": "hut", "name": "Kopana voda"}}, {"type": "Feature", "id": "w634035239", "geometry": {"type": "Point", "coordinates": [19.581804, 43.850328]}, "properties": {"kind": "camp", "name": "Camping Zip", "fee": true}}, {"type": "Feature", "id": "w634429553", "geometry": {"type": "Point", "coordinates": [21.629134, 44.072332]}, "properties": {"kind": "shelter"}}, {"type": "Feature", "id": "w637163541", "geometry": {"type": "Point", "coordinates": [20.225627, 44.132852]}, "properties": {"kind": "shelter", "name": "Ловачка кућа Рајац", "nameSr": "Ловачка кућа Рајац"}}, {"type": "Feature", "id": "w637790766", "geometry": {"type": "Point", "coordinates": [21.247328, 42.574146]}, "properties": {"kind": "shelter", "name": "Çeshme për abdes"}}, {"type": "Feature", "id": "w637835184", "geometry": {"type": "Point", "coordinates": [21.221177, 42.555437]}, "properties": {"kind": "shelter", "shelterType": "pavilion"}}, {"type": "Feature", "id": "w637835186", "geometry": {"type": "Point", "coordinates": [21.220929, 42.555326]}, "properties": {"kind": "shelter", "shelterType": "pavilion"}}, {"type": "Feature", "id": "w637835187", "geometry": {"type": "Point", "coordinates": [21.221982, 42.555293]}, "properties": {"kind": "shelter", "shelterType": "pavilion"}}, {"type": "Feature", "id": "w637835189", "geometry": {"type": "Point", "coordinates": [21.221833, 42.555162]}, "properties": {"kind": "shelter", "shelterType": "pavilion"}}, {"type": "Feature", "id": "w637835191", "geometry": {"type": "Point", "coordinates": [21.221685, 42.555057]}, "properties": {"kind": "shelter", "shelterType": "pavilion"}}, {"type": "Feature", "id": "w637835193", "geometry": {"type": "Point", "coordinates": [21.221546, 42.554964]}, "properties": {"kind": "shelter", "shelterType": "pavilion"}}, {"type": "Feature", "id": "w639054863", "geometry": {"type": "Point", "coordinates": [21.121731, 42.523936]}, "properties": {"kind": "shelter"}}, {"type": "Feature", "id": "w639054865", "geometry": {"type": "Point", "coordinates": [21.121664, 42.523904]}, "properties": {"kind": "shelter"}}, {"type": "Feature", "id": "w639054866", "geometry": {"type": "Point", "coordinates": [21.121597, 42.523872]}, "properties": {"kind": "shelter"}}, {"type": "Feature", "id": "w639054867", "geometry": {"type": "Point", "coordinates": [21.121543, 42.52384]}, "properties": {"kind": "shelter"}}, {"type": "Feature", "id": "w640731055", "geometry": {"type": "Point", "coordinates": [20.815651, 43.289869]}, "properties": {"kind": "hut", "name": "Планинарски дом „Копаоник”", "nameSr": "Планинарски дом „Копаоник”", "operator": "Milovan Hinić;+381 (0)11 227 6818;+381 (0)62 376 683;+381 (0)63 469 939", "ele": "1720"}}, {"type": "Feature", "id": "w640731056", "geometry": {"type": "Point", "coordinates": [20.820015, 43.290697]}, "properties": {"kind": "hut", "name": "Планинарски дом „Ртањ”", "nameSr": "Планинарски дом „Ртањ”", "operator": "+381 36 5471-090;+381 36 210-000;+381 11 4111-000;+381 65 321-8431;", "ele": "1876"}}, {"type": "Feature", "id": "w640731057", "geometry": {"type": "Point", "coordinates": [20.820376, 43.290874]}, "properties": {"kind": "hut", "name": "Ртањ 2"}}, {"type": "Feature", "id": "w641337768", "geometry": {"type": "Point", "coordinates": [19.269194, 44.382947]}, "properties": {"kind": "hut", "name": "Планинарски дом „Шарена буква”", "nameSr": "Планинарски дом „Шарена буква”", "operator": "Planinarski klub „Gučevo“, Goran Radišić (+381 64 1882423);Marija Katić (+381 69 1011687)", "ele": "789"}}, {"type": "Feature", "id": "w641543873", "geometry": {"type": "Point", "coordinates": [19.868244, 44.107735]}, "properties": {"kind": "shelter", "name": "Планинарско склониште „Кик”", "nameSr": "Планинарско склониште „Кик”", "ele": "800"}}, {"type": "Feature", "id": "w641543876", "geometry": {"type": "Point", "coordinates": [20.530599, 44.299636]}, "properties": {"kind": "hut", "name": "Планинарско склониште „Букуља”", "nameSr": "Планинарско склониште „Букуља”", "operator": "PD Bukulja Aranđelovac (+381 63 822-17-71)", "ele": "690"}}, {"type": "Feature", "id": "w641543877", "geometry": {"type": "Point", "coordinates": [19.499789, 44.600705]}, "properties": {"kind": "hut", "name": "Липове воде", "nameSr": "Липове воде", "operator": "Mirjana Mihailović (+381 64 883-1265);Sreten (+381 66 937-40-91)", "ele": "620"}}, {"type": "Feature", "id": "w641543878", "geometry": {"type": "Point", "coordinates": [21.107501, 44.012286]}, "properties": {"kind": "hut", "name": "Планинарски дом „Црни врх”", "nameSr": "Планинарски дом „Црни врх”", "ele": "650"}}, {"type": "Feature", "id": "w641859159", "geometry": {"type": "Point", "coordinates": [19.836982, 45.150466]}, "properties": {"kind": "hut", "name": "Иришки венац", "nameSr": "Иришки венац", "operator": "PSD „Dr Laza Marković“ Irig, izdati u zakup", "ele": "490"}}, {"type": "Feature", "id": "w641859168", "geometry": {"type": "Point", "coordinates": [19.984794, 44.106488]}, "properties": {"kind": "hut", "name": "Планинарски дом „ПТТ”", "nameSr": "Планинарски дом „ПТТ”", "operator": "Đorđe Zagorac", "ele": "902"}}, {"type": "Feature", "id": "w642768667", "geometry": {"type": "Point", "coordinates": [20.021521, 45.166729]}, "properties": {"kind": "hut", "name": "Козарица", "nameSr": "Козарица", "operator": "PSD Železničar, Inđija (+381 22 560-190)"}}, {"type": "Feature", "id": "w642768669", "geometry": {"type": "Point", "coordinates": [20.021321, 45.167257]}, "properties": {"kind": "camp"}}, {"type": "Feature", "id": "w642768683", "geometry": {"type": "Point", "coordinates": [19.826925, 45.184179]}, "properties": {"kind": "hut", "name": "Планинарски дом „Железничар”", "nameSr": "Планинарски дом „Железничар”", "operator": "PSD „Zeleznicar“, Novi Sad (+381 63 80-24-532;+381 21 463-205)", "ele": "302"}}, {"type": "Feature", "id": "w642768685", "geometry": {"type": "Point", "coordinates": [19.780694, 45.159088]}, "properties": {"kind": "hut", "name": "Планинарски дом „Змајевац”", "nameSr": "Планинарски дом „Змајевац”", "operator": "PD Zmajevac, Vrdnik (+381 22 490-011, +381 65 565-2876, +381 64 047-99-22)", "ele": "457"}}, {"type": "Feature", "id": "w642768687", "geometry": {"type": "Point", "coordinates": [19.850234, 45.185774]}, "properties": {"kind": "hut", "name": "Планинарски дом „Занатлија”", "nameSr": "Планинарски дом „Занатлија”", "operator": "PD „Zanatlija“ Novi Sad", "ele": "254"}}, {"type": "Feature", "id": "w642768689", "geometry": {"type": "Point", "coordinates": [19.823244, 45.183781]}, "properties": {"kind": "hut", "name": "Планинарски дом „Др Радивој Симоновић”", "nameSr": "Планинарски дом „Др Радивој Симоновић”", "operator": "PSD „Penzioner“ Novi Sad", "ele": "311"}}, {"type": "Feature", "id": "w642768691", "geometry": {"type": "Point", "coordinates": [20.865066, 43.899237]}, "properties": {"kind": "camp"}}, {"type": "Feature", "id": "w642768693", "geometry": {"type": "Point", "coordinates": [20.680294, 43.565741]}, "properties": {"kind": "hut", "name": "Планинарски дом „Зорица Гиздовић”", "nameSr": "Планинарски дом „Зорица Гиздовић”", "operator": "Milutin Vukosavljević (+381 63 74-11-572, +381 36 321-032)", "ele": "700"}}, {"type": "Feature", "id": "w643233204", "geometry": {"type": "Point", "coordinates": [22.665482, 42.970465]}, "properties": {"kind": "hut", "name": "Планинарски дом „Гребен”", "nameSr": "Планинарски дом „Гребен”", "operator": "Mikan Andrejev (+381 63 103-76-98)", "ele": "560"}}, {"type": "Feature", "id": "w643233208", "geometry": {"type": "Point", "coordinates": [19.736032, 43.30623]}, "properties": {"kind": "hut", "name": "Планинарски дом „Сопотница”", "nameSr": "Планинарски дом „Сопотница”", "operator": "PD Kamena Gora (Ilija Andrejić +381 64 158 83 77, Dragan Petrić +381 64 188 33 51)", "ele": "995"}}, {"type": "Feature", "id": "w643591378", "geometry": {"type": "Point", "coordinates": [21.374606, 43.427445]}, "properties": {"kind": "hut", "name": "Планинарски дом „Жарко Жарић”", "nameSr": "Планинарски дом „Жарко Жарић”", "operator": "(Dom +381 37 873-512;Jugoslav Rilak +381 64 32-48-452)", "ele": "521"}}, {"type": "Feature", "id": "w643591401", "geometry": {"type": "Point", "coordinates": [20.571369, 44.472912]}, "properties": {"kind": "hut", "name": "Планинарски дом „Винча”", "nameSr": "Планинарски дом „Винча”", "operator": "+381 11 24-58-222", "ele": "528"}}, {"type": "Feature", "id": "w648489053", "geometry": {"type": "Point", "coordinates": [21.983445, 44.745243]}, "properties": {"kind": "shelter", "shelterType": "weather_shelter"}}, {"type": "Feature", "id": "w655008849", "geometry": {"type": "Point", "coordinates": [21.465339, 42.455075]}, "properties": {"kind": "shelter", "shelterType": "gazebo"}}, {"type": "Feature", "id": "w669641982", "geometry": {"type": "Point", "coordinates": [20.465631, 45.837598]}, "properties": {"kind": "shelter", "shelterType": "gazebo"}}, {"type": "Feature", "id": "w674301416", "geometry": {"type": "Point", "coordinates": [20.481335, 44.819424]}, "properties": {"kind": "shelter", "shelterType": "public_transport"}}, {"type": "Feature", "id": "w674324437", "geometry": {"type": "Point", "coordinates": [21.527864, 42.491238]}, "properties": {"kind": "shelter", "shelterType": "gazebo"}}, {"type": "Feature", "id": "w677776758", "geometry": {"type": "Point", "coordinates": [19.095964, 45.802186]}, "properties": {"kind": "camp"}}, {"type": "Feature", "id": "w686129218", "geometry": {"type": "Point", "coordinates": [21.460239, 42.467765]}, "properties": {"kind": "shelter", "shelterType": "gazebo"}}, {"type": "Feature", "id": "w686129219", "geometry": {"type": "Point", "coordinates": [21.460612, 42.467676]}, "properties": {"kind": "shelter", "shelterType": "gazebo"}}, {"type": "Feature", "id": "w687390494", "geometry": {"type": "Point", "coordinates": [20.200802, 44.354165]}, "properties": {"kind": "shelter", "shelterType": "gazebo"}}, {"type": "Feature", "id": "w690352190", "geometry": {"type": "Point", "coordinates": [21.645926, 43.896239]}, "properties": {"kind": "hut", "name": "Планинарски дом „Ђорђе Живковић”", "nameSr": "Планинарски дом „Ђорђе Живковић”", "operator": "Aleksandar Marković: +381 (0)35 571 979;+381 (0)62 290 979. Igor Stefanović: +381(0)35 562 938, +381 (0)60 073 39 06", "ele": "480"}}, {"type": "Feature", "id": "w690352191", "geometry": {"type": "Point", "coordinates": [21.951542, 42.785042]}, "properties": {"kind": "hut", "name": "Планинарски дом „Прека вода”", "nameSr": "Планинарски дом „Прека вода”", "operator": "Dušan Riković: +381 16 215 455, +381 16 255 604", "ele": "1270"}}, {"type": "Feature", "id": "w690352196", "geometry": {"type": "Point", "coordinates": [18.981653, 45.743981]}, "properties": {"kind": "hut", "name": "Планинарски дом „Др Радивој Симоновић”", "nameSr": "Планинарски дом „Др Радивој Симоновић”", "operator": "Jovanka Jocić: +381 63 787-6677", "ele": "85"}}, {"type": "Feature", "id": "w690352197", "geometry": {"type": "Point", "coordinates": [20.015368, 44.127554]}, "properties": {"kind": "hut", "name": "Планинарски дом „На пољани”", "nameSr": "Планинарски дом „На пољани”", "operator": "Milomir Milošević: +381 14 236-377;Dušan Obradović: +381 64 461-3414;+381 62 851-7096", "ele": "1000"}}, {"type": "Feature", "id": "w690352198", "geometry": {"type": "Point", "coordinates": [20.207387, 43.912146]}, "properties": {"kind": "hut", "name": "Планинарски дом ПД „Каблар”", "nameSr": "Планинарски дом ПД „Каблар”", "operator": "PD Kablar Čačak", "ele": "306"}}, {"type": "Feature", "id": "w690352199", "geometry": {"type": "Point", "coordinates": [20.359195, 42.867921]}, "properties": {"kind": "hut", "name": "Планинарски дом ПД „Санџак”", "nameSr": "Планинарски дом ПД „Санџак”", "ele": "1340"}}, {"type": "Feature", "id": "w690355575", "geometry": {"type": "Point", "coordinates": [19.712564, 44.14165]}, "properties": {"kind": "hut", "name": "Планинарска кућа „Повленски кућерак”", "nameSr": "Планинарска кућа „Повленски кућерак”", "operator": "Стана Јелић 0644145555", "ele": "1150"}}, {"type": "Feature", "id": "w701356200", "geometry": {"type": "Point", "coordinates": [20.245058, 44.14271]}, "properties": {"kind": "hut", "name": "Планинарски дом „Чика Душко Јовановић”", "nameSr": "Планинарски дом „Чика Душко Јовановић”", "operator": "PSK „Pobeda”", "ele": "640"}}, {"type": "Feature", "id": "w701356208", "geometry": {"type": "Point", "coordinates": [20.191823, 44.135357]}, "properties": {"kind": "hut", "name": "Планинарска кућа „Добра Вода”", "nameSr": "Планинарска кућа „Добра Вода”", "operator": "PSK „Pobeda“ (+381 2153-944, +381 63 7234-684)", "ele": "758"}}, {"type": "Feature", "id": "w701356213", "geometry": {"type": "Point", "coordinates": [20.501746, 44.137089]}, "properties": {"kind": "hut", "name": "Планинарска кућа „Ратко Курузовић”", "nameSr": "Планинарска кућа „Ратко Курузовић”", "operator": "PD \"PTT\"", "ele": "678"}}, {"type": "Feature", "id": "w701356214", "geometry": {"type": "Point", "coordinates": [20.501699, 44.136942]}, "properties": {"kind": "shelter"}}, {"type": "Feature", "id": "w707399549", "geometry": {"type": "Point", "coordinates": [22.641192, 43.454669]}, "properties": {"kind": "hut", "name": "Хижа \"Горски Рай\""}}, {"type": "Feature", "id": "w707567345", "geometry": {"type": "Point", "coordinates": [22.663125, 43.550862]}, "properties": {"kind": "shelter", "shelterType": "picnic_shelter"}}, {"type": "Feature", "id": "w723820191", "geometry": {"type": "Point", "coordinates": [22.616216, 43.374412]}, "properties": {"kind": "hut", "name": "Планинарски дом Бабин Зуб", "nameSr": "Планинарски дом Бабин Зуб"}}, {"type": "Feature", "id": "w724614551", "geometry": {"type": "Point", "coordinates": [21.159807, 42.353743]}, "properties": {"kind": "shelter", "shelterType": "gazebo"}}, {"type": "Feature", "id": "w735254973", "geometry": {"type": "Point", "coordinates": [22.266956, 44.29226]}, "properties": {"kind": "shelter", "shelterType": "weather_shelter"}}, {"type": "Feature", "id": "w736254246", "geometry": {"type": "Point", "coordinates": [22.394591, 44.260696]}, "properties": {"kind": "shelter", "shelterType": "weather_shelter"}}, {"type": "Feature", "id": "w736254257", "geometry": {"type": "Point", "coordinates": [22.412958, 44.261145]}, "properties": {"kind": "shelter", "shelterType": "field_shelter"}}, {"type": "Feature", "id": "w742334802", "geometry": {"type": "Point", "coordinates": [20.146745, 45.796563]}, "properties": {"kind": "camp"}}, {"type": "Feature", "id": "w759269936", "geometry": {"type": "Point", "coordinates": [20.652509, 43.641208]}, "properties": {"kind": "hut", "name": "Планинарска кућа „Ноне”", "nameSr": "Планинарска кућа „Ноне”", "operator": "PSD “Gvozrac-Junior”", "ele": "542"}}, {"type": "Feature", "id": "w761702852", "geometry": {"type": "Point", "coordinates": [19.787095, 45.24917]}, "properties": {"kind": "shelter", "shelterType": "bomb_shelter"}}, {"type": "Feature", "id": "w762977073", "geometry": {"type": "Point", "coordinates": [21.923869, 44.013337]}, "properties": {"kind": "shelter", "shelterType": "picnic_shelter"}}, {"type": "Feature", "id": "w763002087", "geometry": {"type": "Point", "coordinates": [21.503537, 44.305848]}, "properties": {"kind": "hut", "name": "Дом Ждрело", "nameSr": "Дом Ждрело"}}, {"type": "Feature", "id": "w764009701", "geometry": {"type": "Point", "coordinates": [21.952115, 43.327667]}, "properties": {"kind": "shelter", "shelterType": "gazebo"}}, {"type": "Feature", "id": "w764191121", "geometry": {"type": "Point", "coordinates": [20.194582, 43.905347]}, "properties": {"kind": "hut", "name": "Планинарски дом „Богољуб Ћурић”", "nameSr": "Планинарски дом „Богољуб Ћурић”", "operator": "ПД Железничар Београд", "ele": "270"}}, {"type": "Feature", "id": "w770659619", "geometry": {"type": "Point", "coordinates": [21.866979, 44.751328]}, "properties": {"kind": "shelter", "shelterType": "weather_shelter"}}, {"type": "Feature", "id": "w770659632", "geometry": {"type": "Point", "coordinates": [21.96486, 44.764872]}, "properties": {"kind": "shelter", "shelterType": "weather_shelter"}}, {"type": "Feature", "id": "w770659644", "geometry": {"type": "Point", "coordinates": [21.986188, 44.745391]}, "properties": {"kind": "shelter", "shelterType": "weather_shelter"}}, {"type": "Feature", "id": "w778848938", "geometry": {"type": "Point", "coordinates": [20.461021, 44.914493]}, "properties": {"kind": "shelter", "shelterType": "sun_shelter"}}, {"type": "Feature", "id": "w778848939", "geometry": {"type": "Point", "coordinates": [20.46185, 44.914503]}, "properties": {"kind": "shelter", "shelterType": "sun_shelter"}}, {"type": "Feature", "id": "w778848940", "geometry": {"type": "Point", "coordinates": [20.462667, 44.914509]}, "properties": {"kind": "shelter", "shelterType": "sun_shelter"}}, {"type": "Feature", "id": "w778848941", "geometry": {"type": "Point", "coordinates": [20.463499, 44.91452]}, "properties": {"kind": "shelter", "shelterType": "sun_shelter"}}, {"type": "Feature", "id": "w778848943", "geometry": {"type": "Point", "coordinates": [20.464308, 44.914521]}, "properties": {"kind": "shelter", "shelterType": "sun_shelter"}}, {"type": "Feature", "id": "w778848944", "geometry": {"type": "Point", "coordinates": [20.465114, 44.914521]}, "properties": {"kind": "shelter", "shelterType": "sun_shelter"}}, {"type": "Feature", "id": "w785469460", "geometry": {"type": "Point", "coordinates": [20.455481, 44.808542]}, "properties": {"kind": "shelter", "name": "Стара перонска надстрешница", "nameSr": "Стара перонска надстрешница", "shelterType": "public_transport"}}, {"type": "Feature", "id": "w799484507", "geometry": {"type": "Point", "coordinates": [20.952619, 43.96845]}, "properties": {"kind": "hut", "name": "Планинарски дом „Жежељ”", "nameSr": "Планинарски дом „Жежељ”"}}, {"type": "Feature", "id": "w802430021", "geometry": {"type": "Point", "coordinates": [20.04398, 44.05793]}, "properties": {"kind": "hut", "name": "Планинарски дом „Тометино Поље”", "nameSr": "Планинарски дом „Тометино Поље”", "operator": "PPD Maljen"}}, {"type": "Feature", "id": "w804705894", "geometry": {"type": "Point", "coordinates": [21.985982, 42.082023]}, "properties": {"kind": "shelter", "shelterType": "picnic_shelter"}}, {"type": "Feature", "id": "w808368978", "geometry": {"type": "Point", "coordinates": [21.976344, 43.446076]}, "properties": {"kind": "shelter", "shelterType": "picnic_shelter"}}, {"type": "Feature", "id": "w820271839", "geometry": {"type": "Point", "coordinates": [21.330415, 42.36842]}, "properties": {"kind": "shelter"}}, {"type": "Feature", "id": "w830688787", "geometry": {"type": "Point", "coordinates": [19.430652, 44.270865]}, "properties": {"kind": "shelter", "shelterType": "picnic_shelter"}}, {"type": "Feature", "id": "w833923896", "geometry": {"type": "Point", "coordinates": [22.581775, 42.869915]}, "properties": {"kind": "hut", "name": "х. Руй", "operator": "ТД Руй, Трън", "fee": true}}, {"type": "Feature", "id": "w834227703", "geometry": {"type": "Point", "coordinates": [20.953523, 44.995928]}, "properties": {"kind": "shelter"}}, {"type": "Feature", "id": "w834227708", "geometry": {"type": "Point", "coordinates": [20.956965, 44.996918]}, "properties": {"kind": "hut", "name": "Горански дом", "nameSr": "Горански дом", "fee": false}}, {"type": "Feature", "id": "w836115152", "geometry": {"type": "Point", "coordinates": [19.852655, 42.846664]}, "properties": {"kind": "shelter"}}, {"type": "Feature", "id": "w849561929", "geometry": {"type": "Point", "coordinates": [19.047039, 45.185754]}, "properties": {"kind": "shelter", "shelterType": "public_transport"}}, {"type": "Feature", "id": "w850006599", "geometry": {"type": "Point", "coordinates": [20.39338, 44.823053]}, "properties": {"kind": "shelter"}}, {"type": "Feature", "id": "w850006600", "geometry": {"type": "Point", "coordinates": [20.39341, 44.823178]}, "properties": {"kind": "shelter"}}, {"type": "Feature", "id": "w855629609", "geometry": {"type": "Point", "coordinates": [19.04712, 45.185879]}, "properties": {"kind": "shelter", "shelterType": "public_transport"}}, {"type": "Feature", "id": "w855629615", "geometry": {"type": "Point", "coordinates": [19.067049, 45.179906]}, "properties": {"kind": "shelter", "shelterType": "public_transport"}}, {"type": "Feature", "id": "w855629616", "geometry": {"type": "Point", "coordinates": [19.067119, 45.18003]}, "properties": {"kind": "shelter", "shelterType": "public_transport"}}, {"type": "Feature", "id": "w855629625", "geometry": {"type": "Point", "coordinates": [19.089477, 45.173376]}, "properties": {"kind": "shelter", "shelterType": "public_transport"}}, {"type": "Feature", "id": "w855629626", "geometry": {"type": "Point", "coordinates": [19.089558, 45.173503]}, "properties": {"kind": "shelter", "shelterType": "public_transport"}}, {"type": "Feature", "id": "w870339123", "geometry": {"type": "Point", "coordinates": [19.088536, 43.690282]}, "properties": {"kind": "shelter", "shelterType": "picnic_shelter"}}, {"type": "Feature", "id": "w873115405", "geometry": {"type": "Point", "coordinates": [20.036017, 43.846153]}, "properties": {"kind": "shelter", "shelterType": "gazebo"}}, {"type": "Feature", "id": "w891225892", "geometry": {"type": "Point", "coordinates": [19.536004, 42.863648]}, "properties": {"kind": "shelter", "shelterType": "public_transport"}}, {"type": "Feature", "id": "w899205306", "geometry": {"type": "Point", "coordinates": [20.37957, 44.820025]}, "properties": {"kind": "shelter", "shelterType": "public_transport"}}, {"type": "Feature", "id": "w904602049", "geometry": {"type": "Point", "coordinates": [21.073613, 44.934037]}, "properties": {"kind": "hut", "name": "Фламунда", "nameSr": "Фламунда", "operator": "Vojvodinašume"}}, {"type": "Feature", "id": "w907715691", "geometry": {"type": "Point", "coordinates": [22.503405, 44.42992]}, "properties": {"kind": "shelter", "shelterType": "public_transport"}}, {"type": "Feature", "id": "w919636184", "geometry": {"type": "Point", "coordinates": [20.433993, 44.813751]}, "properties": {"kind": "shelter", "shelterType": "public_transport"}}, {"type": "Feature", "id": "w919636185", "geometry": {"type": "Point", "coordinates": [20.433627, 44.813834]}, "properties": {"kind": "shelter", "shelterType": "public_transport"}}, {"type": "Feature", "id": "w919636186", "geometry": {"type": "Point", "coordinates": [20.430622, 44.810066]}, "properties": {"kind": "shelter", "shelterType": "public_transport"}}, {"type": "Feature", "id": "w919636187", "geometry": {"type": "Point", "coordinates": [20.429381, 44.809154]}, "properties": {"kind": "shelter", "shelterType": "public_transport"}}, {"type": "Feature", "id": "w919636188", "geometry": {"type": "Point", "coordinates": [20.427262, 44.80683]}, "properties": {"kind": "shelter", "shelterType": "public_transport"}}, {"type": "Feature", "id": "w919636189", "geometry": {"type": "Point", "coordinates": [20.427642, 44.80676]}, "properties": {"kind": "shelter", "shelterType": "public_transport"}}, {"type": "Feature", "id": "w929026557", "geometry": {"type": "Point", "coordinates": [21.303065, 42.06296]}, "properties": {"kind": "shelter"}}, {"type": "Feature", "id": "w932649002", "geometry": {"type": "Point", "coordinates": [20.371779, 42.818165]}, "properties": {"kind": "hut"}}, {"type": "Feature", "id": "w932649262", "geometry": {"type": "Point", "coordinates": [20.371709, 42.818134]}, "properties": {"kind": "hut"}}, {"type": "Feature", "id": "w932649930", "geometry": {"type": "Point", "coordinates": [20.370542, 42.81731]}, "properties": {"kind": "hut"}}, {"type": "Feature", "id": "w933868040", "geometry": {"type": "Point", "coordinates": [19.767346, 46.073215]}, "properties": {"kind": "shelter"}}, {"type": "Feature", "id": "w935352440", "geometry": {"type": "Point", "coordinates": [20.41668, 45.28195]}, "properties": {"kind": "shelter", "shelterType": "picnic_shelter"}}, {"type": "Feature", "id": "w935352441", "geometry": {"type": "Point", "coordinates": [20.416586, 45.281778]}, "properties": {"kind": "shelter", "shelterType": "picnic_shelter"}}, {"type": "Feature", "id": "w942851001", "geometry": {"type": "Point", "coordinates": [21.400344, 42.007506]}, "properties": {"kind": "shelter", "shelterType": "picnic_shelter"}}, {"type": "Feature", "id": "w948448116", "geometry": {"type": "Point", "coordinates": [20.546818, 44.810118]}, "properties": {"kind": "shelter", "shelterType": "public_transport"}}, {"type": "Feature", "id": "w953931615", "geometry": {"type": "Point", "coordinates": [20.511132, 44.823441]}, "properties": {"kind": "shelter", "shelterType": "picnic_shelter"}}, {"type": "Feature", "id": "w953931616", "geometry": {"type": "Point", "coordinates": [20.510441, 44.823414]}, "properties": {"kind": "shelter"}}, {"type": "Feature", "id": "w953931617", "geometry": {"type": "Point", "coordinates": [20.509711, 44.823402]}, "properties": {"kind": "shelter"}}, {"type": "Feature", "id": "w953931618", "geometry": {"type": "Point", "coordinates": [20.516161, 44.823721]}, "properties": {"kind": "shelter", "shelterType": "picnic_shelter"}}, {"type": "Feature", "id": "w957208941", "geometry": {"type": "Point", "coordinates": [21.950549, 43.307624]}, "properties": {"kind": "shelter", "shelterType": "public_transport"}}, {"type": "Feature", "id": "w957208942", "geometry": {"type": "Point", "coordinates": [21.950651, 43.307617]}, "properties": {"kind": "shelter", "shelterType": "public_transport"}}, {"type": "Feature", "id": "w957208943", "geometry": {"type": "Point", "coordinates": [21.950766, 43.307595]}, "properties": {"kind": "shelter", "shelterType": "public_transport"}}, {"type": "Feature", "id": "w957853776", "geometry": {"type": "Point", "coordinates": [21.940335, 43.389011]}, "properties": {"kind": "shelter", "shelterType": "picnic_shelter"}}, {"type": "Feature", "id": "w957853777", "geometry": {"type": "Point", "coordinates": [21.940452, 43.389187]}, "properties": {"kind": "shelter", "shelterType": "picnic_shelter"}}, {"type": "Feature", "id": "w958897190", "geometry": {"type": "Point", "coordinates": [19.560648, 43.892279]}, "properties": {"kind": "hut", "name": "Планинарски дом „Тара”", "nameSr": "Планинарски дом „Тара”", "operator": "Планинарски савез Београда", "ele": "1040", "fee": true}}, {"type": "Feature", "id": "w965164320", "geometry": {"type": "Point", "coordinates": [20.461385, 44.812727]}, "properties": {"kind": "shelter"}}, {"type": "Feature", "id": "w965164324", "geometry": {"type": "Point", "coordinates": [20.460899, 44.813685]}, "properties": {"kind": "shelter"}}, {"type": "Feature", "id": "w965164325", "geometry": {"type": "Point", "coordinates": [20.460456, 44.8138]}, "properties": {"kind": "shelter"}}, {"type": "Feature", "id": "w965164326", "geometry": {"type": "Point", "coordinates": [20.461186, 44.812403]}, "properties": {"kind": "shelter"}}, {"type": "Feature", "id": "w965164327", "geometry": {"type": "Point", "coordinates": [20.461593, 44.81221]}, "properties": {"kind": "shelter"}}, {"type": "Feature", "id": "w969493047", "geometry": {"type": "Point", "coordinates": [22.891525, 42.408384]}, "properties": {"kind": "hut", "name": "Хижа Момин Кладенец"}}, {"type": "Feature", "id": "w969493459", "geometry": {"type": "Point", "coordinates": [22.901467, 42.412083]}, "properties": {"kind": "shelter", "name": "Заслон Извор"}}, {"type": "Feature", "id": "w973093069", "geometry": {"type": "Point", "coordinates": [20.031181, 42.953894]}, "properties": {"kind": "shelter", "shelterType": "weather_shelter"}}, {"type": "Feature", "id": "w973290305", "geometry": {"type": "Point", "coordinates": [20.010566, 42.933382]}, "properties": {"kind": "shelter", "shelterType": "weather_shelter"}}, {"type": "Feature", "id": "w973520479", "geometry": {"type": "Point", "coordinates": [20.220626, 42.791761]}, "properties": {"kind": "shelter"}}, {"type": "Feature", "id": "w974379155", "geometry": {"type": "Point", "coordinates": [19.553728, 43.259075]}, "properties": {"kind": "camp", "name": "Камп Ковчица", "nameSr": "Камп Ковчица", "operator": "Etno selo Kamena gora"}}, {"type": "Feature", "id": "w974832851", "geometry": {"type": "Point", "coordinates": [20.417776, 44.807255]}, "properties": {"kind": "shelter", "shelterType": "public_transport"}}, {"type": "Feature", "id": "w974832852", "geometry": {"type": "Point", "coordinates": [20.417646, 44.807117]}, "properties": {"kind": "shelter", "shelterType": "public_transport"}}, {"type": "Feature", "id": "w974832853", "geometry": {"type": "Point", "coordinates": [20.417501, 44.806957]}, "properties": {"kind": "shelter", "shelterType": "public_transport"}}, {"type": "Feature", "id": "w974832854", "geometry": {"type": "Point", "coordinates": [20.417423, 44.806873]}, "properties": {"kind": "shelter", "shelterType": "public_transport"}}, {"type": "Feature", "id": "w979801547", "geometry": {"type": "Point", "coordinates": [20.030021, 42.568787]}, "properties": {"kind": "shelter", "shelterType": "lean_to"}}, {"type": "Feature", "id": "w979801548", "geometry": {"type": "Point", "coordinates": [20.021421, 42.578713]}, "properties": {"kind": "shelter", "name": "Sklonište za bicikliste"}}, {"type": "Feature", "id": "w998036676", "geometry": {"type": "Point", "coordinates": [20.843321, 45.433714]}, "properties": {"kind": "shelter"}}, {"type": "Feature", "id": "w1011045057", "geometry": {"type": "Point", "coordinates": [21.485922, 41.985552]}, "properties": {"kind": "shelter", "shelterType": "gazebo"}}, {"type": "Feature", "id": "w1011045059", "geometry": {"type": "Point", "coordinates": [21.486513, 41.986684]}, "properties": {"kind": "shelter", "shelterType": "gazebo"}}, {"type": "Feature", "id": "w1035470989", "geometry": {"type": "Point", "coordinates": [21.389163, 42.588194]}, "properties": {"kind": "shelter", "shelterType": "public_transport"}}, {"type": "Feature", "id": "w1035471009", "geometry": {"type": "Point", "coordinates": [21.38781, 42.58866]}, "properties": {"kind": "shelter", "shelterType": "public_transport"}}, {"type": "Feature", "id": "w1064317926", "geometry": {"type": "Point", "coordinates": [19.259566, 45.039387]}, "properties": {"kind": "hut", "name": "Ловачка кућа Врањак", "nameSr": "Ловачка кућа Врањак", "operator": "Војводинашуме"}}, {"type": "Feature", "id": "w1076365888", "geometry": {"type": "Point", "coordinates": [22.342302, 44.382578]}, "properties": {"kind": "camp"}}, {"type": "Feature", "id": "w1078736187", "geometry": {"type": "Point", "coordinates": [19.781595, 46.089799]}, "properties": {"kind": "camp", "name": "Camping Palić", "drinking": true, "fee": true}}, {"type": "Feature", "id": "w1080317732", "geometry": {"type": "Point", "coordinates": [22.180713, 44.184304]}, "properties": {"kind": "shelter", "shelterType": "public_transport"}}, {"type": "Feature", "id": "w1080566173", "geometry": {"type": "Point", "coordinates": [22.107341, 44.140193]}, "properties": {"kind": "shelter", "shelterType": "public_transport"}}, {"type": "Feature", "id": "w1082985733", "geometry": {"type": "Point", "coordinates": [21.968369, 43.887381]}, "properties": {"kind": "shelter", "shelterType": "public_transport"}}, {"type": "Feature", "id": "w1083221710", "geometry": {"type": "Point", "coordinates": [20.819765, 41.915222]}, "properties": {"kind": "hut"}}, {"type": "Feature", "id": "w1083534868", "geometry": {"type": "Point", "coordinates": [22.033843, 43.902068]}, "properties": {"kind": "shelter", "shelterType": "picnic_shelter"}}, {"type": "Feature", "id": "w1087605154", "geometry": {"type": "Point", "coordinates": [22.255116, 43.566835]}, "properties": {"kind": "shelter"}}, {"type": "Feature", "id": "w1088777150", "geometry": {"type": "Point", "coordinates": [20.172333, 45.726446]}, "properties": {"kind": "hut", "name": "Ловачка кућа Керектов", "nameSr": "Ловачка кућа Керектов", "operator": "Ловачко удружење Лаза Пајић, Ново Милошево"}}, {"type": "Feature", "id": "w1089717633", "geometry": {"type": "Point", "coordinates": [19.655349, 44.77147]}, "properties": {"kind": "shelter", "operator": "Храм Светог апостола и јеванђелисте Марка", "shelterType": "pavilion"}}, {"type": "Feature", "id": "w1091660229", "geometry": {"type": "Point", "coordinates": [19.41038, 43.017577]}, "properties": {"kind": "camp", "name": "Eko Oaza-Tear of Europe"}}, {"type": "Feature", "id": "w1092684418", "geometry": {"type": "Point", "coordinates": [20.454686, 42.189061]}, "properties": {"kind": "camp"}}, {"type": "Feature", "id": "w1098082043", "geometry": {"type": "Point", "coordinates": [19.827526, 45.184264]}, "properties": {"kind": "hut", "name": "Планинарски дом „Црвени Чот”", "nameSr": "Планинарски дом „Црвени Чот”", "operator": "PSD „Crveni Čot“ Petrovaradin", "ele": "302"}}, {"type": "Feature", "id": "w1100564849", "geometry": {"type": "Point", "coordinates": [20.465663, 44.795407]}, "properties": {"kind": "shelter", "name": "Вењак", "nameSr": "Вењак", "shelterType": "gazebo"}}, {"type": "Feature", "id": "w1100724417", "geometry": {"type": "Point", "coordinates": [19.655502, 44.771837]}, "properties": {"kind": "shelter", "operator": "Инфраструктура железнице Србије", "shelterType": "public_transport"}}, {"type": "Feature", "id": "w1111634650", "geometry": {"type": "Point", "coordinates": [19.617866, 42.984937]}, "properties": {"kind": "shelter", "shelterType": "public_transport"}}, {"type": "Feature", "id": "w1119568523", "geometry": {"type": "Point", "coordinates": [19.672719, 45.200469]}, "properties": {"kind": "hut", "name": "Ловачка кућа Черевић", "nameSr": "Ловачка кућа Черевић"}}, {"type": "Feature", "id": "w1124870059", "geometry": {"type": "Point", "coordinates": [21.354504, 45.133265]}, "properties": {"kind": "shelter", "shelterType": "picnic_shelter"}}, {"type": "Feature", "id": "w1127870593", "geometry": {"type": "Point", "coordinates": [19.739434, 45.172725]}, "properties": {"kind": "hut", "name": "Рим", "nameSr": "Рим"}}, {"type": "Feature", "id": "w1137013231", "geometry": {"type": "Point", "coordinates": [22.713502, 43.426453]}, "properties": {"kind": "hut", "name": "Хижа Миджур"}}, {"type": "Feature", "id": "w1138726697", "geometry": {"type": "Point", "coordinates": [21.127311, 42.184783]}, "properties": {"kind": "hut"}}, {"type": "Feature", "id": "w1156452824", "geometry": {"type": "Point", "coordinates": [19.584019, 43.633131]}, "properties": {"kind": "hut", "name": "Планинарски дом „Александар Џавовић”"}}, {"type": "Feature", "id": "w1157676729", "geometry": {"type": "Point", "coordinates": [19.828771, 44.256349]}, "properties": {"kind": "shelter"}}, {"type": "Feature", "id": "w1157676730", "geometry": {"type": "Point", "coordinates": [19.829305, 44.256394]}, "properties": {"kind": "shelter"}}, {"type": "Feature", "id": "w1157679486", "geometry": {"type": "Point", "coordinates": [19.635676, 44.037058]}, "properties": {"kind": "shelter"}}, {"type": "Feature", "id": "w1162256217", "geometry": {"type": "Point", "coordinates": [19.595144, 44.973685]}, "properties": {"kind": "shelter", "shelterType": "gazebo"}}, {"type": "Feature", "id": "w1163027656", "geometry": {"type": "Point", "coordinates": [22.682709, 42.415793]}, "properties": {"kind": "shelter", "shelterType": "gazebo"}}, {"type": "Feature", "id": "w1163389436", "geometry": {"type": "Point", "coordinates": [19.526653, 44.957736]}, "properties": {"kind": "shelter", "shelterType": "gazebo"}}, {"type": "Feature", "id": "w1163389437", "geometry": {"type": "Point", "coordinates": [19.526703, 44.95778]}, "properties": {"kind": "shelter", "shelterType": "gazebo"}}, {"type": "Feature", "id": "w1163389438", "geometry": {"type": "Point", "coordinates": [19.526754, 44.957822]}, "properties": {"kind": "shelter", "shelterType": "gazebo"}}, {"type": "Feature", "id": "w1163389439", "geometry": {"type": "Point", "coordinates": [19.526798, 44.957896]}, "properties": {"kind": "shelter", "shelterType": "gazebo"}}, {"type": "Feature", "id": "w1163389440", "geometry": {"type": "Point", "coordinates": [19.526858, 44.95794]}, "properties": {"kind": "shelter", "shelterType": "gazebo"}}, {"type": "Feature", "id": "w1163389441", "geometry": {"type": "Point", "coordinates": [19.526939, 44.95798]}, "properties": {"kind": "shelter", "shelterType": "gazebo"}}, {"type": "Feature", "id": "w1163389442", "geometry": {"type": "Point", "coordinates": [19.526779, 44.958089]}, "properties": {"kind": "shelter", "shelterType": "gazebo"}}, {"type": "Feature", "id": "w1163389443", "geometry": {"type": "Point", "coordinates": [19.526728, 44.958143]}, "properties": {"kind": "shelter", "shelterType": "gazebo"}}, {"type": "Feature", "id": "w1163389444", "geometry": {"type": "Point", "coordinates": [19.526693, 44.958188]}, "properties": {"kind": "shelter", "shelterType": "gazebo"}}, {"type": "Feature", "id": "w1163389445", "geometry": {"type": "Point", "coordinates": [19.526696, 44.95825]}, "properties": {"kind": "shelter", "shelterType": "gazebo"}}, {"type": "Feature", "id": "w1163389446", "geometry": {"type": "Point", "coordinates": [19.526673, 44.9583]}, "properties": {"kind": "shelter", "shelterType": "gazebo"}}, {"type": "Feature", "id": "w1163389447", "geometry": {"type": "Point", "coordinates": [19.52665, 44.958353]}, "properties": {"kind": "shelter", "shelterType": "gazebo"}}, {"type": "Feature", "id": "w1163389448", "geometry": {"type": "Point", "coordinates": [19.526614, 44.9584]}, "properties": {"kind": "shelter", "shelterType": "gazebo"}}, {"type": "Feature", "id": "w1163729216", "geometry": {"type": "Point", "coordinates": [19.661329, 44.765557]}, "properties": {"kind": "shelter", "shelterType": "gazebo"}}, {"type": "Feature", "id": "w1164564211", "geometry": {"type": "Point", "coordinates": [19.537122, 44.187537]}, "properties": {"kind": "hut", "name": "Планинарска кућа „Јањић”", "nameSr": "Планинарска кућа „Јањић”", "operator": "Selimir, +381 64 587 52 21", "ele": "355"}}, {"type": "Feature", "id": "w1169828358", "geometry": {"type": "Point", "coordinates": [19.681191, 42.888635]}, "properties": {"kind": "hut"}}, {"type": "Feature", "id": "w1175022383", "geometry": {"type": "Point", "coordinates": [21.909517, 43.33364]}, "properties": {"kind": "shelter", "shelterType": "gazebo"}}, {"type": "Feature", "id": "w1181450825", "geometry": {"type": "Point", "coordinates": [21.778873, 44.923403]}, "properties": {"kind": "shelter", "shelterType": "picnic_shelter"}}, {"type": "Feature", "id": "w1182057027", "geometry": {"type": "Point", "coordinates": [21.960154, 43.888381]}, "properties": {"kind": "shelter", "shelterType": "parking"}}, {"type": "Feature", "id": "w1182057060", "geometry": {"type": "Point", "coordinates": [21.946423, 43.795998]}, "properties": {"kind": "shelter", "shelterType": "picnic_shelter"}}, {"type": "Feature", "id": "w1182057099", "geometry": {"type": "Point", "coordinates": [21.884837, 43.755562]}, "properties": {"kind": "shelter", "shelterType": "picnic_shelter"}}, {"type": "Feature", "id": "w1184864433", "geometry": {"type": "Point", "coordinates": [19.676958, 44.764274]}, "properties": {"kind": "shelter", "operator": "Средња пољопривредна школа са домом ученика", "shelterType": "pavilion"}}, {"type": "Feature", "id": "w1185531256", "geometry": {"type": "Point", "coordinates": [21.902097, 43.729695]}, "properties": {"kind": "shelter", "name": "Dom Dordevic"}}, {"type": "Feature", "id": "w1185734837", "geometry": {"type": "Point", "coordinates": [21.894617, 43.706359]}, "properties": {"kind": "shelter"}}, {"type": "Feature", "id": "w1189179159", "geometry": {"type": "Point", "coordinates": [22.307537, 43.48152]}, "properties": {"kind": "shelter", "shelterType": "field_shelter"}}, {"type": "Feature", "id": "w1191516883", "geometry": {"type": "Point", "coordinates": [19.683138, 44.76183]}, "properties": {"kind": "shelter", "shelterType": "public_transport"}}, {"type": "Feature", "id": "w1193432276", "geometry": {"type": "Point", "coordinates": [19.661616, 44.74879]}, "properties": {"kind": "shelter", "shelterType": "public_transport"}}, {"type": "Feature", "id": "w1204272357", "geometry": {"type": "Point", "coordinates": [21.648034, 44.478989]}, "properties": {"kind": "shelter", "shelterType": "gazebo"}}, {"type": "Feature", "id": "w1205575652", "geometry": {"type": "Point", "coordinates": [22.345287, 44.686274]}, "properties": {"kind": "camp", "name": "Camping Mala în Clisura Dunării", "note": "Sun terrace, garden, bar, outdoor swimming pool, and free WiFi. Guests can relax in the lounge, shared kitchen, outdoor play area, and games room.", "fee": true}}, {"type": "Feature", "id": "w1212686269", "geometry": {"type": "Point", "coordinates": [22.60932, 42.889173]}, "properties": {"kind": "shelter", "name": "Ловен заслон"}}, {"type": "Feature", "id": "w1213017271", "geometry": {"type": "Point", "coordinates": [22.159191, 44.544482]}, "properties": {"kind": "camp", "name": "Camp La Bambu", "operator": "https://www.visitbanat.com/ubytovani", "fee": true}}, {"type": "Feature", "id": "w1213617081", "geometry": {"type": "Point", "coordinates": [20.75893, 42.000515]}, "properties": {"kind": "hut"}}, {"type": "Feature", "id": "w1216350584", "geometry": {"type": "Point", "coordinates": [22.917682, 42.393866]}, "properties": {"kind": "hut", "name": "х.Ведрица"}}, {"type": "Feature", "id": "w1217220795", "geometry": {"type": "Point", "coordinates": [19.851394, 45.255917]}, "properties": {"kind": "shelter", "shelterType": "gazebo"}}, {"type": "Feature", "id": "w1221946784", "geometry": {"type": "Point", "coordinates": [19.830342, 45.25519]}, "properties": {"kind": "shelter"}}, {"type": "Feature", "id": "w1223208350", "geometry": {"type": "Point", "coordinates": [20.459759, 44.814795]}, "properties": {"kind": "shelter"}}, {"type": "Feature", "id": "w1232222938", "geometry": {"type": "Point", "coordinates": [21.405943, 42.562098]}, "properties": {"kind": "shelter", "shelterType": "public_transport"}}, {"type": "Feature", "id": "w1235552618", "geometry": {"type": "Point", "coordinates": [19.994713, 44.10642]}, "properties": {"kind": "shelter", "shelterType": "picnic_shelter"}}, {"type": "Feature", "id": "w1238338302", "geometry": {"type": "Point", "coordinates": [20.337062, 42.681464]}, "properties": {"kind": "shelter", "shelterType": "gazebo"}}, {"type": "Feature", "id": "w1238338321", "geometry": {"type": "Point", "coordinates": [20.336442, 42.68201]}, "properties": {"kind": "shelter"}}, {"type": "Feature", "id": "w1238856831", "geometry": {"type": "Point", "coordinates": [20.319227, 42.683114]}, "properties": {"kind": "shelter", "shelterType": "gazebo"}}, {"type": "Feature", "id": "w1243797514", "geometry": {"type": "Point", "coordinates": [22.198479, 42.159904]}, "properties": {"kind": "shelter", "name": "Летниковец Ристовски", "shelterType": "gazebo"}}, {"type": "Feature", "id": "w1258208494", "geometry": {"type": "Point", "coordinates": [20.021938, 45.167947]}, "properties": {"kind": "hut", "name": "Феријалац"}}, {"type": "Feature", "id": "w1266124718", "geometry": {"type": "Point", "coordinates": [19.650607, 44.195103]}, "properties": {"kind": "shelter", "drinking": true, "shelterType": "gazebo"}}, {"type": "Feature", "id": "w1276330513", "geometry": {"type": "Point", "coordinates": [19.84826, 43.858224]}, "properties": {"kind": "shelter", "shelterType": "gazebo"}}, {"type": "Feature", "id": "w1279120166", "geometry": {"type": "Point", "coordinates": [22.654976, 42.705726]}, "properties": {"kind": "shelter", "name": "Заслон"}}, {"type": "Feature", "id": "w1287222061", "geometry": {"type": "Point", "coordinates": [19.31021, 43.128305]}, "properties": {"kind": "shelter"}}, {"type": "Feature", "id": "w1289405548", "geometry": {"type": "Point", "coordinates": [22.570313, 43.278716]}, "properties": {"kind": "camp"}}, {"type": "Feature", "id": "w1289405553", "geometry": {"type": "Point", "coordinates": [22.551012, 43.263338]}, "properties": {"kind": "camp"}}, {"type": "Feature", "id": "w1290972687", "geometry": {"type": "Point", "coordinates": [22.774896, 43.175071]}, "properties": {"kind": "camp"}}, {"type": "Feature", "id": "w1296090406", "geometry": {"type": "Point", "coordinates": [22.980894, 43.077101]}, "properties": {"kind": "shelter", "shelterType": "public_transport"}}, {"type": "Feature", "id": "w1299507650", "geometry": {"type": "Point", "coordinates": [19.4295, 42.991906]}, "properties": {"kind": "shelter", "shelterType": "weather_shelter"}}, {"type": "Feature", "id": "w1304030417", "geometry": {"type": "Point", "coordinates": [20.10676, 42.558139]}, "properties": {"kind": "hut", "name": "Gacaferi Guesthouse", "operator": "Albanik Gacaferi", "fee": false}}, {"type": "Feature", "id": "w1304148839", "geometry": {"type": "Point", "coordinates": [21.912233, 43.323344]}, "properties": {"kind": "shelter", "shelterType": "gazebo"}}, {"type": "Feature", "id": "w1307204241", "geometry": {"type": "Point", "coordinates": [20.067737, 46.067825]}, "properties": {"kind": "camp", "operator": "Grad kanjiža"}}, {"type": "Feature", "id": "w1310947324", "geometry": {"type": "Point", "coordinates": [22.054983, 42.104938]}, "properties": {"kind": "hut"}}, {"type": "Feature", "id": "w1312204888", "geometry": {"type": "Point", "coordinates": [19.930122, 45.207594]}, "properties": {"kind": "shelter", "shelterType": "public_transport"}}, {"type": "Feature", "id": "w1312204889", "geometry": {"type": "Point", "coordinates": [19.92977, 45.2077]}, "properties": {"kind": "shelter", "shelterType": "public_transport"}}, {"type": "Feature", "id": "w1312739381", "geometry": {"type": "Point", "coordinates": [20.17972, 44.476259]}, "properties": {"kind": "shelter"}}, {"type": "Feature", "id": "w1313806429", "geometry": {"type": "Point", "coordinates": [20.2853, 44.279829]}, "properties": {"kind": "shelter", "shelterType": "picnic_shelter"}}, {"type": "Feature", "id": "w1315918383", "geometry": {"type": "Point", "coordinates": [19.575549, 42.915129]}, "properties": {"kind": "camp", "fee": false}}, {"type": "Feature", "id": "w1326350050", "geometry": {"type": "Point", "coordinates": [19.758578, 46.102132]}, "properties": {"kind": "shelter", "shelterType": "gazebo"}}, {"type": "Feature", "id": "w1326926382", "geometry": {"type": "Point", "coordinates": [19.758536, 46.098126]}, "properties": {"kind": "shelter", "name": "Muzički paviljon", "shelterType": "gazebo"}}, {"type": "Feature", "id": "w1327906754", "geometry": {"type": "Point", "coordinates": [21.407081, 42.003608]}, "properties": {"kind": "shelter", "shelterType": "picnic_shelter"}}, {"type": "Feature", "id": "w1328141603", "geometry": {"type": "Point", "coordinates": [19.093944, 45.182525]}, "properties": {"kind": "shelter", "shelterType": "public_transport"}}, {"type": "Feature", "id": "w1328141604", "geometry": {"type": "Point", "coordinates": [19.0965, 45.181923]}, "properties": {"kind": "shelter", "shelterType": "public_transport"}}, {"type": "Feature", "id": "w1328141605", "geometry": {"type": "Point", "coordinates": [19.102004, 45.180874]}, "properties": {"kind": "shelter", "shelterType": "public_transport"}}, {"type": "Feature", "id": "w1328141606", "geometry": {"type": "Point", "coordinates": [19.103489, 45.180419]}, "properties": {"kind": "shelter", "shelterType": "public_transport"}}, {"type": "Feature", "id": "w1333033961", "geometry": {"type": "Point", "coordinates": [21.338417, 44.827125]}, "properties": {"kind": "shelter", "shelterType": "picnic_shelter"}}, {"type": "Feature", "id": "w1334007076", "geometry": {"type": "Point", "coordinates": [21.485199, 41.985275]}, "properties": {"kind": "shelter", "shelterType": "gazebo"}}, {"type": "Feature", "id": "w1334007078", "geometry": {"type": "Point", "coordinates": [21.486453, 41.984888]}, "properties": {"kind": "shelter", "shelterType": "gazebo"}}, {"type": "Feature", "id": "w1334007080", "geometry": {"type": "Point", "coordinates": [21.48806, 41.986209]}, "properties": {"kind": "shelter", "shelterType": "gazebo"}}, {"type": "Feature", "id": "w1352109670", "geometry": {"type": "Point", "coordinates": [21.409451, 41.97553]}, "properties": {"kind": "shelter", "shelterType": "picnic_shelter"}}, {"type": "Feature", "id": "w1354620767", "geometry": {"type": "Point", "coordinates": [20.896736, 44.035371]}, "properties": {"kind": "shelter", "shelterType": "gazebo"}}, {"type": "Feature", "id": "w1355410291", "geometry": {"type": "Point", "coordinates": [19.868804, 45.253099]}, "properties": {"kind": "shelter", "shelterType": "gazebo"}}, {"type": "Feature", "id": "w1358686349", "geometry": {"type": "Point", "coordinates": [20.372006, 44.396808]}, "properties": {"kind": "shelter", "shelterType": "gazebo"}}, {"type": "Feature", "id": "w1362016839", "geometry": {"type": "Point", "coordinates": [19.549162, 43.841729]}, "properties": {"kind": "hut"}}, {"type": "Feature", "id": "w1362327906", "geometry": {"type": "Point", "coordinates": [19.780304, 45.157223]}, "properties": {"kind": "shelter", "shelterType": "gazebo"}}, {"type": "Feature", "id": "w1362327907", "geometry": {"type": "Point", "coordinates": [19.780002, 45.157213]}, "properties": {"kind": "shelter", "shelterType": "gazebo"}}, {"type": "Feature", "id": "w1382916392", "geometry": {"type": "Point", "coordinates": [22.993725, 42.564542]}, "properties": {"kind": "hut", "name": "Орлите", "ele": "886"}}, {"type": "Feature", "id": "w1383886649", "geometry": {"type": "Point", "coordinates": [19.888465, 45.24026]}, "properties": {"kind": "shelter"}}, {"type": "Feature", "id": "w1383886650", "geometry": {"type": "Point", "coordinates": [19.888409, 45.240347]}, "properties": {"kind": "shelter"}}, {"type": "Feature", "id": "w1383886651", "geometry": {"type": "Point", "coordinates": [19.888354, 45.240433]}, "properties": {"kind": "shelter"}}, {"type": "Feature", "id": "w1383886652", "geometry": {"type": "Point", "coordinates": [19.888543, 45.239569]}, "properties": {"kind": "shelter"}}, {"type": "Feature", "id": "w1383886653", "geometry": {"type": "Point", "coordinates": [19.888487, 45.239656]}, "properties": {"kind": "shelter"}}, {"type": "Feature", "id": "w1383886654", "geometry": {"type": "Point", "coordinates": [19.888432, 45.23974]}, "properties": {"kind": "shelter"}}, {"type": "Feature", "id": "w1385664739", "geometry": {"type": "Point", "coordinates": [20.508264, 44.661721]}, "properties": {"kind": "shelter", "shelterType": "public_transport"}}, {"type": "Feature", "id": "w1390736289", "geometry": {"type": "Point", "coordinates": [20.8346, 45.754217]}, "properties": {"kind": "shelter", "shelterType": "gazebo"}}, {"type": "Feature", "id": "w1391404586", "geometry": {"type": "Point", "coordinates": [21.000669, 43.635021]}, "properties": {"kind": "shelter", "shelterType": "picnic_shelter"}}, {"type": "Feature", "id": "w1395950561", "geometry": {"type": "Point", "coordinates": [20.67045, 41.945539]}, "properties": {"kind": "shelter", "shelterType": "gazebo"}}, {"type": "Feature", "id": "w1396676833", "geometry": {"type": "Point", "coordinates": [21.448921, 42.012931]}, "properties": {"kind": "shelter", "shelterType": "picnic_shelter"}}, {"type": "Feature", "id": "w1396676838", "geometry": {"type": "Point", "coordinates": [21.450305, 42.014409]}, "properties": {"kind": "shelter", "shelterType": "picnic_shelter"}}, {"type": "Feature", "id": "w1409529960", "geometry": {"type": "Point", "coordinates": [21.031704, 44.33155]}, "properties": {"kind": "shelter", "shelterType": "gazebo"}}, {"type": "Feature", "id": "w1411449153", "geometry": {"type": "Point", "coordinates": [20.867569, 43.915934]}, "properties": {"kind": "hut", "name": "Gljivarska bajka"}}, {"type": "Feature", "id": "w1412601147", "geometry": {"type": "Point", "coordinates": [20.974019, 44.752928]}, "properties": {"kind": "shelter", "shelterType": "gazebo"}}, {"type": "Feature", "id": "w1414515709", "geometry": {"type": "Point", "coordinates": [22.266025, 42.792857]}, "properties": {"kind": "shelter", "shelterType": "gazebo"}}, {"type": "Feature", "id": "w1415470034", "geometry": {"type": "Point", "coordinates": [21.543801, 42.381937]}, "properties": {"kind": "shelter"}}, {"type": "Feature", "id": "w1418311079", "geometry": {"type": "Point", "coordinates": [21.914055, 43.328649]}, "properties": {"kind": "shelter", "shelterType": "gazebo"}}, {"type": "Feature", "id": "w1418637604", "geometry": {"type": "Point", "coordinates": [21.908397, 43.330639]}, "properties": {"kind": "shelter", "shelterType": "gazebo"}}, {"type": "Feature", "id": "w1418666649", "geometry": {"type": "Point", "coordinates": [19.833914, 45.241331]}, "properties": {"kind": "shelter", "shelterType": "gazebo"}}, {"type": "Feature", "id": "w1419645033", "geometry": {"type": "Point", "coordinates": [20.177354, 45.080937]}, "properties": {"kind": "shelter", "shelterType": "gazebo"}}, {"type": "Feature", "id": "w1419886379", "geometry": {"type": "Point", "coordinates": [20.027625, 45.215662]}, "properties": {"kind": "shelter", "shelterType": "picnic_shelter"}}, {"type": "Feature", "id": "w1420019563", "geometry": {"type": "Point", "coordinates": [20.2054, 42.762834]}, "properties": {"kind": "hut", "name": "Planinarski dom Štedim", "nameSr": "Планинарски дом Штедим"}}, {"type": "Feature", "id": "w1421591366", "geometry": {"type": "Point", "coordinates": [20.498565, 42.884088]}, "properties": {"kind": "hut", "name": "Via Dinarica"}}, {"type": "Feature", "id": "w1421769277", "geometry": {"type": "Point", "coordinates": [19.549242, 45.268922]}, "properties": {"kind": "shelter", "name": "Gazebo na vodi", "nameSr": "Газебо на води", "shelterType": "gazebo"}}, {"type": "Feature", "id": "w1422989179", "geometry": {"type": "Point", "coordinates": [21.486106, 42.030761]}, "properties": {"kind": "shelter", "shelterType": "gazebo"}}, {"type": "Feature", "id": "w1423822526", "geometry": {"type": "Point", "coordinates": [20.087377, 42.692401]}, "properties": {"kind": "shelter", "shelterType": "public_transport"}}, {"type": "Feature", "id": "w1424162482", "geometry": {"type": "Point", "coordinates": [20.156997, 42.727491]}, "properties": {"kind": "shelter", "shelterType": "picnic_shelter"}}, {"type": "Feature", "id": "w1426655658", "geometry": {"type": "Point", "coordinates": [21.380634, 44.786994]}, "properties": {"kind": "camp", "name": "Horizon", "drinking": true, "fee": true}}, {"type": "Feature", "id": "w1427376066", "geometry": {"type": "Point", "coordinates": [20.437097, 44.789905]}, "properties": {"kind": "shelter", "shelterType": "gazebo"}}, {"type": "Feature", "id": "w1427376068", "geometry": {"type": "Point", "coordinates": [20.436621, 44.790061]}, "properties": {"kind": "shelter", "shelterType": "gazebo"}}, {"type": "Feature", "id": "w1427718473", "geometry": {"type": "Point", "coordinates": [21.709608, 44.801955]}, "properties": {"kind": "shelter", "shelterType": "gazebo"}}, {"type": "Feature", "id": "w1429460671", "geometry": {"type": "Point", "coordinates": [20.452324, 44.782442]}, "properties": {"kind": "shelter", "shelterType": "gazebo"}}, {"type": "Feature", "id": "w1429460672", "geometry": {"type": "Point", "coordinates": [20.452467, 44.782417]}, "properties": {"kind": "shelter", "shelterType": "gazebo"}}, {"type": "Feature", "id": "w1431674686", "geometry": {"type": "Point", "coordinates": [21.455622, 42.005904]}, "properties": {"kind": "shelter", "shelterType": "picnic_shelter"}}, {"type": "Feature", "id": "w1433484727", "geometry": {"type": "Point", "coordinates": [19.829894, 45.150201]}, "properties": {"kind": "shelter"}}, {"type": "Feature", "id": "w1433897298", "geometry": {"type": "Point", "coordinates": [19.53228, 42.971733]}, "properties": {"kind": "shelter"}}, {"type": "Feature", "id": "w1433897304", "geometry": {"type": "Point", "coordinates": [19.505939, 43.041484]}, "properties": {"kind": "hut", "name": "Планинарски дом „Прошћенске планине“", "nameSr": "Планинарски дом „Прошћенске планине“"}}, {"type": "Feature", "id": "w1436721338", "geometry": {"type": "Point", "coordinates": [19.687656, 45.452729]}, "properties": {"kind": "shelter", "shelterType": "gazebo"}}, {"type": "Feature", "id": "w1443061020", "geometry": {"type": "Point", "coordinates": [20.565271, 44.579536]}, "properties": {"kind": "shelter", "shelterType": "gazebo"}}, {"type": "Feature", "id": "w1443061032", "geometry": {"type": "Point", "coordinates": [20.565597, 44.579362]}, "properties": {"kind": "shelter", "shelterType": "picnic_shelter"}}, {"type": "Feature", "id": "w1443231892", "geometry": {"type": "Point", "coordinates": [20.819284, 43.621129]}, "properties": {"kind": "shelter", "shelterType": "gazebo"}}, {"type": "Feature", "id": "w1443231988", "geometry": {"type": "Point", "coordinates": [20.819854, 43.621367]}, "properties": {"kind": "shelter", "shelterType": "gazebo"}}, {"type": "Feature", "id": "w1443275389", "geometry": {"type": "Point", "coordinates": [19.718613, 44.428658]}, "properties": {"kind": "shelter"}}, {"type": "Feature", "id": "w1452931636", "geometry": {"type": "Point", "coordinates": [22.268408, 42.81592]}, "properties": {"kind": "shelter", "shelterType": "picnic_shelter"}}, {"type": "Feature", "id": "w1454249292", "geometry": {"type": "Point", "coordinates": [21.935168, 42.215061]}, "properties": {"kind": "shelter"}}, {"type": "Feature", "id": "w1454471686", "geometry": {"type": "Point", "coordinates": [21.960724, 42.099641]}, "properties": {"kind": "shelter", "shelterType": "picnic_shelter"}}, {"type": "Feature", "id": "w1454843212", "geometry": {"type": "Point", "coordinates": [21.83587, 42.028877]}, "properties": {"kind": "shelter", "shelterType": "picnic_shelter"}}, {"type": "Feature", "id": "w1461525425", "geometry": {"type": "Point", "coordinates": [21.636165, 44.0909]}, "properties": {"kind": "hut"}}, {"type": "Feature", "id": "w1466734416", "geometry": {"type": "Point", "coordinates": [20.323835, 43.886982]}, "properties": {"kind": "shelter", "shelterType": "gazebo"}}, {"type": "Feature", "id": "w1467137473", "geometry": {"type": "Point", "coordinates": [20.88236, 42.011429]}, "properties": {"kind": "shelter", "shelterType": "picnic_shelter"}}, {"type": "Feature", "id": "w1467137474", "geometry": {"type": "Point", "coordinates": [20.882222, 42.011479]}, "properties": {"kind": "shelter", "shelterType": "picnic_shelter"}}, {"type": "Feature", "id": "w1472756791", "geometry": {"type": "Point", "coordinates": [22.156494, 42.275125]}, "properties": {"kind": "shelter", "shelterType": "basic_hut"}}, {"type": "Feature", "id": "w1482211925", "geometry": {"type": "Point", "coordinates": [20.078944, 42.55932]}, "properties": {"kind": "shelter"}}, {"type": "Feature", "id": "w1487605349", "geometry": {"type": "Point", "coordinates": [20.426488, 45.345384]}, "properties": {"kind": "shelter", "shelterType": "gazebo"}}, {"type": "Feature", "id": "w1487605350", "geometry": {"type": "Point", "coordinates": [20.426156, 45.345505]}, "properties": {"kind": "shelter", "shelterType": "gazebo"}}, {"type": "Feature", "id": "w1489758541", "geometry": {"type": "Point", "coordinates": [21.408853, 41.975144]}, "properties": {"kind": "shelter", "shelterType": "picnic_shelter"}}, {"type": "Feature", "id": "w1489758542", "geometry": {"type": "Point", "coordinates": [21.408925, 41.975117]}, "properties": {"kind": "shelter", "shelterType": "picnic_shelter"}}, {"type": "Feature", "id": "w1491878797", "geometry": {"type": "Point", "coordinates": [19.99407, 45.411107]}, "properties": {"kind": "shelter", "shelterType": "gazebo"}}, {"type": "Feature", "id": "w1494189106", "geometry": {"type": "Point", "coordinates": [19.156744, 44.511786]}, "properties": {"kind": "shelter", "name": "Citadel", "shelterType": "gazebo"}}, {"type": "Feature", "id": "w1497111709", "geometry": {"type": "Point", "coordinates": [21.83628, 44.647973]}, "properties": {"kind": "camp", "name": "Camping Toma"}}, {"type": "Feature", "id": "w1499146040", "geometry": {"type": "Point", "coordinates": [20.466283, 45.837656]}, "properties": {"kind": "shelter", "shelterType": "gazebo"}}, {"type": "Feature", "id": "w1501791418", "geometry": {"type": "Point", "coordinates": [21.755015, 43.987193]}, "properties": {"kind": "hut", "name": "Ловачка кућа Валкалуци", "nameSr": "Ловачка кућа Валкалуци", "operator": "Србијашуме"}}, {"type": "Feature", "id": "w1501791419", "geometry": {"type": "Point", "coordinates": [21.754827, 43.987715]}, "properties": {"kind": "hut"}}, {"type": "Feature", "id": "w1520103776", "geometry": {"type": "Point", "coordinates": [20.642171, 43.596347]}, "properties": {"kind": "shelter", "name": "Одмориште „Гусле”", "nameSr": "Одмориште „Гусле”", "shelterType": "picnic_shelter"}}, {"type": "Feature", "id": "w1523628097", "geometry": {"type": "Point", "coordinates": [19.502625, 42.947807]}, "properties": {"kind": "hut", "name": "Planinarski dom Ckara", "nameSr": "Планинарски дом Цкара", "ele": "1624"}}, {"type": "Feature", "id": "w1524414280", "geometry": {"type": "Point", "coordinates": [20.02603, 45.241476]}, "properties": {"kind": "camp", "name": "Campuccino"}}, {"type": "Feature", "id": "w1525642517", "geometry": {"type": "Point", "coordinates": [20.471041, 43.594934]}, "properties": {"kind": "shelter", "shelterType": "picnic_shelter"}}, {"type": "Feature", "id": "w1525642520", "geometry": {"type": "Point", "coordinates": [20.428292, 43.566655]}, "properties": {"kind": "shelter"}}, {"type": "Feature", "id": "w1525642561", "geometry": {"type": "Point", "coordinates": [20.379279, 43.475539]}, "properties": {"kind": "shelter"}}, {"type": "Feature", "id": "w1526046911", "geometry": {"type": "Point", "coordinates": [19.523133, 44.960918]}, "properties": {"kind": "camp", "name": "Засавица", "nameSr": "Засавица"}}, {"type": "Feature", "id": "w1526695453", "geometry": {"type": "Point", "coordinates": [19.344619, 43.936542]}, "properties": {"kind": "camp", "name": "Kamp KAZALO", "operator": "Kamp KAZALO", "fee": false}}, {"type": "Feature", "id": "w1527888335", "geometry": {"type": "Point", "coordinates": [22.072131, 43.854138]}, "properties": {"kind": "shelter", "shelterType": "picnic_shelter"}}, {"type": "Feature", "id": "w1527888340", "geometry": {"type": "Point", "coordinates": [21.977115, 43.680918]}, "properties": {"kind": "shelter", "shelterType": "picnic_shelter"}}, {"type": "Feature", "id": "w1527888357", "geometry": {"type": "Point", "coordinates": [22.099879, 43.884422]}, "properties": {"kind": "shelter", "shelterType": "picnic_shelter"}}, {"type": "Feature", "id": "w1528221030", "geometry": {"type": "Point", "coordinates": [21.806453, 43.403076]}, "properties": {"kind": "shelter", "shelterType": "picnic_shelter"}}, {"type": "Feature", "id": "w1529404353", "geometry": {"type": "Point", "coordinates": [22.184362, 43.079293]}, "properties": {"kind": "shelter", "shelterType": "picnic_shelter"}}, {"type": "Feature", "id": "w1529641365", "geometry": {"type": "Point", "coordinates": [22.330009, 42.741034]}, "properties": {"kind": "shelter", "shelterType": "picnic_shelter"}}, {"type": "Feature", "id": "w1531091798", "geometry": {"type": "Point", "coordinates": [21.454503, 42.013664]}, "properties": {"kind": "shelter", "shelterType": "picnic_shelter"}}, {"type": "Feature", "id": "w1531091799", "geometry": {"type": "Point", "coordinates": [21.457897, 42.010972]}, "properties": {"kind": "shelter", "shelterType": "picnic_shelter"}}, {"type": "Feature", "id": "w1531091809", "geometry": {"type": "Point", "coordinates": [21.45544, 42.004757]}, "properties": {"kind": "shelter", "shelterType": "picnic_shelter"}}, {"type": "Feature", "id": "w1533615734", "geometry": {"type": "Point", "coordinates": [21.42826, 42.001802]}, "properties": {"kind": "shelter", "shelterType": "picnic_shelter"}}, {"type": "Feature", "id": "w1533708515", "geometry": {"type": "Point", "coordinates": [21.499596, 41.995837]}, "properties": {"kind": "shelter", "shelterType": "picnic_shelter"}}, {"type": "Feature", "id": "r12143899", "geometry": {"type": "Point", "coordinates": [21.896427, 42.327191]}, "properties": {"kind": "shelter", "shelterType": "public_transport"}}, {"type": "Feature", "id": "r17667234", "geometry": {"type": "Point", "coordinates": [19.646466, 45.572767]}, "properties": {"kind": "shelter", "shelterType": "public_transport"}}]}